,PA,PC,PA_DP,PC_DP,PC_pH,NaCl,phi,Vetv_block,Vetvl_liof,PA_idx,PC_idx,eps,eps1,eps2,eps3,PA_MaxAbsEStateIndex,PA_MaxEStateIndex,PA_MinAbsEStateIndex,PA_MinEStateIndex,PA_qed,PA_SPS,PA_MolWt,PA_HeavyAtomMolWt,PA_ExactMolWt,PA_NumValenceElectrons,PA_FpDensityMorgan1,PA_FpDensityMorgan2,PA_FpDensityMorgan3,PA_AvgIpc,PA_BalabanJ,PA_BertzCT,PA_Chi0,PA_Chi0n,PA_Chi0v,PA_Chi1,PA_Chi1n,PA_Chi1v,PA_Chi2n,PA_Chi2v,PA_Chi3n,PA_Chi3v,PA_Chi4n,PA_Chi4v,PA_HallKierAlpha,PA_Ipc,PA_Kappa1,PA_Kappa2,PA_Kappa3,PA_LabuteASA,PA_PEOE_VSA14,PA_SMR_VSA1,PA_SMR_VSA10,PA_SMR_VSA5,PA_SMR_VSA6,PA_SMR_VSA7,PA_SlogP_VSA1,PA_SlogP_VSA2,PA_SlogP_VSA3,PA_SlogP_VSA5,PA_SlogP_VSA6,PA_SlogP_VSA7,PA_TPSA,PA_EState_VSA1,PA_EState_VSA10,PA_EState_VSA2,PA_EState_VSA4,PA_EState_VSA5,PA_EState_VSA6,PA_EState_VSA7,PA_EState_VSA8,PA_VSA_EState1,PA_VSA_EState2,PA_VSA_EState3,PA_VSA_EState4,PA_VSA_EState5,PA_VSA_EState6,PA_VSA_EState7,PA_VSA_EState8,PA_VSA_EState9,PA_FractionCSP3,PA_HeavyAtomCount,PA_NOCount,PA_NumAromaticHeterocycles,PA_NumAromaticRings,PA_NumHAcceptors,PA_NumHeteroatoms,PA_NumRotatableBonds,PA_RingCount,PA_MolLogP,PA_MolMR,PA_fr_Al_COO,PA_fr_Ar_N,PA_fr_COO,PA_fr_COO2,PA_fr_C_O,PA_fr_C_O_noCOO,PA_fr_NH0,PA_fr_aryl_methyl,PA_fr_pyridine,PA_fr_quatN,PС_MaxAbsEStateIndex,PС_MaxEStateIndex,PС_MinAbsEStateIndex,PС_MinEStateIndex,PС_qed,PС_SPS,PС_MolWt,PС_HeavyAtomMolWt,PС_ExactMolWt,PС_NumValenceElectrons,PС_NumRadicalElectrons,PС_FpDensityMorgan1,PС_FpDensityMorgan2,PС_FpDensityMorgan3,PС_AvgIpc,PС_BalabanJ,PС_BertzCT,PС_Chi0,PС_Chi0n,PС_Chi0v,PС_Chi1,PС_Chi1n,PС_Chi1v,PС_Chi2n,PС_Chi2v,PС_Chi3n,PС_Chi3v,PС_Chi4n,PС_Chi4v,PС_HallKierAlpha,PС_Ipc,PС_Kappa1,PС_Kappa2,PС_Kappa3,PС_LabuteASA,PС_PEOE_VSA14,PС_SMR_VSA1,PС_SMR_VSA10,PС_SMR_VSA3,PС_SMR_VSA4,PС_SMR_VSA5,PС_SMR_VSA6,PС_SMR_VSA7,PС_SlogP_VSA1,PС_SlogP_VSA2,PС_SlogP_VSA3,PС_SlogP_VSA4,PС_SlogP_VSA5,PС_SlogP_VSA6,PС_SlogP_VSA7,PС_TPSA,PС_EState_VSA1,PС_EState_VSA10,PС_EState_VSA2,PС_EState_VSA4,PС_EState_VSA5,PС_EState_VSA6,PС_EState_VSA7,PС_EState_VSA8,PС_VSA_EState1,PС_VSA_EState2,PС_VSA_EState3,PС_VSA_EState4,PС_VSA_EState5,PС_VSA_EState6,PС_VSA_EState7,PС_VSA_EState8,PС_VSA_EState9,PС_FractionCSP3,PС_HeavyAtomCount,PС_NOCount,PС_NumAromaticHeterocycles,PС_NumAromaticRings,PС_NumHAcceptors,PС_NumHeteroatoms,PС_NumRotatableBonds,PС_RingCount,PС_MolLogP,PС_MolMR,PС_fr_Al_COO,PС_fr_Ar_N,PС_fr_COO,PС_fr_COO2,PС_fr_C_O,PС_fr_C_O_noCOO,PС_fr_NH0,PС_fr_Ndealkylation1,PС_fr_aryl_methyl,PС_fr_pyridine,PС_fr_quatN,PС_fr_unbrch_alkane,PA_canon,PC_canon,PA_embed,PC_embed,label
0,[*]C(C)(C[*])C(=O)[O-],[*]CC[N+][*],2650,38080,8.5,1200,90,0.0,1,2,9,14.369811320754716,1,0,0,10.243472222222222,10.243472222222222,0.0532407407407407,-0.7986111111111109,0.4502538575862794,23.5,85.082,80.04199999999999,85.02950297991,34.0,2.5,3.0,3.0,1.6668127273868607,3.9084966379068455,100.21143267166842,6.784457050376174,3.5236033621142737,3.5236033621142737,3.504035844753885,1.5118016810571369,1.5118016810571369,1.0677875644551755,1.0677875644551755,0.348461712529338,0.348461712529338,0.0,0.0,-0.53,38.3366927298978,2.610921480426842,0.600159264681777,0.2950914053210928,36.78983322325914,35.63575031240701,9.901064578912528,5.969305287951849,19.76538044554264,0.0,0.0,5.106527394840706,5.969305287951849,4.794537184071822,6.923737199690624,0.0,12.841643245852016,40.13,5.969305287951849,9.901064578912528,5.917906046161393,6.923737199690624,0.0,0.0,6.923737199690624,0.0,0.2098148148148149,10.243472222222222,10.243472222222222,0.0,-1.0902777777777777,0.0,0.0,2.810185185185185,0.0,0.75,6.0,2.0,0.0,0.0,2.0,4.0,2.0,0.0,-0.5682,18.181,1.0,0.0,1.0,1.0,1.0,1.0,0.0,0.0,0.0,0.0,4.166666666666666,4.166666666666666,0.4131944444444444,0.4131944444444444,0.4134068917016045,14.666666666666666,42.06099999999999,38.029,42.03382554808999,16.0,2.0,2.6666666666666665,3.6666666666666665,3.6666666666666665,1.4056390622295665,2.19060968716425,15.119415478763749,4.121320343559642,1.8614271578730528,1.8614271578730528,2.414213562373095,0.8162277660168378,0.8162277660168378,0.2236067977499789,0.2236067977499789,0.0,0.0,0.0,0.0,-0.04,11.245112497836532,0.72512600755025,0.2061650840029218,0.0008163265306122,20.444083839238875,19.202161082765382,0.0,0.0,5.733667477162185,0.0,6.923737199690624,6.544756405912575,0.0,5.733667477162185,6.544756405912575,0.0,0.0,0.0,0.0,6.923737199690624,14.1,0.0,0.0,0.0,0.0,13.4684936056032,0.0,0.0,5.733667477162185,1.1076388888888888,0.0,0.0,4.166666666666666,0.0,0.0,0.0,2.7256944444444446,0.0,1.0,3.0,1.0,0.0,0.0,0.0,3.0,2.0,0.0,0.0226999999999999,11.808000000000002,0.0,0.0,0.0,0.0,0.0,0.0,1.0,0.0,0.0,0.0,0.0,0.0,[*]CC([*])(C)C(=O)[O-],[*]C[N+]C[*],"[ 7.49274790e-01  3.35424781e-01  4.55891341e-01 -1.09221423e+00
 -6.25216782e-01  3.14305499e-02 -1.89206481e-01 -9.25612390e-01
 -2.35249296e-01  1.36610961e+00  8.83861855e-02 -7.13659585e-01
  8.14221084e-01 -6.92512333e-01 -5.14061689e-01 -1.33080852e+00
 -1.47874510e+00 -1.03471792e+00 -6.12177968e-01  2.09805042e-01
  5.51994801e-01 -3.05551559e-01  4.35497522e-01  7.36454964e-01
 -6.94340706e-01  1.29001057e+00  2.37998891e+00 -4.05347496e-01
 -6.00476742e-01  7.56517649e-01 -2.95091867e-01 -4.40703213e-01
 -2.38245353e-01 -1.06833398e+00  5.43902814e-01  2.87487179e-01
  1.05013542e-01  7.71469295e-01  2.95419157e-01  2.99429774e-01
 -1.54818922e-01  9.55972448e-02  1.18825090e+00  1.62336457e+00
  2.11596087e-01  1.97126698e+00  7.42778480e-01  1.40871525e-01
 -2.52242148e-01 -5.88141322e-01 -8.30902278e-01 -5.11340201e-02
 -4.66348320e-01 -3.61824811e-01 -5.98171353e-01 -3.63103032e-01
  2.47532055e-01  5.11704028e-01 -7.26159394e-01  1.30475163e-01
 -9.32137072e-01  1.43789789e-02  4.87203658e-01 -6.09903224e-02
 -5.22938311e-01 -2.59041160e-01 -3.10223382e-02  1.33649796e-01
 -4.49149907e-01 -9.90190208e-01 -4.37130392e-01 -8.20998698e-02
 -1.41018599e-01  2.47300267e-01 -1.07266307e+00 -3.37361068e-01
 -3.82067502e-01 -3.48674297e-01  2.41132863e-02 -3.69367570e-01
  4.26380429e-03 -3.68784666e-01  2.93142378e-01  3.39492798e-01
  1.76544249e-01  7.48980865e-02  3.78351748e-01  1.43084496e-01
 -7.50767514e-02  6.98696852e-01 -1.23164153e+00  1.54972628e-01
  1.30712831e+00  4.13169146e-01 -7.62161970e-01  6.20638654e-02
  6.53732941e-02  3.98433149e-01  3.35860610e-01  2.57231444e-01
  5.09362817e-01  2.24197790e-01 -1.09119499e+00  9.36800539e-01
  7.53451943e-01 -1.23084819e+00  9.08430457e-01 -8.67207110e-01
 -4.80619073e-01  4.63999063e-01 -5.08662164e-01  2.84325276e-02
  8.96979451e-01  2.75238305e-01  6.04319394e-01  7.04479277e-01
 -1.92388758e-01  5.88916123e-01 -1.65896252e-01  1.25128731e-01
 -5.41119277e-01  5.95371544e-01 -4.40301627e-01 -9.53436732e-01
 -8.70644271e-01 -7.01563358e-02  5.19006014e-01 -8.48310441e-02
 -4.53820378e-01 -7.63373524e-02 -2.50903994e-01  1.05273589e-01
 -7.83522904e-04 -5.48577607e-01 -1.58988476e+00  4.16692108e-01
  4.86379087e-01 -6.73893452e-01 -2.14246154e-01 -8.94058764e-01
 -1.69562221e-01  1.62465900e-01  4.72447537e-02 -9.45844769e-01
  3.12819541e-01  4.59828615e-01  1.81325778e-01  5.45694053e-01
  5.22985049e-02 -2.90770084e-01  1.11780930e+00 -6.53702319e-01
  8.88752520e-01 -5.18661022e-01  2.26448655e-01  4.19900529e-02
  2.09506735e-01 -9.99619067e-01 -5.97911179e-01  2.40267485e-01
  3.84019047e-01  1.01165771e-01 -1.29132763e-01  1.37262657e-01
  2.43125573e-01  6.61093593e-02  7.34124482e-01  6.55801445e-02
  8.67221475e-01  1.02447104e+00  1.94548965e-01  4.92215395e-01
  2.58256465e-01  7.06858218e-01  4.08109426e-01  1.43596029e+00
 -2.34669849e-01 -2.20608890e-01 -9.00353014e-01 -1.68292020e-02
 -5.18259466e-01  9.73584116e-01  6.35090172e-01 -3.21039736e-01
  1.96893781e-01  1.36441048e-02  5.94366267e-02  6.31835938e-01
 -6.74691439e-01  2.92127788e-01 -1.58445194e-01  4.75977540e-01
 -1.05258442e-01 -2.61095129e-02 -3.47841859e-01 -1.38431609e+00
  2.30988905e-01  2.42584631e-01  2.42318988e-01  8.21007431e-01
  3.47805738e-01 -5.93114078e-01  6.15051806e-01 -1.13383365e+00
 -1.02469993e+00 -2.10129380e-01  5.13058305e-01 -4.32122946e-02
 -8.96828771e-01 -5.06239772e-01  2.97274590e-02 -1.87300277e+00
  9.58072007e-01 -7.87090957e-01 -5.90321839e-01  1.57090092e+00
 -1.52412921e-01  1.07509518e+00 -2.78278589e-01  6.61327541e-01
 -4.37102556e-01  6.07341051e-01  1.74592510e-01 -8.32812190e-01
  7.96080351e-01 -5.79209208e-01 -2.50138134e-01  8.92362118e-01
 -2.45963167e-02 -1.42872378e-01 -1.42276669e+00  1.69364798e+00
  6.29426658e-01 -5.70318513e-02  1.35555339e+00  7.65864253e-01
  4.97816533e-01  1.59259066e-02 -5.13777614e-01 -9.02717590e-01
 -1.13018739e+00  3.83352101e-01 -4.77341488e-02 -3.79710466e-01
 -4.47504103e-01 -1.09895110e+00 -3.86139631e-01  1.03090264e-01
  8.51628721e-01  2.24349573e-01 -3.13555300e-02  1.22573696e-01
  4.94108871e-02  6.98103666e-01  3.02277476e-01  1.66599587e-01
 -3.08436722e-01 -4.66002375e-01  1.62361014e+00 -2.62132585e-01
  5.79887815e-02 -6.79709196e-01  4.46500778e-01 -7.97002465e-02
 -8.20023119e-02  1.22393526e-01 -2.83097059e-01  4.32255983e-01
 -1.04199953e-01 -1.23305070e+00 -3.06826502e-01  3.86385806e-02
 -5.26868701e-01  2.08499730e-01 -1.37608588e-01 -2.77598381e-01
  1.16459966e+00  3.82706597e-02 -1.96235068e-02 -8.02532017e-01
  5.66025376e-01 -4.30100381e-01  1.32197094e+00  6.55819237e-01
 -1.05254024e-01 -6.85315967e-01  2.16215566e-01  5.93630016e-01
  2.85155267e-01  3.85740906e-01 -5.23835123e-01  3.65415752e-01
  1.48793125e+00 -3.41312021e-01  8.37343931e-02  3.88410576e-02
  1.16101551e+00 -8.25121999e-01  2.77617723e-02  7.33939037e-02
 -4.48615134e-01 -3.60707045e-01  2.16005355e-01 -1.82437807e-01
  2.44415596e-01 -5.28269887e-01  8.22483182e-01 -5.70847653e-02
  8.29918385e-01 -1.71355367e-01 -1.51496232e-01  4.65150774e-01
  3.33200365e-01  1.27273887e-01  9.12838519e-01 -1.40352994e-01
 -2.76168674e-01 -5.63478529e-01  1.85518518e-01  6.18515849e-01
  9.07797396e-01  5.58707714e-01  6.54310524e-01 -9.68789756e-01
 -6.15588129e-02 -2.76184026e-02  2.73121327e-01 -3.54086995e-01
  4.74624962e-01  1.37339443e-01 -3.33838254e-01 -4.54894483e-01
 -4.43201482e-01  4.87415552e-01  6.92939878e-01  7.76845098e-01
  2.34562084e-01 -1.71094164e-01  6.52617574e-01 -7.15576172e-01
 -3.63845557e-01  1.07632124e+00 -2.44740129e-01 -1.39437407e-01
  1.62900817e+00  1.14459256e-02  9.56065774e-01  2.93038279e-01
  3.91988426e-01  3.39301564e-02 -6.13436103e-01 -7.80028582e-01
  2.32236609e-01  1.24575007e+00 -7.12414160e-02  6.11095548e-01
  4.77192504e-03 -1.05789937e-01  2.36828491e-01  5.28803527e-01
  4.67312008e-01 -1.94977492e-01 -9.55596268e-01 -6.81563795e-01
  4.23343569e-01 -2.96947718e-01 -3.69488955e-01 -2.89484084e-01
 -4.30452943e-01 -1.37250312e-02  2.62498766e-01 -5.61480105e-01
  5.62621891e-01 -4.18706477e-01 -8.56468499e-01  5.93134239e-02
 -1.00340411e-01 -7.35716164e-01  1.38378620e-01 -6.84343696e-01
  2.17011675e-01 -4.22011822e-01 -4.02174950e-01 -2.10074112e-01
 -6.50949299e-01  8.00443947e-01 -1.05892392e-02 -5.88889062e-01
 -3.27951312e-02 -9.57627073e-02 -4.11157161e-01  1.26788989e-01
 -4.45752770e-01 -3.34704220e-01 -6.30857348e-01  7.39717126e-01
  3.73316854e-01  1.94936663e-01  8.15797508e-01  7.57897347e-02
  2.51457661e-01  7.87429273e-01 -5.90912402e-02  8.01935017e-01
 -5.09869382e-02 -3.16675752e-01 -8.06985676e-01  3.75884295e-01
 -1.02298295e+00  2.55849570e-01  2.58157365e-02  1.62940547e-01
  3.08816880e-01 -8.00899506e-01  1.81837904e+00 -6.99088693e-01
 -2.37569124e-01 -3.24667641e-03 -4.07583922e-01 -2.53018081e-01
  1.05101004e-01  7.78838634e-01  7.80924141e-01  3.96106571e-01
  4.07956630e-01 -2.10249022e-01  4.17130977e-01 -3.68258469e-02
  2.39590809e-01 -1.32325947e-01 -1.05014598e+00 -3.78439307e-01
  1.21962957e-01  9.12429273e-01 -5.16304731e-01 -4.10982370e-01
  1.13879271e-01 -7.30947316e-01 -1.19410682e+00 -8.46092477e-02
 -4.51732308e-01  3.39796931e-01  1.79029241e-01 -3.18569988e-01
 -4.01548207e-01  1.05452193e-02 -9.81033444e-02  2.65956130e-02
 -1.16055489e+00 -2.66568363e-01 -4.17371392e-01 -2.27321759e-01
 -7.98538566e-01 -2.68420726e-01 -7.56898522e-02 -1.46671772e+00
 -3.53073359e-01  7.68439353e-01  5.23869157e-01 -1.45392466e+00
 -7.55149201e-02 -2.53495097e-01 -6.51691973e-01  1.01998317e+00
  1.75246254e-01  2.19446480e-01 -8.75575662e-01  6.49622753e-02
 -2.21772552e-01  6.31361604e-01  1.11363959e+00  8.29166234e-01
 -9.94006217e-01  5.85105002e-01  1.62860320e-03  6.57095253e-01
 -6.60761952e-01  4.83092368e-01  2.10053355e-01  1.93984300e-01
  1.08389914e+00 -2.88248777e-01  2.90296733e-01  6.75145447e-01
  6.10232018e-02 -5.08173525e-01 -1.05302072e+00  4.84012961e-01
 -1.34737328e-01 -1.63434446e-01 -1.95996463e-01 -1.06526923e+00
 -8.11576009e-01 -3.66595089e-01 -1.52673945e-02 -1.13481522e-01
  6.21918961e-02  6.84323311e-02 -7.70469382e-02 -6.34581506e-01
  2.21770406e-01  7.27311909e-01 -3.06834489e-01  1.09503961e+00
 -6.35234714e-02  7.48488754e-02  3.62029821e-01 -1.14483583e+00
  3.36602688e-01 -3.94898474e-01 -4.43032160e-02 -2.25445300e-01
 -9.30737793e-01  4.10731554e-01  3.46095145e-01 -8.76426399e-01
 -7.85481334e-01 -9.14595544e-01 -4.12273765e-01  5.75143516e-01
 -7.46130526e-01  4.76899326e-01 -7.44161129e-01 -6.33583188e-01
 -7.63390839e-01 -8.95849407e-01 -5.26674464e-02  3.77323836e-01
  6.89602196e-02  8.11982453e-01 -1.31613028e+00  7.27658644e-02
 -1.96165428e-01  6.04341328e-01  2.99889833e-01 -1.47399947e-01
  2.67245054e-01  6.23204529e-01  1.50411510e+00  6.07940815e-02
  2.72842020e-01  4.67290968e-01 -6.77232504e-01  5.37263155e-01
 -2.76431590e-01  6.60036445e-01 -5.24141677e-02  3.49252112e-02
  1.12972081e-01  2.25270927e-01 -1.09064952e-01  3.46314520e-01
  7.54533410e-01  7.83834755e-01 -4.25179332e-01  5.52726567e-01
 -1.95189342e-01 -5.99463761e-01 -3.58343661e-01 -2.30281323e-01
  2.36615911e-01  4.99656409e-01  1.68579209e+00 -1.51982561e-01
 -5.63962042e-01 -1.29549968e+00 -2.81212598e-01 -2.55549937e-01
  4.69508678e-01  1.41729280e-01 -5.26430964e-01  2.20184013e-01
 -2.16536090e-01 -9.31372881e-01 -9.69826996e-01  4.32354122e-01
 -1.06032109e+00 -5.03427327e-01 -8.87604475e-01  4.38566148e-01
  1.47396326e+00 -1.03932881e+00  6.63527369e-01 -9.93533015e-01
  1.08747959e+00 -9.77717102e-01 -1.65758193e-01 -4.72277105e-02
  1.20034409e+00  2.41741404e-01  3.70389432e-01 -1.49647415e+00
  6.98196530e-01 -5.78175962e-01  4.05572444e-01 -6.85069382e-01
  1.34073234e+00 -3.75742733e-01 -1.80194214e-01  3.50243032e-01]","[ 2.73681909e-01  1.66004568e-01 -7.44565070e-01 -1.47705269e+00
 -1.09840822e+00 -1.53690919e-01 -1.29248112e-01  2.95904994e-01
 -9.16356027e-01  1.40345776e+00  1.00063539e+00 -6.83065832e-01
  1.30242276e+00 -2.33746576e+00 -9.75994170e-01 -7.89787889e-01
 -1.79506803e+00 -1.28128958e+00  2.09810168e-01  1.29709288e-01
  4.47607398e-01 -6.85392797e-01  7.80511856e-01  1.21133173e+00
 -3.64384532e-01  1.07354224e+00  2.32574058e+00 -1.55821651e-01
 -2.85600513e-01  3.01326066e-01 -6.34632647e-01  1.65162787e-01
  2.81757385e-01 -3.74723703e-01 -2.95077354e-01  7.01536298e-01
 -2.88844388e-02  2.32678980e-01  2.16173112e-01  5.24862707e-01
 -7.30150580e-01 -4.09290910e-01  1.78005755e+00  1.10312033e+00
 -5.30989515e-03  1.62341702e+00  1.30315197e+00 -9.47976291e-01
  1.85765088e-01  1.49317771e-01 -2.13005602e-01 -6.93675578e-01
 -4.48695384e-03 -4.57031608e-01 -9.96706784e-01 -1.11750238e-01
  4.97595131e-01  4.26965803e-01 -1.49265635e+00  2.89656907e-01
 -2.73807108e-01  8.54427159e-01  1.49728537e+00  9.41296890e-02
 -1.70012251e-01  1.05805194e+00  2.47816041e-01  8.55847076e-02
 -2.41706241e-02  3.27099591e-01 -2.99327344e-01 -2.87228137e-01
 -5.82702875e-01 -5.94702363e-01 -1.03217173e+00 -8.13124239e-01
 -5.35450697e-01 -1.03322685e+00  6.12907767e-01  1.13398790e+00
 -7.18036070e-02  1.90137476e-01  6.24559581e-01  4.69076455e-01
  6.27078772e-01  3.44742835e-01 -3.45153689e-01  1.32870555e+00
 -1.61258459e-01 -1.77030429e-01 -1.69568908e+00  1.72073066e-01
  1.15088892e+00  2.67995209e-01 -1.30087376e-01 -2.35246912e-01
 -9.75930631e-01 -2.02227771e-01  8.58478367e-01  6.41340375e-01
 -3.02943230e-01  1.06876230e+00 -6.70137048e-01  1.55068052e+00
  1.39273751e+00 -1.45554578e+00  8.48026991e-01 -9.02008832e-01
 -3.14056218e-01 -8.90919007e-03  1.89570412e-02  6.20763719e-01
  5.67845762e-01  6.88580513e-01  3.47115725e-01  9.87522900e-01
  1.26554236e-01  9.42884982e-01 -9.06472266e-01  4.57331955e-01
  5.71125150e-02  1.78218889e+00 -1.16092294e-01 -9.70406473e-01
  2.32247129e-01 -1.08961582e-01  4.84424561e-01 -1.63584903e-01
 -2.28719175e-01 -3.77911866e-01  1.91282615e-01 -4.40858275e-01
  4.58004832e-01  2.03468651e-01 -7.51598001e-01  7.42124140e-01
  2.11840153e-01 -1.47817540e+00 -5.86319506e-01 -7.08758950e-01
 -5.41633785e-01  5.09984553e-01  3.28427345e-01 -5.58312654e-01
 -3.01396579e-01  4.69190210e-01  4.12009209e-01  4.86853629e-01
  8.65669027e-02 -4.84711647e-01 -1.38688656e-02 -9.07068998e-02
  7.71938503e-01 -4.51887012e-01 -2.65402257e-01  3.44309598e-01
  8.11073661e-01 -7.00493395e-01 -3.49895090e-01  4.73346151e-02
  9.45539415e-01  3.90116870e-01 -1.22340433e-02  9.33209777e-01
  5.38321495e-01  2.30738390e-02  4.50798392e-01  5.45543730e-01
  6.47279382e-01  1.34209245e-01 -6.69469893e-01 -5.51479518e-01
 -9.10929501e-01  8.97117376e-01  7.78002381e-01  7.29684412e-01
 -4.76152264e-03 -2.28286073e-01 -1.80614281e+00 -2.43098214e-01
 -4.10343200e-01  1.65494692e+00 -1.41513258e-01  4.32345904e-02
  2.63454169e-01 -4.78654593e-01  6.30516946e-01  1.35365450e+00
  1.63908258e-01  1.05160549e-01  6.00636341e-02  3.30597907e-01
 -1.11334272e-01  8.60361159e-01 -1.12372410e+00 -1.36552715e+00
 -9.46494460e-01 -6.26207352e-01 -5.15764892e-01  5.79680920e-01
  4.80724514e-01 -1.80933341e-01  8.24896619e-02 -9.76777613e-01
 -5.42914391e-01 -7.89315462e-01  8.83481205e-01  1.10133314e+00
  2.32755274e-01  8.09302405e-02 -7.54249543e-02 -1.47234833e+00
  7.46453345e-01 -1.42875111e+00  4.53871906e-01  1.72359610e+00
 -4.06082766e-03  1.19332123e+00 -8.32867801e-01  6.88086867e-01
  1.37741864e-01  7.88703918e-01  2.78975209e-03 -7.97479689e-01
 -4.38524857e-02  1.13093853e-01 -3.82264405e-01  1.38396609e+00
  6.05312407e-01  1.89717621e-01 -1.87994957e-01  3.21862578e+00
  1.55959547e+00 -5.84481001e-01  1.94749379e+00  5.90261579e-01
 -4.26900893e-01 -1.12351143e+00 -8.85746777e-02 -1.66987240e-01
 -9.51994538e-01  9.89240885e-01 -1.71200693e-01  1.32246166e-01
  5.89776099e-01 -1.25525105e+00  1.01031929e-01 -5.00966609e-01
  1.41644366e-02 -1.63523331e-01  4.52505380e-01  1.33390218e-01
 -6.45448789e-02  3.77991378e-01 -9.04772580e-01 -5.44584334e-01
 -3.49354029e-01 -1.97096571e-01  1.93875515e+00  1.68814957e-01
 -2.22165152e-01  4.48715463e-02 -7.38904104e-02  1.40951602e-02
  1.02817461e-01  1.50721657e+00 -1.24952972e+00  6.83633089e-01
 -4.31086749e-01 -9.22964275e-01 -1.24245316e-01 -4.44169819e-01
  6.44836053e-02  1.13626456e+00  1.71797186e-01  1.07042398e-02
  2.86911428e-01  5.32820761e-01 -3.44686478e-01 -1.07940471e+00
  1.37402907e-01 -1.80691803e+00  1.57622218e+00  8.19589794e-01
 -6.37324572e-01 -1.95334256e-01 -8.80328774e-01  7.41711080e-01
  4.09598909e-02  8.34153175e-01 -4.57031339e-01  2.83941716e-01
  1.10020137e+00 -3.37292314e-01  6.80264905e-02 -1.90589011e-01
  4.87536073e-01 -1.26242483e+00 -5.79993546e-01 -4.71906066e-01
 -5.36747038e-01 -3.78981888e-01 -1.34510770e-01 -4.72808868e-01
  9.65812728e-02 -2.18814477e-01  1.01008964e+00  5.89304030e-01
  5.38034260e-01  8.42455402e-02 -1.40532881e-01  7.70158917e-02
 -7.12736309e-01  3.12387049e-01  7.75598586e-01 -1.94695726e-01
  2.33821779e-01 -2.17562497e-01 -7.44840980e-01  5.53765059e-01
  8.96856844e-01  5.78018725e-01  6.23112261e-01 -5.88956356e-01
  1.32804468e-01  7.09370058e-03  2.32104346e-01  4.71894622e-01
  1.46003708e-01 -2.01706111e-01  1.21953443e-01 -2.07336560e-01
 -7.48902500e-01 -1.27280247e+00  4.56761748e-01  1.68301880e+00
 -1.00462787e-01 -3.45182627e-01  1.17211230e-01 -1.85488552e-01
 -1.44460499e+00  3.66658300e-01 -7.31594324e-01 -8.15469101e-02
  8.85279655e-01  2.86490023e-02  5.78202724e-01  1.48835093e-01
  6.08137071e-01  1.35164604e-01 -5.97466230e-01 -1.76421344e+00
 -3.54768366e-01  2.15320006e-01 -7.04477549e-01  2.93117404e-01
 -6.49666369e-01  2.69496471e-01  1.15424120e+00 -1.98677883e-01
  7.46418774e-01  4.54378814e-01 -1.85189176e+00  3.57578620e-02
  2.35214412e-01 -4.34334457e-01 -1.24479449e+00 -4.68029976e-01
 -1.04268217e+00  4.54844862e-01  7.26285696e-01 -1.08133495e+00
  1.99147046e-01 -2.84403861e-02 -1.07138276e+00 -3.95400703e-01
  6.98548928e-02 -8.70623410e-01  1.54038906e-01 -5.60017645e-01
 -3.75669263e-02 -7.81353354e-01 -7.31090486e-01 -3.41077209e-01
 -4.64152217e-01  6.60407245e-01  2.21335888e-01 -2.39996284e-01
 -6.66767597e-01  2.04499543e-01 -9.10416782e-01 -2.94663727e-01
 -1.17032087e+00  1.64180085e-01 -8.27566922e-01  6.99705660e-01
  1.33685246e-01  1.41605005e-01  3.46421391e-01  1.11059928e+00
  2.52072841e-01  1.55291784e+00  2.43351758e-01  1.04081237e+00
 -2.76770592e-01 -1.19162232e-01 -4.60011601e-01  1.34364569e+00
 -9.52273130e-01  4.80686158e-01  4.06600356e-01  2.80897468e-01
  9.98292208e-01 -1.31541288e+00  9.41959441e-01  2.02116687e-02
  3.70601773e-01 -1.12893559e-01  4.61780250e-01 -2.28449151e-01
  5.85418820e-01  3.94479007e-01  4.59744960e-01  6.36963010e-01
 -1.59505323e-01  1.00677061e+00  9.86175179e-01 -6.47877678e-02
  1.49050981e-01 -5.52432239e-01 -1.06719267e+00 -7.53977180e-01
 -7.81509995e-01  1.15565598e+00 -7.30940580e-01 -1.53717887e+00
  5.50783157e-01 -9.11858559e-01 -8.98802519e-01  5.36069512e-01
 -1.07712102e+00  3.14948589e-01 -8.60910773e-01 -9.96511221e-01
 -2.39814848e-01 -4.29458141e-01  6.79418385e-01  9.86803651e-01
 -1.04657805e+00  9.67387035e-02  2.55706422e-02  6.05388701e-01
 -6.60483122e-01 -2.04639211e-01  4.15904880e-01 -1.35647511e+00
 -9.27955091e-01 -5.36052465e-01  7.45387852e-01 -2.18400240e+00
  7.69201517e-01  3.20852995e-01 -1.20287740e+00  8.35670292e-01
  2.94883221e-01  2.71465987e-01 -7.08536088e-01 -1.06249952e+00
 -1.07689381e+00  7.60423899e-01 -1.21171467e-01  5.39052308e-01
  2.40152165e-01  9.79230523e-01  1.66857615e-01  6.06723279e-02
  1.80916563e-01 -7.60552645e-01 -3.01277459e-01 -4.17362712e-02
  1.74062574e+00 -1.36267334e-01 -3.31193469e-02 -2.82620676e-02
 -2.71528989e-01 -1.73435509e-01 -1.85956001e-01 -6.15883954e-02
  4.15342361e-01 -1.33295789e-01 -9.73394573e-01 -1.42296922e+00
  1.11226980e-02 -6.48887813e-01 -5.59289455e-02 -9.34372365e-01
 -3.20469499e-01  1.71822205e-01 -3.72805476e-01 -1.12383872e-01
 -1.82882831e-01  7.76977718e-01 -4.01029468e-01  4.71335590e-01
  6.27876967e-02  1.55258179e-02  9.98044372e-01 -2.24709749e+00
 -1.66378126e-01  4.33711410e-01 -3.36138129e-01 -6.40719175e-01
 -3.67246747e-01 -7.96032310e-01  6.48426056e-01 -9.42266643e-01
 -1.04082751e+00  7.30441930e-03 -3.89569491e-01  1.47294855e+00
 -7.89180517e-01 -4.36671704e-01 -5.43994963e-01 -5.21494597e-02
 -1.26271176e+00 -7.26314485e-01 -1.92389399e-01  5.17222643e-01
  6.87981725e-01  5.96668839e-01 -1.68401611e+00  5.07986784e-01
 -2.20345091e-02 -4.52393144e-01  1.23454340e-01  7.45882928e-01
  3.60483646e-01  7.12965071e-01  1.17536747e+00  4.84972596e-01
  8.31876397e-01  1.12832159e-01 -5.01047611e-01  1.13193977e+00
 -2.07402274e-01  6.30153298e-01 -7.69594014e-02 -2.62613058e-01
  5.37480652e-01  7.01635540e-01 -3.63881975e-01  6.86224580e-01
  1.05129576e+00  8.88192594e-01 -8.48925829e-01 -8.82286578e-02
  5.01420915e-01 -2.86752075e-01 -3.25413257e-01 -2.72722095e-01
 -4.60710317e-01  1.91521466e+00  1.54720652e+00  1.39547616e-01
 -1.23197943e-01 -1.62960351e+00 -3.06767553e-01 -1.03407121e+00
 -9.68941152e-02 -1.37072957e+00  2.17509329e-01  3.37919682e-01
 -8.65780339e-02 -8.87138367e-01 -5.31756341e-01  6.07614458e-01
 -1.52500010e+00 -6.54680490e-01 -1.09921885e+00  3.09683889e-01
  9.32154894e-01 -7.96648264e-01  1.09819002e-01 -9.36193824e-01
  1.27858591e+00 -1.13009691e-01 -1.56532098e-02 -1.94033533e-01
  8.13754141e-01  7.27848411e-01  1.37440950e-01 -1.28356433e+00
  5.93122900e-01 -4.10506845e-01  6.62912726e-01  2.60262042e-01
  4.77744848e-01 -7.30178475e-01 -3.93511020e-02  5.23803949e-01]",1
1,[*]C(C)(C[*])C(=O)[O-],[*]CC[N+][*],2650,38080,8.5,1190,60,0.0,1,2,9,14.369811320754716,1,0,0,10.243472222222222,10.243472222222222,0.0532407407407407,-0.7986111111111109,0.4502538575862794,23.5,85.082,80.04199999999999,85.02950297991,34.0,2.5,3.0,3.0,1.6668127273868607,3.9084966379068455,100.21143267166842,6.784457050376174,3.5236033621142737,3.5236033621142737,3.504035844753885,1.5118016810571369,1.5118016810571369,1.0677875644551755,1.0677875644551755,0.348461712529338,0.348461712529338,0.0,0.0,-0.53,38.3366927298978,2.610921480426842,0.600159264681777,0.2950914053210928,36.78983322325914,35.63575031240701,9.901064578912528,5.969305287951849,19.76538044554264,0.0,0.0,5.106527394840706,5.969305287951849,4.794537184071822,6.923737199690624,0.0,12.841643245852016,40.13,5.969305287951849,9.901064578912528,5.917906046161393,6.923737199690624,0.0,0.0,6.923737199690624,0.0,0.2098148148148149,10.243472222222222,10.243472222222222,0.0,-1.0902777777777777,0.0,0.0,2.810185185185185,0.0,0.75,6.0,2.0,0.0,0.0,2.0,4.0,2.0,0.0,-0.5682,18.181,1.0,0.0,1.0,1.0,1.0,1.0,0.0,0.0,0.0,0.0,4.166666666666666,4.166666666666666,0.4131944444444444,0.4131944444444444,0.4134068917016045,14.666666666666666,42.06099999999999,38.029,42.03382554808999,16.0,2.0,2.6666666666666665,3.6666666666666665,3.6666666666666665,1.4056390622295665,2.19060968716425,15.119415478763749,4.121320343559642,1.8614271578730528,1.8614271578730528,2.414213562373095,0.8162277660168378,0.8162277660168378,0.2236067977499789,0.2236067977499789,0.0,0.0,0.0,0.0,-0.04,11.245112497836532,0.72512600755025,0.2061650840029218,0.0008163265306122,20.444083839238875,19.202161082765382,0.0,0.0,5.733667477162185,0.0,6.923737199690624,6.544756405912575,0.0,5.733667477162185,6.544756405912575,0.0,0.0,0.0,0.0,6.923737199690624,14.1,0.0,0.0,0.0,0.0,13.4684936056032,0.0,0.0,5.733667477162185,1.1076388888888888,0.0,0.0,4.166666666666666,0.0,0.0,0.0,2.7256944444444446,0.0,1.0,3.0,1.0,0.0,0.0,0.0,3.0,2.0,0.0,0.0226999999999999,11.808000000000002,0.0,0.0,0.0,0.0,0.0,0.0,1.0,0.0,0.0,0.0,0.0,0.0,[*]CC([*])(C)C(=O)[O-],[*]C[N+]C[*],"[ 7.49274790e-01  3.35424781e-01  4.55891341e-01 -1.09221423e+00
 -6.25216782e-01  3.14305499e-02 -1.89206481e-01 -9.25612390e-01
 -2.35249296e-01  1.36610961e+00  8.83861855e-02 -7.13659585e-01
  8.14221084e-01 -6.92512333e-01 -5.14061689e-01 -1.33080852e+00
 -1.47874510e+00 -1.03471792e+00 -6.12177968e-01  2.09805042e-01
  5.51994801e-01 -3.05551559e-01  4.35497522e-01  7.36454964e-01
 -6.94340706e-01  1.29001057e+00  2.37998891e+00 -4.05347496e-01
 -6.00476742e-01  7.56517649e-01 -2.95091867e-01 -4.40703213e-01
 -2.38245353e-01 -1.06833398e+00  5.43902814e-01  2.87487179e-01
  1.05013542e-01  7.71469295e-01  2.95419157e-01  2.99429774e-01
 -1.54818922e-01  9.55972448e-02  1.18825090e+00  1.62336457e+00
  2.11596087e-01  1.97126698e+00  7.42778480e-01  1.40871525e-01
 -2.52242148e-01 -5.88141322e-01 -8.30902278e-01 -5.11340201e-02
 -4.66348320e-01 -3.61824811e-01 -5.98171353e-01 -3.63103032e-01
  2.47532055e-01  5.11704028e-01 -7.26159394e-01  1.30475163e-01
 -9.32137072e-01  1.43789789e-02  4.87203658e-01 -6.09903224e-02
 -5.22938311e-01 -2.59041160e-01 -3.10223382e-02  1.33649796e-01
 -4.49149907e-01 -9.90190208e-01 -4.37130392e-01 -8.20998698e-02
 -1.41018599e-01  2.47300267e-01 -1.07266307e+00 -3.37361068e-01
 -3.82067502e-01 -3.48674297e-01  2.41132863e-02 -3.69367570e-01
  4.26380429e-03 -3.68784666e-01  2.93142378e-01  3.39492798e-01
  1.76544249e-01  7.48980865e-02  3.78351748e-01  1.43084496e-01
 -7.50767514e-02  6.98696852e-01 -1.23164153e+00  1.54972628e-01
  1.30712831e+00  4.13169146e-01 -7.62161970e-01  6.20638654e-02
  6.53732941e-02  3.98433149e-01  3.35860610e-01  2.57231444e-01
  5.09362817e-01  2.24197790e-01 -1.09119499e+00  9.36800539e-01
  7.53451943e-01 -1.23084819e+00  9.08430457e-01 -8.67207110e-01
 -4.80619073e-01  4.63999063e-01 -5.08662164e-01  2.84325276e-02
  8.96979451e-01  2.75238305e-01  6.04319394e-01  7.04479277e-01
 -1.92388758e-01  5.88916123e-01 -1.65896252e-01  1.25128731e-01
 -5.41119277e-01  5.95371544e-01 -4.40301627e-01 -9.53436732e-01
 -8.70644271e-01 -7.01563358e-02  5.19006014e-01 -8.48310441e-02
 -4.53820378e-01 -7.63373524e-02 -2.50903994e-01  1.05273589e-01
 -7.83522904e-04 -5.48577607e-01 -1.58988476e+00  4.16692108e-01
  4.86379087e-01 -6.73893452e-01 -2.14246154e-01 -8.94058764e-01
 -1.69562221e-01  1.62465900e-01  4.72447537e-02 -9.45844769e-01
  3.12819541e-01  4.59828615e-01  1.81325778e-01  5.45694053e-01
  5.22985049e-02 -2.90770084e-01  1.11780930e+00 -6.53702319e-01
  8.88752520e-01 -5.18661022e-01  2.26448655e-01  4.19900529e-02
  2.09506735e-01 -9.99619067e-01 -5.97911179e-01  2.40267485e-01
  3.84019047e-01  1.01165771e-01 -1.29132763e-01  1.37262657e-01
  2.43125573e-01  6.61093593e-02  7.34124482e-01  6.55801445e-02
  8.67221475e-01  1.02447104e+00  1.94548965e-01  4.92215395e-01
  2.58256465e-01  7.06858218e-01  4.08109426e-01  1.43596029e+00
 -2.34669849e-01 -2.20608890e-01 -9.00353014e-01 -1.68292020e-02
 -5.18259466e-01  9.73584116e-01  6.35090172e-01 -3.21039736e-01
  1.96893781e-01  1.36441048e-02  5.94366267e-02  6.31835938e-01
 -6.74691439e-01  2.92127788e-01 -1.58445194e-01  4.75977540e-01
 -1.05258442e-01 -2.61095129e-02 -3.47841859e-01 -1.38431609e+00
  2.30988905e-01  2.42584631e-01  2.42318988e-01  8.21007431e-01
  3.47805738e-01 -5.93114078e-01  6.15051806e-01 -1.13383365e+00
 -1.02469993e+00 -2.10129380e-01  5.13058305e-01 -4.32122946e-02
 -8.96828771e-01 -5.06239772e-01  2.97274590e-02 -1.87300277e+00
  9.58072007e-01 -7.87090957e-01 -5.90321839e-01  1.57090092e+00
 -1.52412921e-01  1.07509518e+00 -2.78278589e-01  6.61327541e-01
 -4.37102556e-01  6.07341051e-01  1.74592510e-01 -8.32812190e-01
  7.96080351e-01 -5.79209208e-01 -2.50138134e-01  8.92362118e-01
 -2.45963167e-02 -1.42872378e-01 -1.42276669e+00  1.69364798e+00
  6.29426658e-01 -5.70318513e-02  1.35555339e+00  7.65864253e-01
  4.97816533e-01  1.59259066e-02 -5.13777614e-01 -9.02717590e-01
 -1.13018739e+00  3.83352101e-01 -4.77341488e-02 -3.79710466e-01
 -4.47504103e-01 -1.09895110e+00 -3.86139631e-01  1.03090264e-01
  8.51628721e-01  2.24349573e-01 -3.13555300e-02  1.22573696e-01
  4.94108871e-02  6.98103666e-01  3.02277476e-01  1.66599587e-01
 -3.08436722e-01 -4.66002375e-01  1.62361014e+00 -2.62132585e-01
  5.79887815e-02 -6.79709196e-01  4.46500778e-01 -7.97002465e-02
 -8.20023119e-02  1.22393526e-01 -2.83097059e-01  4.32255983e-01
 -1.04199953e-01 -1.23305070e+00 -3.06826502e-01  3.86385806e-02
 -5.26868701e-01  2.08499730e-01 -1.37608588e-01 -2.77598381e-01
  1.16459966e+00  3.82706597e-02 -1.96235068e-02 -8.02532017e-01
  5.66025376e-01 -4.30100381e-01  1.32197094e+00  6.55819237e-01
 -1.05254024e-01 -6.85315967e-01  2.16215566e-01  5.93630016e-01
  2.85155267e-01  3.85740906e-01 -5.23835123e-01  3.65415752e-01
  1.48793125e+00 -3.41312021e-01  8.37343931e-02  3.88410576e-02
  1.16101551e+00 -8.25121999e-01  2.77617723e-02  7.33939037e-02
 -4.48615134e-01 -3.60707045e-01  2.16005355e-01 -1.82437807e-01
  2.44415596e-01 -5.28269887e-01  8.22483182e-01 -5.70847653e-02
  8.29918385e-01 -1.71355367e-01 -1.51496232e-01  4.65150774e-01
  3.33200365e-01  1.27273887e-01  9.12838519e-01 -1.40352994e-01
 -2.76168674e-01 -5.63478529e-01  1.85518518e-01  6.18515849e-01
  9.07797396e-01  5.58707714e-01  6.54310524e-01 -9.68789756e-01
 -6.15588129e-02 -2.76184026e-02  2.73121327e-01 -3.54086995e-01
  4.74624962e-01  1.37339443e-01 -3.33838254e-01 -4.54894483e-01
 -4.43201482e-01  4.87415552e-01  6.92939878e-01  7.76845098e-01
  2.34562084e-01 -1.71094164e-01  6.52617574e-01 -7.15576172e-01
 -3.63845557e-01  1.07632124e+00 -2.44740129e-01 -1.39437407e-01
  1.62900817e+00  1.14459256e-02  9.56065774e-01  2.93038279e-01
  3.91988426e-01  3.39301564e-02 -6.13436103e-01 -7.80028582e-01
  2.32236609e-01  1.24575007e+00 -7.12414160e-02  6.11095548e-01
  4.77192504e-03 -1.05789937e-01  2.36828491e-01  5.28803527e-01
  4.67312008e-01 -1.94977492e-01 -9.55596268e-01 -6.81563795e-01
  4.23343569e-01 -2.96947718e-01 -3.69488955e-01 -2.89484084e-01
 -4.30452943e-01 -1.37250312e-02  2.62498766e-01 -5.61480105e-01
  5.62621891e-01 -4.18706477e-01 -8.56468499e-01  5.93134239e-02
 -1.00340411e-01 -7.35716164e-01  1.38378620e-01 -6.84343696e-01
  2.17011675e-01 -4.22011822e-01 -4.02174950e-01 -2.10074112e-01
 -6.50949299e-01  8.00443947e-01 -1.05892392e-02 -5.88889062e-01
 -3.27951312e-02 -9.57627073e-02 -4.11157161e-01  1.26788989e-01
 -4.45752770e-01 -3.34704220e-01 -6.30857348e-01  7.39717126e-01
  3.73316854e-01  1.94936663e-01  8.15797508e-01  7.57897347e-02
  2.51457661e-01  7.87429273e-01 -5.90912402e-02  8.01935017e-01
 -5.09869382e-02 -3.16675752e-01 -8.06985676e-01  3.75884295e-01
 -1.02298295e+00  2.55849570e-01  2.58157365e-02  1.62940547e-01
  3.08816880e-01 -8.00899506e-01  1.81837904e+00 -6.99088693e-01
 -2.37569124e-01 -3.24667641e-03 -4.07583922e-01 -2.53018081e-01
  1.05101004e-01  7.78838634e-01  7.80924141e-01  3.96106571e-01
  4.07956630e-01 -2.10249022e-01  4.17130977e-01 -3.68258469e-02
  2.39590809e-01 -1.32325947e-01 -1.05014598e+00 -3.78439307e-01
  1.21962957e-01  9.12429273e-01 -5.16304731e-01 -4.10982370e-01
  1.13879271e-01 -7.30947316e-01 -1.19410682e+00 -8.46092477e-02
 -4.51732308e-01  3.39796931e-01  1.79029241e-01 -3.18569988e-01
 -4.01548207e-01  1.05452193e-02 -9.81033444e-02  2.65956130e-02
 -1.16055489e+00 -2.66568363e-01 -4.17371392e-01 -2.27321759e-01
 -7.98538566e-01 -2.68420726e-01 -7.56898522e-02 -1.46671772e+00
 -3.53073359e-01  7.68439353e-01  5.23869157e-01 -1.45392466e+00
 -7.55149201e-02 -2.53495097e-01 -6.51691973e-01  1.01998317e+00
  1.75246254e-01  2.19446480e-01 -8.75575662e-01  6.49622753e-02
 -2.21772552e-01  6.31361604e-01  1.11363959e+00  8.29166234e-01
 -9.94006217e-01  5.85105002e-01  1.62860320e-03  6.57095253e-01
 -6.60761952e-01  4.83092368e-01  2.10053355e-01  1.93984300e-01
  1.08389914e+00 -2.88248777e-01  2.90296733e-01  6.75145447e-01
  6.10232018e-02 -5.08173525e-01 -1.05302072e+00  4.84012961e-01
 -1.34737328e-01 -1.63434446e-01 -1.95996463e-01 -1.06526923e+00
 -8.11576009e-01 -3.66595089e-01 -1.52673945e-02 -1.13481522e-01
  6.21918961e-02  6.84323311e-02 -7.70469382e-02 -6.34581506e-01
  2.21770406e-01  7.27311909e-01 -3.06834489e-01  1.09503961e+00
 -6.35234714e-02  7.48488754e-02  3.62029821e-01 -1.14483583e+00
  3.36602688e-01 -3.94898474e-01 -4.43032160e-02 -2.25445300e-01
 -9.30737793e-01  4.10731554e-01  3.46095145e-01 -8.76426399e-01
 -7.85481334e-01 -9.14595544e-01 -4.12273765e-01  5.75143516e-01
 -7.46130526e-01  4.76899326e-01 -7.44161129e-01 -6.33583188e-01
 -7.63390839e-01 -8.95849407e-01 -5.26674464e-02  3.77323836e-01
  6.89602196e-02  8.11982453e-01 -1.31613028e+00  7.27658644e-02
 -1.96165428e-01  6.04341328e-01  2.99889833e-01 -1.47399947e-01
  2.67245054e-01  6.23204529e-01  1.50411510e+00  6.07940815e-02
  2.72842020e-01  4.67290968e-01 -6.77232504e-01  5.37263155e-01
 -2.76431590e-01  6.60036445e-01 -5.24141677e-02  3.49252112e-02
  1.12972081e-01  2.25270927e-01 -1.09064952e-01  3.46314520e-01
  7.54533410e-01  7.83834755e-01 -4.25179332e-01  5.52726567e-01
 -1.95189342e-01 -5.99463761e-01 -3.58343661e-01 -2.30281323e-01
  2.36615911e-01  4.99656409e-01  1.68579209e+00 -1.51982561e-01
 -5.63962042e-01 -1.29549968e+00 -2.81212598e-01 -2.55549937e-01
  4.69508678e-01  1.41729280e-01 -5.26430964e-01  2.20184013e-01
 -2.16536090e-01 -9.31372881e-01 -9.69826996e-01  4.32354122e-01
 -1.06032109e+00 -5.03427327e-01 -8.87604475e-01  4.38566148e-01
  1.47396326e+00 -1.03932881e+00  6.63527369e-01 -9.93533015e-01
  1.08747959e+00 -9.77717102e-01 -1.65758193e-01 -4.72277105e-02
  1.20034409e+00  2.41741404e-01  3.70389432e-01 -1.49647415e+00
  6.98196530e-01 -5.78175962e-01  4.05572444e-01 -6.85069382e-01
  1.34073234e+00 -3.75742733e-01 -1.80194214e-01  3.50243032e-01]","[ 2.73681909e-01  1.66004568e-01 -7.44565070e-01 -1.47705269e+00
 -1.09840822e+00 -1.53690919e-01 -1.29248112e-01  2.95904994e-01
 -9.16356027e-01  1.40345776e+00  1.00063539e+00 -6.83065832e-01
  1.30242276e+00 -2.33746576e+00 -9.75994170e-01 -7.89787889e-01
 -1.79506803e+00 -1.28128958e+00  2.09810168e-01  1.29709288e-01
  4.47607398e-01 -6.85392797e-01  7.80511856e-01  1.21133173e+00
 -3.64384532e-01  1.07354224e+00  2.32574058e+00 -1.55821651e-01
 -2.85600513e-01  3.01326066e-01 -6.34632647e-01  1.65162787e-01
  2.81757385e-01 -3.74723703e-01 -2.95077354e-01  7.01536298e-01
 -2.88844388e-02  2.32678980e-01  2.16173112e-01  5.24862707e-01
 -7.30150580e-01 -4.09290910e-01  1.78005755e+00  1.10312033e+00
 -5.30989515e-03  1.62341702e+00  1.30315197e+00 -9.47976291e-01
  1.85765088e-01  1.49317771e-01 -2.13005602e-01 -6.93675578e-01
 -4.48695384e-03 -4.57031608e-01 -9.96706784e-01 -1.11750238e-01
  4.97595131e-01  4.26965803e-01 -1.49265635e+00  2.89656907e-01
 -2.73807108e-01  8.54427159e-01  1.49728537e+00  9.41296890e-02
 -1.70012251e-01  1.05805194e+00  2.47816041e-01  8.55847076e-02
 -2.41706241e-02  3.27099591e-01 -2.99327344e-01 -2.87228137e-01
 -5.82702875e-01 -5.94702363e-01 -1.03217173e+00 -8.13124239e-01
 -5.35450697e-01 -1.03322685e+00  6.12907767e-01  1.13398790e+00
 -7.18036070e-02  1.90137476e-01  6.24559581e-01  4.69076455e-01
  6.27078772e-01  3.44742835e-01 -3.45153689e-01  1.32870555e+00
 -1.61258459e-01 -1.77030429e-01 -1.69568908e+00  1.72073066e-01
  1.15088892e+00  2.67995209e-01 -1.30087376e-01 -2.35246912e-01
 -9.75930631e-01 -2.02227771e-01  8.58478367e-01  6.41340375e-01
 -3.02943230e-01  1.06876230e+00 -6.70137048e-01  1.55068052e+00
  1.39273751e+00 -1.45554578e+00  8.48026991e-01 -9.02008832e-01
 -3.14056218e-01 -8.90919007e-03  1.89570412e-02  6.20763719e-01
  5.67845762e-01  6.88580513e-01  3.47115725e-01  9.87522900e-01
  1.26554236e-01  9.42884982e-01 -9.06472266e-01  4.57331955e-01
  5.71125150e-02  1.78218889e+00 -1.16092294e-01 -9.70406473e-01
  2.32247129e-01 -1.08961582e-01  4.84424561e-01 -1.63584903e-01
 -2.28719175e-01 -3.77911866e-01  1.91282615e-01 -4.40858275e-01
  4.58004832e-01  2.03468651e-01 -7.51598001e-01  7.42124140e-01
  2.11840153e-01 -1.47817540e+00 -5.86319506e-01 -7.08758950e-01
 -5.41633785e-01  5.09984553e-01  3.28427345e-01 -5.58312654e-01
 -3.01396579e-01  4.69190210e-01  4.12009209e-01  4.86853629e-01
  8.65669027e-02 -4.84711647e-01 -1.38688656e-02 -9.07068998e-02
  7.71938503e-01 -4.51887012e-01 -2.65402257e-01  3.44309598e-01
  8.11073661e-01 -7.00493395e-01 -3.49895090e-01  4.73346151e-02
  9.45539415e-01  3.90116870e-01 -1.22340433e-02  9.33209777e-01
  5.38321495e-01  2.30738390e-02  4.50798392e-01  5.45543730e-01
  6.47279382e-01  1.34209245e-01 -6.69469893e-01 -5.51479518e-01
 -9.10929501e-01  8.97117376e-01  7.78002381e-01  7.29684412e-01
 -4.76152264e-03 -2.28286073e-01 -1.80614281e+00 -2.43098214e-01
 -4.10343200e-01  1.65494692e+00 -1.41513258e-01  4.32345904e-02
  2.63454169e-01 -4.78654593e-01  6.30516946e-01  1.35365450e+00
  1.63908258e-01  1.05160549e-01  6.00636341e-02  3.30597907e-01
 -1.11334272e-01  8.60361159e-01 -1.12372410e+00 -1.36552715e+00
 -9.46494460e-01 -6.26207352e-01 -5.15764892e-01  5.79680920e-01
  4.80724514e-01 -1.80933341e-01  8.24896619e-02 -9.76777613e-01
 -5.42914391e-01 -7.89315462e-01  8.83481205e-01  1.10133314e+00
  2.32755274e-01  8.09302405e-02 -7.54249543e-02 -1.47234833e+00
  7.46453345e-01 -1.42875111e+00  4.53871906e-01  1.72359610e+00
 -4.06082766e-03  1.19332123e+00 -8.32867801e-01  6.88086867e-01
  1.37741864e-01  7.88703918e-01  2.78975209e-03 -7.97479689e-01
 -4.38524857e-02  1.13093853e-01 -3.82264405e-01  1.38396609e+00
  6.05312407e-01  1.89717621e-01 -1.87994957e-01  3.21862578e+00
  1.55959547e+00 -5.84481001e-01  1.94749379e+00  5.90261579e-01
 -4.26900893e-01 -1.12351143e+00 -8.85746777e-02 -1.66987240e-01
 -9.51994538e-01  9.89240885e-01 -1.71200693e-01  1.32246166e-01
  5.89776099e-01 -1.25525105e+00  1.01031929e-01 -5.00966609e-01
  1.41644366e-02 -1.63523331e-01  4.52505380e-01  1.33390218e-01
 -6.45448789e-02  3.77991378e-01 -9.04772580e-01 -5.44584334e-01
 -3.49354029e-01 -1.97096571e-01  1.93875515e+00  1.68814957e-01
 -2.22165152e-01  4.48715463e-02 -7.38904104e-02  1.40951602e-02
  1.02817461e-01  1.50721657e+00 -1.24952972e+00  6.83633089e-01
 -4.31086749e-01 -9.22964275e-01 -1.24245316e-01 -4.44169819e-01
  6.44836053e-02  1.13626456e+00  1.71797186e-01  1.07042398e-02
  2.86911428e-01  5.32820761e-01 -3.44686478e-01 -1.07940471e+00
  1.37402907e-01 -1.80691803e+00  1.57622218e+00  8.19589794e-01
 -6.37324572e-01 -1.95334256e-01 -8.80328774e-01  7.41711080e-01
  4.09598909e-02  8.34153175e-01 -4.57031339e-01  2.83941716e-01
  1.10020137e+00 -3.37292314e-01  6.80264905e-02 -1.90589011e-01
  4.87536073e-01 -1.26242483e+00 -5.79993546e-01 -4.71906066e-01
 -5.36747038e-01 -3.78981888e-01 -1.34510770e-01 -4.72808868e-01
  9.65812728e-02 -2.18814477e-01  1.01008964e+00  5.89304030e-01
  5.38034260e-01  8.42455402e-02 -1.40532881e-01  7.70158917e-02
 -7.12736309e-01  3.12387049e-01  7.75598586e-01 -1.94695726e-01
  2.33821779e-01 -2.17562497e-01 -7.44840980e-01  5.53765059e-01
  8.96856844e-01  5.78018725e-01  6.23112261e-01 -5.88956356e-01
  1.32804468e-01  7.09370058e-03  2.32104346e-01  4.71894622e-01
  1.46003708e-01 -2.01706111e-01  1.21953443e-01 -2.07336560e-01
 -7.48902500e-01 -1.27280247e+00  4.56761748e-01  1.68301880e+00
 -1.00462787e-01 -3.45182627e-01  1.17211230e-01 -1.85488552e-01
 -1.44460499e+00  3.66658300e-01 -7.31594324e-01 -8.15469101e-02
  8.85279655e-01  2.86490023e-02  5.78202724e-01  1.48835093e-01
  6.08137071e-01  1.35164604e-01 -5.97466230e-01 -1.76421344e+00
 -3.54768366e-01  2.15320006e-01 -7.04477549e-01  2.93117404e-01
 -6.49666369e-01  2.69496471e-01  1.15424120e+00 -1.98677883e-01
  7.46418774e-01  4.54378814e-01 -1.85189176e+00  3.57578620e-02
  2.35214412e-01 -4.34334457e-01 -1.24479449e+00 -4.68029976e-01
 -1.04268217e+00  4.54844862e-01  7.26285696e-01 -1.08133495e+00
  1.99147046e-01 -2.84403861e-02 -1.07138276e+00 -3.95400703e-01
  6.98548928e-02 -8.70623410e-01  1.54038906e-01 -5.60017645e-01
 -3.75669263e-02 -7.81353354e-01 -7.31090486e-01 -3.41077209e-01
 -4.64152217e-01  6.60407245e-01  2.21335888e-01 -2.39996284e-01
 -6.66767597e-01  2.04499543e-01 -9.10416782e-01 -2.94663727e-01
 -1.17032087e+00  1.64180085e-01 -8.27566922e-01  6.99705660e-01
  1.33685246e-01  1.41605005e-01  3.46421391e-01  1.11059928e+00
  2.52072841e-01  1.55291784e+00  2.43351758e-01  1.04081237e+00
 -2.76770592e-01 -1.19162232e-01 -4.60011601e-01  1.34364569e+00
 -9.52273130e-01  4.80686158e-01  4.06600356e-01  2.80897468e-01
  9.98292208e-01 -1.31541288e+00  9.41959441e-01  2.02116687e-02
  3.70601773e-01 -1.12893559e-01  4.61780250e-01 -2.28449151e-01
  5.85418820e-01  3.94479007e-01  4.59744960e-01  6.36963010e-01
 -1.59505323e-01  1.00677061e+00  9.86175179e-01 -6.47877678e-02
  1.49050981e-01 -5.52432239e-01 -1.06719267e+00 -7.53977180e-01
 -7.81509995e-01  1.15565598e+00 -7.30940580e-01 -1.53717887e+00
  5.50783157e-01 -9.11858559e-01 -8.98802519e-01  5.36069512e-01
 -1.07712102e+00  3.14948589e-01 -8.60910773e-01 -9.96511221e-01
 -2.39814848e-01 -4.29458141e-01  6.79418385e-01  9.86803651e-01
 -1.04657805e+00  9.67387035e-02  2.55706422e-02  6.05388701e-01
 -6.60483122e-01 -2.04639211e-01  4.15904880e-01 -1.35647511e+00
 -9.27955091e-01 -5.36052465e-01  7.45387852e-01 -2.18400240e+00
  7.69201517e-01  3.20852995e-01 -1.20287740e+00  8.35670292e-01
  2.94883221e-01  2.71465987e-01 -7.08536088e-01 -1.06249952e+00
 -1.07689381e+00  7.60423899e-01 -1.21171467e-01  5.39052308e-01
  2.40152165e-01  9.79230523e-01  1.66857615e-01  6.06723279e-02
  1.80916563e-01 -7.60552645e-01 -3.01277459e-01 -4.17362712e-02
  1.74062574e+00 -1.36267334e-01 -3.31193469e-02 -2.82620676e-02
 -2.71528989e-01 -1.73435509e-01 -1.85956001e-01 -6.15883954e-02
  4.15342361e-01 -1.33295789e-01 -9.73394573e-01 -1.42296922e+00
  1.11226980e-02 -6.48887813e-01 -5.59289455e-02 -9.34372365e-01
 -3.20469499e-01  1.71822205e-01 -3.72805476e-01 -1.12383872e-01
 -1.82882831e-01  7.76977718e-01 -4.01029468e-01  4.71335590e-01
  6.27876967e-02  1.55258179e-02  9.98044372e-01 -2.24709749e+00
 -1.66378126e-01  4.33711410e-01 -3.36138129e-01 -6.40719175e-01
 -3.67246747e-01 -7.96032310e-01  6.48426056e-01 -9.42266643e-01
 -1.04082751e+00  7.30441930e-03 -3.89569491e-01  1.47294855e+00
 -7.89180517e-01 -4.36671704e-01 -5.43994963e-01 -5.21494597e-02
 -1.26271176e+00 -7.26314485e-01 -1.92389399e-01  5.17222643e-01
  6.87981725e-01  5.96668839e-01 -1.68401611e+00  5.07986784e-01
 -2.20345091e-02 -4.52393144e-01  1.23454340e-01  7.45882928e-01
  3.60483646e-01  7.12965071e-01  1.17536747e+00  4.84972596e-01
  8.31876397e-01  1.12832159e-01 -5.01047611e-01  1.13193977e+00
 -2.07402274e-01  6.30153298e-01 -7.69594014e-02 -2.62613058e-01
  5.37480652e-01  7.01635540e-01 -3.63881975e-01  6.86224580e-01
  1.05129576e+00  8.88192594e-01 -8.48925829e-01 -8.82286578e-02
  5.01420915e-01 -2.86752075e-01 -3.25413257e-01 -2.72722095e-01
 -4.60710317e-01  1.91521466e+00  1.54720652e+00  1.39547616e-01
 -1.23197943e-01 -1.62960351e+00 -3.06767553e-01 -1.03407121e+00
 -9.68941152e-02 -1.37072957e+00  2.17509329e-01  3.37919682e-01
 -8.65780339e-02 -8.87138367e-01 -5.31756341e-01  6.07614458e-01
 -1.52500010e+00 -6.54680490e-01 -1.09921885e+00  3.09683889e-01
  9.32154894e-01 -7.96648264e-01  1.09819002e-01 -9.36193824e-01
  1.27858591e+00 -1.13009691e-01 -1.56532098e-02 -1.94033533e-01
  8.13754141e-01  7.27848411e-01  1.37440950e-01 -1.28356433e+00
  5.93122900e-01 -4.10506845e-01  6.62912726e-01  2.60262042e-01
  4.77744848e-01 -7.30178475e-01 -3.93511020e-02  5.23803949e-01]",0
2,[*]C(C)(C[*])C(=O)[O-],[*]CC[N+][*],2650,38080,8.5,1250,50,0.0,1,2,9,14.369811320754716,1,0,0,10.243472222222222,10.243472222222222,0.0532407407407407,-0.7986111111111109,0.4502538575862794,23.5,85.082,80.04199999999999,85.02950297991,34.0,2.5,3.0,3.0,1.6668127273868607,3.9084966379068455,100.21143267166842,6.784457050376174,3.5236033621142737,3.5236033621142737,3.504035844753885,1.5118016810571369,1.5118016810571369,1.0677875644551755,1.0677875644551755,0.348461712529338,0.348461712529338,0.0,0.0,-0.53,38.3366927298978,2.610921480426842,0.600159264681777,0.2950914053210928,36.78983322325914,35.63575031240701,9.901064578912528,5.969305287951849,19.76538044554264,0.0,0.0,5.106527394840706,5.969305287951849,4.794537184071822,6.923737199690624,0.0,12.841643245852016,40.13,5.969305287951849,9.901064578912528,5.917906046161393,6.923737199690624,0.0,0.0,6.923737199690624,0.0,0.2098148148148149,10.243472222222222,10.243472222222222,0.0,-1.0902777777777777,0.0,0.0,2.810185185185185,0.0,0.75,6.0,2.0,0.0,0.0,2.0,4.0,2.0,0.0,-0.5682,18.181,1.0,0.0,1.0,1.0,1.0,1.0,0.0,0.0,0.0,0.0,4.166666666666666,4.166666666666666,0.4131944444444444,0.4131944444444444,0.4134068917016045,14.666666666666666,42.06099999999999,38.029,42.03382554808999,16.0,2.0,2.6666666666666665,3.6666666666666665,3.6666666666666665,1.4056390622295665,2.19060968716425,15.119415478763749,4.121320343559642,1.8614271578730528,1.8614271578730528,2.414213562373095,0.8162277660168378,0.8162277660168378,0.2236067977499789,0.2236067977499789,0.0,0.0,0.0,0.0,-0.04,11.245112497836532,0.72512600755025,0.2061650840029218,0.0008163265306122,20.444083839238875,19.202161082765382,0.0,0.0,5.733667477162185,0.0,6.923737199690624,6.544756405912575,0.0,5.733667477162185,6.544756405912575,0.0,0.0,0.0,0.0,6.923737199690624,14.1,0.0,0.0,0.0,0.0,13.4684936056032,0.0,0.0,5.733667477162185,1.1076388888888888,0.0,0.0,4.166666666666666,0.0,0.0,0.0,2.7256944444444446,0.0,1.0,3.0,1.0,0.0,0.0,0.0,3.0,2.0,0.0,0.0226999999999999,11.808000000000002,0.0,0.0,0.0,0.0,0.0,0.0,1.0,0.0,0.0,0.0,0.0,0.0,[*]CC([*])(C)C(=O)[O-],[*]C[N+]C[*],"[ 7.49274790e-01  3.35424781e-01  4.55891341e-01 -1.09221423e+00
 -6.25216782e-01  3.14305499e-02 -1.89206481e-01 -9.25612390e-01
 -2.35249296e-01  1.36610961e+00  8.83861855e-02 -7.13659585e-01
  8.14221084e-01 -6.92512333e-01 -5.14061689e-01 -1.33080852e+00
 -1.47874510e+00 -1.03471792e+00 -6.12177968e-01  2.09805042e-01
  5.51994801e-01 -3.05551559e-01  4.35497522e-01  7.36454964e-01
 -6.94340706e-01  1.29001057e+00  2.37998891e+00 -4.05347496e-01
 -6.00476742e-01  7.56517649e-01 -2.95091867e-01 -4.40703213e-01
 -2.38245353e-01 -1.06833398e+00  5.43902814e-01  2.87487179e-01
  1.05013542e-01  7.71469295e-01  2.95419157e-01  2.99429774e-01
 -1.54818922e-01  9.55972448e-02  1.18825090e+00  1.62336457e+00
  2.11596087e-01  1.97126698e+00  7.42778480e-01  1.40871525e-01
 -2.52242148e-01 -5.88141322e-01 -8.30902278e-01 -5.11340201e-02
 -4.66348320e-01 -3.61824811e-01 -5.98171353e-01 -3.63103032e-01
  2.47532055e-01  5.11704028e-01 -7.26159394e-01  1.30475163e-01
 -9.32137072e-01  1.43789789e-02  4.87203658e-01 -6.09903224e-02
 -5.22938311e-01 -2.59041160e-01 -3.10223382e-02  1.33649796e-01
 -4.49149907e-01 -9.90190208e-01 -4.37130392e-01 -8.20998698e-02
 -1.41018599e-01  2.47300267e-01 -1.07266307e+00 -3.37361068e-01
 -3.82067502e-01 -3.48674297e-01  2.41132863e-02 -3.69367570e-01
  4.26380429e-03 -3.68784666e-01  2.93142378e-01  3.39492798e-01
  1.76544249e-01  7.48980865e-02  3.78351748e-01  1.43084496e-01
 -7.50767514e-02  6.98696852e-01 -1.23164153e+00  1.54972628e-01
  1.30712831e+00  4.13169146e-01 -7.62161970e-01  6.20638654e-02
  6.53732941e-02  3.98433149e-01  3.35860610e-01  2.57231444e-01
  5.09362817e-01  2.24197790e-01 -1.09119499e+00  9.36800539e-01
  7.53451943e-01 -1.23084819e+00  9.08430457e-01 -8.67207110e-01
 -4.80619073e-01  4.63999063e-01 -5.08662164e-01  2.84325276e-02
  8.96979451e-01  2.75238305e-01  6.04319394e-01  7.04479277e-01
 -1.92388758e-01  5.88916123e-01 -1.65896252e-01  1.25128731e-01
 -5.41119277e-01  5.95371544e-01 -4.40301627e-01 -9.53436732e-01
 -8.70644271e-01 -7.01563358e-02  5.19006014e-01 -8.48310441e-02
 -4.53820378e-01 -7.63373524e-02 -2.50903994e-01  1.05273589e-01
 -7.83522904e-04 -5.48577607e-01 -1.58988476e+00  4.16692108e-01
  4.86379087e-01 -6.73893452e-01 -2.14246154e-01 -8.94058764e-01
 -1.69562221e-01  1.62465900e-01  4.72447537e-02 -9.45844769e-01
  3.12819541e-01  4.59828615e-01  1.81325778e-01  5.45694053e-01
  5.22985049e-02 -2.90770084e-01  1.11780930e+00 -6.53702319e-01
  8.88752520e-01 -5.18661022e-01  2.26448655e-01  4.19900529e-02
  2.09506735e-01 -9.99619067e-01 -5.97911179e-01  2.40267485e-01
  3.84019047e-01  1.01165771e-01 -1.29132763e-01  1.37262657e-01
  2.43125573e-01  6.61093593e-02  7.34124482e-01  6.55801445e-02
  8.67221475e-01  1.02447104e+00  1.94548965e-01  4.92215395e-01
  2.58256465e-01  7.06858218e-01  4.08109426e-01  1.43596029e+00
 -2.34669849e-01 -2.20608890e-01 -9.00353014e-01 -1.68292020e-02
 -5.18259466e-01  9.73584116e-01  6.35090172e-01 -3.21039736e-01
  1.96893781e-01  1.36441048e-02  5.94366267e-02  6.31835938e-01
 -6.74691439e-01  2.92127788e-01 -1.58445194e-01  4.75977540e-01
 -1.05258442e-01 -2.61095129e-02 -3.47841859e-01 -1.38431609e+00
  2.30988905e-01  2.42584631e-01  2.42318988e-01  8.21007431e-01
  3.47805738e-01 -5.93114078e-01  6.15051806e-01 -1.13383365e+00
 -1.02469993e+00 -2.10129380e-01  5.13058305e-01 -4.32122946e-02
 -8.96828771e-01 -5.06239772e-01  2.97274590e-02 -1.87300277e+00
  9.58072007e-01 -7.87090957e-01 -5.90321839e-01  1.57090092e+00
 -1.52412921e-01  1.07509518e+00 -2.78278589e-01  6.61327541e-01
 -4.37102556e-01  6.07341051e-01  1.74592510e-01 -8.32812190e-01
  7.96080351e-01 -5.79209208e-01 -2.50138134e-01  8.92362118e-01
 -2.45963167e-02 -1.42872378e-01 -1.42276669e+00  1.69364798e+00
  6.29426658e-01 -5.70318513e-02  1.35555339e+00  7.65864253e-01
  4.97816533e-01  1.59259066e-02 -5.13777614e-01 -9.02717590e-01
 -1.13018739e+00  3.83352101e-01 -4.77341488e-02 -3.79710466e-01
 -4.47504103e-01 -1.09895110e+00 -3.86139631e-01  1.03090264e-01
  8.51628721e-01  2.24349573e-01 -3.13555300e-02  1.22573696e-01
  4.94108871e-02  6.98103666e-01  3.02277476e-01  1.66599587e-01
 -3.08436722e-01 -4.66002375e-01  1.62361014e+00 -2.62132585e-01
  5.79887815e-02 -6.79709196e-01  4.46500778e-01 -7.97002465e-02
 -8.20023119e-02  1.22393526e-01 -2.83097059e-01  4.32255983e-01
 -1.04199953e-01 -1.23305070e+00 -3.06826502e-01  3.86385806e-02
 -5.26868701e-01  2.08499730e-01 -1.37608588e-01 -2.77598381e-01
  1.16459966e+00  3.82706597e-02 -1.96235068e-02 -8.02532017e-01
  5.66025376e-01 -4.30100381e-01  1.32197094e+00  6.55819237e-01
 -1.05254024e-01 -6.85315967e-01  2.16215566e-01  5.93630016e-01
  2.85155267e-01  3.85740906e-01 -5.23835123e-01  3.65415752e-01
  1.48793125e+00 -3.41312021e-01  8.37343931e-02  3.88410576e-02
  1.16101551e+00 -8.25121999e-01  2.77617723e-02  7.33939037e-02
 -4.48615134e-01 -3.60707045e-01  2.16005355e-01 -1.82437807e-01
  2.44415596e-01 -5.28269887e-01  8.22483182e-01 -5.70847653e-02
  8.29918385e-01 -1.71355367e-01 -1.51496232e-01  4.65150774e-01
  3.33200365e-01  1.27273887e-01  9.12838519e-01 -1.40352994e-01
 -2.76168674e-01 -5.63478529e-01  1.85518518e-01  6.18515849e-01
  9.07797396e-01  5.58707714e-01  6.54310524e-01 -9.68789756e-01
 -6.15588129e-02 -2.76184026e-02  2.73121327e-01 -3.54086995e-01
  4.74624962e-01  1.37339443e-01 -3.33838254e-01 -4.54894483e-01
 -4.43201482e-01  4.87415552e-01  6.92939878e-01  7.76845098e-01
  2.34562084e-01 -1.71094164e-01  6.52617574e-01 -7.15576172e-01
 -3.63845557e-01  1.07632124e+00 -2.44740129e-01 -1.39437407e-01
  1.62900817e+00  1.14459256e-02  9.56065774e-01  2.93038279e-01
  3.91988426e-01  3.39301564e-02 -6.13436103e-01 -7.80028582e-01
  2.32236609e-01  1.24575007e+00 -7.12414160e-02  6.11095548e-01
  4.77192504e-03 -1.05789937e-01  2.36828491e-01  5.28803527e-01
  4.67312008e-01 -1.94977492e-01 -9.55596268e-01 -6.81563795e-01
  4.23343569e-01 -2.96947718e-01 -3.69488955e-01 -2.89484084e-01
 -4.30452943e-01 -1.37250312e-02  2.62498766e-01 -5.61480105e-01
  5.62621891e-01 -4.18706477e-01 -8.56468499e-01  5.93134239e-02
 -1.00340411e-01 -7.35716164e-01  1.38378620e-01 -6.84343696e-01
  2.17011675e-01 -4.22011822e-01 -4.02174950e-01 -2.10074112e-01
 -6.50949299e-01  8.00443947e-01 -1.05892392e-02 -5.88889062e-01
 -3.27951312e-02 -9.57627073e-02 -4.11157161e-01  1.26788989e-01
 -4.45752770e-01 -3.34704220e-01 -6.30857348e-01  7.39717126e-01
  3.73316854e-01  1.94936663e-01  8.15797508e-01  7.57897347e-02
  2.51457661e-01  7.87429273e-01 -5.90912402e-02  8.01935017e-01
 -5.09869382e-02 -3.16675752e-01 -8.06985676e-01  3.75884295e-01
 -1.02298295e+00  2.55849570e-01  2.58157365e-02  1.62940547e-01
  3.08816880e-01 -8.00899506e-01  1.81837904e+00 -6.99088693e-01
 -2.37569124e-01 -3.24667641e-03 -4.07583922e-01 -2.53018081e-01
  1.05101004e-01  7.78838634e-01  7.80924141e-01  3.96106571e-01
  4.07956630e-01 -2.10249022e-01  4.17130977e-01 -3.68258469e-02
  2.39590809e-01 -1.32325947e-01 -1.05014598e+00 -3.78439307e-01
  1.21962957e-01  9.12429273e-01 -5.16304731e-01 -4.10982370e-01
  1.13879271e-01 -7.30947316e-01 -1.19410682e+00 -8.46092477e-02
 -4.51732308e-01  3.39796931e-01  1.79029241e-01 -3.18569988e-01
 -4.01548207e-01  1.05452193e-02 -9.81033444e-02  2.65956130e-02
 -1.16055489e+00 -2.66568363e-01 -4.17371392e-01 -2.27321759e-01
 -7.98538566e-01 -2.68420726e-01 -7.56898522e-02 -1.46671772e+00
 -3.53073359e-01  7.68439353e-01  5.23869157e-01 -1.45392466e+00
 -7.55149201e-02 -2.53495097e-01 -6.51691973e-01  1.01998317e+00
  1.75246254e-01  2.19446480e-01 -8.75575662e-01  6.49622753e-02
 -2.21772552e-01  6.31361604e-01  1.11363959e+00  8.29166234e-01
 -9.94006217e-01  5.85105002e-01  1.62860320e-03  6.57095253e-01
 -6.60761952e-01  4.83092368e-01  2.10053355e-01  1.93984300e-01
  1.08389914e+00 -2.88248777e-01  2.90296733e-01  6.75145447e-01
  6.10232018e-02 -5.08173525e-01 -1.05302072e+00  4.84012961e-01
 -1.34737328e-01 -1.63434446e-01 -1.95996463e-01 -1.06526923e+00
 -8.11576009e-01 -3.66595089e-01 -1.52673945e-02 -1.13481522e-01
  6.21918961e-02  6.84323311e-02 -7.70469382e-02 -6.34581506e-01
  2.21770406e-01  7.27311909e-01 -3.06834489e-01  1.09503961e+00
 -6.35234714e-02  7.48488754e-02  3.62029821e-01 -1.14483583e+00
  3.36602688e-01 -3.94898474e-01 -4.43032160e-02 -2.25445300e-01
 -9.30737793e-01  4.10731554e-01  3.46095145e-01 -8.76426399e-01
 -7.85481334e-01 -9.14595544e-01 -4.12273765e-01  5.75143516e-01
 -7.46130526e-01  4.76899326e-01 -7.44161129e-01 -6.33583188e-01
 -7.63390839e-01 -8.95849407e-01 -5.26674464e-02  3.77323836e-01
  6.89602196e-02  8.11982453e-01 -1.31613028e+00  7.27658644e-02
 -1.96165428e-01  6.04341328e-01  2.99889833e-01 -1.47399947e-01
  2.67245054e-01  6.23204529e-01  1.50411510e+00  6.07940815e-02
  2.72842020e-01  4.67290968e-01 -6.77232504e-01  5.37263155e-01
 -2.76431590e-01  6.60036445e-01 -5.24141677e-02  3.49252112e-02
  1.12972081e-01  2.25270927e-01 -1.09064952e-01  3.46314520e-01
  7.54533410e-01  7.83834755e-01 -4.25179332e-01  5.52726567e-01
 -1.95189342e-01 -5.99463761e-01 -3.58343661e-01 -2.30281323e-01
  2.36615911e-01  4.99656409e-01  1.68579209e+00 -1.51982561e-01
 -5.63962042e-01 -1.29549968e+00 -2.81212598e-01 -2.55549937e-01
  4.69508678e-01  1.41729280e-01 -5.26430964e-01  2.20184013e-01
 -2.16536090e-01 -9.31372881e-01 -9.69826996e-01  4.32354122e-01
 -1.06032109e+00 -5.03427327e-01 -8.87604475e-01  4.38566148e-01
  1.47396326e+00 -1.03932881e+00  6.63527369e-01 -9.93533015e-01
  1.08747959e+00 -9.77717102e-01 -1.65758193e-01 -4.72277105e-02
  1.20034409e+00  2.41741404e-01  3.70389432e-01 -1.49647415e+00
  6.98196530e-01 -5.78175962e-01  4.05572444e-01 -6.85069382e-01
  1.34073234e+00 -3.75742733e-01 -1.80194214e-01  3.50243032e-01]","[ 2.73681909e-01  1.66004568e-01 -7.44565070e-01 -1.47705269e+00
 -1.09840822e+00 -1.53690919e-01 -1.29248112e-01  2.95904994e-01
 -9.16356027e-01  1.40345776e+00  1.00063539e+00 -6.83065832e-01
  1.30242276e+00 -2.33746576e+00 -9.75994170e-01 -7.89787889e-01
 -1.79506803e+00 -1.28128958e+00  2.09810168e-01  1.29709288e-01
  4.47607398e-01 -6.85392797e-01  7.80511856e-01  1.21133173e+00
 -3.64384532e-01  1.07354224e+00  2.32574058e+00 -1.55821651e-01
 -2.85600513e-01  3.01326066e-01 -6.34632647e-01  1.65162787e-01
  2.81757385e-01 -3.74723703e-01 -2.95077354e-01  7.01536298e-01
 -2.88844388e-02  2.32678980e-01  2.16173112e-01  5.24862707e-01
 -7.30150580e-01 -4.09290910e-01  1.78005755e+00  1.10312033e+00
 -5.30989515e-03  1.62341702e+00  1.30315197e+00 -9.47976291e-01
  1.85765088e-01  1.49317771e-01 -2.13005602e-01 -6.93675578e-01
 -4.48695384e-03 -4.57031608e-01 -9.96706784e-01 -1.11750238e-01
  4.97595131e-01  4.26965803e-01 -1.49265635e+00  2.89656907e-01
 -2.73807108e-01  8.54427159e-01  1.49728537e+00  9.41296890e-02
 -1.70012251e-01  1.05805194e+00  2.47816041e-01  8.55847076e-02
 -2.41706241e-02  3.27099591e-01 -2.99327344e-01 -2.87228137e-01
 -5.82702875e-01 -5.94702363e-01 -1.03217173e+00 -8.13124239e-01
 -5.35450697e-01 -1.03322685e+00  6.12907767e-01  1.13398790e+00
 -7.18036070e-02  1.90137476e-01  6.24559581e-01  4.69076455e-01
  6.27078772e-01  3.44742835e-01 -3.45153689e-01  1.32870555e+00
 -1.61258459e-01 -1.77030429e-01 -1.69568908e+00  1.72073066e-01
  1.15088892e+00  2.67995209e-01 -1.30087376e-01 -2.35246912e-01
 -9.75930631e-01 -2.02227771e-01  8.58478367e-01  6.41340375e-01
 -3.02943230e-01  1.06876230e+00 -6.70137048e-01  1.55068052e+00
  1.39273751e+00 -1.45554578e+00  8.48026991e-01 -9.02008832e-01
 -3.14056218e-01 -8.90919007e-03  1.89570412e-02  6.20763719e-01
  5.67845762e-01  6.88580513e-01  3.47115725e-01  9.87522900e-01
  1.26554236e-01  9.42884982e-01 -9.06472266e-01  4.57331955e-01
  5.71125150e-02  1.78218889e+00 -1.16092294e-01 -9.70406473e-01
  2.32247129e-01 -1.08961582e-01  4.84424561e-01 -1.63584903e-01
 -2.28719175e-01 -3.77911866e-01  1.91282615e-01 -4.40858275e-01
  4.58004832e-01  2.03468651e-01 -7.51598001e-01  7.42124140e-01
  2.11840153e-01 -1.47817540e+00 -5.86319506e-01 -7.08758950e-01
 -5.41633785e-01  5.09984553e-01  3.28427345e-01 -5.58312654e-01
 -3.01396579e-01  4.69190210e-01  4.12009209e-01  4.86853629e-01
  8.65669027e-02 -4.84711647e-01 -1.38688656e-02 -9.07068998e-02
  7.71938503e-01 -4.51887012e-01 -2.65402257e-01  3.44309598e-01
  8.11073661e-01 -7.00493395e-01 -3.49895090e-01  4.73346151e-02
  9.45539415e-01  3.90116870e-01 -1.22340433e-02  9.33209777e-01
  5.38321495e-01  2.30738390e-02  4.50798392e-01  5.45543730e-01
  6.47279382e-01  1.34209245e-01 -6.69469893e-01 -5.51479518e-01
 -9.10929501e-01  8.97117376e-01  7.78002381e-01  7.29684412e-01
 -4.76152264e-03 -2.28286073e-01 -1.80614281e+00 -2.43098214e-01
 -4.10343200e-01  1.65494692e+00 -1.41513258e-01  4.32345904e-02
  2.63454169e-01 -4.78654593e-01  6.30516946e-01  1.35365450e+00
  1.63908258e-01  1.05160549e-01  6.00636341e-02  3.30597907e-01
 -1.11334272e-01  8.60361159e-01 -1.12372410e+00 -1.36552715e+00
 -9.46494460e-01 -6.26207352e-01 -5.15764892e-01  5.79680920e-01
  4.80724514e-01 -1.80933341e-01  8.24896619e-02 -9.76777613e-01
 -5.42914391e-01 -7.89315462e-01  8.83481205e-01  1.10133314e+00
  2.32755274e-01  8.09302405e-02 -7.54249543e-02 -1.47234833e+00
  7.46453345e-01 -1.42875111e+00  4.53871906e-01  1.72359610e+00
 -4.06082766e-03  1.19332123e+00 -8.32867801e-01  6.88086867e-01
  1.37741864e-01  7.88703918e-01  2.78975209e-03 -7.97479689e-01
 -4.38524857e-02  1.13093853e-01 -3.82264405e-01  1.38396609e+00
  6.05312407e-01  1.89717621e-01 -1.87994957e-01  3.21862578e+00
  1.55959547e+00 -5.84481001e-01  1.94749379e+00  5.90261579e-01
 -4.26900893e-01 -1.12351143e+00 -8.85746777e-02 -1.66987240e-01
 -9.51994538e-01  9.89240885e-01 -1.71200693e-01  1.32246166e-01
  5.89776099e-01 -1.25525105e+00  1.01031929e-01 -5.00966609e-01
  1.41644366e-02 -1.63523331e-01  4.52505380e-01  1.33390218e-01
 -6.45448789e-02  3.77991378e-01 -9.04772580e-01 -5.44584334e-01
 -3.49354029e-01 -1.97096571e-01  1.93875515e+00  1.68814957e-01
 -2.22165152e-01  4.48715463e-02 -7.38904104e-02  1.40951602e-02
  1.02817461e-01  1.50721657e+00 -1.24952972e+00  6.83633089e-01
 -4.31086749e-01 -9.22964275e-01 -1.24245316e-01 -4.44169819e-01
  6.44836053e-02  1.13626456e+00  1.71797186e-01  1.07042398e-02
  2.86911428e-01  5.32820761e-01 -3.44686478e-01 -1.07940471e+00
  1.37402907e-01 -1.80691803e+00  1.57622218e+00  8.19589794e-01
 -6.37324572e-01 -1.95334256e-01 -8.80328774e-01  7.41711080e-01
  4.09598909e-02  8.34153175e-01 -4.57031339e-01  2.83941716e-01
  1.10020137e+00 -3.37292314e-01  6.80264905e-02 -1.90589011e-01
  4.87536073e-01 -1.26242483e+00 -5.79993546e-01 -4.71906066e-01
 -5.36747038e-01 -3.78981888e-01 -1.34510770e-01 -4.72808868e-01
  9.65812728e-02 -2.18814477e-01  1.01008964e+00  5.89304030e-01
  5.38034260e-01  8.42455402e-02 -1.40532881e-01  7.70158917e-02
 -7.12736309e-01  3.12387049e-01  7.75598586e-01 -1.94695726e-01
  2.33821779e-01 -2.17562497e-01 -7.44840980e-01  5.53765059e-01
  8.96856844e-01  5.78018725e-01  6.23112261e-01 -5.88956356e-01
  1.32804468e-01  7.09370058e-03  2.32104346e-01  4.71894622e-01
  1.46003708e-01 -2.01706111e-01  1.21953443e-01 -2.07336560e-01
 -7.48902500e-01 -1.27280247e+00  4.56761748e-01  1.68301880e+00
 -1.00462787e-01 -3.45182627e-01  1.17211230e-01 -1.85488552e-01
 -1.44460499e+00  3.66658300e-01 -7.31594324e-01 -8.15469101e-02
  8.85279655e-01  2.86490023e-02  5.78202724e-01  1.48835093e-01
  6.08137071e-01  1.35164604e-01 -5.97466230e-01 -1.76421344e+00
 -3.54768366e-01  2.15320006e-01 -7.04477549e-01  2.93117404e-01
 -6.49666369e-01  2.69496471e-01  1.15424120e+00 -1.98677883e-01
  7.46418774e-01  4.54378814e-01 -1.85189176e+00  3.57578620e-02
  2.35214412e-01 -4.34334457e-01 -1.24479449e+00 -4.68029976e-01
 -1.04268217e+00  4.54844862e-01  7.26285696e-01 -1.08133495e+00
  1.99147046e-01 -2.84403861e-02 -1.07138276e+00 -3.95400703e-01
  6.98548928e-02 -8.70623410e-01  1.54038906e-01 -5.60017645e-01
 -3.75669263e-02 -7.81353354e-01 -7.31090486e-01 -3.41077209e-01
 -4.64152217e-01  6.60407245e-01  2.21335888e-01 -2.39996284e-01
 -6.66767597e-01  2.04499543e-01 -9.10416782e-01 -2.94663727e-01
 -1.17032087e+00  1.64180085e-01 -8.27566922e-01  6.99705660e-01
  1.33685246e-01  1.41605005e-01  3.46421391e-01  1.11059928e+00
  2.52072841e-01  1.55291784e+00  2.43351758e-01  1.04081237e+00
 -2.76770592e-01 -1.19162232e-01 -4.60011601e-01  1.34364569e+00
 -9.52273130e-01  4.80686158e-01  4.06600356e-01  2.80897468e-01
  9.98292208e-01 -1.31541288e+00  9.41959441e-01  2.02116687e-02
  3.70601773e-01 -1.12893559e-01  4.61780250e-01 -2.28449151e-01
  5.85418820e-01  3.94479007e-01  4.59744960e-01  6.36963010e-01
 -1.59505323e-01  1.00677061e+00  9.86175179e-01 -6.47877678e-02
  1.49050981e-01 -5.52432239e-01 -1.06719267e+00 -7.53977180e-01
 -7.81509995e-01  1.15565598e+00 -7.30940580e-01 -1.53717887e+00
  5.50783157e-01 -9.11858559e-01 -8.98802519e-01  5.36069512e-01
 -1.07712102e+00  3.14948589e-01 -8.60910773e-01 -9.96511221e-01
 -2.39814848e-01 -4.29458141e-01  6.79418385e-01  9.86803651e-01
 -1.04657805e+00  9.67387035e-02  2.55706422e-02  6.05388701e-01
 -6.60483122e-01 -2.04639211e-01  4.15904880e-01 -1.35647511e+00
 -9.27955091e-01 -5.36052465e-01  7.45387852e-01 -2.18400240e+00
  7.69201517e-01  3.20852995e-01 -1.20287740e+00  8.35670292e-01
  2.94883221e-01  2.71465987e-01 -7.08536088e-01 -1.06249952e+00
 -1.07689381e+00  7.60423899e-01 -1.21171467e-01  5.39052308e-01
  2.40152165e-01  9.79230523e-01  1.66857615e-01  6.06723279e-02
  1.80916563e-01 -7.60552645e-01 -3.01277459e-01 -4.17362712e-02
  1.74062574e+00 -1.36267334e-01 -3.31193469e-02 -2.82620676e-02
 -2.71528989e-01 -1.73435509e-01 -1.85956001e-01 -6.15883954e-02
  4.15342361e-01 -1.33295789e-01 -9.73394573e-01 -1.42296922e+00
  1.11226980e-02 -6.48887813e-01 -5.59289455e-02 -9.34372365e-01
 -3.20469499e-01  1.71822205e-01 -3.72805476e-01 -1.12383872e-01
 -1.82882831e-01  7.76977718e-01 -4.01029468e-01  4.71335590e-01
  6.27876967e-02  1.55258179e-02  9.98044372e-01 -2.24709749e+00
 -1.66378126e-01  4.33711410e-01 -3.36138129e-01 -6.40719175e-01
 -3.67246747e-01 -7.96032310e-01  6.48426056e-01 -9.42266643e-01
 -1.04082751e+00  7.30441930e-03 -3.89569491e-01  1.47294855e+00
 -7.89180517e-01 -4.36671704e-01 -5.43994963e-01 -5.21494597e-02
 -1.26271176e+00 -7.26314485e-01 -1.92389399e-01  5.17222643e-01
  6.87981725e-01  5.96668839e-01 -1.68401611e+00  5.07986784e-01
 -2.20345091e-02 -4.52393144e-01  1.23454340e-01  7.45882928e-01
  3.60483646e-01  7.12965071e-01  1.17536747e+00  4.84972596e-01
  8.31876397e-01  1.12832159e-01 -5.01047611e-01  1.13193977e+00
 -2.07402274e-01  6.30153298e-01 -7.69594014e-02 -2.62613058e-01
  5.37480652e-01  7.01635540e-01 -3.63881975e-01  6.86224580e-01
  1.05129576e+00  8.88192594e-01 -8.48925829e-01 -8.82286578e-02
  5.01420915e-01 -2.86752075e-01 -3.25413257e-01 -2.72722095e-01
 -4.60710317e-01  1.91521466e+00  1.54720652e+00  1.39547616e-01
 -1.23197943e-01 -1.62960351e+00 -3.06767553e-01 -1.03407121e+00
 -9.68941152e-02 -1.37072957e+00  2.17509329e-01  3.37919682e-01
 -8.65780339e-02 -8.87138367e-01 -5.31756341e-01  6.07614458e-01
 -1.52500010e+00 -6.54680490e-01 -1.09921885e+00  3.09683889e-01
  9.32154894e-01 -7.96648264e-01  1.09819002e-01 -9.36193824e-01
  1.27858591e+00 -1.13009691e-01 -1.56532098e-02 -1.94033533e-01
  8.13754141e-01  7.27848411e-01  1.37440950e-01 -1.28356433e+00
  5.93122900e-01 -4.10506845e-01  6.62912726e-01  2.60262042e-01
  4.77744848e-01 -7.30178475e-01 -3.93511020e-02  5.23803949e-01]",0
3,[*]C(C)(C[*])C(=O)[O-],[*]CC[N+][*],2650,38080,8.5,1150,40,0.0,1,2,9,14.369811320754716,1,0,0,10.243472222222222,10.243472222222222,0.0532407407407407,-0.7986111111111109,0.4502538575862794,23.5,85.082,80.04199999999999,85.02950297991,34.0,2.5,3.0,3.0,1.6668127273868607,3.9084966379068455,100.21143267166842,6.784457050376174,3.5236033621142737,3.5236033621142737,3.504035844753885,1.5118016810571369,1.5118016810571369,1.0677875644551755,1.0677875644551755,0.348461712529338,0.348461712529338,0.0,0.0,-0.53,38.3366927298978,2.610921480426842,0.600159264681777,0.2950914053210928,36.78983322325914,35.63575031240701,9.901064578912528,5.969305287951849,19.76538044554264,0.0,0.0,5.106527394840706,5.969305287951849,4.794537184071822,6.923737199690624,0.0,12.841643245852016,40.13,5.969305287951849,9.901064578912528,5.917906046161393,6.923737199690624,0.0,0.0,6.923737199690624,0.0,0.2098148148148149,10.243472222222222,10.243472222222222,0.0,-1.0902777777777777,0.0,0.0,2.810185185185185,0.0,0.75,6.0,2.0,0.0,0.0,2.0,4.0,2.0,0.0,-0.5682,18.181,1.0,0.0,1.0,1.0,1.0,1.0,0.0,0.0,0.0,0.0,4.166666666666666,4.166666666666666,0.4131944444444444,0.4131944444444444,0.4134068917016045,14.666666666666666,42.06099999999999,38.029,42.03382554808999,16.0,2.0,2.6666666666666665,3.6666666666666665,3.6666666666666665,1.4056390622295665,2.19060968716425,15.119415478763749,4.121320343559642,1.8614271578730528,1.8614271578730528,2.414213562373095,0.8162277660168378,0.8162277660168378,0.2236067977499789,0.2236067977499789,0.0,0.0,0.0,0.0,-0.04,11.245112497836532,0.72512600755025,0.2061650840029218,0.0008163265306122,20.444083839238875,19.202161082765382,0.0,0.0,5.733667477162185,0.0,6.923737199690624,6.544756405912575,0.0,5.733667477162185,6.544756405912575,0.0,0.0,0.0,0.0,6.923737199690624,14.1,0.0,0.0,0.0,0.0,13.4684936056032,0.0,0.0,5.733667477162185,1.1076388888888888,0.0,0.0,4.166666666666666,0.0,0.0,0.0,2.7256944444444446,0.0,1.0,3.0,1.0,0.0,0.0,0.0,3.0,2.0,0.0,0.0226999999999999,11.808000000000002,0.0,0.0,0.0,0.0,0.0,0.0,1.0,0.0,0.0,0.0,0.0,0.0,[*]CC([*])(C)C(=O)[O-],[*]C[N+]C[*],"[ 7.49274790e-01  3.35424781e-01  4.55891341e-01 -1.09221423e+00
 -6.25216782e-01  3.14305499e-02 -1.89206481e-01 -9.25612390e-01
 -2.35249296e-01  1.36610961e+00  8.83861855e-02 -7.13659585e-01
  8.14221084e-01 -6.92512333e-01 -5.14061689e-01 -1.33080852e+00
 -1.47874510e+00 -1.03471792e+00 -6.12177968e-01  2.09805042e-01
  5.51994801e-01 -3.05551559e-01  4.35497522e-01  7.36454964e-01
 -6.94340706e-01  1.29001057e+00  2.37998891e+00 -4.05347496e-01
 -6.00476742e-01  7.56517649e-01 -2.95091867e-01 -4.40703213e-01
 -2.38245353e-01 -1.06833398e+00  5.43902814e-01  2.87487179e-01
  1.05013542e-01  7.71469295e-01  2.95419157e-01  2.99429774e-01
 -1.54818922e-01  9.55972448e-02  1.18825090e+00  1.62336457e+00
  2.11596087e-01  1.97126698e+00  7.42778480e-01  1.40871525e-01
 -2.52242148e-01 -5.88141322e-01 -8.30902278e-01 -5.11340201e-02
 -4.66348320e-01 -3.61824811e-01 -5.98171353e-01 -3.63103032e-01
  2.47532055e-01  5.11704028e-01 -7.26159394e-01  1.30475163e-01
 -9.32137072e-01  1.43789789e-02  4.87203658e-01 -6.09903224e-02
 -5.22938311e-01 -2.59041160e-01 -3.10223382e-02  1.33649796e-01
 -4.49149907e-01 -9.90190208e-01 -4.37130392e-01 -8.20998698e-02
 -1.41018599e-01  2.47300267e-01 -1.07266307e+00 -3.37361068e-01
 -3.82067502e-01 -3.48674297e-01  2.41132863e-02 -3.69367570e-01
  4.26380429e-03 -3.68784666e-01  2.93142378e-01  3.39492798e-01
  1.76544249e-01  7.48980865e-02  3.78351748e-01  1.43084496e-01
 -7.50767514e-02  6.98696852e-01 -1.23164153e+00  1.54972628e-01
  1.30712831e+00  4.13169146e-01 -7.62161970e-01  6.20638654e-02
  6.53732941e-02  3.98433149e-01  3.35860610e-01  2.57231444e-01
  5.09362817e-01  2.24197790e-01 -1.09119499e+00  9.36800539e-01
  7.53451943e-01 -1.23084819e+00  9.08430457e-01 -8.67207110e-01
 -4.80619073e-01  4.63999063e-01 -5.08662164e-01  2.84325276e-02
  8.96979451e-01  2.75238305e-01  6.04319394e-01  7.04479277e-01
 -1.92388758e-01  5.88916123e-01 -1.65896252e-01  1.25128731e-01
 -5.41119277e-01  5.95371544e-01 -4.40301627e-01 -9.53436732e-01
 -8.70644271e-01 -7.01563358e-02  5.19006014e-01 -8.48310441e-02
 -4.53820378e-01 -7.63373524e-02 -2.50903994e-01  1.05273589e-01
 -7.83522904e-04 -5.48577607e-01 -1.58988476e+00  4.16692108e-01
  4.86379087e-01 -6.73893452e-01 -2.14246154e-01 -8.94058764e-01
 -1.69562221e-01  1.62465900e-01  4.72447537e-02 -9.45844769e-01
  3.12819541e-01  4.59828615e-01  1.81325778e-01  5.45694053e-01
  5.22985049e-02 -2.90770084e-01  1.11780930e+00 -6.53702319e-01
  8.88752520e-01 -5.18661022e-01  2.26448655e-01  4.19900529e-02
  2.09506735e-01 -9.99619067e-01 -5.97911179e-01  2.40267485e-01
  3.84019047e-01  1.01165771e-01 -1.29132763e-01  1.37262657e-01
  2.43125573e-01  6.61093593e-02  7.34124482e-01  6.55801445e-02
  8.67221475e-01  1.02447104e+00  1.94548965e-01  4.92215395e-01
  2.58256465e-01  7.06858218e-01  4.08109426e-01  1.43596029e+00
 -2.34669849e-01 -2.20608890e-01 -9.00353014e-01 -1.68292020e-02
 -5.18259466e-01  9.73584116e-01  6.35090172e-01 -3.21039736e-01
  1.96893781e-01  1.36441048e-02  5.94366267e-02  6.31835938e-01
 -6.74691439e-01  2.92127788e-01 -1.58445194e-01  4.75977540e-01
 -1.05258442e-01 -2.61095129e-02 -3.47841859e-01 -1.38431609e+00
  2.30988905e-01  2.42584631e-01  2.42318988e-01  8.21007431e-01
  3.47805738e-01 -5.93114078e-01  6.15051806e-01 -1.13383365e+00
 -1.02469993e+00 -2.10129380e-01  5.13058305e-01 -4.32122946e-02
 -8.96828771e-01 -5.06239772e-01  2.97274590e-02 -1.87300277e+00
  9.58072007e-01 -7.87090957e-01 -5.90321839e-01  1.57090092e+00
 -1.52412921e-01  1.07509518e+00 -2.78278589e-01  6.61327541e-01
 -4.37102556e-01  6.07341051e-01  1.74592510e-01 -8.32812190e-01
  7.96080351e-01 -5.79209208e-01 -2.50138134e-01  8.92362118e-01
 -2.45963167e-02 -1.42872378e-01 -1.42276669e+00  1.69364798e+00
  6.29426658e-01 -5.70318513e-02  1.35555339e+00  7.65864253e-01
  4.97816533e-01  1.59259066e-02 -5.13777614e-01 -9.02717590e-01
 -1.13018739e+00  3.83352101e-01 -4.77341488e-02 -3.79710466e-01
 -4.47504103e-01 -1.09895110e+00 -3.86139631e-01  1.03090264e-01
  8.51628721e-01  2.24349573e-01 -3.13555300e-02  1.22573696e-01
  4.94108871e-02  6.98103666e-01  3.02277476e-01  1.66599587e-01
 -3.08436722e-01 -4.66002375e-01  1.62361014e+00 -2.62132585e-01
  5.79887815e-02 -6.79709196e-01  4.46500778e-01 -7.97002465e-02
 -8.20023119e-02  1.22393526e-01 -2.83097059e-01  4.32255983e-01
 -1.04199953e-01 -1.23305070e+00 -3.06826502e-01  3.86385806e-02
 -5.26868701e-01  2.08499730e-01 -1.37608588e-01 -2.77598381e-01
  1.16459966e+00  3.82706597e-02 -1.96235068e-02 -8.02532017e-01
  5.66025376e-01 -4.30100381e-01  1.32197094e+00  6.55819237e-01
 -1.05254024e-01 -6.85315967e-01  2.16215566e-01  5.93630016e-01
  2.85155267e-01  3.85740906e-01 -5.23835123e-01  3.65415752e-01
  1.48793125e+00 -3.41312021e-01  8.37343931e-02  3.88410576e-02
  1.16101551e+00 -8.25121999e-01  2.77617723e-02  7.33939037e-02
 -4.48615134e-01 -3.60707045e-01  2.16005355e-01 -1.82437807e-01
  2.44415596e-01 -5.28269887e-01  8.22483182e-01 -5.70847653e-02
  8.29918385e-01 -1.71355367e-01 -1.51496232e-01  4.65150774e-01
  3.33200365e-01  1.27273887e-01  9.12838519e-01 -1.40352994e-01
 -2.76168674e-01 -5.63478529e-01  1.85518518e-01  6.18515849e-01
  9.07797396e-01  5.58707714e-01  6.54310524e-01 -9.68789756e-01
 -6.15588129e-02 -2.76184026e-02  2.73121327e-01 -3.54086995e-01
  4.74624962e-01  1.37339443e-01 -3.33838254e-01 -4.54894483e-01
 -4.43201482e-01  4.87415552e-01  6.92939878e-01  7.76845098e-01
  2.34562084e-01 -1.71094164e-01  6.52617574e-01 -7.15576172e-01
 -3.63845557e-01  1.07632124e+00 -2.44740129e-01 -1.39437407e-01
  1.62900817e+00  1.14459256e-02  9.56065774e-01  2.93038279e-01
  3.91988426e-01  3.39301564e-02 -6.13436103e-01 -7.80028582e-01
  2.32236609e-01  1.24575007e+00 -7.12414160e-02  6.11095548e-01
  4.77192504e-03 -1.05789937e-01  2.36828491e-01  5.28803527e-01
  4.67312008e-01 -1.94977492e-01 -9.55596268e-01 -6.81563795e-01
  4.23343569e-01 -2.96947718e-01 -3.69488955e-01 -2.89484084e-01
 -4.30452943e-01 -1.37250312e-02  2.62498766e-01 -5.61480105e-01
  5.62621891e-01 -4.18706477e-01 -8.56468499e-01  5.93134239e-02
 -1.00340411e-01 -7.35716164e-01  1.38378620e-01 -6.84343696e-01
  2.17011675e-01 -4.22011822e-01 -4.02174950e-01 -2.10074112e-01
 -6.50949299e-01  8.00443947e-01 -1.05892392e-02 -5.88889062e-01
 -3.27951312e-02 -9.57627073e-02 -4.11157161e-01  1.26788989e-01
 -4.45752770e-01 -3.34704220e-01 -6.30857348e-01  7.39717126e-01
  3.73316854e-01  1.94936663e-01  8.15797508e-01  7.57897347e-02
  2.51457661e-01  7.87429273e-01 -5.90912402e-02  8.01935017e-01
 -5.09869382e-02 -3.16675752e-01 -8.06985676e-01  3.75884295e-01
 -1.02298295e+00  2.55849570e-01  2.58157365e-02  1.62940547e-01
  3.08816880e-01 -8.00899506e-01  1.81837904e+00 -6.99088693e-01
 -2.37569124e-01 -3.24667641e-03 -4.07583922e-01 -2.53018081e-01
  1.05101004e-01  7.78838634e-01  7.80924141e-01  3.96106571e-01
  4.07956630e-01 -2.10249022e-01  4.17130977e-01 -3.68258469e-02
  2.39590809e-01 -1.32325947e-01 -1.05014598e+00 -3.78439307e-01
  1.21962957e-01  9.12429273e-01 -5.16304731e-01 -4.10982370e-01
  1.13879271e-01 -7.30947316e-01 -1.19410682e+00 -8.46092477e-02
 -4.51732308e-01  3.39796931e-01  1.79029241e-01 -3.18569988e-01
 -4.01548207e-01  1.05452193e-02 -9.81033444e-02  2.65956130e-02
 -1.16055489e+00 -2.66568363e-01 -4.17371392e-01 -2.27321759e-01
 -7.98538566e-01 -2.68420726e-01 -7.56898522e-02 -1.46671772e+00
 -3.53073359e-01  7.68439353e-01  5.23869157e-01 -1.45392466e+00
 -7.55149201e-02 -2.53495097e-01 -6.51691973e-01  1.01998317e+00
  1.75246254e-01  2.19446480e-01 -8.75575662e-01  6.49622753e-02
 -2.21772552e-01  6.31361604e-01  1.11363959e+00  8.29166234e-01
 -9.94006217e-01  5.85105002e-01  1.62860320e-03  6.57095253e-01
 -6.60761952e-01  4.83092368e-01  2.10053355e-01  1.93984300e-01
  1.08389914e+00 -2.88248777e-01  2.90296733e-01  6.75145447e-01
  6.10232018e-02 -5.08173525e-01 -1.05302072e+00  4.84012961e-01
 -1.34737328e-01 -1.63434446e-01 -1.95996463e-01 -1.06526923e+00
 -8.11576009e-01 -3.66595089e-01 -1.52673945e-02 -1.13481522e-01
  6.21918961e-02  6.84323311e-02 -7.70469382e-02 -6.34581506e-01
  2.21770406e-01  7.27311909e-01 -3.06834489e-01  1.09503961e+00
 -6.35234714e-02  7.48488754e-02  3.62029821e-01 -1.14483583e+00
  3.36602688e-01 -3.94898474e-01 -4.43032160e-02 -2.25445300e-01
 -9.30737793e-01  4.10731554e-01  3.46095145e-01 -8.76426399e-01
 -7.85481334e-01 -9.14595544e-01 -4.12273765e-01  5.75143516e-01
 -7.46130526e-01  4.76899326e-01 -7.44161129e-01 -6.33583188e-01
 -7.63390839e-01 -8.95849407e-01 -5.26674464e-02  3.77323836e-01
  6.89602196e-02  8.11982453e-01 -1.31613028e+00  7.27658644e-02
 -1.96165428e-01  6.04341328e-01  2.99889833e-01 -1.47399947e-01
  2.67245054e-01  6.23204529e-01  1.50411510e+00  6.07940815e-02
  2.72842020e-01  4.67290968e-01 -6.77232504e-01  5.37263155e-01
 -2.76431590e-01  6.60036445e-01 -5.24141677e-02  3.49252112e-02
  1.12972081e-01  2.25270927e-01 -1.09064952e-01  3.46314520e-01
  7.54533410e-01  7.83834755e-01 -4.25179332e-01  5.52726567e-01
 -1.95189342e-01 -5.99463761e-01 -3.58343661e-01 -2.30281323e-01
  2.36615911e-01  4.99656409e-01  1.68579209e+00 -1.51982561e-01
 -5.63962042e-01 -1.29549968e+00 -2.81212598e-01 -2.55549937e-01
  4.69508678e-01  1.41729280e-01 -5.26430964e-01  2.20184013e-01
 -2.16536090e-01 -9.31372881e-01 -9.69826996e-01  4.32354122e-01
 -1.06032109e+00 -5.03427327e-01 -8.87604475e-01  4.38566148e-01
  1.47396326e+00 -1.03932881e+00  6.63527369e-01 -9.93533015e-01
  1.08747959e+00 -9.77717102e-01 -1.65758193e-01 -4.72277105e-02
  1.20034409e+00  2.41741404e-01  3.70389432e-01 -1.49647415e+00
  6.98196530e-01 -5.78175962e-01  4.05572444e-01 -6.85069382e-01
  1.34073234e+00 -3.75742733e-01 -1.80194214e-01  3.50243032e-01]","[ 2.73681909e-01  1.66004568e-01 -7.44565070e-01 -1.47705269e+00
 -1.09840822e+00 -1.53690919e-01 -1.29248112e-01  2.95904994e-01
 -9.16356027e-01  1.40345776e+00  1.00063539e+00 -6.83065832e-01
  1.30242276e+00 -2.33746576e+00 -9.75994170e-01 -7.89787889e-01
 -1.79506803e+00 -1.28128958e+00  2.09810168e-01  1.29709288e-01
  4.47607398e-01 -6.85392797e-01  7.80511856e-01  1.21133173e+00
 -3.64384532e-01  1.07354224e+00  2.32574058e+00 -1.55821651e-01
 -2.85600513e-01  3.01326066e-01 -6.34632647e-01  1.65162787e-01
  2.81757385e-01 -3.74723703e-01 -2.95077354e-01  7.01536298e-01
 -2.88844388e-02  2.32678980e-01  2.16173112e-01  5.24862707e-01
 -7.30150580e-01 -4.09290910e-01  1.78005755e+00  1.10312033e+00
 -5.30989515e-03  1.62341702e+00  1.30315197e+00 -9.47976291e-01
  1.85765088e-01  1.49317771e-01 -2.13005602e-01 -6.93675578e-01
 -4.48695384e-03 -4.57031608e-01 -9.96706784e-01 -1.11750238e-01
  4.97595131e-01  4.26965803e-01 -1.49265635e+00  2.89656907e-01
 -2.73807108e-01  8.54427159e-01  1.49728537e+00  9.41296890e-02
 -1.70012251e-01  1.05805194e+00  2.47816041e-01  8.55847076e-02
 -2.41706241e-02  3.27099591e-01 -2.99327344e-01 -2.87228137e-01
 -5.82702875e-01 -5.94702363e-01 -1.03217173e+00 -8.13124239e-01
 -5.35450697e-01 -1.03322685e+00  6.12907767e-01  1.13398790e+00
 -7.18036070e-02  1.90137476e-01  6.24559581e-01  4.69076455e-01
  6.27078772e-01  3.44742835e-01 -3.45153689e-01  1.32870555e+00
 -1.61258459e-01 -1.77030429e-01 -1.69568908e+00  1.72073066e-01
  1.15088892e+00  2.67995209e-01 -1.30087376e-01 -2.35246912e-01
 -9.75930631e-01 -2.02227771e-01  8.58478367e-01  6.41340375e-01
 -3.02943230e-01  1.06876230e+00 -6.70137048e-01  1.55068052e+00
  1.39273751e+00 -1.45554578e+00  8.48026991e-01 -9.02008832e-01
 -3.14056218e-01 -8.90919007e-03  1.89570412e-02  6.20763719e-01
  5.67845762e-01  6.88580513e-01  3.47115725e-01  9.87522900e-01
  1.26554236e-01  9.42884982e-01 -9.06472266e-01  4.57331955e-01
  5.71125150e-02  1.78218889e+00 -1.16092294e-01 -9.70406473e-01
  2.32247129e-01 -1.08961582e-01  4.84424561e-01 -1.63584903e-01
 -2.28719175e-01 -3.77911866e-01  1.91282615e-01 -4.40858275e-01
  4.58004832e-01  2.03468651e-01 -7.51598001e-01  7.42124140e-01
  2.11840153e-01 -1.47817540e+00 -5.86319506e-01 -7.08758950e-01
 -5.41633785e-01  5.09984553e-01  3.28427345e-01 -5.58312654e-01
 -3.01396579e-01  4.69190210e-01  4.12009209e-01  4.86853629e-01
  8.65669027e-02 -4.84711647e-01 -1.38688656e-02 -9.07068998e-02
  7.71938503e-01 -4.51887012e-01 -2.65402257e-01  3.44309598e-01
  8.11073661e-01 -7.00493395e-01 -3.49895090e-01  4.73346151e-02
  9.45539415e-01  3.90116870e-01 -1.22340433e-02  9.33209777e-01
  5.38321495e-01  2.30738390e-02  4.50798392e-01  5.45543730e-01
  6.47279382e-01  1.34209245e-01 -6.69469893e-01 -5.51479518e-01
 -9.10929501e-01  8.97117376e-01  7.78002381e-01  7.29684412e-01
 -4.76152264e-03 -2.28286073e-01 -1.80614281e+00 -2.43098214e-01
 -4.10343200e-01  1.65494692e+00 -1.41513258e-01  4.32345904e-02
  2.63454169e-01 -4.78654593e-01  6.30516946e-01  1.35365450e+00
  1.63908258e-01  1.05160549e-01  6.00636341e-02  3.30597907e-01
 -1.11334272e-01  8.60361159e-01 -1.12372410e+00 -1.36552715e+00
 -9.46494460e-01 -6.26207352e-01 -5.15764892e-01  5.79680920e-01
  4.80724514e-01 -1.80933341e-01  8.24896619e-02 -9.76777613e-01
 -5.42914391e-01 -7.89315462e-01  8.83481205e-01  1.10133314e+00
  2.32755274e-01  8.09302405e-02 -7.54249543e-02 -1.47234833e+00
  7.46453345e-01 -1.42875111e+00  4.53871906e-01  1.72359610e+00
 -4.06082766e-03  1.19332123e+00 -8.32867801e-01  6.88086867e-01
  1.37741864e-01  7.88703918e-01  2.78975209e-03 -7.97479689e-01
 -4.38524857e-02  1.13093853e-01 -3.82264405e-01  1.38396609e+00
  6.05312407e-01  1.89717621e-01 -1.87994957e-01  3.21862578e+00
  1.55959547e+00 -5.84481001e-01  1.94749379e+00  5.90261579e-01
 -4.26900893e-01 -1.12351143e+00 -8.85746777e-02 -1.66987240e-01
 -9.51994538e-01  9.89240885e-01 -1.71200693e-01  1.32246166e-01
  5.89776099e-01 -1.25525105e+00  1.01031929e-01 -5.00966609e-01
  1.41644366e-02 -1.63523331e-01  4.52505380e-01  1.33390218e-01
 -6.45448789e-02  3.77991378e-01 -9.04772580e-01 -5.44584334e-01
 -3.49354029e-01 -1.97096571e-01  1.93875515e+00  1.68814957e-01
 -2.22165152e-01  4.48715463e-02 -7.38904104e-02  1.40951602e-02
  1.02817461e-01  1.50721657e+00 -1.24952972e+00  6.83633089e-01
 -4.31086749e-01 -9.22964275e-01 -1.24245316e-01 -4.44169819e-01
  6.44836053e-02  1.13626456e+00  1.71797186e-01  1.07042398e-02
  2.86911428e-01  5.32820761e-01 -3.44686478e-01 -1.07940471e+00
  1.37402907e-01 -1.80691803e+00  1.57622218e+00  8.19589794e-01
 -6.37324572e-01 -1.95334256e-01 -8.80328774e-01  7.41711080e-01
  4.09598909e-02  8.34153175e-01 -4.57031339e-01  2.83941716e-01
  1.10020137e+00 -3.37292314e-01  6.80264905e-02 -1.90589011e-01
  4.87536073e-01 -1.26242483e+00 -5.79993546e-01 -4.71906066e-01
 -5.36747038e-01 -3.78981888e-01 -1.34510770e-01 -4.72808868e-01
  9.65812728e-02 -2.18814477e-01  1.01008964e+00  5.89304030e-01
  5.38034260e-01  8.42455402e-02 -1.40532881e-01  7.70158917e-02
 -7.12736309e-01  3.12387049e-01  7.75598586e-01 -1.94695726e-01
  2.33821779e-01 -2.17562497e-01 -7.44840980e-01  5.53765059e-01
  8.96856844e-01  5.78018725e-01  6.23112261e-01 -5.88956356e-01
  1.32804468e-01  7.09370058e-03  2.32104346e-01  4.71894622e-01
  1.46003708e-01 -2.01706111e-01  1.21953443e-01 -2.07336560e-01
 -7.48902500e-01 -1.27280247e+00  4.56761748e-01  1.68301880e+00
 -1.00462787e-01 -3.45182627e-01  1.17211230e-01 -1.85488552e-01
 -1.44460499e+00  3.66658300e-01 -7.31594324e-01 -8.15469101e-02
  8.85279655e-01  2.86490023e-02  5.78202724e-01  1.48835093e-01
  6.08137071e-01  1.35164604e-01 -5.97466230e-01 -1.76421344e+00
 -3.54768366e-01  2.15320006e-01 -7.04477549e-01  2.93117404e-01
 -6.49666369e-01  2.69496471e-01  1.15424120e+00 -1.98677883e-01
  7.46418774e-01  4.54378814e-01 -1.85189176e+00  3.57578620e-02
  2.35214412e-01 -4.34334457e-01 -1.24479449e+00 -4.68029976e-01
 -1.04268217e+00  4.54844862e-01  7.26285696e-01 -1.08133495e+00
  1.99147046e-01 -2.84403861e-02 -1.07138276e+00 -3.95400703e-01
  6.98548928e-02 -8.70623410e-01  1.54038906e-01 -5.60017645e-01
 -3.75669263e-02 -7.81353354e-01 -7.31090486e-01 -3.41077209e-01
 -4.64152217e-01  6.60407245e-01  2.21335888e-01 -2.39996284e-01
 -6.66767597e-01  2.04499543e-01 -9.10416782e-01 -2.94663727e-01
 -1.17032087e+00  1.64180085e-01 -8.27566922e-01  6.99705660e-01
  1.33685246e-01  1.41605005e-01  3.46421391e-01  1.11059928e+00
  2.52072841e-01  1.55291784e+00  2.43351758e-01  1.04081237e+00
 -2.76770592e-01 -1.19162232e-01 -4.60011601e-01  1.34364569e+00
 -9.52273130e-01  4.80686158e-01  4.06600356e-01  2.80897468e-01
  9.98292208e-01 -1.31541288e+00  9.41959441e-01  2.02116687e-02
  3.70601773e-01 -1.12893559e-01  4.61780250e-01 -2.28449151e-01
  5.85418820e-01  3.94479007e-01  4.59744960e-01  6.36963010e-01
 -1.59505323e-01  1.00677061e+00  9.86175179e-01 -6.47877678e-02
  1.49050981e-01 -5.52432239e-01 -1.06719267e+00 -7.53977180e-01
 -7.81509995e-01  1.15565598e+00 -7.30940580e-01 -1.53717887e+00
  5.50783157e-01 -9.11858559e-01 -8.98802519e-01  5.36069512e-01
 -1.07712102e+00  3.14948589e-01 -8.60910773e-01 -9.96511221e-01
 -2.39814848e-01 -4.29458141e-01  6.79418385e-01  9.86803651e-01
 -1.04657805e+00  9.67387035e-02  2.55706422e-02  6.05388701e-01
 -6.60483122e-01 -2.04639211e-01  4.15904880e-01 -1.35647511e+00
 -9.27955091e-01 -5.36052465e-01  7.45387852e-01 -2.18400240e+00
  7.69201517e-01  3.20852995e-01 -1.20287740e+00  8.35670292e-01
  2.94883221e-01  2.71465987e-01 -7.08536088e-01 -1.06249952e+00
 -1.07689381e+00  7.60423899e-01 -1.21171467e-01  5.39052308e-01
  2.40152165e-01  9.79230523e-01  1.66857615e-01  6.06723279e-02
  1.80916563e-01 -7.60552645e-01 -3.01277459e-01 -4.17362712e-02
  1.74062574e+00 -1.36267334e-01 -3.31193469e-02 -2.82620676e-02
 -2.71528989e-01 -1.73435509e-01 -1.85956001e-01 -6.15883954e-02
  4.15342361e-01 -1.33295789e-01 -9.73394573e-01 -1.42296922e+00
  1.11226980e-02 -6.48887813e-01 -5.59289455e-02 -9.34372365e-01
 -3.20469499e-01  1.71822205e-01 -3.72805476e-01 -1.12383872e-01
 -1.82882831e-01  7.76977718e-01 -4.01029468e-01  4.71335590e-01
  6.27876967e-02  1.55258179e-02  9.98044372e-01 -2.24709749e+00
 -1.66378126e-01  4.33711410e-01 -3.36138129e-01 -6.40719175e-01
 -3.67246747e-01 -7.96032310e-01  6.48426056e-01 -9.42266643e-01
 -1.04082751e+00  7.30441930e-03 -3.89569491e-01  1.47294855e+00
 -7.89180517e-01 -4.36671704e-01 -5.43994963e-01 -5.21494597e-02
 -1.26271176e+00 -7.26314485e-01 -1.92389399e-01  5.17222643e-01
  6.87981725e-01  5.96668839e-01 -1.68401611e+00  5.07986784e-01
 -2.20345091e-02 -4.52393144e-01  1.23454340e-01  7.45882928e-01
  3.60483646e-01  7.12965071e-01  1.17536747e+00  4.84972596e-01
  8.31876397e-01  1.12832159e-01 -5.01047611e-01  1.13193977e+00
 -2.07402274e-01  6.30153298e-01 -7.69594014e-02 -2.62613058e-01
  5.37480652e-01  7.01635540e-01 -3.63881975e-01  6.86224580e-01
  1.05129576e+00  8.88192594e-01 -8.48925829e-01 -8.82286578e-02
  5.01420915e-01 -2.86752075e-01 -3.25413257e-01 -2.72722095e-01
 -4.60710317e-01  1.91521466e+00  1.54720652e+00  1.39547616e-01
 -1.23197943e-01 -1.62960351e+00 -3.06767553e-01 -1.03407121e+00
 -9.68941152e-02 -1.37072957e+00  2.17509329e-01  3.37919682e-01
 -8.65780339e-02 -8.87138367e-01 -5.31756341e-01  6.07614458e-01
 -1.52500010e+00 -6.54680490e-01 -1.09921885e+00  3.09683889e-01
  9.32154894e-01 -7.96648264e-01  1.09819002e-01 -9.36193824e-01
  1.27858591e+00 -1.13009691e-01 -1.56532098e-02 -1.94033533e-01
  8.13754141e-01  7.27848411e-01  1.37440950e-01 -1.28356433e+00
  5.93122900e-01 -4.10506845e-01  6.62912726e-01  2.60262042e-01
  4.77744848e-01 -7.30178475e-01 -3.93511020e-02  5.23803949e-01]",0
4,[*]C(C)(C[*])C(=O)[O-],[*]CC[N+][*],2650,38080,8.5,1100,30,0.0,1,2,9,14.369811320754716,1,0,0,10.243472222222222,10.243472222222222,0.0532407407407407,-0.7986111111111109,0.4502538575862794,23.5,85.082,80.04199999999999,85.02950297991,34.0,2.5,3.0,3.0,1.6668127273868607,3.9084966379068455,100.21143267166842,6.784457050376174,3.5236033621142737,3.5236033621142737,3.504035844753885,1.5118016810571369,1.5118016810571369,1.0677875644551755,1.0677875644551755,0.348461712529338,0.348461712529338,0.0,0.0,-0.53,38.3366927298978,2.610921480426842,0.600159264681777,0.2950914053210928,36.78983322325914,35.63575031240701,9.901064578912528,5.969305287951849,19.76538044554264,0.0,0.0,5.106527394840706,5.969305287951849,4.794537184071822,6.923737199690624,0.0,12.841643245852016,40.13,5.969305287951849,9.901064578912528,5.917906046161393,6.923737199690624,0.0,0.0,6.923737199690624,0.0,0.2098148148148149,10.243472222222222,10.243472222222222,0.0,-1.0902777777777777,0.0,0.0,2.810185185185185,0.0,0.75,6.0,2.0,0.0,0.0,2.0,4.0,2.0,0.0,-0.5682,18.181,1.0,0.0,1.0,1.0,1.0,1.0,0.0,0.0,0.0,0.0,4.166666666666666,4.166666666666666,0.4131944444444444,0.4131944444444444,0.4134068917016045,14.666666666666666,42.06099999999999,38.029,42.03382554808999,16.0,2.0,2.6666666666666665,3.6666666666666665,3.6666666666666665,1.4056390622295665,2.19060968716425,15.119415478763749,4.121320343559642,1.8614271578730528,1.8614271578730528,2.414213562373095,0.8162277660168378,0.8162277660168378,0.2236067977499789,0.2236067977499789,0.0,0.0,0.0,0.0,-0.04,11.245112497836532,0.72512600755025,0.2061650840029218,0.0008163265306122,20.444083839238875,19.202161082765382,0.0,0.0,5.733667477162185,0.0,6.923737199690624,6.544756405912575,0.0,5.733667477162185,6.544756405912575,0.0,0.0,0.0,0.0,6.923737199690624,14.1,0.0,0.0,0.0,0.0,13.4684936056032,0.0,0.0,5.733667477162185,1.1076388888888888,0.0,0.0,4.166666666666666,0.0,0.0,0.0,2.7256944444444446,0.0,1.0,3.0,1.0,0.0,0.0,0.0,3.0,2.0,0.0,0.0226999999999999,11.808000000000002,0.0,0.0,0.0,0.0,0.0,0.0,1.0,0.0,0.0,0.0,0.0,0.0,[*]CC([*])(C)C(=O)[O-],[*]C[N+]C[*],"[ 7.49274790e-01  3.35424781e-01  4.55891341e-01 -1.09221423e+00
 -6.25216782e-01  3.14305499e-02 -1.89206481e-01 -9.25612390e-01
 -2.35249296e-01  1.36610961e+00  8.83861855e-02 -7.13659585e-01
  8.14221084e-01 -6.92512333e-01 -5.14061689e-01 -1.33080852e+00
 -1.47874510e+00 -1.03471792e+00 -6.12177968e-01  2.09805042e-01
  5.51994801e-01 -3.05551559e-01  4.35497522e-01  7.36454964e-01
 -6.94340706e-01  1.29001057e+00  2.37998891e+00 -4.05347496e-01
 -6.00476742e-01  7.56517649e-01 -2.95091867e-01 -4.40703213e-01
 -2.38245353e-01 -1.06833398e+00  5.43902814e-01  2.87487179e-01
  1.05013542e-01  7.71469295e-01  2.95419157e-01  2.99429774e-01
 -1.54818922e-01  9.55972448e-02  1.18825090e+00  1.62336457e+00
  2.11596087e-01  1.97126698e+00  7.42778480e-01  1.40871525e-01
 -2.52242148e-01 -5.88141322e-01 -8.30902278e-01 -5.11340201e-02
 -4.66348320e-01 -3.61824811e-01 -5.98171353e-01 -3.63103032e-01
  2.47532055e-01  5.11704028e-01 -7.26159394e-01  1.30475163e-01
 -9.32137072e-01  1.43789789e-02  4.87203658e-01 -6.09903224e-02
 -5.22938311e-01 -2.59041160e-01 -3.10223382e-02  1.33649796e-01
 -4.49149907e-01 -9.90190208e-01 -4.37130392e-01 -8.20998698e-02
 -1.41018599e-01  2.47300267e-01 -1.07266307e+00 -3.37361068e-01
 -3.82067502e-01 -3.48674297e-01  2.41132863e-02 -3.69367570e-01
  4.26380429e-03 -3.68784666e-01  2.93142378e-01  3.39492798e-01
  1.76544249e-01  7.48980865e-02  3.78351748e-01  1.43084496e-01
 -7.50767514e-02  6.98696852e-01 -1.23164153e+00  1.54972628e-01
  1.30712831e+00  4.13169146e-01 -7.62161970e-01  6.20638654e-02
  6.53732941e-02  3.98433149e-01  3.35860610e-01  2.57231444e-01
  5.09362817e-01  2.24197790e-01 -1.09119499e+00  9.36800539e-01
  7.53451943e-01 -1.23084819e+00  9.08430457e-01 -8.67207110e-01
 -4.80619073e-01  4.63999063e-01 -5.08662164e-01  2.84325276e-02
  8.96979451e-01  2.75238305e-01  6.04319394e-01  7.04479277e-01
 -1.92388758e-01  5.88916123e-01 -1.65896252e-01  1.25128731e-01
 -5.41119277e-01  5.95371544e-01 -4.40301627e-01 -9.53436732e-01
 -8.70644271e-01 -7.01563358e-02  5.19006014e-01 -8.48310441e-02
 -4.53820378e-01 -7.63373524e-02 -2.50903994e-01  1.05273589e-01
 -7.83522904e-04 -5.48577607e-01 -1.58988476e+00  4.16692108e-01
  4.86379087e-01 -6.73893452e-01 -2.14246154e-01 -8.94058764e-01
 -1.69562221e-01  1.62465900e-01  4.72447537e-02 -9.45844769e-01
  3.12819541e-01  4.59828615e-01  1.81325778e-01  5.45694053e-01
  5.22985049e-02 -2.90770084e-01  1.11780930e+00 -6.53702319e-01
  8.88752520e-01 -5.18661022e-01  2.26448655e-01  4.19900529e-02
  2.09506735e-01 -9.99619067e-01 -5.97911179e-01  2.40267485e-01
  3.84019047e-01  1.01165771e-01 -1.29132763e-01  1.37262657e-01
  2.43125573e-01  6.61093593e-02  7.34124482e-01  6.55801445e-02
  8.67221475e-01  1.02447104e+00  1.94548965e-01  4.92215395e-01
  2.58256465e-01  7.06858218e-01  4.08109426e-01  1.43596029e+00
 -2.34669849e-01 -2.20608890e-01 -9.00353014e-01 -1.68292020e-02
 -5.18259466e-01  9.73584116e-01  6.35090172e-01 -3.21039736e-01
  1.96893781e-01  1.36441048e-02  5.94366267e-02  6.31835938e-01
 -6.74691439e-01  2.92127788e-01 -1.58445194e-01  4.75977540e-01
 -1.05258442e-01 -2.61095129e-02 -3.47841859e-01 -1.38431609e+00
  2.30988905e-01  2.42584631e-01  2.42318988e-01  8.21007431e-01
  3.47805738e-01 -5.93114078e-01  6.15051806e-01 -1.13383365e+00
 -1.02469993e+00 -2.10129380e-01  5.13058305e-01 -4.32122946e-02
 -8.96828771e-01 -5.06239772e-01  2.97274590e-02 -1.87300277e+00
  9.58072007e-01 -7.87090957e-01 -5.90321839e-01  1.57090092e+00
 -1.52412921e-01  1.07509518e+00 -2.78278589e-01  6.61327541e-01
 -4.37102556e-01  6.07341051e-01  1.74592510e-01 -8.32812190e-01
  7.96080351e-01 -5.79209208e-01 -2.50138134e-01  8.92362118e-01
 -2.45963167e-02 -1.42872378e-01 -1.42276669e+00  1.69364798e+00
  6.29426658e-01 -5.70318513e-02  1.35555339e+00  7.65864253e-01
  4.97816533e-01  1.59259066e-02 -5.13777614e-01 -9.02717590e-01
 -1.13018739e+00  3.83352101e-01 -4.77341488e-02 -3.79710466e-01
 -4.47504103e-01 -1.09895110e+00 -3.86139631e-01  1.03090264e-01
  8.51628721e-01  2.24349573e-01 -3.13555300e-02  1.22573696e-01
  4.94108871e-02  6.98103666e-01  3.02277476e-01  1.66599587e-01
 -3.08436722e-01 -4.66002375e-01  1.62361014e+00 -2.62132585e-01
  5.79887815e-02 -6.79709196e-01  4.46500778e-01 -7.97002465e-02
 -8.20023119e-02  1.22393526e-01 -2.83097059e-01  4.32255983e-01
 -1.04199953e-01 -1.23305070e+00 -3.06826502e-01  3.86385806e-02
 -5.26868701e-01  2.08499730e-01 -1.37608588e-01 -2.77598381e-01
  1.16459966e+00  3.82706597e-02 -1.96235068e-02 -8.02532017e-01
  5.66025376e-01 -4.30100381e-01  1.32197094e+00  6.55819237e-01
 -1.05254024e-01 -6.85315967e-01  2.16215566e-01  5.93630016e-01
  2.85155267e-01  3.85740906e-01 -5.23835123e-01  3.65415752e-01
  1.48793125e+00 -3.41312021e-01  8.37343931e-02  3.88410576e-02
  1.16101551e+00 -8.25121999e-01  2.77617723e-02  7.33939037e-02
 -4.48615134e-01 -3.60707045e-01  2.16005355e-01 -1.82437807e-01
  2.44415596e-01 -5.28269887e-01  8.22483182e-01 -5.70847653e-02
  8.29918385e-01 -1.71355367e-01 -1.51496232e-01  4.65150774e-01
  3.33200365e-01  1.27273887e-01  9.12838519e-01 -1.40352994e-01
 -2.76168674e-01 -5.63478529e-01  1.85518518e-01  6.18515849e-01
  9.07797396e-01  5.58707714e-01  6.54310524e-01 -9.68789756e-01
 -6.15588129e-02 -2.76184026e-02  2.73121327e-01 -3.54086995e-01
  4.74624962e-01  1.37339443e-01 -3.33838254e-01 -4.54894483e-01
 -4.43201482e-01  4.87415552e-01  6.92939878e-01  7.76845098e-01
  2.34562084e-01 -1.71094164e-01  6.52617574e-01 -7.15576172e-01
 -3.63845557e-01  1.07632124e+00 -2.44740129e-01 -1.39437407e-01
  1.62900817e+00  1.14459256e-02  9.56065774e-01  2.93038279e-01
  3.91988426e-01  3.39301564e-02 -6.13436103e-01 -7.80028582e-01
  2.32236609e-01  1.24575007e+00 -7.12414160e-02  6.11095548e-01
  4.77192504e-03 -1.05789937e-01  2.36828491e-01  5.28803527e-01
  4.67312008e-01 -1.94977492e-01 -9.55596268e-01 -6.81563795e-01
  4.23343569e-01 -2.96947718e-01 -3.69488955e-01 -2.89484084e-01
 -4.30452943e-01 -1.37250312e-02  2.62498766e-01 -5.61480105e-01
  5.62621891e-01 -4.18706477e-01 -8.56468499e-01  5.93134239e-02
 -1.00340411e-01 -7.35716164e-01  1.38378620e-01 -6.84343696e-01
  2.17011675e-01 -4.22011822e-01 -4.02174950e-01 -2.10074112e-01
 -6.50949299e-01  8.00443947e-01 -1.05892392e-02 -5.88889062e-01
 -3.27951312e-02 -9.57627073e-02 -4.11157161e-01  1.26788989e-01
 -4.45752770e-01 -3.34704220e-01 -6.30857348e-01  7.39717126e-01
  3.73316854e-01  1.94936663e-01  8.15797508e-01  7.57897347e-02
  2.51457661e-01  7.87429273e-01 -5.90912402e-02  8.01935017e-01
 -5.09869382e-02 -3.16675752e-01 -8.06985676e-01  3.75884295e-01
 -1.02298295e+00  2.55849570e-01  2.58157365e-02  1.62940547e-01
  3.08816880e-01 -8.00899506e-01  1.81837904e+00 -6.99088693e-01
 -2.37569124e-01 -3.24667641e-03 -4.07583922e-01 -2.53018081e-01
  1.05101004e-01  7.78838634e-01  7.80924141e-01  3.96106571e-01
  4.07956630e-01 -2.10249022e-01  4.17130977e-01 -3.68258469e-02
  2.39590809e-01 -1.32325947e-01 -1.05014598e+00 -3.78439307e-01
  1.21962957e-01  9.12429273e-01 -5.16304731e-01 -4.10982370e-01
  1.13879271e-01 -7.30947316e-01 -1.19410682e+00 -8.46092477e-02
 -4.51732308e-01  3.39796931e-01  1.79029241e-01 -3.18569988e-01
 -4.01548207e-01  1.05452193e-02 -9.81033444e-02  2.65956130e-02
 -1.16055489e+00 -2.66568363e-01 -4.17371392e-01 -2.27321759e-01
 -7.98538566e-01 -2.68420726e-01 -7.56898522e-02 -1.46671772e+00
 -3.53073359e-01  7.68439353e-01  5.23869157e-01 -1.45392466e+00
 -7.55149201e-02 -2.53495097e-01 -6.51691973e-01  1.01998317e+00
  1.75246254e-01  2.19446480e-01 -8.75575662e-01  6.49622753e-02
 -2.21772552e-01  6.31361604e-01  1.11363959e+00  8.29166234e-01
 -9.94006217e-01  5.85105002e-01  1.62860320e-03  6.57095253e-01
 -6.60761952e-01  4.83092368e-01  2.10053355e-01  1.93984300e-01
  1.08389914e+00 -2.88248777e-01  2.90296733e-01  6.75145447e-01
  6.10232018e-02 -5.08173525e-01 -1.05302072e+00  4.84012961e-01
 -1.34737328e-01 -1.63434446e-01 -1.95996463e-01 -1.06526923e+00
 -8.11576009e-01 -3.66595089e-01 -1.52673945e-02 -1.13481522e-01
  6.21918961e-02  6.84323311e-02 -7.70469382e-02 -6.34581506e-01
  2.21770406e-01  7.27311909e-01 -3.06834489e-01  1.09503961e+00
 -6.35234714e-02  7.48488754e-02  3.62029821e-01 -1.14483583e+00
  3.36602688e-01 -3.94898474e-01 -4.43032160e-02 -2.25445300e-01
 -9.30737793e-01  4.10731554e-01  3.46095145e-01 -8.76426399e-01
 -7.85481334e-01 -9.14595544e-01 -4.12273765e-01  5.75143516e-01
 -7.46130526e-01  4.76899326e-01 -7.44161129e-01 -6.33583188e-01
 -7.63390839e-01 -8.95849407e-01 -5.26674464e-02  3.77323836e-01
  6.89602196e-02  8.11982453e-01 -1.31613028e+00  7.27658644e-02
 -1.96165428e-01  6.04341328e-01  2.99889833e-01 -1.47399947e-01
  2.67245054e-01  6.23204529e-01  1.50411510e+00  6.07940815e-02
  2.72842020e-01  4.67290968e-01 -6.77232504e-01  5.37263155e-01
 -2.76431590e-01  6.60036445e-01 -5.24141677e-02  3.49252112e-02
  1.12972081e-01  2.25270927e-01 -1.09064952e-01  3.46314520e-01
  7.54533410e-01  7.83834755e-01 -4.25179332e-01  5.52726567e-01
 -1.95189342e-01 -5.99463761e-01 -3.58343661e-01 -2.30281323e-01
  2.36615911e-01  4.99656409e-01  1.68579209e+00 -1.51982561e-01
 -5.63962042e-01 -1.29549968e+00 -2.81212598e-01 -2.55549937e-01
  4.69508678e-01  1.41729280e-01 -5.26430964e-01  2.20184013e-01
 -2.16536090e-01 -9.31372881e-01 -9.69826996e-01  4.32354122e-01
 -1.06032109e+00 -5.03427327e-01 -8.87604475e-01  4.38566148e-01
  1.47396326e+00 -1.03932881e+00  6.63527369e-01 -9.93533015e-01
  1.08747959e+00 -9.77717102e-01 -1.65758193e-01 -4.72277105e-02
  1.20034409e+00  2.41741404e-01  3.70389432e-01 -1.49647415e+00
  6.98196530e-01 -5.78175962e-01  4.05572444e-01 -6.85069382e-01
  1.34073234e+00 -3.75742733e-01 -1.80194214e-01  3.50243032e-01]","[ 2.73681909e-01  1.66004568e-01 -7.44565070e-01 -1.47705269e+00
 -1.09840822e+00 -1.53690919e-01 -1.29248112e-01  2.95904994e-01
 -9.16356027e-01  1.40345776e+00  1.00063539e+00 -6.83065832e-01
  1.30242276e+00 -2.33746576e+00 -9.75994170e-01 -7.89787889e-01
 -1.79506803e+00 -1.28128958e+00  2.09810168e-01  1.29709288e-01
  4.47607398e-01 -6.85392797e-01  7.80511856e-01  1.21133173e+00
 -3.64384532e-01  1.07354224e+00  2.32574058e+00 -1.55821651e-01
 -2.85600513e-01  3.01326066e-01 -6.34632647e-01  1.65162787e-01
  2.81757385e-01 -3.74723703e-01 -2.95077354e-01  7.01536298e-01
 -2.88844388e-02  2.32678980e-01  2.16173112e-01  5.24862707e-01
 -7.30150580e-01 -4.09290910e-01  1.78005755e+00  1.10312033e+00
 -5.30989515e-03  1.62341702e+00  1.30315197e+00 -9.47976291e-01
  1.85765088e-01  1.49317771e-01 -2.13005602e-01 -6.93675578e-01
 -4.48695384e-03 -4.57031608e-01 -9.96706784e-01 -1.11750238e-01
  4.97595131e-01  4.26965803e-01 -1.49265635e+00  2.89656907e-01
 -2.73807108e-01  8.54427159e-01  1.49728537e+00  9.41296890e-02
 -1.70012251e-01  1.05805194e+00  2.47816041e-01  8.55847076e-02
 -2.41706241e-02  3.27099591e-01 -2.99327344e-01 -2.87228137e-01
 -5.82702875e-01 -5.94702363e-01 -1.03217173e+00 -8.13124239e-01
 -5.35450697e-01 -1.03322685e+00  6.12907767e-01  1.13398790e+00
 -7.18036070e-02  1.90137476e-01  6.24559581e-01  4.69076455e-01
  6.27078772e-01  3.44742835e-01 -3.45153689e-01  1.32870555e+00
 -1.61258459e-01 -1.77030429e-01 -1.69568908e+00  1.72073066e-01
  1.15088892e+00  2.67995209e-01 -1.30087376e-01 -2.35246912e-01
 -9.75930631e-01 -2.02227771e-01  8.58478367e-01  6.41340375e-01
 -3.02943230e-01  1.06876230e+00 -6.70137048e-01  1.55068052e+00
  1.39273751e+00 -1.45554578e+00  8.48026991e-01 -9.02008832e-01
 -3.14056218e-01 -8.90919007e-03  1.89570412e-02  6.20763719e-01
  5.67845762e-01  6.88580513e-01  3.47115725e-01  9.87522900e-01
  1.26554236e-01  9.42884982e-01 -9.06472266e-01  4.57331955e-01
  5.71125150e-02  1.78218889e+00 -1.16092294e-01 -9.70406473e-01
  2.32247129e-01 -1.08961582e-01  4.84424561e-01 -1.63584903e-01
 -2.28719175e-01 -3.77911866e-01  1.91282615e-01 -4.40858275e-01
  4.58004832e-01  2.03468651e-01 -7.51598001e-01  7.42124140e-01
  2.11840153e-01 -1.47817540e+00 -5.86319506e-01 -7.08758950e-01
 -5.41633785e-01  5.09984553e-01  3.28427345e-01 -5.58312654e-01
 -3.01396579e-01  4.69190210e-01  4.12009209e-01  4.86853629e-01
  8.65669027e-02 -4.84711647e-01 -1.38688656e-02 -9.07068998e-02
  7.71938503e-01 -4.51887012e-01 -2.65402257e-01  3.44309598e-01
  8.11073661e-01 -7.00493395e-01 -3.49895090e-01  4.73346151e-02
  9.45539415e-01  3.90116870e-01 -1.22340433e-02  9.33209777e-01
  5.38321495e-01  2.30738390e-02  4.50798392e-01  5.45543730e-01
  6.47279382e-01  1.34209245e-01 -6.69469893e-01 -5.51479518e-01
 -9.10929501e-01  8.97117376e-01  7.78002381e-01  7.29684412e-01
 -4.76152264e-03 -2.28286073e-01 -1.80614281e+00 -2.43098214e-01
 -4.10343200e-01  1.65494692e+00 -1.41513258e-01  4.32345904e-02
  2.63454169e-01 -4.78654593e-01  6.30516946e-01  1.35365450e+00
  1.63908258e-01  1.05160549e-01  6.00636341e-02  3.30597907e-01
 -1.11334272e-01  8.60361159e-01 -1.12372410e+00 -1.36552715e+00
 -9.46494460e-01 -6.26207352e-01 -5.15764892e-01  5.79680920e-01
  4.80724514e-01 -1.80933341e-01  8.24896619e-02 -9.76777613e-01
 -5.42914391e-01 -7.89315462e-01  8.83481205e-01  1.10133314e+00
  2.32755274e-01  8.09302405e-02 -7.54249543e-02 -1.47234833e+00
  7.46453345e-01 -1.42875111e+00  4.53871906e-01  1.72359610e+00
 -4.06082766e-03  1.19332123e+00 -8.32867801e-01  6.88086867e-01
  1.37741864e-01  7.88703918e-01  2.78975209e-03 -7.97479689e-01
 -4.38524857e-02  1.13093853e-01 -3.82264405e-01  1.38396609e+00
  6.05312407e-01  1.89717621e-01 -1.87994957e-01  3.21862578e+00
  1.55959547e+00 -5.84481001e-01  1.94749379e+00  5.90261579e-01
 -4.26900893e-01 -1.12351143e+00 -8.85746777e-02 -1.66987240e-01
 -9.51994538e-01  9.89240885e-01 -1.71200693e-01  1.32246166e-01
  5.89776099e-01 -1.25525105e+00  1.01031929e-01 -5.00966609e-01
  1.41644366e-02 -1.63523331e-01  4.52505380e-01  1.33390218e-01
 -6.45448789e-02  3.77991378e-01 -9.04772580e-01 -5.44584334e-01
 -3.49354029e-01 -1.97096571e-01  1.93875515e+00  1.68814957e-01
 -2.22165152e-01  4.48715463e-02 -7.38904104e-02  1.40951602e-02
  1.02817461e-01  1.50721657e+00 -1.24952972e+00  6.83633089e-01
 -4.31086749e-01 -9.22964275e-01 -1.24245316e-01 -4.44169819e-01
  6.44836053e-02  1.13626456e+00  1.71797186e-01  1.07042398e-02
  2.86911428e-01  5.32820761e-01 -3.44686478e-01 -1.07940471e+00
  1.37402907e-01 -1.80691803e+00  1.57622218e+00  8.19589794e-01
 -6.37324572e-01 -1.95334256e-01 -8.80328774e-01  7.41711080e-01
  4.09598909e-02  8.34153175e-01 -4.57031339e-01  2.83941716e-01
  1.10020137e+00 -3.37292314e-01  6.80264905e-02 -1.90589011e-01
  4.87536073e-01 -1.26242483e+00 -5.79993546e-01 -4.71906066e-01
 -5.36747038e-01 -3.78981888e-01 -1.34510770e-01 -4.72808868e-01
  9.65812728e-02 -2.18814477e-01  1.01008964e+00  5.89304030e-01
  5.38034260e-01  8.42455402e-02 -1.40532881e-01  7.70158917e-02
 -7.12736309e-01  3.12387049e-01  7.75598586e-01 -1.94695726e-01
  2.33821779e-01 -2.17562497e-01 -7.44840980e-01  5.53765059e-01
  8.96856844e-01  5.78018725e-01  6.23112261e-01 -5.88956356e-01
  1.32804468e-01  7.09370058e-03  2.32104346e-01  4.71894622e-01
  1.46003708e-01 -2.01706111e-01  1.21953443e-01 -2.07336560e-01
 -7.48902500e-01 -1.27280247e+00  4.56761748e-01  1.68301880e+00
 -1.00462787e-01 -3.45182627e-01  1.17211230e-01 -1.85488552e-01
 -1.44460499e+00  3.66658300e-01 -7.31594324e-01 -8.15469101e-02
  8.85279655e-01  2.86490023e-02  5.78202724e-01  1.48835093e-01
  6.08137071e-01  1.35164604e-01 -5.97466230e-01 -1.76421344e+00
 -3.54768366e-01  2.15320006e-01 -7.04477549e-01  2.93117404e-01
 -6.49666369e-01  2.69496471e-01  1.15424120e+00 -1.98677883e-01
  7.46418774e-01  4.54378814e-01 -1.85189176e+00  3.57578620e-02
  2.35214412e-01 -4.34334457e-01 -1.24479449e+00 -4.68029976e-01
 -1.04268217e+00  4.54844862e-01  7.26285696e-01 -1.08133495e+00
  1.99147046e-01 -2.84403861e-02 -1.07138276e+00 -3.95400703e-01
  6.98548928e-02 -8.70623410e-01  1.54038906e-01 -5.60017645e-01
 -3.75669263e-02 -7.81353354e-01 -7.31090486e-01 -3.41077209e-01
 -4.64152217e-01  6.60407245e-01  2.21335888e-01 -2.39996284e-01
 -6.66767597e-01  2.04499543e-01 -9.10416782e-01 -2.94663727e-01
 -1.17032087e+00  1.64180085e-01 -8.27566922e-01  6.99705660e-01
  1.33685246e-01  1.41605005e-01  3.46421391e-01  1.11059928e+00
  2.52072841e-01  1.55291784e+00  2.43351758e-01  1.04081237e+00
 -2.76770592e-01 -1.19162232e-01 -4.60011601e-01  1.34364569e+00
 -9.52273130e-01  4.80686158e-01  4.06600356e-01  2.80897468e-01
  9.98292208e-01 -1.31541288e+00  9.41959441e-01  2.02116687e-02
  3.70601773e-01 -1.12893559e-01  4.61780250e-01 -2.28449151e-01
  5.85418820e-01  3.94479007e-01  4.59744960e-01  6.36963010e-01
 -1.59505323e-01  1.00677061e+00  9.86175179e-01 -6.47877678e-02
  1.49050981e-01 -5.52432239e-01 -1.06719267e+00 -7.53977180e-01
 -7.81509995e-01  1.15565598e+00 -7.30940580e-01 -1.53717887e+00
  5.50783157e-01 -9.11858559e-01 -8.98802519e-01  5.36069512e-01
 -1.07712102e+00  3.14948589e-01 -8.60910773e-01 -9.96511221e-01
 -2.39814848e-01 -4.29458141e-01  6.79418385e-01  9.86803651e-01
 -1.04657805e+00  9.67387035e-02  2.55706422e-02  6.05388701e-01
 -6.60483122e-01 -2.04639211e-01  4.15904880e-01 -1.35647511e+00
 -9.27955091e-01 -5.36052465e-01  7.45387852e-01 -2.18400240e+00
  7.69201517e-01  3.20852995e-01 -1.20287740e+00  8.35670292e-01
  2.94883221e-01  2.71465987e-01 -7.08536088e-01 -1.06249952e+00
 -1.07689381e+00  7.60423899e-01 -1.21171467e-01  5.39052308e-01
  2.40152165e-01  9.79230523e-01  1.66857615e-01  6.06723279e-02
  1.80916563e-01 -7.60552645e-01 -3.01277459e-01 -4.17362712e-02
  1.74062574e+00 -1.36267334e-01 -3.31193469e-02 -2.82620676e-02
 -2.71528989e-01 -1.73435509e-01 -1.85956001e-01 -6.15883954e-02
  4.15342361e-01 -1.33295789e-01 -9.73394573e-01 -1.42296922e+00
  1.11226980e-02 -6.48887813e-01 -5.59289455e-02 -9.34372365e-01
 -3.20469499e-01  1.71822205e-01 -3.72805476e-01 -1.12383872e-01
 -1.82882831e-01  7.76977718e-01 -4.01029468e-01  4.71335590e-01
  6.27876967e-02  1.55258179e-02  9.98044372e-01 -2.24709749e+00
 -1.66378126e-01  4.33711410e-01 -3.36138129e-01 -6.40719175e-01
 -3.67246747e-01 -7.96032310e-01  6.48426056e-01 -9.42266643e-01
 -1.04082751e+00  7.30441930e-03 -3.89569491e-01  1.47294855e+00
 -7.89180517e-01 -4.36671704e-01 -5.43994963e-01 -5.21494597e-02
 -1.26271176e+00 -7.26314485e-01 -1.92389399e-01  5.17222643e-01
  6.87981725e-01  5.96668839e-01 -1.68401611e+00  5.07986784e-01
 -2.20345091e-02 -4.52393144e-01  1.23454340e-01  7.45882928e-01
  3.60483646e-01  7.12965071e-01  1.17536747e+00  4.84972596e-01
  8.31876397e-01  1.12832159e-01 -5.01047611e-01  1.13193977e+00
 -2.07402274e-01  6.30153298e-01 -7.69594014e-02 -2.62613058e-01
  5.37480652e-01  7.01635540e-01 -3.63881975e-01  6.86224580e-01
  1.05129576e+00  8.88192594e-01 -8.48925829e-01 -8.82286578e-02
  5.01420915e-01 -2.86752075e-01 -3.25413257e-01 -2.72722095e-01
 -4.60710317e-01  1.91521466e+00  1.54720652e+00  1.39547616e-01
 -1.23197943e-01 -1.62960351e+00 -3.06767553e-01 -1.03407121e+00
 -9.68941152e-02 -1.37072957e+00  2.17509329e-01  3.37919682e-01
 -8.65780339e-02 -8.87138367e-01 -5.31756341e-01  6.07614458e-01
 -1.52500010e+00 -6.54680490e-01 -1.09921885e+00  3.09683889e-01
  9.32154894e-01 -7.96648264e-01  1.09819002e-01 -9.36193824e-01
  1.27858591e+00 -1.13009691e-01 -1.56532098e-02 -1.94033533e-01
  8.13754141e-01  7.27848411e-01  1.37440950e-01 -1.28356433e+00
  5.93122900e-01 -4.10506845e-01  6.62912726e-01  2.60262042e-01
  4.77744848e-01 -7.30178475e-01 -3.93511020e-02  5.23803949e-01]",0
5,[*]C(C)(C[*])C(=O)[O-],[*]CC[N+][*],2650,38080,8.5,1000,22,0.0,1,2,9,14.369811320754716,1,0,0,10.243472222222222,10.243472222222222,0.0532407407407407,-0.7986111111111109,0.4502538575862794,23.5,85.082,80.04199999999999,85.02950297991,34.0,2.5,3.0,3.0,1.6668127273868607,3.9084966379068455,100.21143267166842,6.784457050376174,3.5236033621142737,3.5236033621142737,3.504035844753885,1.5118016810571369,1.5118016810571369,1.0677875644551755,1.0677875644551755,0.348461712529338,0.348461712529338,0.0,0.0,-0.53,38.3366927298978,2.610921480426842,0.600159264681777,0.2950914053210928,36.78983322325914,35.63575031240701,9.901064578912528,5.969305287951849,19.76538044554264,0.0,0.0,5.106527394840706,5.969305287951849,4.794537184071822,6.923737199690624,0.0,12.841643245852016,40.13,5.969305287951849,9.901064578912528,5.917906046161393,6.923737199690624,0.0,0.0,6.923737199690624,0.0,0.2098148148148149,10.243472222222222,10.243472222222222,0.0,-1.0902777777777777,0.0,0.0,2.810185185185185,0.0,0.75,6.0,2.0,0.0,0.0,2.0,4.0,2.0,0.0,-0.5682,18.181,1.0,0.0,1.0,1.0,1.0,1.0,0.0,0.0,0.0,0.0,4.166666666666666,4.166666666666666,0.4131944444444444,0.4131944444444444,0.4134068917016045,14.666666666666666,42.06099999999999,38.029,42.03382554808999,16.0,2.0,2.6666666666666665,3.6666666666666665,3.6666666666666665,1.4056390622295665,2.19060968716425,15.119415478763749,4.121320343559642,1.8614271578730528,1.8614271578730528,2.414213562373095,0.8162277660168378,0.8162277660168378,0.2236067977499789,0.2236067977499789,0.0,0.0,0.0,0.0,-0.04,11.245112497836532,0.72512600755025,0.2061650840029218,0.0008163265306122,20.444083839238875,19.202161082765382,0.0,0.0,5.733667477162185,0.0,6.923737199690624,6.544756405912575,0.0,5.733667477162185,6.544756405912575,0.0,0.0,0.0,0.0,6.923737199690624,14.1,0.0,0.0,0.0,0.0,13.4684936056032,0.0,0.0,5.733667477162185,1.1076388888888888,0.0,0.0,4.166666666666666,0.0,0.0,0.0,2.7256944444444446,0.0,1.0,3.0,1.0,0.0,0.0,0.0,3.0,2.0,0.0,0.0226999999999999,11.808000000000002,0.0,0.0,0.0,0.0,0.0,0.0,1.0,0.0,0.0,0.0,0.0,0.0,[*]CC([*])(C)C(=O)[O-],[*]C[N+]C[*],"[ 7.49274790e-01  3.35424781e-01  4.55891341e-01 -1.09221423e+00
 -6.25216782e-01  3.14305499e-02 -1.89206481e-01 -9.25612390e-01
 -2.35249296e-01  1.36610961e+00  8.83861855e-02 -7.13659585e-01
  8.14221084e-01 -6.92512333e-01 -5.14061689e-01 -1.33080852e+00
 -1.47874510e+00 -1.03471792e+00 -6.12177968e-01  2.09805042e-01
  5.51994801e-01 -3.05551559e-01  4.35497522e-01  7.36454964e-01
 -6.94340706e-01  1.29001057e+00  2.37998891e+00 -4.05347496e-01
 -6.00476742e-01  7.56517649e-01 -2.95091867e-01 -4.40703213e-01
 -2.38245353e-01 -1.06833398e+00  5.43902814e-01  2.87487179e-01
  1.05013542e-01  7.71469295e-01  2.95419157e-01  2.99429774e-01
 -1.54818922e-01  9.55972448e-02  1.18825090e+00  1.62336457e+00
  2.11596087e-01  1.97126698e+00  7.42778480e-01  1.40871525e-01
 -2.52242148e-01 -5.88141322e-01 -8.30902278e-01 -5.11340201e-02
 -4.66348320e-01 -3.61824811e-01 -5.98171353e-01 -3.63103032e-01
  2.47532055e-01  5.11704028e-01 -7.26159394e-01  1.30475163e-01
 -9.32137072e-01  1.43789789e-02  4.87203658e-01 -6.09903224e-02
 -5.22938311e-01 -2.59041160e-01 -3.10223382e-02  1.33649796e-01
 -4.49149907e-01 -9.90190208e-01 -4.37130392e-01 -8.20998698e-02
 -1.41018599e-01  2.47300267e-01 -1.07266307e+00 -3.37361068e-01
 -3.82067502e-01 -3.48674297e-01  2.41132863e-02 -3.69367570e-01
  4.26380429e-03 -3.68784666e-01  2.93142378e-01  3.39492798e-01
  1.76544249e-01  7.48980865e-02  3.78351748e-01  1.43084496e-01
 -7.50767514e-02  6.98696852e-01 -1.23164153e+00  1.54972628e-01
  1.30712831e+00  4.13169146e-01 -7.62161970e-01  6.20638654e-02
  6.53732941e-02  3.98433149e-01  3.35860610e-01  2.57231444e-01
  5.09362817e-01  2.24197790e-01 -1.09119499e+00  9.36800539e-01
  7.53451943e-01 -1.23084819e+00  9.08430457e-01 -8.67207110e-01
 -4.80619073e-01  4.63999063e-01 -5.08662164e-01  2.84325276e-02
  8.96979451e-01  2.75238305e-01  6.04319394e-01  7.04479277e-01
 -1.92388758e-01  5.88916123e-01 -1.65896252e-01  1.25128731e-01
 -5.41119277e-01  5.95371544e-01 -4.40301627e-01 -9.53436732e-01
 -8.70644271e-01 -7.01563358e-02  5.19006014e-01 -8.48310441e-02
 -4.53820378e-01 -7.63373524e-02 -2.50903994e-01  1.05273589e-01
 -7.83522904e-04 -5.48577607e-01 -1.58988476e+00  4.16692108e-01
  4.86379087e-01 -6.73893452e-01 -2.14246154e-01 -8.94058764e-01
 -1.69562221e-01  1.62465900e-01  4.72447537e-02 -9.45844769e-01
  3.12819541e-01  4.59828615e-01  1.81325778e-01  5.45694053e-01
  5.22985049e-02 -2.90770084e-01  1.11780930e+00 -6.53702319e-01
  8.88752520e-01 -5.18661022e-01  2.26448655e-01  4.19900529e-02
  2.09506735e-01 -9.99619067e-01 -5.97911179e-01  2.40267485e-01
  3.84019047e-01  1.01165771e-01 -1.29132763e-01  1.37262657e-01
  2.43125573e-01  6.61093593e-02  7.34124482e-01  6.55801445e-02
  8.67221475e-01  1.02447104e+00  1.94548965e-01  4.92215395e-01
  2.58256465e-01  7.06858218e-01  4.08109426e-01  1.43596029e+00
 -2.34669849e-01 -2.20608890e-01 -9.00353014e-01 -1.68292020e-02
 -5.18259466e-01  9.73584116e-01  6.35090172e-01 -3.21039736e-01
  1.96893781e-01  1.36441048e-02  5.94366267e-02  6.31835938e-01
 -6.74691439e-01  2.92127788e-01 -1.58445194e-01  4.75977540e-01
 -1.05258442e-01 -2.61095129e-02 -3.47841859e-01 -1.38431609e+00
  2.30988905e-01  2.42584631e-01  2.42318988e-01  8.21007431e-01
  3.47805738e-01 -5.93114078e-01  6.15051806e-01 -1.13383365e+00
 -1.02469993e+00 -2.10129380e-01  5.13058305e-01 -4.32122946e-02
 -8.96828771e-01 -5.06239772e-01  2.97274590e-02 -1.87300277e+00
  9.58072007e-01 -7.87090957e-01 -5.90321839e-01  1.57090092e+00
 -1.52412921e-01  1.07509518e+00 -2.78278589e-01  6.61327541e-01
 -4.37102556e-01  6.07341051e-01  1.74592510e-01 -8.32812190e-01
  7.96080351e-01 -5.79209208e-01 -2.50138134e-01  8.92362118e-01
 -2.45963167e-02 -1.42872378e-01 -1.42276669e+00  1.69364798e+00
  6.29426658e-01 -5.70318513e-02  1.35555339e+00  7.65864253e-01
  4.97816533e-01  1.59259066e-02 -5.13777614e-01 -9.02717590e-01
 -1.13018739e+00  3.83352101e-01 -4.77341488e-02 -3.79710466e-01
 -4.47504103e-01 -1.09895110e+00 -3.86139631e-01  1.03090264e-01
  8.51628721e-01  2.24349573e-01 -3.13555300e-02  1.22573696e-01
  4.94108871e-02  6.98103666e-01  3.02277476e-01  1.66599587e-01
 -3.08436722e-01 -4.66002375e-01  1.62361014e+00 -2.62132585e-01
  5.79887815e-02 -6.79709196e-01  4.46500778e-01 -7.97002465e-02
 -8.20023119e-02  1.22393526e-01 -2.83097059e-01  4.32255983e-01
 -1.04199953e-01 -1.23305070e+00 -3.06826502e-01  3.86385806e-02
 -5.26868701e-01  2.08499730e-01 -1.37608588e-01 -2.77598381e-01
  1.16459966e+00  3.82706597e-02 -1.96235068e-02 -8.02532017e-01
  5.66025376e-01 -4.30100381e-01  1.32197094e+00  6.55819237e-01
 -1.05254024e-01 -6.85315967e-01  2.16215566e-01  5.93630016e-01
  2.85155267e-01  3.85740906e-01 -5.23835123e-01  3.65415752e-01
  1.48793125e+00 -3.41312021e-01  8.37343931e-02  3.88410576e-02
  1.16101551e+00 -8.25121999e-01  2.77617723e-02  7.33939037e-02
 -4.48615134e-01 -3.60707045e-01  2.16005355e-01 -1.82437807e-01
  2.44415596e-01 -5.28269887e-01  8.22483182e-01 -5.70847653e-02
  8.29918385e-01 -1.71355367e-01 -1.51496232e-01  4.65150774e-01
  3.33200365e-01  1.27273887e-01  9.12838519e-01 -1.40352994e-01
 -2.76168674e-01 -5.63478529e-01  1.85518518e-01  6.18515849e-01
  9.07797396e-01  5.58707714e-01  6.54310524e-01 -9.68789756e-01
 -6.15588129e-02 -2.76184026e-02  2.73121327e-01 -3.54086995e-01
  4.74624962e-01  1.37339443e-01 -3.33838254e-01 -4.54894483e-01
 -4.43201482e-01  4.87415552e-01  6.92939878e-01  7.76845098e-01
  2.34562084e-01 -1.71094164e-01  6.52617574e-01 -7.15576172e-01
 -3.63845557e-01  1.07632124e+00 -2.44740129e-01 -1.39437407e-01
  1.62900817e+00  1.14459256e-02  9.56065774e-01  2.93038279e-01
  3.91988426e-01  3.39301564e-02 -6.13436103e-01 -7.80028582e-01
  2.32236609e-01  1.24575007e+00 -7.12414160e-02  6.11095548e-01
  4.77192504e-03 -1.05789937e-01  2.36828491e-01  5.28803527e-01
  4.67312008e-01 -1.94977492e-01 -9.55596268e-01 -6.81563795e-01
  4.23343569e-01 -2.96947718e-01 -3.69488955e-01 -2.89484084e-01
 -4.30452943e-01 -1.37250312e-02  2.62498766e-01 -5.61480105e-01
  5.62621891e-01 -4.18706477e-01 -8.56468499e-01  5.93134239e-02
 -1.00340411e-01 -7.35716164e-01  1.38378620e-01 -6.84343696e-01
  2.17011675e-01 -4.22011822e-01 -4.02174950e-01 -2.10074112e-01
 -6.50949299e-01  8.00443947e-01 -1.05892392e-02 -5.88889062e-01
 -3.27951312e-02 -9.57627073e-02 -4.11157161e-01  1.26788989e-01
 -4.45752770e-01 -3.34704220e-01 -6.30857348e-01  7.39717126e-01
  3.73316854e-01  1.94936663e-01  8.15797508e-01  7.57897347e-02
  2.51457661e-01  7.87429273e-01 -5.90912402e-02  8.01935017e-01
 -5.09869382e-02 -3.16675752e-01 -8.06985676e-01  3.75884295e-01
 -1.02298295e+00  2.55849570e-01  2.58157365e-02  1.62940547e-01
  3.08816880e-01 -8.00899506e-01  1.81837904e+00 -6.99088693e-01
 -2.37569124e-01 -3.24667641e-03 -4.07583922e-01 -2.53018081e-01
  1.05101004e-01  7.78838634e-01  7.80924141e-01  3.96106571e-01
  4.07956630e-01 -2.10249022e-01  4.17130977e-01 -3.68258469e-02
  2.39590809e-01 -1.32325947e-01 -1.05014598e+00 -3.78439307e-01
  1.21962957e-01  9.12429273e-01 -5.16304731e-01 -4.10982370e-01
  1.13879271e-01 -7.30947316e-01 -1.19410682e+00 -8.46092477e-02
 -4.51732308e-01  3.39796931e-01  1.79029241e-01 -3.18569988e-01
 -4.01548207e-01  1.05452193e-02 -9.81033444e-02  2.65956130e-02
 -1.16055489e+00 -2.66568363e-01 -4.17371392e-01 -2.27321759e-01
 -7.98538566e-01 -2.68420726e-01 -7.56898522e-02 -1.46671772e+00
 -3.53073359e-01  7.68439353e-01  5.23869157e-01 -1.45392466e+00
 -7.55149201e-02 -2.53495097e-01 -6.51691973e-01  1.01998317e+00
  1.75246254e-01  2.19446480e-01 -8.75575662e-01  6.49622753e-02
 -2.21772552e-01  6.31361604e-01  1.11363959e+00  8.29166234e-01
 -9.94006217e-01  5.85105002e-01  1.62860320e-03  6.57095253e-01
 -6.60761952e-01  4.83092368e-01  2.10053355e-01  1.93984300e-01
  1.08389914e+00 -2.88248777e-01  2.90296733e-01  6.75145447e-01
  6.10232018e-02 -5.08173525e-01 -1.05302072e+00  4.84012961e-01
 -1.34737328e-01 -1.63434446e-01 -1.95996463e-01 -1.06526923e+00
 -8.11576009e-01 -3.66595089e-01 -1.52673945e-02 -1.13481522e-01
  6.21918961e-02  6.84323311e-02 -7.70469382e-02 -6.34581506e-01
  2.21770406e-01  7.27311909e-01 -3.06834489e-01  1.09503961e+00
 -6.35234714e-02  7.48488754e-02  3.62029821e-01 -1.14483583e+00
  3.36602688e-01 -3.94898474e-01 -4.43032160e-02 -2.25445300e-01
 -9.30737793e-01  4.10731554e-01  3.46095145e-01 -8.76426399e-01
 -7.85481334e-01 -9.14595544e-01 -4.12273765e-01  5.75143516e-01
 -7.46130526e-01  4.76899326e-01 -7.44161129e-01 -6.33583188e-01
 -7.63390839e-01 -8.95849407e-01 -5.26674464e-02  3.77323836e-01
  6.89602196e-02  8.11982453e-01 -1.31613028e+00  7.27658644e-02
 -1.96165428e-01  6.04341328e-01  2.99889833e-01 -1.47399947e-01
  2.67245054e-01  6.23204529e-01  1.50411510e+00  6.07940815e-02
  2.72842020e-01  4.67290968e-01 -6.77232504e-01  5.37263155e-01
 -2.76431590e-01  6.60036445e-01 -5.24141677e-02  3.49252112e-02
  1.12972081e-01  2.25270927e-01 -1.09064952e-01  3.46314520e-01
  7.54533410e-01  7.83834755e-01 -4.25179332e-01  5.52726567e-01
 -1.95189342e-01 -5.99463761e-01 -3.58343661e-01 -2.30281323e-01
  2.36615911e-01  4.99656409e-01  1.68579209e+00 -1.51982561e-01
 -5.63962042e-01 -1.29549968e+00 -2.81212598e-01 -2.55549937e-01
  4.69508678e-01  1.41729280e-01 -5.26430964e-01  2.20184013e-01
 -2.16536090e-01 -9.31372881e-01 -9.69826996e-01  4.32354122e-01
 -1.06032109e+00 -5.03427327e-01 -8.87604475e-01  4.38566148e-01
  1.47396326e+00 -1.03932881e+00  6.63527369e-01 -9.93533015e-01
  1.08747959e+00 -9.77717102e-01 -1.65758193e-01 -4.72277105e-02
  1.20034409e+00  2.41741404e-01  3.70389432e-01 -1.49647415e+00
  6.98196530e-01 -5.78175962e-01  4.05572444e-01 -6.85069382e-01
  1.34073234e+00 -3.75742733e-01 -1.80194214e-01  3.50243032e-01]","[ 2.73681909e-01  1.66004568e-01 -7.44565070e-01 -1.47705269e+00
 -1.09840822e+00 -1.53690919e-01 -1.29248112e-01  2.95904994e-01
 -9.16356027e-01  1.40345776e+00  1.00063539e+00 -6.83065832e-01
  1.30242276e+00 -2.33746576e+00 -9.75994170e-01 -7.89787889e-01
 -1.79506803e+00 -1.28128958e+00  2.09810168e-01  1.29709288e-01
  4.47607398e-01 -6.85392797e-01  7.80511856e-01  1.21133173e+00
 -3.64384532e-01  1.07354224e+00  2.32574058e+00 -1.55821651e-01
 -2.85600513e-01  3.01326066e-01 -6.34632647e-01  1.65162787e-01
  2.81757385e-01 -3.74723703e-01 -2.95077354e-01  7.01536298e-01
 -2.88844388e-02  2.32678980e-01  2.16173112e-01  5.24862707e-01
 -7.30150580e-01 -4.09290910e-01  1.78005755e+00  1.10312033e+00
 -5.30989515e-03  1.62341702e+00  1.30315197e+00 -9.47976291e-01
  1.85765088e-01  1.49317771e-01 -2.13005602e-01 -6.93675578e-01
 -4.48695384e-03 -4.57031608e-01 -9.96706784e-01 -1.11750238e-01
  4.97595131e-01  4.26965803e-01 -1.49265635e+00  2.89656907e-01
 -2.73807108e-01  8.54427159e-01  1.49728537e+00  9.41296890e-02
 -1.70012251e-01  1.05805194e+00  2.47816041e-01  8.55847076e-02
 -2.41706241e-02  3.27099591e-01 -2.99327344e-01 -2.87228137e-01
 -5.82702875e-01 -5.94702363e-01 -1.03217173e+00 -8.13124239e-01
 -5.35450697e-01 -1.03322685e+00  6.12907767e-01  1.13398790e+00
 -7.18036070e-02  1.90137476e-01  6.24559581e-01  4.69076455e-01
  6.27078772e-01  3.44742835e-01 -3.45153689e-01  1.32870555e+00
 -1.61258459e-01 -1.77030429e-01 -1.69568908e+00  1.72073066e-01
  1.15088892e+00  2.67995209e-01 -1.30087376e-01 -2.35246912e-01
 -9.75930631e-01 -2.02227771e-01  8.58478367e-01  6.41340375e-01
 -3.02943230e-01  1.06876230e+00 -6.70137048e-01  1.55068052e+00
  1.39273751e+00 -1.45554578e+00  8.48026991e-01 -9.02008832e-01
 -3.14056218e-01 -8.90919007e-03  1.89570412e-02  6.20763719e-01
  5.67845762e-01  6.88580513e-01  3.47115725e-01  9.87522900e-01
  1.26554236e-01  9.42884982e-01 -9.06472266e-01  4.57331955e-01
  5.71125150e-02  1.78218889e+00 -1.16092294e-01 -9.70406473e-01
  2.32247129e-01 -1.08961582e-01  4.84424561e-01 -1.63584903e-01
 -2.28719175e-01 -3.77911866e-01  1.91282615e-01 -4.40858275e-01
  4.58004832e-01  2.03468651e-01 -7.51598001e-01  7.42124140e-01
  2.11840153e-01 -1.47817540e+00 -5.86319506e-01 -7.08758950e-01
 -5.41633785e-01  5.09984553e-01  3.28427345e-01 -5.58312654e-01
 -3.01396579e-01  4.69190210e-01  4.12009209e-01  4.86853629e-01
  8.65669027e-02 -4.84711647e-01 -1.38688656e-02 -9.07068998e-02
  7.71938503e-01 -4.51887012e-01 -2.65402257e-01  3.44309598e-01
  8.11073661e-01 -7.00493395e-01 -3.49895090e-01  4.73346151e-02
  9.45539415e-01  3.90116870e-01 -1.22340433e-02  9.33209777e-01
  5.38321495e-01  2.30738390e-02  4.50798392e-01  5.45543730e-01
  6.47279382e-01  1.34209245e-01 -6.69469893e-01 -5.51479518e-01
 -9.10929501e-01  8.97117376e-01  7.78002381e-01  7.29684412e-01
 -4.76152264e-03 -2.28286073e-01 -1.80614281e+00 -2.43098214e-01
 -4.10343200e-01  1.65494692e+00 -1.41513258e-01  4.32345904e-02
  2.63454169e-01 -4.78654593e-01  6.30516946e-01  1.35365450e+00
  1.63908258e-01  1.05160549e-01  6.00636341e-02  3.30597907e-01
 -1.11334272e-01  8.60361159e-01 -1.12372410e+00 -1.36552715e+00
 -9.46494460e-01 -6.26207352e-01 -5.15764892e-01  5.79680920e-01
  4.80724514e-01 -1.80933341e-01  8.24896619e-02 -9.76777613e-01
 -5.42914391e-01 -7.89315462e-01  8.83481205e-01  1.10133314e+00
  2.32755274e-01  8.09302405e-02 -7.54249543e-02 -1.47234833e+00
  7.46453345e-01 -1.42875111e+00  4.53871906e-01  1.72359610e+00
 -4.06082766e-03  1.19332123e+00 -8.32867801e-01  6.88086867e-01
  1.37741864e-01  7.88703918e-01  2.78975209e-03 -7.97479689e-01
 -4.38524857e-02  1.13093853e-01 -3.82264405e-01  1.38396609e+00
  6.05312407e-01  1.89717621e-01 -1.87994957e-01  3.21862578e+00
  1.55959547e+00 -5.84481001e-01  1.94749379e+00  5.90261579e-01
 -4.26900893e-01 -1.12351143e+00 -8.85746777e-02 -1.66987240e-01
 -9.51994538e-01  9.89240885e-01 -1.71200693e-01  1.32246166e-01
  5.89776099e-01 -1.25525105e+00  1.01031929e-01 -5.00966609e-01
  1.41644366e-02 -1.63523331e-01  4.52505380e-01  1.33390218e-01
 -6.45448789e-02  3.77991378e-01 -9.04772580e-01 -5.44584334e-01
 -3.49354029e-01 -1.97096571e-01  1.93875515e+00  1.68814957e-01
 -2.22165152e-01  4.48715463e-02 -7.38904104e-02  1.40951602e-02
  1.02817461e-01  1.50721657e+00 -1.24952972e+00  6.83633089e-01
 -4.31086749e-01 -9.22964275e-01 -1.24245316e-01 -4.44169819e-01
  6.44836053e-02  1.13626456e+00  1.71797186e-01  1.07042398e-02
  2.86911428e-01  5.32820761e-01 -3.44686478e-01 -1.07940471e+00
  1.37402907e-01 -1.80691803e+00  1.57622218e+00  8.19589794e-01
 -6.37324572e-01 -1.95334256e-01 -8.80328774e-01  7.41711080e-01
  4.09598909e-02  8.34153175e-01 -4.57031339e-01  2.83941716e-01
  1.10020137e+00 -3.37292314e-01  6.80264905e-02 -1.90589011e-01
  4.87536073e-01 -1.26242483e+00 -5.79993546e-01 -4.71906066e-01
 -5.36747038e-01 -3.78981888e-01 -1.34510770e-01 -4.72808868e-01
  9.65812728e-02 -2.18814477e-01  1.01008964e+00  5.89304030e-01
  5.38034260e-01  8.42455402e-02 -1.40532881e-01  7.70158917e-02
 -7.12736309e-01  3.12387049e-01  7.75598586e-01 -1.94695726e-01
  2.33821779e-01 -2.17562497e-01 -7.44840980e-01  5.53765059e-01
  8.96856844e-01  5.78018725e-01  6.23112261e-01 -5.88956356e-01
  1.32804468e-01  7.09370058e-03  2.32104346e-01  4.71894622e-01
  1.46003708e-01 -2.01706111e-01  1.21953443e-01 -2.07336560e-01
 -7.48902500e-01 -1.27280247e+00  4.56761748e-01  1.68301880e+00
 -1.00462787e-01 -3.45182627e-01  1.17211230e-01 -1.85488552e-01
 -1.44460499e+00  3.66658300e-01 -7.31594324e-01 -8.15469101e-02
  8.85279655e-01  2.86490023e-02  5.78202724e-01  1.48835093e-01
  6.08137071e-01  1.35164604e-01 -5.97466230e-01 -1.76421344e+00
 -3.54768366e-01  2.15320006e-01 -7.04477549e-01  2.93117404e-01
 -6.49666369e-01  2.69496471e-01  1.15424120e+00 -1.98677883e-01
  7.46418774e-01  4.54378814e-01 -1.85189176e+00  3.57578620e-02
  2.35214412e-01 -4.34334457e-01 -1.24479449e+00 -4.68029976e-01
 -1.04268217e+00  4.54844862e-01  7.26285696e-01 -1.08133495e+00
  1.99147046e-01 -2.84403861e-02 -1.07138276e+00 -3.95400703e-01
  6.98548928e-02 -8.70623410e-01  1.54038906e-01 -5.60017645e-01
 -3.75669263e-02 -7.81353354e-01 -7.31090486e-01 -3.41077209e-01
 -4.64152217e-01  6.60407245e-01  2.21335888e-01 -2.39996284e-01
 -6.66767597e-01  2.04499543e-01 -9.10416782e-01 -2.94663727e-01
 -1.17032087e+00  1.64180085e-01 -8.27566922e-01  6.99705660e-01
  1.33685246e-01  1.41605005e-01  3.46421391e-01  1.11059928e+00
  2.52072841e-01  1.55291784e+00  2.43351758e-01  1.04081237e+00
 -2.76770592e-01 -1.19162232e-01 -4.60011601e-01  1.34364569e+00
 -9.52273130e-01  4.80686158e-01  4.06600356e-01  2.80897468e-01
  9.98292208e-01 -1.31541288e+00  9.41959441e-01  2.02116687e-02
  3.70601773e-01 -1.12893559e-01  4.61780250e-01 -2.28449151e-01
  5.85418820e-01  3.94479007e-01  4.59744960e-01  6.36963010e-01
 -1.59505323e-01  1.00677061e+00  9.86175179e-01 -6.47877678e-02
  1.49050981e-01 -5.52432239e-01 -1.06719267e+00 -7.53977180e-01
 -7.81509995e-01  1.15565598e+00 -7.30940580e-01 -1.53717887e+00
  5.50783157e-01 -9.11858559e-01 -8.98802519e-01  5.36069512e-01
 -1.07712102e+00  3.14948589e-01 -8.60910773e-01 -9.96511221e-01
 -2.39814848e-01 -4.29458141e-01  6.79418385e-01  9.86803651e-01
 -1.04657805e+00  9.67387035e-02  2.55706422e-02  6.05388701e-01
 -6.60483122e-01 -2.04639211e-01  4.15904880e-01 -1.35647511e+00
 -9.27955091e-01 -5.36052465e-01  7.45387852e-01 -2.18400240e+00
  7.69201517e-01  3.20852995e-01 -1.20287740e+00  8.35670292e-01
  2.94883221e-01  2.71465987e-01 -7.08536088e-01 -1.06249952e+00
 -1.07689381e+00  7.60423899e-01 -1.21171467e-01  5.39052308e-01
  2.40152165e-01  9.79230523e-01  1.66857615e-01  6.06723279e-02
  1.80916563e-01 -7.60552645e-01 -3.01277459e-01 -4.17362712e-02
  1.74062574e+00 -1.36267334e-01 -3.31193469e-02 -2.82620676e-02
 -2.71528989e-01 -1.73435509e-01 -1.85956001e-01 -6.15883954e-02
  4.15342361e-01 -1.33295789e-01 -9.73394573e-01 -1.42296922e+00
  1.11226980e-02 -6.48887813e-01 -5.59289455e-02 -9.34372365e-01
 -3.20469499e-01  1.71822205e-01 -3.72805476e-01 -1.12383872e-01
 -1.82882831e-01  7.76977718e-01 -4.01029468e-01  4.71335590e-01
  6.27876967e-02  1.55258179e-02  9.98044372e-01 -2.24709749e+00
 -1.66378126e-01  4.33711410e-01 -3.36138129e-01 -6.40719175e-01
 -3.67246747e-01 -7.96032310e-01  6.48426056e-01 -9.42266643e-01
 -1.04082751e+00  7.30441930e-03 -3.89569491e-01  1.47294855e+00
 -7.89180517e-01 -4.36671704e-01 -5.43994963e-01 -5.21494597e-02
 -1.26271176e+00 -7.26314485e-01 -1.92389399e-01  5.17222643e-01
  6.87981725e-01  5.96668839e-01 -1.68401611e+00  5.07986784e-01
 -2.20345091e-02 -4.52393144e-01  1.23454340e-01  7.45882928e-01
  3.60483646e-01  7.12965071e-01  1.17536747e+00  4.84972596e-01
  8.31876397e-01  1.12832159e-01 -5.01047611e-01  1.13193977e+00
 -2.07402274e-01  6.30153298e-01 -7.69594014e-02 -2.62613058e-01
  5.37480652e-01  7.01635540e-01 -3.63881975e-01  6.86224580e-01
  1.05129576e+00  8.88192594e-01 -8.48925829e-01 -8.82286578e-02
  5.01420915e-01 -2.86752075e-01 -3.25413257e-01 -2.72722095e-01
 -4.60710317e-01  1.91521466e+00  1.54720652e+00  1.39547616e-01
 -1.23197943e-01 -1.62960351e+00 -3.06767553e-01 -1.03407121e+00
 -9.68941152e-02 -1.37072957e+00  2.17509329e-01  3.37919682e-01
 -8.65780339e-02 -8.87138367e-01 -5.31756341e-01  6.07614458e-01
 -1.52500010e+00 -6.54680490e-01 -1.09921885e+00  3.09683889e-01
  9.32154894e-01 -7.96648264e-01  1.09819002e-01 -9.36193824e-01
  1.27858591e+00 -1.13009691e-01 -1.56532098e-02 -1.94033533e-01
  8.13754141e-01  7.27848411e-01  1.37440950e-01 -1.28356433e+00
  5.93122900e-01 -4.10506845e-01  6.62912726e-01  2.60262042e-01
  4.77744848e-01 -7.30178475e-01 -3.93511020e-02  5.23803949e-01]",0
6,[*]C(C)(C[*])C(=O)[O-],[*]CC[N+][*],2650,38080,8.5,900,18,0.0,1,2,9,14.369811320754716,1,0,0,10.243472222222222,10.243472222222222,0.0532407407407407,-0.7986111111111109,0.4502538575862794,23.5,85.082,80.04199999999999,85.02950297991,34.0,2.5,3.0,3.0,1.6668127273868607,3.9084966379068455,100.21143267166842,6.784457050376174,3.5236033621142737,3.5236033621142737,3.504035844753885,1.5118016810571369,1.5118016810571369,1.0677875644551755,1.0677875644551755,0.348461712529338,0.348461712529338,0.0,0.0,-0.53,38.3366927298978,2.610921480426842,0.600159264681777,0.2950914053210928,36.78983322325914,35.63575031240701,9.901064578912528,5.969305287951849,19.76538044554264,0.0,0.0,5.106527394840706,5.969305287951849,4.794537184071822,6.923737199690624,0.0,12.841643245852016,40.13,5.969305287951849,9.901064578912528,5.917906046161393,6.923737199690624,0.0,0.0,6.923737199690624,0.0,0.2098148148148149,10.243472222222222,10.243472222222222,0.0,-1.0902777777777777,0.0,0.0,2.810185185185185,0.0,0.75,6.0,2.0,0.0,0.0,2.0,4.0,2.0,0.0,-0.5682,18.181,1.0,0.0,1.0,1.0,1.0,1.0,0.0,0.0,0.0,0.0,4.166666666666666,4.166666666666666,0.4131944444444444,0.4131944444444444,0.4134068917016045,14.666666666666666,42.06099999999999,38.029,42.03382554808999,16.0,2.0,2.6666666666666665,3.6666666666666665,3.6666666666666665,1.4056390622295665,2.19060968716425,15.119415478763749,4.121320343559642,1.8614271578730528,1.8614271578730528,2.414213562373095,0.8162277660168378,0.8162277660168378,0.2236067977499789,0.2236067977499789,0.0,0.0,0.0,0.0,-0.04,11.245112497836532,0.72512600755025,0.2061650840029218,0.0008163265306122,20.444083839238875,19.202161082765382,0.0,0.0,5.733667477162185,0.0,6.923737199690624,6.544756405912575,0.0,5.733667477162185,6.544756405912575,0.0,0.0,0.0,0.0,6.923737199690624,14.1,0.0,0.0,0.0,0.0,13.4684936056032,0.0,0.0,5.733667477162185,1.1076388888888888,0.0,0.0,4.166666666666666,0.0,0.0,0.0,2.7256944444444446,0.0,1.0,3.0,1.0,0.0,0.0,0.0,3.0,2.0,0.0,0.0226999999999999,11.808000000000002,0.0,0.0,0.0,0.0,0.0,0.0,1.0,0.0,0.0,0.0,0.0,0.0,[*]CC([*])(C)C(=O)[O-],[*]C[N+]C[*],"[ 7.49274790e-01  3.35424781e-01  4.55891341e-01 -1.09221423e+00
 -6.25216782e-01  3.14305499e-02 -1.89206481e-01 -9.25612390e-01
 -2.35249296e-01  1.36610961e+00  8.83861855e-02 -7.13659585e-01
  8.14221084e-01 -6.92512333e-01 -5.14061689e-01 -1.33080852e+00
 -1.47874510e+00 -1.03471792e+00 -6.12177968e-01  2.09805042e-01
  5.51994801e-01 -3.05551559e-01  4.35497522e-01  7.36454964e-01
 -6.94340706e-01  1.29001057e+00  2.37998891e+00 -4.05347496e-01
 -6.00476742e-01  7.56517649e-01 -2.95091867e-01 -4.40703213e-01
 -2.38245353e-01 -1.06833398e+00  5.43902814e-01  2.87487179e-01
  1.05013542e-01  7.71469295e-01  2.95419157e-01  2.99429774e-01
 -1.54818922e-01  9.55972448e-02  1.18825090e+00  1.62336457e+00
  2.11596087e-01  1.97126698e+00  7.42778480e-01  1.40871525e-01
 -2.52242148e-01 -5.88141322e-01 -8.30902278e-01 -5.11340201e-02
 -4.66348320e-01 -3.61824811e-01 -5.98171353e-01 -3.63103032e-01
  2.47532055e-01  5.11704028e-01 -7.26159394e-01  1.30475163e-01
 -9.32137072e-01  1.43789789e-02  4.87203658e-01 -6.09903224e-02
 -5.22938311e-01 -2.59041160e-01 -3.10223382e-02  1.33649796e-01
 -4.49149907e-01 -9.90190208e-01 -4.37130392e-01 -8.20998698e-02
 -1.41018599e-01  2.47300267e-01 -1.07266307e+00 -3.37361068e-01
 -3.82067502e-01 -3.48674297e-01  2.41132863e-02 -3.69367570e-01
  4.26380429e-03 -3.68784666e-01  2.93142378e-01  3.39492798e-01
  1.76544249e-01  7.48980865e-02  3.78351748e-01  1.43084496e-01
 -7.50767514e-02  6.98696852e-01 -1.23164153e+00  1.54972628e-01
  1.30712831e+00  4.13169146e-01 -7.62161970e-01  6.20638654e-02
  6.53732941e-02  3.98433149e-01  3.35860610e-01  2.57231444e-01
  5.09362817e-01  2.24197790e-01 -1.09119499e+00  9.36800539e-01
  7.53451943e-01 -1.23084819e+00  9.08430457e-01 -8.67207110e-01
 -4.80619073e-01  4.63999063e-01 -5.08662164e-01  2.84325276e-02
  8.96979451e-01  2.75238305e-01  6.04319394e-01  7.04479277e-01
 -1.92388758e-01  5.88916123e-01 -1.65896252e-01  1.25128731e-01
 -5.41119277e-01  5.95371544e-01 -4.40301627e-01 -9.53436732e-01
 -8.70644271e-01 -7.01563358e-02  5.19006014e-01 -8.48310441e-02
 -4.53820378e-01 -7.63373524e-02 -2.50903994e-01  1.05273589e-01
 -7.83522904e-04 -5.48577607e-01 -1.58988476e+00  4.16692108e-01
  4.86379087e-01 -6.73893452e-01 -2.14246154e-01 -8.94058764e-01
 -1.69562221e-01  1.62465900e-01  4.72447537e-02 -9.45844769e-01
  3.12819541e-01  4.59828615e-01  1.81325778e-01  5.45694053e-01
  5.22985049e-02 -2.90770084e-01  1.11780930e+00 -6.53702319e-01
  8.88752520e-01 -5.18661022e-01  2.26448655e-01  4.19900529e-02
  2.09506735e-01 -9.99619067e-01 -5.97911179e-01  2.40267485e-01
  3.84019047e-01  1.01165771e-01 -1.29132763e-01  1.37262657e-01
  2.43125573e-01  6.61093593e-02  7.34124482e-01  6.55801445e-02
  8.67221475e-01  1.02447104e+00  1.94548965e-01  4.92215395e-01
  2.58256465e-01  7.06858218e-01  4.08109426e-01  1.43596029e+00
 -2.34669849e-01 -2.20608890e-01 -9.00353014e-01 -1.68292020e-02
 -5.18259466e-01  9.73584116e-01  6.35090172e-01 -3.21039736e-01
  1.96893781e-01  1.36441048e-02  5.94366267e-02  6.31835938e-01
 -6.74691439e-01  2.92127788e-01 -1.58445194e-01  4.75977540e-01
 -1.05258442e-01 -2.61095129e-02 -3.47841859e-01 -1.38431609e+00
  2.30988905e-01  2.42584631e-01  2.42318988e-01  8.21007431e-01
  3.47805738e-01 -5.93114078e-01  6.15051806e-01 -1.13383365e+00
 -1.02469993e+00 -2.10129380e-01  5.13058305e-01 -4.32122946e-02
 -8.96828771e-01 -5.06239772e-01  2.97274590e-02 -1.87300277e+00
  9.58072007e-01 -7.87090957e-01 -5.90321839e-01  1.57090092e+00
 -1.52412921e-01  1.07509518e+00 -2.78278589e-01  6.61327541e-01
 -4.37102556e-01  6.07341051e-01  1.74592510e-01 -8.32812190e-01
  7.96080351e-01 -5.79209208e-01 -2.50138134e-01  8.92362118e-01
 -2.45963167e-02 -1.42872378e-01 -1.42276669e+00  1.69364798e+00
  6.29426658e-01 -5.70318513e-02  1.35555339e+00  7.65864253e-01
  4.97816533e-01  1.59259066e-02 -5.13777614e-01 -9.02717590e-01
 -1.13018739e+00  3.83352101e-01 -4.77341488e-02 -3.79710466e-01
 -4.47504103e-01 -1.09895110e+00 -3.86139631e-01  1.03090264e-01
  8.51628721e-01  2.24349573e-01 -3.13555300e-02  1.22573696e-01
  4.94108871e-02  6.98103666e-01  3.02277476e-01  1.66599587e-01
 -3.08436722e-01 -4.66002375e-01  1.62361014e+00 -2.62132585e-01
  5.79887815e-02 -6.79709196e-01  4.46500778e-01 -7.97002465e-02
 -8.20023119e-02  1.22393526e-01 -2.83097059e-01  4.32255983e-01
 -1.04199953e-01 -1.23305070e+00 -3.06826502e-01  3.86385806e-02
 -5.26868701e-01  2.08499730e-01 -1.37608588e-01 -2.77598381e-01
  1.16459966e+00  3.82706597e-02 -1.96235068e-02 -8.02532017e-01
  5.66025376e-01 -4.30100381e-01  1.32197094e+00  6.55819237e-01
 -1.05254024e-01 -6.85315967e-01  2.16215566e-01  5.93630016e-01
  2.85155267e-01  3.85740906e-01 -5.23835123e-01  3.65415752e-01
  1.48793125e+00 -3.41312021e-01  8.37343931e-02  3.88410576e-02
  1.16101551e+00 -8.25121999e-01  2.77617723e-02  7.33939037e-02
 -4.48615134e-01 -3.60707045e-01  2.16005355e-01 -1.82437807e-01
  2.44415596e-01 -5.28269887e-01  8.22483182e-01 -5.70847653e-02
  8.29918385e-01 -1.71355367e-01 -1.51496232e-01  4.65150774e-01
  3.33200365e-01  1.27273887e-01  9.12838519e-01 -1.40352994e-01
 -2.76168674e-01 -5.63478529e-01  1.85518518e-01  6.18515849e-01
  9.07797396e-01  5.58707714e-01  6.54310524e-01 -9.68789756e-01
 -6.15588129e-02 -2.76184026e-02  2.73121327e-01 -3.54086995e-01
  4.74624962e-01  1.37339443e-01 -3.33838254e-01 -4.54894483e-01
 -4.43201482e-01  4.87415552e-01  6.92939878e-01  7.76845098e-01
  2.34562084e-01 -1.71094164e-01  6.52617574e-01 -7.15576172e-01
 -3.63845557e-01  1.07632124e+00 -2.44740129e-01 -1.39437407e-01
  1.62900817e+00  1.14459256e-02  9.56065774e-01  2.93038279e-01
  3.91988426e-01  3.39301564e-02 -6.13436103e-01 -7.80028582e-01
  2.32236609e-01  1.24575007e+00 -7.12414160e-02  6.11095548e-01
  4.77192504e-03 -1.05789937e-01  2.36828491e-01  5.28803527e-01
  4.67312008e-01 -1.94977492e-01 -9.55596268e-01 -6.81563795e-01
  4.23343569e-01 -2.96947718e-01 -3.69488955e-01 -2.89484084e-01
 -4.30452943e-01 -1.37250312e-02  2.62498766e-01 -5.61480105e-01
  5.62621891e-01 -4.18706477e-01 -8.56468499e-01  5.93134239e-02
 -1.00340411e-01 -7.35716164e-01  1.38378620e-01 -6.84343696e-01
  2.17011675e-01 -4.22011822e-01 -4.02174950e-01 -2.10074112e-01
 -6.50949299e-01  8.00443947e-01 -1.05892392e-02 -5.88889062e-01
 -3.27951312e-02 -9.57627073e-02 -4.11157161e-01  1.26788989e-01
 -4.45752770e-01 -3.34704220e-01 -6.30857348e-01  7.39717126e-01
  3.73316854e-01  1.94936663e-01  8.15797508e-01  7.57897347e-02
  2.51457661e-01  7.87429273e-01 -5.90912402e-02  8.01935017e-01
 -5.09869382e-02 -3.16675752e-01 -8.06985676e-01  3.75884295e-01
 -1.02298295e+00  2.55849570e-01  2.58157365e-02  1.62940547e-01
  3.08816880e-01 -8.00899506e-01  1.81837904e+00 -6.99088693e-01
 -2.37569124e-01 -3.24667641e-03 -4.07583922e-01 -2.53018081e-01
  1.05101004e-01  7.78838634e-01  7.80924141e-01  3.96106571e-01
  4.07956630e-01 -2.10249022e-01  4.17130977e-01 -3.68258469e-02
  2.39590809e-01 -1.32325947e-01 -1.05014598e+00 -3.78439307e-01
  1.21962957e-01  9.12429273e-01 -5.16304731e-01 -4.10982370e-01
  1.13879271e-01 -7.30947316e-01 -1.19410682e+00 -8.46092477e-02
 -4.51732308e-01  3.39796931e-01  1.79029241e-01 -3.18569988e-01
 -4.01548207e-01  1.05452193e-02 -9.81033444e-02  2.65956130e-02
 -1.16055489e+00 -2.66568363e-01 -4.17371392e-01 -2.27321759e-01
 -7.98538566e-01 -2.68420726e-01 -7.56898522e-02 -1.46671772e+00
 -3.53073359e-01  7.68439353e-01  5.23869157e-01 -1.45392466e+00
 -7.55149201e-02 -2.53495097e-01 -6.51691973e-01  1.01998317e+00
  1.75246254e-01  2.19446480e-01 -8.75575662e-01  6.49622753e-02
 -2.21772552e-01  6.31361604e-01  1.11363959e+00  8.29166234e-01
 -9.94006217e-01  5.85105002e-01  1.62860320e-03  6.57095253e-01
 -6.60761952e-01  4.83092368e-01  2.10053355e-01  1.93984300e-01
  1.08389914e+00 -2.88248777e-01  2.90296733e-01  6.75145447e-01
  6.10232018e-02 -5.08173525e-01 -1.05302072e+00  4.84012961e-01
 -1.34737328e-01 -1.63434446e-01 -1.95996463e-01 -1.06526923e+00
 -8.11576009e-01 -3.66595089e-01 -1.52673945e-02 -1.13481522e-01
  6.21918961e-02  6.84323311e-02 -7.70469382e-02 -6.34581506e-01
  2.21770406e-01  7.27311909e-01 -3.06834489e-01  1.09503961e+00
 -6.35234714e-02  7.48488754e-02  3.62029821e-01 -1.14483583e+00
  3.36602688e-01 -3.94898474e-01 -4.43032160e-02 -2.25445300e-01
 -9.30737793e-01  4.10731554e-01  3.46095145e-01 -8.76426399e-01
 -7.85481334e-01 -9.14595544e-01 -4.12273765e-01  5.75143516e-01
 -7.46130526e-01  4.76899326e-01 -7.44161129e-01 -6.33583188e-01
 -7.63390839e-01 -8.95849407e-01 -5.26674464e-02  3.77323836e-01
  6.89602196e-02  8.11982453e-01 -1.31613028e+00  7.27658644e-02
 -1.96165428e-01  6.04341328e-01  2.99889833e-01 -1.47399947e-01
  2.67245054e-01  6.23204529e-01  1.50411510e+00  6.07940815e-02
  2.72842020e-01  4.67290968e-01 -6.77232504e-01  5.37263155e-01
 -2.76431590e-01  6.60036445e-01 -5.24141677e-02  3.49252112e-02
  1.12972081e-01  2.25270927e-01 -1.09064952e-01  3.46314520e-01
  7.54533410e-01  7.83834755e-01 -4.25179332e-01  5.52726567e-01
 -1.95189342e-01 -5.99463761e-01 -3.58343661e-01 -2.30281323e-01
  2.36615911e-01  4.99656409e-01  1.68579209e+00 -1.51982561e-01
 -5.63962042e-01 -1.29549968e+00 -2.81212598e-01 -2.55549937e-01
  4.69508678e-01  1.41729280e-01 -5.26430964e-01  2.20184013e-01
 -2.16536090e-01 -9.31372881e-01 -9.69826996e-01  4.32354122e-01
 -1.06032109e+00 -5.03427327e-01 -8.87604475e-01  4.38566148e-01
  1.47396326e+00 -1.03932881e+00  6.63527369e-01 -9.93533015e-01
  1.08747959e+00 -9.77717102e-01 -1.65758193e-01 -4.72277105e-02
  1.20034409e+00  2.41741404e-01  3.70389432e-01 -1.49647415e+00
  6.98196530e-01 -5.78175962e-01  4.05572444e-01 -6.85069382e-01
  1.34073234e+00 -3.75742733e-01 -1.80194214e-01  3.50243032e-01]","[ 2.73681909e-01  1.66004568e-01 -7.44565070e-01 -1.47705269e+00
 -1.09840822e+00 -1.53690919e-01 -1.29248112e-01  2.95904994e-01
 -9.16356027e-01  1.40345776e+00  1.00063539e+00 -6.83065832e-01
  1.30242276e+00 -2.33746576e+00 -9.75994170e-01 -7.89787889e-01
 -1.79506803e+00 -1.28128958e+00  2.09810168e-01  1.29709288e-01
  4.47607398e-01 -6.85392797e-01  7.80511856e-01  1.21133173e+00
 -3.64384532e-01  1.07354224e+00  2.32574058e+00 -1.55821651e-01
 -2.85600513e-01  3.01326066e-01 -6.34632647e-01  1.65162787e-01
  2.81757385e-01 -3.74723703e-01 -2.95077354e-01  7.01536298e-01
 -2.88844388e-02  2.32678980e-01  2.16173112e-01  5.24862707e-01
 -7.30150580e-01 -4.09290910e-01  1.78005755e+00  1.10312033e+00
 -5.30989515e-03  1.62341702e+00  1.30315197e+00 -9.47976291e-01
  1.85765088e-01  1.49317771e-01 -2.13005602e-01 -6.93675578e-01
 -4.48695384e-03 -4.57031608e-01 -9.96706784e-01 -1.11750238e-01
  4.97595131e-01  4.26965803e-01 -1.49265635e+00  2.89656907e-01
 -2.73807108e-01  8.54427159e-01  1.49728537e+00  9.41296890e-02
 -1.70012251e-01  1.05805194e+00  2.47816041e-01  8.55847076e-02
 -2.41706241e-02  3.27099591e-01 -2.99327344e-01 -2.87228137e-01
 -5.82702875e-01 -5.94702363e-01 -1.03217173e+00 -8.13124239e-01
 -5.35450697e-01 -1.03322685e+00  6.12907767e-01  1.13398790e+00
 -7.18036070e-02  1.90137476e-01  6.24559581e-01  4.69076455e-01
  6.27078772e-01  3.44742835e-01 -3.45153689e-01  1.32870555e+00
 -1.61258459e-01 -1.77030429e-01 -1.69568908e+00  1.72073066e-01
  1.15088892e+00  2.67995209e-01 -1.30087376e-01 -2.35246912e-01
 -9.75930631e-01 -2.02227771e-01  8.58478367e-01  6.41340375e-01
 -3.02943230e-01  1.06876230e+00 -6.70137048e-01  1.55068052e+00
  1.39273751e+00 -1.45554578e+00  8.48026991e-01 -9.02008832e-01
 -3.14056218e-01 -8.90919007e-03  1.89570412e-02  6.20763719e-01
  5.67845762e-01  6.88580513e-01  3.47115725e-01  9.87522900e-01
  1.26554236e-01  9.42884982e-01 -9.06472266e-01  4.57331955e-01
  5.71125150e-02  1.78218889e+00 -1.16092294e-01 -9.70406473e-01
  2.32247129e-01 -1.08961582e-01  4.84424561e-01 -1.63584903e-01
 -2.28719175e-01 -3.77911866e-01  1.91282615e-01 -4.40858275e-01
  4.58004832e-01  2.03468651e-01 -7.51598001e-01  7.42124140e-01
  2.11840153e-01 -1.47817540e+00 -5.86319506e-01 -7.08758950e-01
 -5.41633785e-01  5.09984553e-01  3.28427345e-01 -5.58312654e-01
 -3.01396579e-01  4.69190210e-01  4.12009209e-01  4.86853629e-01
  8.65669027e-02 -4.84711647e-01 -1.38688656e-02 -9.07068998e-02
  7.71938503e-01 -4.51887012e-01 -2.65402257e-01  3.44309598e-01
  8.11073661e-01 -7.00493395e-01 -3.49895090e-01  4.73346151e-02
  9.45539415e-01  3.90116870e-01 -1.22340433e-02  9.33209777e-01
  5.38321495e-01  2.30738390e-02  4.50798392e-01  5.45543730e-01
  6.47279382e-01  1.34209245e-01 -6.69469893e-01 -5.51479518e-01
 -9.10929501e-01  8.97117376e-01  7.78002381e-01  7.29684412e-01
 -4.76152264e-03 -2.28286073e-01 -1.80614281e+00 -2.43098214e-01
 -4.10343200e-01  1.65494692e+00 -1.41513258e-01  4.32345904e-02
  2.63454169e-01 -4.78654593e-01  6.30516946e-01  1.35365450e+00
  1.63908258e-01  1.05160549e-01  6.00636341e-02  3.30597907e-01
 -1.11334272e-01  8.60361159e-01 -1.12372410e+00 -1.36552715e+00
 -9.46494460e-01 -6.26207352e-01 -5.15764892e-01  5.79680920e-01
  4.80724514e-01 -1.80933341e-01  8.24896619e-02 -9.76777613e-01
 -5.42914391e-01 -7.89315462e-01  8.83481205e-01  1.10133314e+00
  2.32755274e-01  8.09302405e-02 -7.54249543e-02 -1.47234833e+00
  7.46453345e-01 -1.42875111e+00  4.53871906e-01  1.72359610e+00
 -4.06082766e-03  1.19332123e+00 -8.32867801e-01  6.88086867e-01
  1.37741864e-01  7.88703918e-01  2.78975209e-03 -7.97479689e-01
 -4.38524857e-02  1.13093853e-01 -3.82264405e-01  1.38396609e+00
  6.05312407e-01  1.89717621e-01 -1.87994957e-01  3.21862578e+00
  1.55959547e+00 -5.84481001e-01  1.94749379e+00  5.90261579e-01
 -4.26900893e-01 -1.12351143e+00 -8.85746777e-02 -1.66987240e-01
 -9.51994538e-01  9.89240885e-01 -1.71200693e-01  1.32246166e-01
  5.89776099e-01 -1.25525105e+00  1.01031929e-01 -5.00966609e-01
  1.41644366e-02 -1.63523331e-01  4.52505380e-01  1.33390218e-01
 -6.45448789e-02  3.77991378e-01 -9.04772580e-01 -5.44584334e-01
 -3.49354029e-01 -1.97096571e-01  1.93875515e+00  1.68814957e-01
 -2.22165152e-01  4.48715463e-02 -7.38904104e-02  1.40951602e-02
  1.02817461e-01  1.50721657e+00 -1.24952972e+00  6.83633089e-01
 -4.31086749e-01 -9.22964275e-01 -1.24245316e-01 -4.44169819e-01
  6.44836053e-02  1.13626456e+00  1.71797186e-01  1.07042398e-02
  2.86911428e-01  5.32820761e-01 -3.44686478e-01 -1.07940471e+00
  1.37402907e-01 -1.80691803e+00  1.57622218e+00  8.19589794e-01
 -6.37324572e-01 -1.95334256e-01 -8.80328774e-01  7.41711080e-01
  4.09598909e-02  8.34153175e-01 -4.57031339e-01  2.83941716e-01
  1.10020137e+00 -3.37292314e-01  6.80264905e-02 -1.90589011e-01
  4.87536073e-01 -1.26242483e+00 -5.79993546e-01 -4.71906066e-01
 -5.36747038e-01 -3.78981888e-01 -1.34510770e-01 -4.72808868e-01
  9.65812728e-02 -2.18814477e-01  1.01008964e+00  5.89304030e-01
  5.38034260e-01  8.42455402e-02 -1.40532881e-01  7.70158917e-02
 -7.12736309e-01  3.12387049e-01  7.75598586e-01 -1.94695726e-01
  2.33821779e-01 -2.17562497e-01 -7.44840980e-01  5.53765059e-01
  8.96856844e-01  5.78018725e-01  6.23112261e-01 -5.88956356e-01
  1.32804468e-01  7.09370058e-03  2.32104346e-01  4.71894622e-01
  1.46003708e-01 -2.01706111e-01  1.21953443e-01 -2.07336560e-01
 -7.48902500e-01 -1.27280247e+00  4.56761748e-01  1.68301880e+00
 -1.00462787e-01 -3.45182627e-01  1.17211230e-01 -1.85488552e-01
 -1.44460499e+00  3.66658300e-01 -7.31594324e-01 -8.15469101e-02
  8.85279655e-01  2.86490023e-02  5.78202724e-01  1.48835093e-01
  6.08137071e-01  1.35164604e-01 -5.97466230e-01 -1.76421344e+00
 -3.54768366e-01  2.15320006e-01 -7.04477549e-01  2.93117404e-01
 -6.49666369e-01  2.69496471e-01  1.15424120e+00 -1.98677883e-01
  7.46418774e-01  4.54378814e-01 -1.85189176e+00  3.57578620e-02
  2.35214412e-01 -4.34334457e-01 -1.24479449e+00 -4.68029976e-01
 -1.04268217e+00  4.54844862e-01  7.26285696e-01 -1.08133495e+00
  1.99147046e-01 -2.84403861e-02 -1.07138276e+00 -3.95400703e-01
  6.98548928e-02 -8.70623410e-01  1.54038906e-01 -5.60017645e-01
 -3.75669263e-02 -7.81353354e-01 -7.31090486e-01 -3.41077209e-01
 -4.64152217e-01  6.60407245e-01  2.21335888e-01 -2.39996284e-01
 -6.66767597e-01  2.04499543e-01 -9.10416782e-01 -2.94663727e-01
 -1.17032087e+00  1.64180085e-01 -8.27566922e-01  6.99705660e-01
  1.33685246e-01  1.41605005e-01  3.46421391e-01  1.11059928e+00
  2.52072841e-01  1.55291784e+00  2.43351758e-01  1.04081237e+00
 -2.76770592e-01 -1.19162232e-01 -4.60011601e-01  1.34364569e+00
 -9.52273130e-01  4.80686158e-01  4.06600356e-01  2.80897468e-01
  9.98292208e-01 -1.31541288e+00  9.41959441e-01  2.02116687e-02
  3.70601773e-01 -1.12893559e-01  4.61780250e-01 -2.28449151e-01
  5.85418820e-01  3.94479007e-01  4.59744960e-01  6.36963010e-01
 -1.59505323e-01  1.00677061e+00  9.86175179e-01 -6.47877678e-02
  1.49050981e-01 -5.52432239e-01 -1.06719267e+00 -7.53977180e-01
 -7.81509995e-01  1.15565598e+00 -7.30940580e-01 -1.53717887e+00
  5.50783157e-01 -9.11858559e-01 -8.98802519e-01  5.36069512e-01
 -1.07712102e+00  3.14948589e-01 -8.60910773e-01 -9.96511221e-01
 -2.39814848e-01 -4.29458141e-01  6.79418385e-01  9.86803651e-01
 -1.04657805e+00  9.67387035e-02  2.55706422e-02  6.05388701e-01
 -6.60483122e-01 -2.04639211e-01  4.15904880e-01 -1.35647511e+00
 -9.27955091e-01 -5.36052465e-01  7.45387852e-01 -2.18400240e+00
  7.69201517e-01  3.20852995e-01 -1.20287740e+00  8.35670292e-01
  2.94883221e-01  2.71465987e-01 -7.08536088e-01 -1.06249952e+00
 -1.07689381e+00  7.60423899e-01 -1.21171467e-01  5.39052308e-01
  2.40152165e-01  9.79230523e-01  1.66857615e-01  6.06723279e-02
  1.80916563e-01 -7.60552645e-01 -3.01277459e-01 -4.17362712e-02
  1.74062574e+00 -1.36267334e-01 -3.31193469e-02 -2.82620676e-02
 -2.71528989e-01 -1.73435509e-01 -1.85956001e-01 -6.15883954e-02
  4.15342361e-01 -1.33295789e-01 -9.73394573e-01 -1.42296922e+00
  1.11226980e-02 -6.48887813e-01 -5.59289455e-02 -9.34372365e-01
 -3.20469499e-01  1.71822205e-01 -3.72805476e-01 -1.12383872e-01
 -1.82882831e-01  7.76977718e-01 -4.01029468e-01  4.71335590e-01
  6.27876967e-02  1.55258179e-02  9.98044372e-01 -2.24709749e+00
 -1.66378126e-01  4.33711410e-01 -3.36138129e-01 -6.40719175e-01
 -3.67246747e-01 -7.96032310e-01  6.48426056e-01 -9.42266643e-01
 -1.04082751e+00  7.30441930e-03 -3.89569491e-01  1.47294855e+00
 -7.89180517e-01 -4.36671704e-01 -5.43994963e-01 -5.21494597e-02
 -1.26271176e+00 -7.26314485e-01 -1.92389399e-01  5.17222643e-01
  6.87981725e-01  5.96668839e-01 -1.68401611e+00  5.07986784e-01
 -2.20345091e-02 -4.52393144e-01  1.23454340e-01  7.45882928e-01
  3.60483646e-01  7.12965071e-01  1.17536747e+00  4.84972596e-01
  8.31876397e-01  1.12832159e-01 -5.01047611e-01  1.13193977e+00
 -2.07402274e-01  6.30153298e-01 -7.69594014e-02 -2.62613058e-01
  5.37480652e-01  7.01635540e-01 -3.63881975e-01  6.86224580e-01
  1.05129576e+00  8.88192594e-01 -8.48925829e-01 -8.82286578e-02
  5.01420915e-01 -2.86752075e-01 -3.25413257e-01 -2.72722095e-01
 -4.60710317e-01  1.91521466e+00  1.54720652e+00  1.39547616e-01
 -1.23197943e-01 -1.62960351e+00 -3.06767553e-01 -1.03407121e+00
 -9.68941152e-02 -1.37072957e+00  2.17509329e-01  3.37919682e-01
 -8.65780339e-02 -8.87138367e-01 -5.31756341e-01  6.07614458e-01
 -1.52500010e+00 -6.54680490e-01 -1.09921885e+00  3.09683889e-01
  9.32154894e-01 -7.96648264e-01  1.09819002e-01 -9.36193824e-01
  1.27858591e+00 -1.13009691e-01 -1.56532098e-02 -1.94033533e-01
  8.13754141e-01  7.27848411e-01  1.37440950e-01 -1.28356433e+00
  5.93122900e-01 -4.10506845e-01  6.62912726e-01  2.60262042e-01
  4.77744848e-01 -7.30178475e-01 -3.93511020e-02  5.23803949e-01]",0
7,[*]C(C)(C[*])C(=O)[O-],[*]CC[N+][*],2650,38080,8.5,800,20,0.0,1,2,9,14.369811320754716,1,0,0,10.243472222222222,10.243472222222222,0.0532407407407407,-0.7986111111111109,0.4502538575862794,23.5,85.082,80.04199999999999,85.02950297991,34.0,2.5,3.0,3.0,1.6668127273868607,3.9084966379068455,100.21143267166842,6.784457050376174,3.5236033621142737,3.5236033621142737,3.504035844753885,1.5118016810571369,1.5118016810571369,1.0677875644551755,1.0677875644551755,0.348461712529338,0.348461712529338,0.0,0.0,-0.53,38.3366927298978,2.610921480426842,0.600159264681777,0.2950914053210928,36.78983322325914,35.63575031240701,9.901064578912528,5.969305287951849,19.76538044554264,0.0,0.0,5.106527394840706,5.969305287951849,4.794537184071822,6.923737199690624,0.0,12.841643245852016,40.13,5.969305287951849,9.901064578912528,5.917906046161393,6.923737199690624,0.0,0.0,6.923737199690624,0.0,0.2098148148148149,10.243472222222222,10.243472222222222,0.0,-1.0902777777777777,0.0,0.0,2.810185185185185,0.0,0.75,6.0,2.0,0.0,0.0,2.0,4.0,2.0,0.0,-0.5682,18.181,1.0,0.0,1.0,1.0,1.0,1.0,0.0,0.0,0.0,0.0,4.166666666666666,4.166666666666666,0.4131944444444444,0.4131944444444444,0.4134068917016045,14.666666666666666,42.06099999999999,38.029,42.03382554808999,16.0,2.0,2.6666666666666665,3.6666666666666665,3.6666666666666665,1.4056390622295665,2.19060968716425,15.119415478763749,4.121320343559642,1.8614271578730528,1.8614271578730528,2.414213562373095,0.8162277660168378,0.8162277660168378,0.2236067977499789,0.2236067977499789,0.0,0.0,0.0,0.0,-0.04,11.245112497836532,0.72512600755025,0.2061650840029218,0.0008163265306122,20.444083839238875,19.202161082765382,0.0,0.0,5.733667477162185,0.0,6.923737199690624,6.544756405912575,0.0,5.733667477162185,6.544756405912575,0.0,0.0,0.0,0.0,6.923737199690624,14.1,0.0,0.0,0.0,0.0,13.4684936056032,0.0,0.0,5.733667477162185,1.1076388888888888,0.0,0.0,4.166666666666666,0.0,0.0,0.0,2.7256944444444446,0.0,1.0,3.0,1.0,0.0,0.0,0.0,3.0,2.0,0.0,0.0226999999999999,11.808000000000002,0.0,0.0,0.0,0.0,0.0,0.0,1.0,0.0,0.0,0.0,0.0,0.0,[*]CC([*])(C)C(=O)[O-],[*]C[N+]C[*],"[ 7.49274790e-01  3.35424781e-01  4.55891341e-01 -1.09221423e+00
 -6.25216782e-01  3.14305499e-02 -1.89206481e-01 -9.25612390e-01
 -2.35249296e-01  1.36610961e+00  8.83861855e-02 -7.13659585e-01
  8.14221084e-01 -6.92512333e-01 -5.14061689e-01 -1.33080852e+00
 -1.47874510e+00 -1.03471792e+00 -6.12177968e-01  2.09805042e-01
  5.51994801e-01 -3.05551559e-01  4.35497522e-01  7.36454964e-01
 -6.94340706e-01  1.29001057e+00  2.37998891e+00 -4.05347496e-01
 -6.00476742e-01  7.56517649e-01 -2.95091867e-01 -4.40703213e-01
 -2.38245353e-01 -1.06833398e+00  5.43902814e-01  2.87487179e-01
  1.05013542e-01  7.71469295e-01  2.95419157e-01  2.99429774e-01
 -1.54818922e-01  9.55972448e-02  1.18825090e+00  1.62336457e+00
  2.11596087e-01  1.97126698e+00  7.42778480e-01  1.40871525e-01
 -2.52242148e-01 -5.88141322e-01 -8.30902278e-01 -5.11340201e-02
 -4.66348320e-01 -3.61824811e-01 -5.98171353e-01 -3.63103032e-01
  2.47532055e-01  5.11704028e-01 -7.26159394e-01  1.30475163e-01
 -9.32137072e-01  1.43789789e-02  4.87203658e-01 -6.09903224e-02
 -5.22938311e-01 -2.59041160e-01 -3.10223382e-02  1.33649796e-01
 -4.49149907e-01 -9.90190208e-01 -4.37130392e-01 -8.20998698e-02
 -1.41018599e-01  2.47300267e-01 -1.07266307e+00 -3.37361068e-01
 -3.82067502e-01 -3.48674297e-01  2.41132863e-02 -3.69367570e-01
  4.26380429e-03 -3.68784666e-01  2.93142378e-01  3.39492798e-01
  1.76544249e-01  7.48980865e-02  3.78351748e-01  1.43084496e-01
 -7.50767514e-02  6.98696852e-01 -1.23164153e+00  1.54972628e-01
  1.30712831e+00  4.13169146e-01 -7.62161970e-01  6.20638654e-02
  6.53732941e-02  3.98433149e-01  3.35860610e-01  2.57231444e-01
  5.09362817e-01  2.24197790e-01 -1.09119499e+00  9.36800539e-01
  7.53451943e-01 -1.23084819e+00  9.08430457e-01 -8.67207110e-01
 -4.80619073e-01  4.63999063e-01 -5.08662164e-01  2.84325276e-02
  8.96979451e-01  2.75238305e-01  6.04319394e-01  7.04479277e-01
 -1.92388758e-01  5.88916123e-01 -1.65896252e-01  1.25128731e-01
 -5.41119277e-01  5.95371544e-01 -4.40301627e-01 -9.53436732e-01
 -8.70644271e-01 -7.01563358e-02  5.19006014e-01 -8.48310441e-02
 -4.53820378e-01 -7.63373524e-02 -2.50903994e-01  1.05273589e-01
 -7.83522904e-04 -5.48577607e-01 -1.58988476e+00  4.16692108e-01
  4.86379087e-01 -6.73893452e-01 -2.14246154e-01 -8.94058764e-01
 -1.69562221e-01  1.62465900e-01  4.72447537e-02 -9.45844769e-01
  3.12819541e-01  4.59828615e-01  1.81325778e-01  5.45694053e-01
  5.22985049e-02 -2.90770084e-01  1.11780930e+00 -6.53702319e-01
  8.88752520e-01 -5.18661022e-01  2.26448655e-01  4.19900529e-02
  2.09506735e-01 -9.99619067e-01 -5.97911179e-01  2.40267485e-01
  3.84019047e-01  1.01165771e-01 -1.29132763e-01  1.37262657e-01
  2.43125573e-01  6.61093593e-02  7.34124482e-01  6.55801445e-02
  8.67221475e-01  1.02447104e+00  1.94548965e-01  4.92215395e-01
  2.58256465e-01  7.06858218e-01  4.08109426e-01  1.43596029e+00
 -2.34669849e-01 -2.20608890e-01 -9.00353014e-01 -1.68292020e-02
 -5.18259466e-01  9.73584116e-01  6.35090172e-01 -3.21039736e-01
  1.96893781e-01  1.36441048e-02  5.94366267e-02  6.31835938e-01
 -6.74691439e-01  2.92127788e-01 -1.58445194e-01  4.75977540e-01
 -1.05258442e-01 -2.61095129e-02 -3.47841859e-01 -1.38431609e+00
  2.30988905e-01  2.42584631e-01  2.42318988e-01  8.21007431e-01
  3.47805738e-01 -5.93114078e-01  6.15051806e-01 -1.13383365e+00
 -1.02469993e+00 -2.10129380e-01  5.13058305e-01 -4.32122946e-02
 -8.96828771e-01 -5.06239772e-01  2.97274590e-02 -1.87300277e+00
  9.58072007e-01 -7.87090957e-01 -5.90321839e-01  1.57090092e+00
 -1.52412921e-01  1.07509518e+00 -2.78278589e-01  6.61327541e-01
 -4.37102556e-01  6.07341051e-01  1.74592510e-01 -8.32812190e-01
  7.96080351e-01 -5.79209208e-01 -2.50138134e-01  8.92362118e-01
 -2.45963167e-02 -1.42872378e-01 -1.42276669e+00  1.69364798e+00
  6.29426658e-01 -5.70318513e-02  1.35555339e+00  7.65864253e-01
  4.97816533e-01  1.59259066e-02 -5.13777614e-01 -9.02717590e-01
 -1.13018739e+00  3.83352101e-01 -4.77341488e-02 -3.79710466e-01
 -4.47504103e-01 -1.09895110e+00 -3.86139631e-01  1.03090264e-01
  8.51628721e-01  2.24349573e-01 -3.13555300e-02  1.22573696e-01
  4.94108871e-02  6.98103666e-01  3.02277476e-01  1.66599587e-01
 -3.08436722e-01 -4.66002375e-01  1.62361014e+00 -2.62132585e-01
  5.79887815e-02 -6.79709196e-01  4.46500778e-01 -7.97002465e-02
 -8.20023119e-02  1.22393526e-01 -2.83097059e-01  4.32255983e-01
 -1.04199953e-01 -1.23305070e+00 -3.06826502e-01  3.86385806e-02
 -5.26868701e-01  2.08499730e-01 -1.37608588e-01 -2.77598381e-01
  1.16459966e+00  3.82706597e-02 -1.96235068e-02 -8.02532017e-01
  5.66025376e-01 -4.30100381e-01  1.32197094e+00  6.55819237e-01
 -1.05254024e-01 -6.85315967e-01  2.16215566e-01  5.93630016e-01
  2.85155267e-01  3.85740906e-01 -5.23835123e-01  3.65415752e-01
  1.48793125e+00 -3.41312021e-01  8.37343931e-02  3.88410576e-02
  1.16101551e+00 -8.25121999e-01  2.77617723e-02  7.33939037e-02
 -4.48615134e-01 -3.60707045e-01  2.16005355e-01 -1.82437807e-01
  2.44415596e-01 -5.28269887e-01  8.22483182e-01 -5.70847653e-02
  8.29918385e-01 -1.71355367e-01 -1.51496232e-01  4.65150774e-01
  3.33200365e-01  1.27273887e-01  9.12838519e-01 -1.40352994e-01
 -2.76168674e-01 -5.63478529e-01  1.85518518e-01  6.18515849e-01
  9.07797396e-01  5.58707714e-01  6.54310524e-01 -9.68789756e-01
 -6.15588129e-02 -2.76184026e-02  2.73121327e-01 -3.54086995e-01
  4.74624962e-01  1.37339443e-01 -3.33838254e-01 -4.54894483e-01
 -4.43201482e-01  4.87415552e-01  6.92939878e-01  7.76845098e-01
  2.34562084e-01 -1.71094164e-01  6.52617574e-01 -7.15576172e-01
 -3.63845557e-01  1.07632124e+00 -2.44740129e-01 -1.39437407e-01
  1.62900817e+00  1.14459256e-02  9.56065774e-01  2.93038279e-01
  3.91988426e-01  3.39301564e-02 -6.13436103e-01 -7.80028582e-01
  2.32236609e-01  1.24575007e+00 -7.12414160e-02  6.11095548e-01
  4.77192504e-03 -1.05789937e-01  2.36828491e-01  5.28803527e-01
  4.67312008e-01 -1.94977492e-01 -9.55596268e-01 -6.81563795e-01
  4.23343569e-01 -2.96947718e-01 -3.69488955e-01 -2.89484084e-01
 -4.30452943e-01 -1.37250312e-02  2.62498766e-01 -5.61480105e-01
  5.62621891e-01 -4.18706477e-01 -8.56468499e-01  5.93134239e-02
 -1.00340411e-01 -7.35716164e-01  1.38378620e-01 -6.84343696e-01
  2.17011675e-01 -4.22011822e-01 -4.02174950e-01 -2.10074112e-01
 -6.50949299e-01  8.00443947e-01 -1.05892392e-02 -5.88889062e-01
 -3.27951312e-02 -9.57627073e-02 -4.11157161e-01  1.26788989e-01
 -4.45752770e-01 -3.34704220e-01 -6.30857348e-01  7.39717126e-01
  3.73316854e-01  1.94936663e-01  8.15797508e-01  7.57897347e-02
  2.51457661e-01  7.87429273e-01 -5.90912402e-02  8.01935017e-01
 -5.09869382e-02 -3.16675752e-01 -8.06985676e-01  3.75884295e-01
 -1.02298295e+00  2.55849570e-01  2.58157365e-02  1.62940547e-01
  3.08816880e-01 -8.00899506e-01  1.81837904e+00 -6.99088693e-01
 -2.37569124e-01 -3.24667641e-03 -4.07583922e-01 -2.53018081e-01
  1.05101004e-01  7.78838634e-01  7.80924141e-01  3.96106571e-01
  4.07956630e-01 -2.10249022e-01  4.17130977e-01 -3.68258469e-02
  2.39590809e-01 -1.32325947e-01 -1.05014598e+00 -3.78439307e-01
  1.21962957e-01  9.12429273e-01 -5.16304731e-01 -4.10982370e-01
  1.13879271e-01 -7.30947316e-01 -1.19410682e+00 -8.46092477e-02
 -4.51732308e-01  3.39796931e-01  1.79029241e-01 -3.18569988e-01
 -4.01548207e-01  1.05452193e-02 -9.81033444e-02  2.65956130e-02
 -1.16055489e+00 -2.66568363e-01 -4.17371392e-01 -2.27321759e-01
 -7.98538566e-01 -2.68420726e-01 -7.56898522e-02 -1.46671772e+00
 -3.53073359e-01  7.68439353e-01  5.23869157e-01 -1.45392466e+00
 -7.55149201e-02 -2.53495097e-01 -6.51691973e-01  1.01998317e+00
  1.75246254e-01  2.19446480e-01 -8.75575662e-01  6.49622753e-02
 -2.21772552e-01  6.31361604e-01  1.11363959e+00  8.29166234e-01
 -9.94006217e-01  5.85105002e-01  1.62860320e-03  6.57095253e-01
 -6.60761952e-01  4.83092368e-01  2.10053355e-01  1.93984300e-01
  1.08389914e+00 -2.88248777e-01  2.90296733e-01  6.75145447e-01
  6.10232018e-02 -5.08173525e-01 -1.05302072e+00  4.84012961e-01
 -1.34737328e-01 -1.63434446e-01 -1.95996463e-01 -1.06526923e+00
 -8.11576009e-01 -3.66595089e-01 -1.52673945e-02 -1.13481522e-01
  6.21918961e-02  6.84323311e-02 -7.70469382e-02 -6.34581506e-01
  2.21770406e-01  7.27311909e-01 -3.06834489e-01  1.09503961e+00
 -6.35234714e-02  7.48488754e-02  3.62029821e-01 -1.14483583e+00
  3.36602688e-01 -3.94898474e-01 -4.43032160e-02 -2.25445300e-01
 -9.30737793e-01  4.10731554e-01  3.46095145e-01 -8.76426399e-01
 -7.85481334e-01 -9.14595544e-01 -4.12273765e-01  5.75143516e-01
 -7.46130526e-01  4.76899326e-01 -7.44161129e-01 -6.33583188e-01
 -7.63390839e-01 -8.95849407e-01 -5.26674464e-02  3.77323836e-01
  6.89602196e-02  8.11982453e-01 -1.31613028e+00  7.27658644e-02
 -1.96165428e-01  6.04341328e-01  2.99889833e-01 -1.47399947e-01
  2.67245054e-01  6.23204529e-01  1.50411510e+00  6.07940815e-02
  2.72842020e-01  4.67290968e-01 -6.77232504e-01  5.37263155e-01
 -2.76431590e-01  6.60036445e-01 -5.24141677e-02  3.49252112e-02
  1.12972081e-01  2.25270927e-01 -1.09064952e-01  3.46314520e-01
  7.54533410e-01  7.83834755e-01 -4.25179332e-01  5.52726567e-01
 -1.95189342e-01 -5.99463761e-01 -3.58343661e-01 -2.30281323e-01
  2.36615911e-01  4.99656409e-01  1.68579209e+00 -1.51982561e-01
 -5.63962042e-01 -1.29549968e+00 -2.81212598e-01 -2.55549937e-01
  4.69508678e-01  1.41729280e-01 -5.26430964e-01  2.20184013e-01
 -2.16536090e-01 -9.31372881e-01 -9.69826996e-01  4.32354122e-01
 -1.06032109e+00 -5.03427327e-01 -8.87604475e-01  4.38566148e-01
  1.47396326e+00 -1.03932881e+00  6.63527369e-01 -9.93533015e-01
  1.08747959e+00 -9.77717102e-01 -1.65758193e-01 -4.72277105e-02
  1.20034409e+00  2.41741404e-01  3.70389432e-01 -1.49647415e+00
  6.98196530e-01 -5.78175962e-01  4.05572444e-01 -6.85069382e-01
  1.34073234e+00 -3.75742733e-01 -1.80194214e-01  3.50243032e-01]","[ 2.73681909e-01  1.66004568e-01 -7.44565070e-01 -1.47705269e+00
 -1.09840822e+00 -1.53690919e-01 -1.29248112e-01  2.95904994e-01
 -9.16356027e-01  1.40345776e+00  1.00063539e+00 -6.83065832e-01
  1.30242276e+00 -2.33746576e+00 -9.75994170e-01 -7.89787889e-01
 -1.79506803e+00 -1.28128958e+00  2.09810168e-01  1.29709288e-01
  4.47607398e-01 -6.85392797e-01  7.80511856e-01  1.21133173e+00
 -3.64384532e-01  1.07354224e+00  2.32574058e+00 -1.55821651e-01
 -2.85600513e-01  3.01326066e-01 -6.34632647e-01  1.65162787e-01
  2.81757385e-01 -3.74723703e-01 -2.95077354e-01  7.01536298e-01
 -2.88844388e-02  2.32678980e-01  2.16173112e-01  5.24862707e-01
 -7.30150580e-01 -4.09290910e-01  1.78005755e+00  1.10312033e+00
 -5.30989515e-03  1.62341702e+00  1.30315197e+00 -9.47976291e-01
  1.85765088e-01  1.49317771e-01 -2.13005602e-01 -6.93675578e-01
 -4.48695384e-03 -4.57031608e-01 -9.96706784e-01 -1.11750238e-01
  4.97595131e-01  4.26965803e-01 -1.49265635e+00  2.89656907e-01
 -2.73807108e-01  8.54427159e-01  1.49728537e+00  9.41296890e-02
 -1.70012251e-01  1.05805194e+00  2.47816041e-01  8.55847076e-02
 -2.41706241e-02  3.27099591e-01 -2.99327344e-01 -2.87228137e-01
 -5.82702875e-01 -5.94702363e-01 -1.03217173e+00 -8.13124239e-01
 -5.35450697e-01 -1.03322685e+00  6.12907767e-01  1.13398790e+00
 -7.18036070e-02  1.90137476e-01  6.24559581e-01  4.69076455e-01
  6.27078772e-01  3.44742835e-01 -3.45153689e-01  1.32870555e+00
 -1.61258459e-01 -1.77030429e-01 -1.69568908e+00  1.72073066e-01
  1.15088892e+00  2.67995209e-01 -1.30087376e-01 -2.35246912e-01
 -9.75930631e-01 -2.02227771e-01  8.58478367e-01  6.41340375e-01
 -3.02943230e-01  1.06876230e+00 -6.70137048e-01  1.55068052e+00
  1.39273751e+00 -1.45554578e+00  8.48026991e-01 -9.02008832e-01
 -3.14056218e-01 -8.90919007e-03  1.89570412e-02  6.20763719e-01
  5.67845762e-01  6.88580513e-01  3.47115725e-01  9.87522900e-01
  1.26554236e-01  9.42884982e-01 -9.06472266e-01  4.57331955e-01
  5.71125150e-02  1.78218889e+00 -1.16092294e-01 -9.70406473e-01
  2.32247129e-01 -1.08961582e-01  4.84424561e-01 -1.63584903e-01
 -2.28719175e-01 -3.77911866e-01  1.91282615e-01 -4.40858275e-01
  4.58004832e-01  2.03468651e-01 -7.51598001e-01  7.42124140e-01
  2.11840153e-01 -1.47817540e+00 -5.86319506e-01 -7.08758950e-01
 -5.41633785e-01  5.09984553e-01  3.28427345e-01 -5.58312654e-01
 -3.01396579e-01  4.69190210e-01  4.12009209e-01  4.86853629e-01
  8.65669027e-02 -4.84711647e-01 -1.38688656e-02 -9.07068998e-02
  7.71938503e-01 -4.51887012e-01 -2.65402257e-01  3.44309598e-01
  8.11073661e-01 -7.00493395e-01 -3.49895090e-01  4.73346151e-02
  9.45539415e-01  3.90116870e-01 -1.22340433e-02  9.33209777e-01
  5.38321495e-01  2.30738390e-02  4.50798392e-01  5.45543730e-01
  6.47279382e-01  1.34209245e-01 -6.69469893e-01 -5.51479518e-01
 -9.10929501e-01  8.97117376e-01  7.78002381e-01  7.29684412e-01
 -4.76152264e-03 -2.28286073e-01 -1.80614281e+00 -2.43098214e-01
 -4.10343200e-01  1.65494692e+00 -1.41513258e-01  4.32345904e-02
  2.63454169e-01 -4.78654593e-01  6.30516946e-01  1.35365450e+00
  1.63908258e-01  1.05160549e-01  6.00636341e-02  3.30597907e-01
 -1.11334272e-01  8.60361159e-01 -1.12372410e+00 -1.36552715e+00
 -9.46494460e-01 -6.26207352e-01 -5.15764892e-01  5.79680920e-01
  4.80724514e-01 -1.80933341e-01  8.24896619e-02 -9.76777613e-01
 -5.42914391e-01 -7.89315462e-01  8.83481205e-01  1.10133314e+00
  2.32755274e-01  8.09302405e-02 -7.54249543e-02 -1.47234833e+00
  7.46453345e-01 -1.42875111e+00  4.53871906e-01  1.72359610e+00
 -4.06082766e-03  1.19332123e+00 -8.32867801e-01  6.88086867e-01
  1.37741864e-01  7.88703918e-01  2.78975209e-03 -7.97479689e-01
 -4.38524857e-02  1.13093853e-01 -3.82264405e-01  1.38396609e+00
  6.05312407e-01  1.89717621e-01 -1.87994957e-01  3.21862578e+00
  1.55959547e+00 -5.84481001e-01  1.94749379e+00  5.90261579e-01
 -4.26900893e-01 -1.12351143e+00 -8.85746777e-02 -1.66987240e-01
 -9.51994538e-01  9.89240885e-01 -1.71200693e-01  1.32246166e-01
  5.89776099e-01 -1.25525105e+00  1.01031929e-01 -5.00966609e-01
  1.41644366e-02 -1.63523331e-01  4.52505380e-01  1.33390218e-01
 -6.45448789e-02  3.77991378e-01 -9.04772580e-01 -5.44584334e-01
 -3.49354029e-01 -1.97096571e-01  1.93875515e+00  1.68814957e-01
 -2.22165152e-01  4.48715463e-02 -7.38904104e-02  1.40951602e-02
  1.02817461e-01  1.50721657e+00 -1.24952972e+00  6.83633089e-01
 -4.31086749e-01 -9.22964275e-01 -1.24245316e-01 -4.44169819e-01
  6.44836053e-02  1.13626456e+00  1.71797186e-01  1.07042398e-02
  2.86911428e-01  5.32820761e-01 -3.44686478e-01 -1.07940471e+00
  1.37402907e-01 -1.80691803e+00  1.57622218e+00  8.19589794e-01
 -6.37324572e-01 -1.95334256e-01 -8.80328774e-01  7.41711080e-01
  4.09598909e-02  8.34153175e-01 -4.57031339e-01  2.83941716e-01
  1.10020137e+00 -3.37292314e-01  6.80264905e-02 -1.90589011e-01
  4.87536073e-01 -1.26242483e+00 -5.79993546e-01 -4.71906066e-01
 -5.36747038e-01 -3.78981888e-01 -1.34510770e-01 -4.72808868e-01
  9.65812728e-02 -2.18814477e-01  1.01008964e+00  5.89304030e-01
  5.38034260e-01  8.42455402e-02 -1.40532881e-01  7.70158917e-02
 -7.12736309e-01  3.12387049e-01  7.75598586e-01 -1.94695726e-01
  2.33821779e-01 -2.17562497e-01 -7.44840980e-01  5.53765059e-01
  8.96856844e-01  5.78018725e-01  6.23112261e-01 -5.88956356e-01
  1.32804468e-01  7.09370058e-03  2.32104346e-01  4.71894622e-01
  1.46003708e-01 -2.01706111e-01  1.21953443e-01 -2.07336560e-01
 -7.48902500e-01 -1.27280247e+00  4.56761748e-01  1.68301880e+00
 -1.00462787e-01 -3.45182627e-01  1.17211230e-01 -1.85488552e-01
 -1.44460499e+00  3.66658300e-01 -7.31594324e-01 -8.15469101e-02
  8.85279655e-01  2.86490023e-02  5.78202724e-01  1.48835093e-01
  6.08137071e-01  1.35164604e-01 -5.97466230e-01 -1.76421344e+00
 -3.54768366e-01  2.15320006e-01 -7.04477549e-01  2.93117404e-01
 -6.49666369e-01  2.69496471e-01  1.15424120e+00 -1.98677883e-01
  7.46418774e-01  4.54378814e-01 -1.85189176e+00  3.57578620e-02
  2.35214412e-01 -4.34334457e-01 -1.24479449e+00 -4.68029976e-01
 -1.04268217e+00  4.54844862e-01  7.26285696e-01 -1.08133495e+00
  1.99147046e-01 -2.84403861e-02 -1.07138276e+00 -3.95400703e-01
  6.98548928e-02 -8.70623410e-01  1.54038906e-01 -5.60017645e-01
 -3.75669263e-02 -7.81353354e-01 -7.31090486e-01 -3.41077209e-01
 -4.64152217e-01  6.60407245e-01  2.21335888e-01 -2.39996284e-01
 -6.66767597e-01  2.04499543e-01 -9.10416782e-01 -2.94663727e-01
 -1.17032087e+00  1.64180085e-01 -8.27566922e-01  6.99705660e-01
  1.33685246e-01  1.41605005e-01  3.46421391e-01  1.11059928e+00
  2.52072841e-01  1.55291784e+00  2.43351758e-01  1.04081237e+00
 -2.76770592e-01 -1.19162232e-01 -4.60011601e-01  1.34364569e+00
 -9.52273130e-01  4.80686158e-01  4.06600356e-01  2.80897468e-01
  9.98292208e-01 -1.31541288e+00  9.41959441e-01  2.02116687e-02
  3.70601773e-01 -1.12893559e-01  4.61780250e-01 -2.28449151e-01
  5.85418820e-01  3.94479007e-01  4.59744960e-01  6.36963010e-01
 -1.59505323e-01  1.00677061e+00  9.86175179e-01 -6.47877678e-02
  1.49050981e-01 -5.52432239e-01 -1.06719267e+00 -7.53977180e-01
 -7.81509995e-01  1.15565598e+00 -7.30940580e-01 -1.53717887e+00
  5.50783157e-01 -9.11858559e-01 -8.98802519e-01  5.36069512e-01
 -1.07712102e+00  3.14948589e-01 -8.60910773e-01 -9.96511221e-01
 -2.39814848e-01 -4.29458141e-01  6.79418385e-01  9.86803651e-01
 -1.04657805e+00  9.67387035e-02  2.55706422e-02  6.05388701e-01
 -6.60483122e-01 -2.04639211e-01  4.15904880e-01 -1.35647511e+00
 -9.27955091e-01 -5.36052465e-01  7.45387852e-01 -2.18400240e+00
  7.69201517e-01  3.20852995e-01 -1.20287740e+00  8.35670292e-01
  2.94883221e-01  2.71465987e-01 -7.08536088e-01 -1.06249952e+00
 -1.07689381e+00  7.60423899e-01 -1.21171467e-01  5.39052308e-01
  2.40152165e-01  9.79230523e-01  1.66857615e-01  6.06723279e-02
  1.80916563e-01 -7.60552645e-01 -3.01277459e-01 -4.17362712e-02
  1.74062574e+00 -1.36267334e-01 -3.31193469e-02 -2.82620676e-02
 -2.71528989e-01 -1.73435509e-01 -1.85956001e-01 -6.15883954e-02
  4.15342361e-01 -1.33295789e-01 -9.73394573e-01 -1.42296922e+00
  1.11226980e-02 -6.48887813e-01 -5.59289455e-02 -9.34372365e-01
 -3.20469499e-01  1.71822205e-01 -3.72805476e-01 -1.12383872e-01
 -1.82882831e-01  7.76977718e-01 -4.01029468e-01  4.71335590e-01
  6.27876967e-02  1.55258179e-02  9.98044372e-01 -2.24709749e+00
 -1.66378126e-01  4.33711410e-01 -3.36138129e-01 -6.40719175e-01
 -3.67246747e-01 -7.96032310e-01  6.48426056e-01 -9.42266643e-01
 -1.04082751e+00  7.30441930e-03 -3.89569491e-01  1.47294855e+00
 -7.89180517e-01 -4.36671704e-01 -5.43994963e-01 -5.21494597e-02
 -1.26271176e+00 -7.26314485e-01 -1.92389399e-01  5.17222643e-01
  6.87981725e-01  5.96668839e-01 -1.68401611e+00  5.07986784e-01
 -2.20345091e-02 -4.52393144e-01  1.23454340e-01  7.45882928e-01
  3.60483646e-01  7.12965071e-01  1.17536747e+00  4.84972596e-01
  8.31876397e-01  1.12832159e-01 -5.01047611e-01  1.13193977e+00
 -2.07402274e-01  6.30153298e-01 -7.69594014e-02 -2.62613058e-01
  5.37480652e-01  7.01635540e-01 -3.63881975e-01  6.86224580e-01
  1.05129576e+00  8.88192594e-01 -8.48925829e-01 -8.82286578e-02
  5.01420915e-01 -2.86752075e-01 -3.25413257e-01 -2.72722095e-01
 -4.60710317e-01  1.91521466e+00  1.54720652e+00  1.39547616e-01
 -1.23197943e-01 -1.62960351e+00 -3.06767553e-01 -1.03407121e+00
 -9.68941152e-02 -1.37072957e+00  2.17509329e-01  3.37919682e-01
 -8.65780339e-02 -8.87138367e-01 -5.31756341e-01  6.07614458e-01
 -1.52500010e+00 -6.54680490e-01 -1.09921885e+00  3.09683889e-01
  9.32154894e-01 -7.96648264e-01  1.09819002e-01 -9.36193824e-01
  1.27858591e+00 -1.13009691e-01 -1.56532098e-02 -1.94033533e-01
  8.13754141e-01  7.27848411e-01  1.37440950e-01 -1.28356433e+00
  5.93122900e-01 -4.10506845e-01  6.62912726e-01  2.60262042e-01
  4.77744848e-01 -7.30178475e-01 -3.93511020e-02  5.23803949e-01]",0
8,[*]C(C)(C[*])C(=O)[O-],[*]CC[N+][*],2650,38080,8.5,600,30,0.0,1,2,9,14.369811320754716,1,0,0,10.243472222222222,10.243472222222222,0.0532407407407407,-0.7986111111111109,0.4502538575862794,23.5,85.082,80.04199999999999,85.02950297991,34.0,2.5,3.0,3.0,1.6668127273868607,3.9084966379068455,100.21143267166842,6.784457050376174,3.5236033621142737,3.5236033621142737,3.504035844753885,1.5118016810571369,1.5118016810571369,1.0677875644551755,1.0677875644551755,0.348461712529338,0.348461712529338,0.0,0.0,-0.53,38.3366927298978,2.610921480426842,0.600159264681777,0.2950914053210928,36.78983322325914,35.63575031240701,9.901064578912528,5.969305287951849,19.76538044554264,0.0,0.0,5.106527394840706,5.969305287951849,4.794537184071822,6.923737199690624,0.0,12.841643245852016,40.13,5.969305287951849,9.901064578912528,5.917906046161393,6.923737199690624,0.0,0.0,6.923737199690624,0.0,0.2098148148148149,10.243472222222222,10.243472222222222,0.0,-1.0902777777777777,0.0,0.0,2.810185185185185,0.0,0.75,6.0,2.0,0.0,0.0,2.0,4.0,2.0,0.0,-0.5682,18.181,1.0,0.0,1.0,1.0,1.0,1.0,0.0,0.0,0.0,0.0,4.166666666666666,4.166666666666666,0.4131944444444444,0.4131944444444444,0.4134068917016045,14.666666666666666,42.06099999999999,38.029,42.03382554808999,16.0,2.0,2.6666666666666665,3.6666666666666665,3.6666666666666665,1.4056390622295665,2.19060968716425,15.119415478763749,4.121320343559642,1.8614271578730528,1.8614271578730528,2.414213562373095,0.8162277660168378,0.8162277660168378,0.2236067977499789,0.2236067977499789,0.0,0.0,0.0,0.0,-0.04,11.245112497836532,0.72512600755025,0.2061650840029218,0.0008163265306122,20.444083839238875,19.202161082765382,0.0,0.0,5.733667477162185,0.0,6.923737199690624,6.544756405912575,0.0,5.733667477162185,6.544756405912575,0.0,0.0,0.0,0.0,6.923737199690624,14.1,0.0,0.0,0.0,0.0,13.4684936056032,0.0,0.0,5.733667477162185,1.1076388888888888,0.0,0.0,4.166666666666666,0.0,0.0,0.0,2.7256944444444446,0.0,1.0,3.0,1.0,0.0,0.0,0.0,3.0,2.0,0.0,0.0226999999999999,11.808000000000002,0.0,0.0,0.0,0.0,0.0,0.0,1.0,0.0,0.0,0.0,0.0,0.0,[*]CC([*])(C)C(=O)[O-],[*]C[N+]C[*],"[ 7.49274790e-01  3.35424781e-01  4.55891341e-01 -1.09221423e+00
 -6.25216782e-01  3.14305499e-02 -1.89206481e-01 -9.25612390e-01
 -2.35249296e-01  1.36610961e+00  8.83861855e-02 -7.13659585e-01
  8.14221084e-01 -6.92512333e-01 -5.14061689e-01 -1.33080852e+00
 -1.47874510e+00 -1.03471792e+00 -6.12177968e-01  2.09805042e-01
  5.51994801e-01 -3.05551559e-01  4.35497522e-01  7.36454964e-01
 -6.94340706e-01  1.29001057e+00  2.37998891e+00 -4.05347496e-01
 -6.00476742e-01  7.56517649e-01 -2.95091867e-01 -4.40703213e-01
 -2.38245353e-01 -1.06833398e+00  5.43902814e-01  2.87487179e-01
  1.05013542e-01  7.71469295e-01  2.95419157e-01  2.99429774e-01
 -1.54818922e-01  9.55972448e-02  1.18825090e+00  1.62336457e+00
  2.11596087e-01  1.97126698e+00  7.42778480e-01  1.40871525e-01
 -2.52242148e-01 -5.88141322e-01 -8.30902278e-01 -5.11340201e-02
 -4.66348320e-01 -3.61824811e-01 -5.98171353e-01 -3.63103032e-01
  2.47532055e-01  5.11704028e-01 -7.26159394e-01  1.30475163e-01
 -9.32137072e-01  1.43789789e-02  4.87203658e-01 -6.09903224e-02
 -5.22938311e-01 -2.59041160e-01 -3.10223382e-02  1.33649796e-01
 -4.49149907e-01 -9.90190208e-01 -4.37130392e-01 -8.20998698e-02
 -1.41018599e-01  2.47300267e-01 -1.07266307e+00 -3.37361068e-01
 -3.82067502e-01 -3.48674297e-01  2.41132863e-02 -3.69367570e-01
  4.26380429e-03 -3.68784666e-01  2.93142378e-01  3.39492798e-01
  1.76544249e-01  7.48980865e-02  3.78351748e-01  1.43084496e-01
 -7.50767514e-02  6.98696852e-01 -1.23164153e+00  1.54972628e-01
  1.30712831e+00  4.13169146e-01 -7.62161970e-01  6.20638654e-02
  6.53732941e-02  3.98433149e-01  3.35860610e-01  2.57231444e-01
  5.09362817e-01  2.24197790e-01 -1.09119499e+00  9.36800539e-01
  7.53451943e-01 -1.23084819e+00  9.08430457e-01 -8.67207110e-01
 -4.80619073e-01  4.63999063e-01 -5.08662164e-01  2.84325276e-02
  8.96979451e-01  2.75238305e-01  6.04319394e-01  7.04479277e-01
 -1.92388758e-01  5.88916123e-01 -1.65896252e-01  1.25128731e-01
 -5.41119277e-01  5.95371544e-01 -4.40301627e-01 -9.53436732e-01
 -8.70644271e-01 -7.01563358e-02  5.19006014e-01 -8.48310441e-02
 -4.53820378e-01 -7.63373524e-02 -2.50903994e-01  1.05273589e-01
 -7.83522904e-04 -5.48577607e-01 -1.58988476e+00  4.16692108e-01
  4.86379087e-01 -6.73893452e-01 -2.14246154e-01 -8.94058764e-01
 -1.69562221e-01  1.62465900e-01  4.72447537e-02 -9.45844769e-01
  3.12819541e-01  4.59828615e-01  1.81325778e-01  5.45694053e-01
  5.22985049e-02 -2.90770084e-01  1.11780930e+00 -6.53702319e-01
  8.88752520e-01 -5.18661022e-01  2.26448655e-01  4.19900529e-02
  2.09506735e-01 -9.99619067e-01 -5.97911179e-01  2.40267485e-01
  3.84019047e-01  1.01165771e-01 -1.29132763e-01  1.37262657e-01
  2.43125573e-01  6.61093593e-02  7.34124482e-01  6.55801445e-02
  8.67221475e-01  1.02447104e+00  1.94548965e-01  4.92215395e-01
  2.58256465e-01  7.06858218e-01  4.08109426e-01  1.43596029e+00
 -2.34669849e-01 -2.20608890e-01 -9.00353014e-01 -1.68292020e-02
 -5.18259466e-01  9.73584116e-01  6.35090172e-01 -3.21039736e-01
  1.96893781e-01  1.36441048e-02  5.94366267e-02  6.31835938e-01
 -6.74691439e-01  2.92127788e-01 -1.58445194e-01  4.75977540e-01
 -1.05258442e-01 -2.61095129e-02 -3.47841859e-01 -1.38431609e+00
  2.30988905e-01  2.42584631e-01  2.42318988e-01  8.21007431e-01
  3.47805738e-01 -5.93114078e-01  6.15051806e-01 -1.13383365e+00
 -1.02469993e+00 -2.10129380e-01  5.13058305e-01 -4.32122946e-02
 -8.96828771e-01 -5.06239772e-01  2.97274590e-02 -1.87300277e+00
  9.58072007e-01 -7.87090957e-01 -5.90321839e-01  1.57090092e+00
 -1.52412921e-01  1.07509518e+00 -2.78278589e-01  6.61327541e-01
 -4.37102556e-01  6.07341051e-01  1.74592510e-01 -8.32812190e-01
  7.96080351e-01 -5.79209208e-01 -2.50138134e-01  8.92362118e-01
 -2.45963167e-02 -1.42872378e-01 -1.42276669e+00  1.69364798e+00
  6.29426658e-01 -5.70318513e-02  1.35555339e+00  7.65864253e-01
  4.97816533e-01  1.59259066e-02 -5.13777614e-01 -9.02717590e-01
 -1.13018739e+00  3.83352101e-01 -4.77341488e-02 -3.79710466e-01
 -4.47504103e-01 -1.09895110e+00 -3.86139631e-01  1.03090264e-01
  8.51628721e-01  2.24349573e-01 -3.13555300e-02  1.22573696e-01
  4.94108871e-02  6.98103666e-01  3.02277476e-01  1.66599587e-01
 -3.08436722e-01 -4.66002375e-01  1.62361014e+00 -2.62132585e-01
  5.79887815e-02 -6.79709196e-01  4.46500778e-01 -7.97002465e-02
 -8.20023119e-02  1.22393526e-01 -2.83097059e-01  4.32255983e-01
 -1.04199953e-01 -1.23305070e+00 -3.06826502e-01  3.86385806e-02
 -5.26868701e-01  2.08499730e-01 -1.37608588e-01 -2.77598381e-01
  1.16459966e+00  3.82706597e-02 -1.96235068e-02 -8.02532017e-01
  5.66025376e-01 -4.30100381e-01  1.32197094e+00  6.55819237e-01
 -1.05254024e-01 -6.85315967e-01  2.16215566e-01  5.93630016e-01
  2.85155267e-01  3.85740906e-01 -5.23835123e-01  3.65415752e-01
  1.48793125e+00 -3.41312021e-01  8.37343931e-02  3.88410576e-02
  1.16101551e+00 -8.25121999e-01  2.77617723e-02  7.33939037e-02
 -4.48615134e-01 -3.60707045e-01  2.16005355e-01 -1.82437807e-01
  2.44415596e-01 -5.28269887e-01  8.22483182e-01 -5.70847653e-02
  8.29918385e-01 -1.71355367e-01 -1.51496232e-01  4.65150774e-01
  3.33200365e-01  1.27273887e-01  9.12838519e-01 -1.40352994e-01
 -2.76168674e-01 -5.63478529e-01  1.85518518e-01  6.18515849e-01
  9.07797396e-01  5.58707714e-01  6.54310524e-01 -9.68789756e-01
 -6.15588129e-02 -2.76184026e-02  2.73121327e-01 -3.54086995e-01
  4.74624962e-01  1.37339443e-01 -3.33838254e-01 -4.54894483e-01
 -4.43201482e-01  4.87415552e-01  6.92939878e-01  7.76845098e-01
  2.34562084e-01 -1.71094164e-01  6.52617574e-01 -7.15576172e-01
 -3.63845557e-01  1.07632124e+00 -2.44740129e-01 -1.39437407e-01
  1.62900817e+00  1.14459256e-02  9.56065774e-01  2.93038279e-01
  3.91988426e-01  3.39301564e-02 -6.13436103e-01 -7.80028582e-01
  2.32236609e-01  1.24575007e+00 -7.12414160e-02  6.11095548e-01
  4.77192504e-03 -1.05789937e-01  2.36828491e-01  5.28803527e-01
  4.67312008e-01 -1.94977492e-01 -9.55596268e-01 -6.81563795e-01
  4.23343569e-01 -2.96947718e-01 -3.69488955e-01 -2.89484084e-01
 -4.30452943e-01 -1.37250312e-02  2.62498766e-01 -5.61480105e-01
  5.62621891e-01 -4.18706477e-01 -8.56468499e-01  5.93134239e-02
 -1.00340411e-01 -7.35716164e-01  1.38378620e-01 -6.84343696e-01
  2.17011675e-01 -4.22011822e-01 -4.02174950e-01 -2.10074112e-01
 -6.50949299e-01  8.00443947e-01 -1.05892392e-02 -5.88889062e-01
 -3.27951312e-02 -9.57627073e-02 -4.11157161e-01  1.26788989e-01
 -4.45752770e-01 -3.34704220e-01 -6.30857348e-01  7.39717126e-01
  3.73316854e-01  1.94936663e-01  8.15797508e-01  7.57897347e-02
  2.51457661e-01  7.87429273e-01 -5.90912402e-02  8.01935017e-01
 -5.09869382e-02 -3.16675752e-01 -8.06985676e-01  3.75884295e-01
 -1.02298295e+00  2.55849570e-01  2.58157365e-02  1.62940547e-01
  3.08816880e-01 -8.00899506e-01  1.81837904e+00 -6.99088693e-01
 -2.37569124e-01 -3.24667641e-03 -4.07583922e-01 -2.53018081e-01
  1.05101004e-01  7.78838634e-01  7.80924141e-01  3.96106571e-01
  4.07956630e-01 -2.10249022e-01  4.17130977e-01 -3.68258469e-02
  2.39590809e-01 -1.32325947e-01 -1.05014598e+00 -3.78439307e-01
  1.21962957e-01  9.12429273e-01 -5.16304731e-01 -4.10982370e-01
  1.13879271e-01 -7.30947316e-01 -1.19410682e+00 -8.46092477e-02
 -4.51732308e-01  3.39796931e-01  1.79029241e-01 -3.18569988e-01
 -4.01548207e-01  1.05452193e-02 -9.81033444e-02  2.65956130e-02
 -1.16055489e+00 -2.66568363e-01 -4.17371392e-01 -2.27321759e-01
 -7.98538566e-01 -2.68420726e-01 -7.56898522e-02 -1.46671772e+00
 -3.53073359e-01  7.68439353e-01  5.23869157e-01 -1.45392466e+00
 -7.55149201e-02 -2.53495097e-01 -6.51691973e-01  1.01998317e+00
  1.75246254e-01  2.19446480e-01 -8.75575662e-01  6.49622753e-02
 -2.21772552e-01  6.31361604e-01  1.11363959e+00  8.29166234e-01
 -9.94006217e-01  5.85105002e-01  1.62860320e-03  6.57095253e-01
 -6.60761952e-01  4.83092368e-01  2.10053355e-01  1.93984300e-01
  1.08389914e+00 -2.88248777e-01  2.90296733e-01  6.75145447e-01
  6.10232018e-02 -5.08173525e-01 -1.05302072e+00  4.84012961e-01
 -1.34737328e-01 -1.63434446e-01 -1.95996463e-01 -1.06526923e+00
 -8.11576009e-01 -3.66595089e-01 -1.52673945e-02 -1.13481522e-01
  6.21918961e-02  6.84323311e-02 -7.70469382e-02 -6.34581506e-01
  2.21770406e-01  7.27311909e-01 -3.06834489e-01  1.09503961e+00
 -6.35234714e-02  7.48488754e-02  3.62029821e-01 -1.14483583e+00
  3.36602688e-01 -3.94898474e-01 -4.43032160e-02 -2.25445300e-01
 -9.30737793e-01  4.10731554e-01  3.46095145e-01 -8.76426399e-01
 -7.85481334e-01 -9.14595544e-01 -4.12273765e-01  5.75143516e-01
 -7.46130526e-01  4.76899326e-01 -7.44161129e-01 -6.33583188e-01
 -7.63390839e-01 -8.95849407e-01 -5.26674464e-02  3.77323836e-01
  6.89602196e-02  8.11982453e-01 -1.31613028e+00  7.27658644e-02
 -1.96165428e-01  6.04341328e-01  2.99889833e-01 -1.47399947e-01
  2.67245054e-01  6.23204529e-01  1.50411510e+00  6.07940815e-02
  2.72842020e-01  4.67290968e-01 -6.77232504e-01  5.37263155e-01
 -2.76431590e-01  6.60036445e-01 -5.24141677e-02  3.49252112e-02
  1.12972081e-01  2.25270927e-01 -1.09064952e-01  3.46314520e-01
  7.54533410e-01  7.83834755e-01 -4.25179332e-01  5.52726567e-01
 -1.95189342e-01 -5.99463761e-01 -3.58343661e-01 -2.30281323e-01
  2.36615911e-01  4.99656409e-01  1.68579209e+00 -1.51982561e-01
 -5.63962042e-01 -1.29549968e+00 -2.81212598e-01 -2.55549937e-01
  4.69508678e-01  1.41729280e-01 -5.26430964e-01  2.20184013e-01
 -2.16536090e-01 -9.31372881e-01 -9.69826996e-01  4.32354122e-01
 -1.06032109e+00 -5.03427327e-01 -8.87604475e-01  4.38566148e-01
  1.47396326e+00 -1.03932881e+00  6.63527369e-01 -9.93533015e-01
  1.08747959e+00 -9.77717102e-01 -1.65758193e-01 -4.72277105e-02
  1.20034409e+00  2.41741404e-01  3.70389432e-01 -1.49647415e+00
  6.98196530e-01 -5.78175962e-01  4.05572444e-01 -6.85069382e-01
  1.34073234e+00 -3.75742733e-01 -1.80194214e-01  3.50243032e-01]","[ 2.73681909e-01  1.66004568e-01 -7.44565070e-01 -1.47705269e+00
 -1.09840822e+00 -1.53690919e-01 -1.29248112e-01  2.95904994e-01
 -9.16356027e-01  1.40345776e+00  1.00063539e+00 -6.83065832e-01
  1.30242276e+00 -2.33746576e+00 -9.75994170e-01 -7.89787889e-01
 -1.79506803e+00 -1.28128958e+00  2.09810168e-01  1.29709288e-01
  4.47607398e-01 -6.85392797e-01  7.80511856e-01  1.21133173e+00
 -3.64384532e-01  1.07354224e+00  2.32574058e+00 -1.55821651e-01
 -2.85600513e-01  3.01326066e-01 -6.34632647e-01  1.65162787e-01
  2.81757385e-01 -3.74723703e-01 -2.95077354e-01  7.01536298e-01
 -2.88844388e-02  2.32678980e-01  2.16173112e-01  5.24862707e-01
 -7.30150580e-01 -4.09290910e-01  1.78005755e+00  1.10312033e+00
 -5.30989515e-03  1.62341702e+00  1.30315197e+00 -9.47976291e-01
  1.85765088e-01  1.49317771e-01 -2.13005602e-01 -6.93675578e-01
 -4.48695384e-03 -4.57031608e-01 -9.96706784e-01 -1.11750238e-01
  4.97595131e-01  4.26965803e-01 -1.49265635e+00  2.89656907e-01
 -2.73807108e-01  8.54427159e-01  1.49728537e+00  9.41296890e-02
 -1.70012251e-01  1.05805194e+00  2.47816041e-01  8.55847076e-02
 -2.41706241e-02  3.27099591e-01 -2.99327344e-01 -2.87228137e-01
 -5.82702875e-01 -5.94702363e-01 -1.03217173e+00 -8.13124239e-01
 -5.35450697e-01 -1.03322685e+00  6.12907767e-01  1.13398790e+00
 -7.18036070e-02  1.90137476e-01  6.24559581e-01  4.69076455e-01
  6.27078772e-01  3.44742835e-01 -3.45153689e-01  1.32870555e+00
 -1.61258459e-01 -1.77030429e-01 -1.69568908e+00  1.72073066e-01
  1.15088892e+00  2.67995209e-01 -1.30087376e-01 -2.35246912e-01
 -9.75930631e-01 -2.02227771e-01  8.58478367e-01  6.41340375e-01
 -3.02943230e-01  1.06876230e+00 -6.70137048e-01  1.55068052e+00
  1.39273751e+00 -1.45554578e+00  8.48026991e-01 -9.02008832e-01
 -3.14056218e-01 -8.90919007e-03  1.89570412e-02  6.20763719e-01
  5.67845762e-01  6.88580513e-01  3.47115725e-01  9.87522900e-01
  1.26554236e-01  9.42884982e-01 -9.06472266e-01  4.57331955e-01
  5.71125150e-02  1.78218889e+00 -1.16092294e-01 -9.70406473e-01
  2.32247129e-01 -1.08961582e-01  4.84424561e-01 -1.63584903e-01
 -2.28719175e-01 -3.77911866e-01  1.91282615e-01 -4.40858275e-01
  4.58004832e-01  2.03468651e-01 -7.51598001e-01  7.42124140e-01
  2.11840153e-01 -1.47817540e+00 -5.86319506e-01 -7.08758950e-01
 -5.41633785e-01  5.09984553e-01  3.28427345e-01 -5.58312654e-01
 -3.01396579e-01  4.69190210e-01  4.12009209e-01  4.86853629e-01
  8.65669027e-02 -4.84711647e-01 -1.38688656e-02 -9.07068998e-02
  7.71938503e-01 -4.51887012e-01 -2.65402257e-01  3.44309598e-01
  8.11073661e-01 -7.00493395e-01 -3.49895090e-01  4.73346151e-02
  9.45539415e-01  3.90116870e-01 -1.22340433e-02  9.33209777e-01
  5.38321495e-01  2.30738390e-02  4.50798392e-01  5.45543730e-01
  6.47279382e-01  1.34209245e-01 -6.69469893e-01 -5.51479518e-01
 -9.10929501e-01  8.97117376e-01  7.78002381e-01  7.29684412e-01
 -4.76152264e-03 -2.28286073e-01 -1.80614281e+00 -2.43098214e-01
 -4.10343200e-01  1.65494692e+00 -1.41513258e-01  4.32345904e-02
  2.63454169e-01 -4.78654593e-01  6.30516946e-01  1.35365450e+00
  1.63908258e-01  1.05160549e-01  6.00636341e-02  3.30597907e-01
 -1.11334272e-01  8.60361159e-01 -1.12372410e+00 -1.36552715e+00
 -9.46494460e-01 -6.26207352e-01 -5.15764892e-01  5.79680920e-01
  4.80724514e-01 -1.80933341e-01  8.24896619e-02 -9.76777613e-01
 -5.42914391e-01 -7.89315462e-01  8.83481205e-01  1.10133314e+00
  2.32755274e-01  8.09302405e-02 -7.54249543e-02 -1.47234833e+00
  7.46453345e-01 -1.42875111e+00  4.53871906e-01  1.72359610e+00
 -4.06082766e-03  1.19332123e+00 -8.32867801e-01  6.88086867e-01
  1.37741864e-01  7.88703918e-01  2.78975209e-03 -7.97479689e-01
 -4.38524857e-02  1.13093853e-01 -3.82264405e-01  1.38396609e+00
  6.05312407e-01  1.89717621e-01 -1.87994957e-01  3.21862578e+00
  1.55959547e+00 -5.84481001e-01  1.94749379e+00  5.90261579e-01
 -4.26900893e-01 -1.12351143e+00 -8.85746777e-02 -1.66987240e-01
 -9.51994538e-01  9.89240885e-01 -1.71200693e-01  1.32246166e-01
  5.89776099e-01 -1.25525105e+00  1.01031929e-01 -5.00966609e-01
  1.41644366e-02 -1.63523331e-01  4.52505380e-01  1.33390218e-01
 -6.45448789e-02  3.77991378e-01 -9.04772580e-01 -5.44584334e-01
 -3.49354029e-01 -1.97096571e-01  1.93875515e+00  1.68814957e-01
 -2.22165152e-01  4.48715463e-02 -7.38904104e-02  1.40951602e-02
  1.02817461e-01  1.50721657e+00 -1.24952972e+00  6.83633089e-01
 -4.31086749e-01 -9.22964275e-01 -1.24245316e-01 -4.44169819e-01
  6.44836053e-02  1.13626456e+00  1.71797186e-01  1.07042398e-02
  2.86911428e-01  5.32820761e-01 -3.44686478e-01 -1.07940471e+00
  1.37402907e-01 -1.80691803e+00  1.57622218e+00  8.19589794e-01
 -6.37324572e-01 -1.95334256e-01 -8.80328774e-01  7.41711080e-01
  4.09598909e-02  8.34153175e-01 -4.57031339e-01  2.83941716e-01
  1.10020137e+00 -3.37292314e-01  6.80264905e-02 -1.90589011e-01
  4.87536073e-01 -1.26242483e+00 -5.79993546e-01 -4.71906066e-01
 -5.36747038e-01 -3.78981888e-01 -1.34510770e-01 -4.72808868e-01
  9.65812728e-02 -2.18814477e-01  1.01008964e+00  5.89304030e-01
  5.38034260e-01  8.42455402e-02 -1.40532881e-01  7.70158917e-02
 -7.12736309e-01  3.12387049e-01  7.75598586e-01 -1.94695726e-01
  2.33821779e-01 -2.17562497e-01 -7.44840980e-01  5.53765059e-01
  8.96856844e-01  5.78018725e-01  6.23112261e-01 -5.88956356e-01
  1.32804468e-01  7.09370058e-03  2.32104346e-01  4.71894622e-01
  1.46003708e-01 -2.01706111e-01  1.21953443e-01 -2.07336560e-01
 -7.48902500e-01 -1.27280247e+00  4.56761748e-01  1.68301880e+00
 -1.00462787e-01 -3.45182627e-01  1.17211230e-01 -1.85488552e-01
 -1.44460499e+00  3.66658300e-01 -7.31594324e-01 -8.15469101e-02
  8.85279655e-01  2.86490023e-02  5.78202724e-01  1.48835093e-01
  6.08137071e-01  1.35164604e-01 -5.97466230e-01 -1.76421344e+00
 -3.54768366e-01  2.15320006e-01 -7.04477549e-01  2.93117404e-01
 -6.49666369e-01  2.69496471e-01  1.15424120e+00 -1.98677883e-01
  7.46418774e-01  4.54378814e-01 -1.85189176e+00  3.57578620e-02
  2.35214412e-01 -4.34334457e-01 -1.24479449e+00 -4.68029976e-01
 -1.04268217e+00  4.54844862e-01  7.26285696e-01 -1.08133495e+00
  1.99147046e-01 -2.84403861e-02 -1.07138276e+00 -3.95400703e-01
  6.98548928e-02 -8.70623410e-01  1.54038906e-01 -5.60017645e-01
 -3.75669263e-02 -7.81353354e-01 -7.31090486e-01 -3.41077209e-01
 -4.64152217e-01  6.60407245e-01  2.21335888e-01 -2.39996284e-01
 -6.66767597e-01  2.04499543e-01 -9.10416782e-01 -2.94663727e-01
 -1.17032087e+00  1.64180085e-01 -8.27566922e-01  6.99705660e-01
  1.33685246e-01  1.41605005e-01  3.46421391e-01  1.11059928e+00
  2.52072841e-01  1.55291784e+00  2.43351758e-01  1.04081237e+00
 -2.76770592e-01 -1.19162232e-01 -4.60011601e-01  1.34364569e+00
 -9.52273130e-01  4.80686158e-01  4.06600356e-01  2.80897468e-01
  9.98292208e-01 -1.31541288e+00  9.41959441e-01  2.02116687e-02
  3.70601773e-01 -1.12893559e-01  4.61780250e-01 -2.28449151e-01
  5.85418820e-01  3.94479007e-01  4.59744960e-01  6.36963010e-01
 -1.59505323e-01  1.00677061e+00  9.86175179e-01 -6.47877678e-02
  1.49050981e-01 -5.52432239e-01 -1.06719267e+00 -7.53977180e-01
 -7.81509995e-01  1.15565598e+00 -7.30940580e-01 -1.53717887e+00
  5.50783157e-01 -9.11858559e-01 -8.98802519e-01  5.36069512e-01
 -1.07712102e+00  3.14948589e-01 -8.60910773e-01 -9.96511221e-01
 -2.39814848e-01 -4.29458141e-01  6.79418385e-01  9.86803651e-01
 -1.04657805e+00  9.67387035e-02  2.55706422e-02  6.05388701e-01
 -6.60483122e-01 -2.04639211e-01  4.15904880e-01 -1.35647511e+00
 -9.27955091e-01 -5.36052465e-01  7.45387852e-01 -2.18400240e+00
  7.69201517e-01  3.20852995e-01 -1.20287740e+00  8.35670292e-01
  2.94883221e-01  2.71465987e-01 -7.08536088e-01 -1.06249952e+00
 -1.07689381e+00  7.60423899e-01 -1.21171467e-01  5.39052308e-01
  2.40152165e-01  9.79230523e-01  1.66857615e-01  6.06723279e-02
  1.80916563e-01 -7.60552645e-01 -3.01277459e-01 -4.17362712e-02
  1.74062574e+00 -1.36267334e-01 -3.31193469e-02 -2.82620676e-02
 -2.71528989e-01 -1.73435509e-01 -1.85956001e-01 -6.15883954e-02
  4.15342361e-01 -1.33295789e-01 -9.73394573e-01 -1.42296922e+00
  1.11226980e-02 -6.48887813e-01 -5.59289455e-02 -9.34372365e-01
 -3.20469499e-01  1.71822205e-01 -3.72805476e-01 -1.12383872e-01
 -1.82882831e-01  7.76977718e-01 -4.01029468e-01  4.71335590e-01
  6.27876967e-02  1.55258179e-02  9.98044372e-01 -2.24709749e+00
 -1.66378126e-01  4.33711410e-01 -3.36138129e-01 -6.40719175e-01
 -3.67246747e-01 -7.96032310e-01  6.48426056e-01 -9.42266643e-01
 -1.04082751e+00  7.30441930e-03 -3.89569491e-01  1.47294855e+00
 -7.89180517e-01 -4.36671704e-01 -5.43994963e-01 -5.21494597e-02
 -1.26271176e+00 -7.26314485e-01 -1.92389399e-01  5.17222643e-01
  6.87981725e-01  5.96668839e-01 -1.68401611e+00  5.07986784e-01
 -2.20345091e-02 -4.52393144e-01  1.23454340e-01  7.45882928e-01
  3.60483646e-01  7.12965071e-01  1.17536747e+00  4.84972596e-01
  8.31876397e-01  1.12832159e-01 -5.01047611e-01  1.13193977e+00
 -2.07402274e-01  6.30153298e-01 -7.69594014e-02 -2.62613058e-01
  5.37480652e-01  7.01635540e-01 -3.63881975e-01  6.86224580e-01
  1.05129576e+00  8.88192594e-01 -8.48925829e-01 -8.82286578e-02
  5.01420915e-01 -2.86752075e-01 -3.25413257e-01 -2.72722095e-01
 -4.60710317e-01  1.91521466e+00  1.54720652e+00  1.39547616e-01
 -1.23197943e-01 -1.62960351e+00 -3.06767553e-01 -1.03407121e+00
 -9.68941152e-02 -1.37072957e+00  2.17509329e-01  3.37919682e-01
 -8.65780339e-02 -8.87138367e-01 -5.31756341e-01  6.07614458e-01
 -1.52500010e+00 -6.54680490e-01 -1.09921885e+00  3.09683889e-01
  9.32154894e-01 -7.96648264e-01  1.09819002e-01 -9.36193824e-01
  1.27858591e+00 -1.13009691e-01 -1.56532098e-02 -1.94033533e-01
  8.13754141e-01  7.27848411e-01  1.37440950e-01 -1.28356433e+00
  5.93122900e-01 -4.10506845e-01  6.62912726e-01  2.60262042e-01
  4.77744848e-01 -7.30178475e-01 -3.93511020e-02  5.23803949e-01]",0
9,[*]C(C)(C[*])C(=O)[O-],[*]CC[N+][*],2650,38080,8.5,400,40,0.0,1,2,9,14.369811320754716,1,0,0,10.243472222222222,10.243472222222222,0.0532407407407407,-0.7986111111111109,0.4502538575862794,23.5,85.082,80.04199999999999,85.02950297991,34.0,2.5,3.0,3.0,1.6668127273868607,3.9084966379068455,100.21143267166842,6.784457050376174,3.5236033621142737,3.5236033621142737,3.504035844753885,1.5118016810571369,1.5118016810571369,1.0677875644551755,1.0677875644551755,0.348461712529338,0.348461712529338,0.0,0.0,-0.53,38.3366927298978,2.610921480426842,0.600159264681777,0.2950914053210928,36.78983322325914,35.63575031240701,9.901064578912528,5.969305287951849,19.76538044554264,0.0,0.0,5.106527394840706,5.969305287951849,4.794537184071822,6.923737199690624,0.0,12.841643245852016,40.13,5.969305287951849,9.901064578912528,5.917906046161393,6.923737199690624,0.0,0.0,6.923737199690624,0.0,0.2098148148148149,10.243472222222222,10.243472222222222,0.0,-1.0902777777777777,0.0,0.0,2.810185185185185,0.0,0.75,6.0,2.0,0.0,0.0,2.0,4.0,2.0,0.0,-0.5682,18.181,1.0,0.0,1.0,1.0,1.0,1.0,0.0,0.0,0.0,0.0,4.166666666666666,4.166666666666666,0.4131944444444444,0.4131944444444444,0.4134068917016045,14.666666666666666,42.06099999999999,38.029,42.03382554808999,16.0,2.0,2.6666666666666665,3.6666666666666665,3.6666666666666665,1.4056390622295665,2.19060968716425,15.119415478763749,4.121320343559642,1.8614271578730528,1.8614271578730528,2.414213562373095,0.8162277660168378,0.8162277660168378,0.2236067977499789,0.2236067977499789,0.0,0.0,0.0,0.0,-0.04,11.245112497836532,0.72512600755025,0.2061650840029218,0.0008163265306122,20.444083839238875,19.202161082765382,0.0,0.0,5.733667477162185,0.0,6.923737199690624,6.544756405912575,0.0,5.733667477162185,6.544756405912575,0.0,0.0,0.0,0.0,6.923737199690624,14.1,0.0,0.0,0.0,0.0,13.4684936056032,0.0,0.0,5.733667477162185,1.1076388888888888,0.0,0.0,4.166666666666666,0.0,0.0,0.0,2.7256944444444446,0.0,1.0,3.0,1.0,0.0,0.0,0.0,3.0,2.0,0.0,0.0226999999999999,11.808000000000002,0.0,0.0,0.0,0.0,0.0,0.0,1.0,0.0,0.0,0.0,0.0,0.0,[*]CC([*])(C)C(=O)[O-],[*]C[N+]C[*],"[ 7.49274790e-01  3.35424781e-01  4.55891341e-01 -1.09221423e+00
 -6.25216782e-01  3.14305499e-02 -1.89206481e-01 -9.25612390e-01
 -2.35249296e-01  1.36610961e+00  8.83861855e-02 -7.13659585e-01
  8.14221084e-01 -6.92512333e-01 -5.14061689e-01 -1.33080852e+00
 -1.47874510e+00 -1.03471792e+00 -6.12177968e-01  2.09805042e-01
  5.51994801e-01 -3.05551559e-01  4.35497522e-01  7.36454964e-01
 -6.94340706e-01  1.29001057e+00  2.37998891e+00 -4.05347496e-01
 -6.00476742e-01  7.56517649e-01 -2.95091867e-01 -4.40703213e-01
 -2.38245353e-01 -1.06833398e+00  5.43902814e-01  2.87487179e-01
  1.05013542e-01  7.71469295e-01  2.95419157e-01  2.99429774e-01
 -1.54818922e-01  9.55972448e-02  1.18825090e+00  1.62336457e+00
  2.11596087e-01  1.97126698e+00  7.42778480e-01  1.40871525e-01
 -2.52242148e-01 -5.88141322e-01 -8.30902278e-01 -5.11340201e-02
 -4.66348320e-01 -3.61824811e-01 -5.98171353e-01 -3.63103032e-01
  2.47532055e-01  5.11704028e-01 -7.26159394e-01  1.30475163e-01
 -9.32137072e-01  1.43789789e-02  4.87203658e-01 -6.09903224e-02
 -5.22938311e-01 -2.59041160e-01 -3.10223382e-02  1.33649796e-01
 -4.49149907e-01 -9.90190208e-01 -4.37130392e-01 -8.20998698e-02
 -1.41018599e-01  2.47300267e-01 -1.07266307e+00 -3.37361068e-01
 -3.82067502e-01 -3.48674297e-01  2.41132863e-02 -3.69367570e-01
  4.26380429e-03 -3.68784666e-01  2.93142378e-01  3.39492798e-01
  1.76544249e-01  7.48980865e-02  3.78351748e-01  1.43084496e-01
 -7.50767514e-02  6.98696852e-01 -1.23164153e+00  1.54972628e-01
  1.30712831e+00  4.13169146e-01 -7.62161970e-01  6.20638654e-02
  6.53732941e-02  3.98433149e-01  3.35860610e-01  2.57231444e-01
  5.09362817e-01  2.24197790e-01 -1.09119499e+00  9.36800539e-01
  7.53451943e-01 -1.23084819e+00  9.08430457e-01 -8.67207110e-01
 -4.80619073e-01  4.63999063e-01 -5.08662164e-01  2.84325276e-02
  8.96979451e-01  2.75238305e-01  6.04319394e-01  7.04479277e-01
 -1.92388758e-01  5.88916123e-01 -1.65896252e-01  1.25128731e-01
 -5.41119277e-01  5.95371544e-01 -4.40301627e-01 -9.53436732e-01
 -8.70644271e-01 -7.01563358e-02  5.19006014e-01 -8.48310441e-02
 -4.53820378e-01 -7.63373524e-02 -2.50903994e-01  1.05273589e-01
 -7.83522904e-04 -5.48577607e-01 -1.58988476e+00  4.16692108e-01
  4.86379087e-01 -6.73893452e-01 -2.14246154e-01 -8.94058764e-01
 -1.69562221e-01  1.62465900e-01  4.72447537e-02 -9.45844769e-01
  3.12819541e-01  4.59828615e-01  1.81325778e-01  5.45694053e-01
  5.22985049e-02 -2.90770084e-01  1.11780930e+00 -6.53702319e-01
  8.88752520e-01 -5.18661022e-01  2.26448655e-01  4.19900529e-02
  2.09506735e-01 -9.99619067e-01 -5.97911179e-01  2.40267485e-01
  3.84019047e-01  1.01165771e-01 -1.29132763e-01  1.37262657e-01
  2.43125573e-01  6.61093593e-02  7.34124482e-01  6.55801445e-02
  8.67221475e-01  1.02447104e+00  1.94548965e-01  4.92215395e-01
  2.58256465e-01  7.06858218e-01  4.08109426e-01  1.43596029e+00
 -2.34669849e-01 -2.20608890e-01 -9.00353014e-01 -1.68292020e-02
 -5.18259466e-01  9.73584116e-01  6.35090172e-01 -3.21039736e-01
  1.96893781e-01  1.36441048e-02  5.94366267e-02  6.31835938e-01
 -6.74691439e-01  2.92127788e-01 -1.58445194e-01  4.75977540e-01
 -1.05258442e-01 -2.61095129e-02 -3.47841859e-01 -1.38431609e+00
  2.30988905e-01  2.42584631e-01  2.42318988e-01  8.21007431e-01
  3.47805738e-01 -5.93114078e-01  6.15051806e-01 -1.13383365e+00
 -1.02469993e+00 -2.10129380e-01  5.13058305e-01 -4.32122946e-02
 -8.96828771e-01 -5.06239772e-01  2.97274590e-02 -1.87300277e+00
  9.58072007e-01 -7.87090957e-01 -5.90321839e-01  1.57090092e+00
 -1.52412921e-01  1.07509518e+00 -2.78278589e-01  6.61327541e-01
 -4.37102556e-01  6.07341051e-01  1.74592510e-01 -8.32812190e-01
  7.96080351e-01 -5.79209208e-01 -2.50138134e-01  8.92362118e-01
 -2.45963167e-02 -1.42872378e-01 -1.42276669e+00  1.69364798e+00
  6.29426658e-01 -5.70318513e-02  1.35555339e+00  7.65864253e-01
  4.97816533e-01  1.59259066e-02 -5.13777614e-01 -9.02717590e-01
 -1.13018739e+00  3.83352101e-01 -4.77341488e-02 -3.79710466e-01
 -4.47504103e-01 -1.09895110e+00 -3.86139631e-01  1.03090264e-01
  8.51628721e-01  2.24349573e-01 -3.13555300e-02  1.22573696e-01
  4.94108871e-02  6.98103666e-01  3.02277476e-01  1.66599587e-01
 -3.08436722e-01 -4.66002375e-01  1.62361014e+00 -2.62132585e-01
  5.79887815e-02 -6.79709196e-01  4.46500778e-01 -7.97002465e-02
 -8.20023119e-02  1.22393526e-01 -2.83097059e-01  4.32255983e-01
 -1.04199953e-01 -1.23305070e+00 -3.06826502e-01  3.86385806e-02
 -5.26868701e-01  2.08499730e-01 -1.37608588e-01 -2.77598381e-01
  1.16459966e+00  3.82706597e-02 -1.96235068e-02 -8.02532017e-01
  5.66025376e-01 -4.30100381e-01  1.32197094e+00  6.55819237e-01
 -1.05254024e-01 -6.85315967e-01  2.16215566e-01  5.93630016e-01
  2.85155267e-01  3.85740906e-01 -5.23835123e-01  3.65415752e-01
  1.48793125e+00 -3.41312021e-01  8.37343931e-02  3.88410576e-02
  1.16101551e+00 -8.25121999e-01  2.77617723e-02  7.33939037e-02
 -4.48615134e-01 -3.60707045e-01  2.16005355e-01 -1.82437807e-01
  2.44415596e-01 -5.28269887e-01  8.22483182e-01 -5.70847653e-02
  8.29918385e-01 -1.71355367e-01 -1.51496232e-01  4.65150774e-01
  3.33200365e-01  1.27273887e-01  9.12838519e-01 -1.40352994e-01
 -2.76168674e-01 -5.63478529e-01  1.85518518e-01  6.18515849e-01
  9.07797396e-01  5.58707714e-01  6.54310524e-01 -9.68789756e-01
 -6.15588129e-02 -2.76184026e-02  2.73121327e-01 -3.54086995e-01
  4.74624962e-01  1.37339443e-01 -3.33838254e-01 -4.54894483e-01
 -4.43201482e-01  4.87415552e-01  6.92939878e-01  7.76845098e-01
  2.34562084e-01 -1.71094164e-01  6.52617574e-01 -7.15576172e-01
 -3.63845557e-01  1.07632124e+00 -2.44740129e-01 -1.39437407e-01
  1.62900817e+00  1.14459256e-02  9.56065774e-01  2.93038279e-01
  3.91988426e-01  3.39301564e-02 -6.13436103e-01 -7.80028582e-01
  2.32236609e-01  1.24575007e+00 -7.12414160e-02  6.11095548e-01
  4.77192504e-03 -1.05789937e-01  2.36828491e-01  5.28803527e-01
  4.67312008e-01 -1.94977492e-01 -9.55596268e-01 -6.81563795e-01
  4.23343569e-01 -2.96947718e-01 -3.69488955e-01 -2.89484084e-01
 -4.30452943e-01 -1.37250312e-02  2.62498766e-01 -5.61480105e-01
  5.62621891e-01 -4.18706477e-01 -8.56468499e-01  5.93134239e-02
 -1.00340411e-01 -7.35716164e-01  1.38378620e-01 -6.84343696e-01
  2.17011675e-01 -4.22011822e-01 -4.02174950e-01 -2.10074112e-01
 -6.50949299e-01  8.00443947e-01 -1.05892392e-02 -5.88889062e-01
 -3.27951312e-02 -9.57627073e-02 -4.11157161e-01  1.26788989e-01
 -4.45752770e-01 -3.34704220e-01 -6.30857348e-01  7.39717126e-01
  3.73316854e-01  1.94936663e-01  8.15797508e-01  7.57897347e-02
  2.51457661e-01  7.87429273e-01 -5.90912402e-02  8.01935017e-01
 -5.09869382e-02 -3.16675752e-01 -8.06985676e-01  3.75884295e-01
 -1.02298295e+00  2.55849570e-01  2.58157365e-02  1.62940547e-01
  3.08816880e-01 -8.00899506e-01  1.81837904e+00 -6.99088693e-01
 -2.37569124e-01 -3.24667641e-03 -4.07583922e-01 -2.53018081e-01
  1.05101004e-01  7.78838634e-01  7.80924141e-01  3.96106571e-01
  4.07956630e-01 -2.10249022e-01  4.17130977e-01 -3.68258469e-02
  2.39590809e-01 -1.32325947e-01 -1.05014598e+00 -3.78439307e-01
  1.21962957e-01  9.12429273e-01 -5.16304731e-01 -4.10982370e-01
  1.13879271e-01 -7.30947316e-01 -1.19410682e+00 -8.46092477e-02
 -4.51732308e-01  3.39796931e-01  1.79029241e-01 -3.18569988e-01
 -4.01548207e-01  1.05452193e-02 -9.81033444e-02  2.65956130e-02
 -1.16055489e+00 -2.66568363e-01 -4.17371392e-01 -2.27321759e-01
 -7.98538566e-01 -2.68420726e-01 -7.56898522e-02 -1.46671772e+00
 -3.53073359e-01  7.68439353e-01  5.23869157e-01 -1.45392466e+00
 -7.55149201e-02 -2.53495097e-01 -6.51691973e-01  1.01998317e+00
  1.75246254e-01  2.19446480e-01 -8.75575662e-01  6.49622753e-02
 -2.21772552e-01  6.31361604e-01  1.11363959e+00  8.29166234e-01
 -9.94006217e-01  5.85105002e-01  1.62860320e-03  6.57095253e-01
 -6.60761952e-01  4.83092368e-01  2.10053355e-01  1.93984300e-01
  1.08389914e+00 -2.88248777e-01  2.90296733e-01  6.75145447e-01
  6.10232018e-02 -5.08173525e-01 -1.05302072e+00  4.84012961e-01
 -1.34737328e-01 -1.63434446e-01 -1.95996463e-01 -1.06526923e+00
 -8.11576009e-01 -3.66595089e-01 -1.52673945e-02 -1.13481522e-01
  6.21918961e-02  6.84323311e-02 -7.70469382e-02 -6.34581506e-01
  2.21770406e-01  7.27311909e-01 -3.06834489e-01  1.09503961e+00
 -6.35234714e-02  7.48488754e-02  3.62029821e-01 -1.14483583e+00
  3.36602688e-01 -3.94898474e-01 -4.43032160e-02 -2.25445300e-01
 -9.30737793e-01  4.10731554e-01  3.46095145e-01 -8.76426399e-01
 -7.85481334e-01 -9.14595544e-01 -4.12273765e-01  5.75143516e-01
 -7.46130526e-01  4.76899326e-01 -7.44161129e-01 -6.33583188e-01
 -7.63390839e-01 -8.95849407e-01 -5.26674464e-02  3.77323836e-01
  6.89602196e-02  8.11982453e-01 -1.31613028e+00  7.27658644e-02
 -1.96165428e-01  6.04341328e-01  2.99889833e-01 -1.47399947e-01
  2.67245054e-01  6.23204529e-01  1.50411510e+00  6.07940815e-02
  2.72842020e-01  4.67290968e-01 -6.77232504e-01  5.37263155e-01
 -2.76431590e-01  6.60036445e-01 -5.24141677e-02  3.49252112e-02
  1.12972081e-01  2.25270927e-01 -1.09064952e-01  3.46314520e-01
  7.54533410e-01  7.83834755e-01 -4.25179332e-01  5.52726567e-01
 -1.95189342e-01 -5.99463761e-01 -3.58343661e-01 -2.30281323e-01
  2.36615911e-01  4.99656409e-01  1.68579209e+00 -1.51982561e-01
 -5.63962042e-01 -1.29549968e+00 -2.81212598e-01 -2.55549937e-01
  4.69508678e-01  1.41729280e-01 -5.26430964e-01  2.20184013e-01
 -2.16536090e-01 -9.31372881e-01 -9.69826996e-01  4.32354122e-01
 -1.06032109e+00 -5.03427327e-01 -8.87604475e-01  4.38566148e-01
  1.47396326e+00 -1.03932881e+00  6.63527369e-01 -9.93533015e-01
  1.08747959e+00 -9.77717102e-01 -1.65758193e-01 -4.72277105e-02
  1.20034409e+00  2.41741404e-01  3.70389432e-01 -1.49647415e+00
  6.98196530e-01 -5.78175962e-01  4.05572444e-01 -6.85069382e-01
  1.34073234e+00 -3.75742733e-01 -1.80194214e-01  3.50243032e-01]","[ 2.73681909e-01  1.66004568e-01 -7.44565070e-01 -1.47705269e+00
 -1.09840822e+00 -1.53690919e-01 -1.29248112e-01  2.95904994e-01
 -9.16356027e-01  1.40345776e+00  1.00063539e+00 -6.83065832e-01
  1.30242276e+00 -2.33746576e+00 -9.75994170e-01 -7.89787889e-01
 -1.79506803e+00 -1.28128958e+00  2.09810168e-01  1.29709288e-01
  4.47607398e-01 -6.85392797e-01  7.80511856e-01  1.21133173e+00
 -3.64384532e-01  1.07354224e+00  2.32574058e+00 -1.55821651e-01
 -2.85600513e-01  3.01326066e-01 -6.34632647e-01  1.65162787e-01
  2.81757385e-01 -3.74723703e-01 -2.95077354e-01  7.01536298e-01
 -2.88844388e-02  2.32678980e-01  2.16173112e-01  5.24862707e-01
 -7.30150580e-01 -4.09290910e-01  1.78005755e+00  1.10312033e+00
 -5.30989515e-03  1.62341702e+00  1.30315197e+00 -9.47976291e-01
  1.85765088e-01  1.49317771e-01 -2.13005602e-01 -6.93675578e-01
 -4.48695384e-03 -4.57031608e-01 -9.96706784e-01 -1.11750238e-01
  4.97595131e-01  4.26965803e-01 -1.49265635e+00  2.89656907e-01
 -2.73807108e-01  8.54427159e-01  1.49728537e+00  9.41296890e-02
 -1.70012251e-01  1.05805194e+00  2.47816041e-01  8.55847076e-02
 -2.41706241e-02  3.27099591e-01 -2.99327344e-01 -2.87228137e-01
 -5.82702875e-01 -5.94702363e-01 -1.03217173e+00 -8.13124239e-01
 -5.35450697e-01 -1.03322685e+00  6.12907767e-01  1.13398790e+00
 -7.18036070e-02  1.90137476e-01  6.24559581e-01  4.69076455e-01
  6.27078772e-01  3.44742835e-01 -3.45153689e-01  1.32870555e+00
 -1.61258459e-01 -1.77030429e-01 -1.69568908e+00  1.72073066e-01
  1.15088892e+00  2.67995209e-01 -1.30087376e-01 -2.35246912e-01
 -9.75930631e-01 -2.02227771e-01  8.58478367e-01  6.41340375e-01
 -3.02943230e-01  1.06876230e+00 -6.70137048e-01  1.55068052e+00
  1.39273751e+00 -1.45554578e+00  8.48026991e-01 -9.02008832e-01
 -3.14056218e-01 -8.90919007e-03  1.89570412e-02  6.20763719e-01
  5.67845762e-01  6.88580513e-01  3.47115725e-01  9.87522900e-01
  1.26554236e-01  9.42884982e-01 -9.06472266e-01  4.57331955e-01
  5.71125150e-02  1.78218889e+00 -1.16092294e-01 -9.70406473e-01
  2.32247129e-01 -1.08961582e-01  4.84424561e-01 -1.63584903e-01
 -2.28719175e-01 -3.77911866e-01  1.91282615e-01 -4.40858275e-01
  4.58004832e-01  2.03468651e-01 -7.51598001e-01  7.42124140e-01
  2.11840153e-01 -1.47817540e+00 -5.86319506e-01 -7.08758950e-01
 -5.41633785e-01  5.09984553e-01  3.28427345e-01 -5.58312654e-01
 -3.01396579e-01  4.69190210e-01  4.12009209e-01  4.86853629e-01
  8.65669027e-02 -4.84711647e-01 -1.38688656e-02 -9.07068998e-02
  7.71938503e-01 -4.51887012e-01 -2.65402257e-01  3.44309598e-01
  8.11073661e-01 -7.00493395e-01 -3.49895090e-01  4.73346151e-02
  9.45539415e-01  3.90116870e-01 -1.22340433e-02  9.33209777e-01
  5.38321495e-01  2.30738390e-02  4.50798392e-01  5.45543730e-01
  6.47279382e-01  1.34209245e-01 -6.69469893e-01 -5.51479518e-01
 -9.10929501e-01  8.97117376e-01  7.78002381e-01  7.29684412e-01
 -4.76152264e-03 -2.28286073e-01 -1.80614281e+00 -2.43098214e-01
 -4.10343200e-01  1.65494692e+00 -1.41513258e-01  4.32345904e-02
  2.63454169e-01 -4.78654593e-01  6.30516946e-01  1.35365450e+00
  1.63908258e-01  1.05160549e-01  6.00636341e-02  3.30597907e-01
 -1.11334272e-01  8.60361159e-01 -1.12372410e+00 -1.36552715e+00
 -9.46494460e-01 -6.26207352e-01 -5.15764892e-01  5.79680920e-01
  4.80724514e-01 -1.80933341e-01  8.24896619e-02 -9.76777613e-01
 -5.42914391e-01 -7.89315462e-01  8.83481205e-01  1.10133314e+00
  2.32755274e-01  8.09302405e-02 -7.54249543e-02 -1.47234833e+00
  7.46453345e-01 -1.42875111e+00  4.53871906e-01  1.72359610e+00
 -4.06082766e-03  1.19332123e+00 -8.32867801e-01  6.88086867e-01
  1.37741864e-01  7.88703918e-01  2.78975209e-03 -7.97479689e-01
 -4.38524857e-02  1.13093853e-01 -3.82264405e-01  1.38396609e+00
  6.05312407e-01  1.89717621e-01 -1.87994957e-01  3.21862578e+00
  1.55959547e+00 -5.84481001e-01  1.94749379e+00  5.90261579e-01
 -4.26900893e-01 -1.12351143e+00 -8.85746777e-02 -1.66987240e-01
 -9.51994538e-01  9.89240885e-01 -1.71200693e-01  1.32246166e-01
  5.89776099e-01 -1.25525105e+00  1.01031929e-01 -5.00966609e-01
  1.41644366e-02 -1.63523331e-01  4.52505380e-01  1.33390218e-01
 -6.45448789e-02  3.77991378e-01 -9.04772580e-01 -5.44584334e-01
 -3.49354029e-01 -1.97096571e-01  1.93875515e+00  1.68814957e-01
 -2.22165152e-01  4.48715463e-02 -7.38904104e-02  1.40951602e-02
  1.02817461e-01  1.50721657e+00 -1.24952972e+00  6.83633089e-01
 -4.31086749e-01 -9.22964275e-01 -1.24245316e-01 -4.44169819e-01
  6.44836053e-02  1.13626456e+00  1.71797186e-01  1.07042398e-02
  2.86911428e-01  5.32820761e-01 -3.44686478e-01 -1.07940471e+00
  1.37402907e-01 -1.80691803e+00  1.57622218e+00  8.19589794e-01
 -6.37324572e-01 -1.95334256e-01 -8.80328774e-01  7.41711080e-01
  4.09598909e-02  8.34153175e-01 -4.57031339e-01  2.83941716e-01
  1.10020137e+00 -3.37292314e-01  6.80264905e-02 -1.90589011e-01
  4.87536073e-01 -1.26242483e+00 -5.79993546e-01 -4.71906066e-01
 -5.36747038e-01 -3.78981888e-01 -1.34510770e-01 -4.72808868e-01
  9.65812728e-02 -2.18814477e-01  1.01008964e+00  5.89304030e-01
  5.38034260e-01  8.42455402e-02 -1.40532881e-01  7.70158917e-02
 -7.12736309e-01  3.12387049e-01  7.75598586e-01 -1.94695726e-01
  2.33821779e-01 -2.17562497e-01 -7.44840980e-01  5.53765059e-01
  8.96856844e-01  5.78018725e-01  6.23112261e-01 -5.88956356e-01
  1.32804468e-01  7.09370058e-03  2.32104346e-01  4.71894622e-01
  1.46003708e-01 -2.01706111e-01  1.21953443e-01 -2.07336560e-01
 -7.48902500e-01 -1.27280247e+00  4.56761748e-01  1.68301880e+00
 -1.00462787e-01 -3.45182627e-01  1.17211230e-01 -1.85488552e-01
 -1.44460499e+00  3.66658300e-01 -7.31594324e-01 -8.15469101e-02
  8.85279655e-01  2.86490023e-02  5.78202724e-01  1.48835093e-01
  6.08137071e-01  1.35164604e-01 -5.97466230e-01 -1.76421344e+00
 -3.54768366e-01  2.15320006e-01 -7.04477549e-01  2.93117404e-01
 -6.49666369e-01  2.69496471e-01  1.15424120e+00 -1.98677883e-01
  7.46418774e-01  4.54378814e-01 -1.85189176e+00  3.57578620e-02
  2.35214412e-01 -4.34334457e-01 -1.24479449e+00 -4.68029976e-01
 -1.04268217e+00  4.54844862e-01  7.26285696e-01 -1.08133495e+00
  1.99147046e-01 -2.84403861e-02 -1.07138276e+00 -3.95400703e-01
  6.98548928e-02 -8.70623410e-01  1.54038906e-01 -5.60017645e-01
 -3.75669263e-02 -7.81353354e-01 -7.31090486e-01 -3.41077209e-01
 -4.64152217e-01  6.60407245e-01  2.21335888e-01 -2.39996284e-01
 -6.66767597e-01  2.04499543e-01 -9.10416782e-01 -2.94663727e-01
 -1.17032087e+00  1.64180085e-01 -8.27566922e-01  6.99705660e-01
  1.33685246e-01  1.41605005e-01  3.46421391e-01  1.11059928e+00
  2.52072841e-01  1.55291784e+00  2.43351758e-01  1.04081237e+00
 -2.76770592e-01 -1.19162232e-01 -4.60011601e-01  1.34364569e+00
 -9.52273130e-01  4.80686158e-01  4.06600356e-01  2.80897468e-01
  9.98292208e-01 -1.31541288e+00  9.41959441e-01  2.02116687e-02
  3.70601773e-01 -1.12893559e-01  4.61780250e-01 -2.28449151e-01
  5.85418820e-01  3.94479007e-01  4.59744960e-01  6.36963010e-01
 -1.59505323e-01  1.00677061e+00  9.86175179e-01 -6.47877678e-02
  1.49050981e-01 -5.52432239e-01 -1.06719267e+00 -7.53977180e-01
 -7.81509995e-01  1.15565598e+00 -7.30940580e-01 -1.53717887e+00
  5.50783157e-01 -9.11858559e-01 -8.98802519e-01  5.36069512e-01
 -1.07712102e+00  3.14948589e-01 -8.60910773e-01 -9.96511221e-01
 -2.39814848e-01 -4.29458141e-01  6.79418385e-01  9.86803651e-01
 -1.04657805e+00  9.67387035e-02  2.55706422e-02  6.05388701e-01
 -6.60483122e-01 -2.04639211e-01  4.15904880e-01 -1.35647511e+00
 -9.27955091e-01 -5.36052465e-01  7.45387852e-01 -2.18400240e+00
  7.69201517e-01  3.20852995e-01 -1.20287740e+00  8.35670292e-01
  2.94883221e-01  2.71465987e-01 -7.08536088e-01 -1.06249952e+00
 -1.07689381e+00  7.60423899e-01 -1.21171467e-01  5.39052308e-01
  2.40152165e-01  9.79230523e-01  1.66857615e-01  6.06723279e-02
  1.80916563e-01 -7.60552645e-01 -3.01277459e-01 -4.17362712e-02
  1.74062574e+00 -1.36267334e-01 -3.31193469e-02 -2.82620676e-02
 -2.71528989e-01 -1.73435509e-01 -1.85956001e-01 -6.15883954e-02
  4.15342361e-01 -1.33295789e-01 -9.73394573e-01 -1.42296922e+00
  1.11226980e-02 -6.48887813e-01 -5.59289455e-02 -9.34372365e-01
 -3.20469499e-01  1.71822205e-01 -3.72805476e-01 -1.12383872e-01
 -1.82882831e-01  7.76977718e-01 -4.01029468e-01  4.71335590e-01
  6.27876967e-02  1.55258179e-02  9.98044372e-01 -2.24709749e+00
 -1.66378126e-01  4.33711410e-01 -3.36138129e-01 -6.40719175e-01
 -3.67246747e-01 -7.96032310e-01  6.48426056e-01 -9.42266643e-01
 -1.04082751e+00  7.30441930e-03 -3.89569491e-01  1.47294855e+00
 -7.89180517e-01 -4.36671704e-01 -5.43994963e-01 -5.21494597e-02
 -1.26271176e+00 -7.26314485e-01 -1.92389399e-01  5.17222643e-01
  6.87981725e-01  5.96668839e-01 -1.68401611e+00  5.07986784e-01
 -2.20345091e-02 -4.52393144e-01  1.23454340e-01  7.45882928e-01
  3.60483646e-01  7.12965071e-01  1.17536747e+00  4.84972596e-01
  8.31876397e-01  1.12832159e-01 -5.01047611e-01  1.13193977e+00
 -2.07402274e-01  6.30153298e-01 -7.69594014e-02 -2.62613058e-01
  5.37480652e-01  7.01635540e-01 -3.63881975e-01  6.86224580e-01
  1.05129576e+00  8.88192594e-01 -8.48925829e-01 -8.82286578e-02
  5.01420915e-01 -2.86752075e-01 -3.25413257e-01 -2.72722095e-01
 -4.60710317e-01  1.91521466e+00  1.54720652e+00  1.39547616e-01
 -1.23197943e-01 -1.62960351e+00 -3.06767553e-01 -1.03407121e+00
 -9.68941152e-02 -1.37072957e+00  2.17509329e-01  3.37919682e-01
 -8.65780339e-02 -8.87138367e-01 -5.31756341e-01  6.07614458e-01
 -1.52500010e+00 -6.54680490e-01 -1.09921885e+00  3.09683889e-01
  9.32154894e-01 -7.96648264e-01  1.09819002e-01 -9.36193824e-01
  1.27858591e+00 -1.13009691e-01 -1.56532098e-02 -1.94033533e-01
  8.13754141e-01  7.27848411e-01  1.37440950e-01 -1.28356433e+00
  5.93122900e-01 -4.10506845e-01  6.62912726e-01  2.60262042e-01
  4.77744848e-01 -7.30178475e-01 -3.93511020e-02  5.23803949e-01]",0
10,[*]C(C)(C[*])C(=O)[O-],[*]CC[N+][*],2650,38080,8.5,220,60,0.0,1,2,9,14.369811320754716,1,0,0,10.243472222222222,10.243472222222222,0.0532407407407407,-0.7986111111111109,0.4502538575862794,23.5,85.082,80.04199999999999,85.02950297991,34.0,2.5,3.0,3.0,1.6668127273868607,3.9084966379068455,100.21143267166842,6.784457050376174,3.5236033621142737,3.5236033621142737,3.504035844753885,1.5118016810571369,1.5118016810571369,1.0677875644551755,1.0677875644551755,0.348461712529338,0.348461712529338,0.0,0.0,-0.53,38.3366927298978,2.610921480426842,0.600159264681777,0.2950914053210928,36.78983322325914,35.63575031240701,9.901064578912528,5.969305287951849,19.76538044554264,0.0,0.0,5.106527394840706,5.969305287951849,4.794537184071822,6.923737199690624,0.0,12.841643245852016,40.13,5.969305287951849,9.901064578912528,5.917906046161393,6.923737199690624,0.0,0.0,6.923737199690624,0.0,0.2098148148148149,10.243472222222222,10.243472222222222,0.0,-1.0902777777777777,0.0,0.0,2.810185185185185,0.0,0.75,6.0,2.0,0.0,0.0,2.0,4.0,2.0,0.0,-0.5682,18.181,1.0,0.0,1.0,1.0,1.0,1.0,0.0,0.0,0.0,0.0,4.166666666666666,4.166666666666666,0.4131944444444444,0.4131944444444444,0.4134068917016045,14.666666666666666,42.06099999999999,38.029,42.03382554808999,16.0,2.0,2.6666666666666665,3.6666666666666665,3.6666666666666665,1.4056390622295665,2.19060968716425,15.119415478763749,4.121320343559642,1.8614271578730528,1.8614271578730528,2.414213562373095,0.8162277660168378,0.8162277660168378,0.2236067977499789,0.2236067977499789,0.0,0.0,0.0,0.0,-0.04,11.245112497836532,0.72512600755025,0.2061650840029218,0.0008163265306122,20.444083839238875,19.202161082765382,0.0,0.0,5.733667477162185,0.0,6.923737199690624,6.544756405912575,0.0,5.733667477162185,6.544756405912575,0.0,0.0,0.0,0.0,6.923737199690624,14.1,0.0,0.0,0.0,0.0,13.4684936056032,0.0,0.0,5.733667477162185,1.1076388888888888,0.0,0.0,4.166666666666666,0.0,0.0,0.0,2.7256944444444446,0.0,1.0,3.0,1.0,0.0,0.0,0.0,3.0,2.0,0.0,0.0226999999999999,11.808000000000002,0.0,0.0,0.0,0.0,0.0,0.0,1.0,0.0,0.0,0.0,0.0,0.0,[*]CC([*])(C)C(=O)[O-],[*]C[N+]C[*],"[ 7.49274790e-01  3.35424781e-01  4.55891341e-01 -1.09221423e+00
 -6.25216782e-01  3.14305499e-02 -1.89206481e-01 -9.25612390e-01
 -2.35249296e-01  1.36610961e+00  8.83861855e-02 -7.13659585e-01
  8.14221084e-01 -6.92512333e-01 -5.14061689e-01 -1.33080852e+00
 -1.47874510e+00 -1.03471792e+00 -6.12177968e-01  2.09805042e-01
  5.51994801e-01 -3.05551559e-01  4.35497522e-01  7.36454964e-01
 -6.94340706e-01  1.29001057e+00  2.37998891e+00 -4.05347496e-01
 -6.00476742e-01  7.56517649e-01 -2.95091867e-01 -4.40703213e-01
 -2.38245353e-01 -1.06833398e+00  5.43902814e-01  2.87487179e-01
  1.05013542e-01  7.71469295e-01  2.95419157e-01  2.99429774e-01
 -1.54818922e-01  9.55972448e-02  1.18825090e+00  1.62336457e+00
  2.11596087e-01  1.97126698e+00  7.42778480e-01  1.40871525e-01
 -2.52242148e-01 -5.88141322e-01 -8.30902278e-01 -5.11340201e-02
 -4.66348320e-01 -3.61824811e-01 -5.98171353e-01 -3.63103032e-01
  2.47532055e-01  5.11704028e-01 -7.26159394e-01  1.30475163e-01
 -9.32137072e-01  1.43789789e-02  4.87203658e-01 -6.09903224e-02
 -5.22938311e-01 -2.59041160e-01 -3.10223382e-02  1.33649796e-01
 -4.49149907e-01 -9.90190208e-01 -4.37130392e-01 -8.20998698e-02
 -1.41018599e-01  2.47300267e-01 -1.07266307e+00 -3.37361068e-01
 -3.82067502e-01 -3.48674297e-01  2.41132863e-02 -3.69367570e-01
  4.26380429e-03 -3.68784666e-01  2.93142378e-01  3.39492798e-01
  1.76544249e-01  7.48980865e-02  3.78351748e-01  1.43084496e-01
 -7.50767514e-02  6.98696852e-01 -1.23164153e+00  1.54972628e-01
  1.30712831e+00  4.13169146e-01 -7.62161970e-01  6.20638654e-02
  6.53732941e-02  3.98433149e-01  3.35860610e-01  2.57231444e-01
  5.09362817e-01  2.24197790e-01 -1.09119499e+00  9.36800539e-01
  7.53451943e-01 -1.23084819e+00  9.08430457e-01 -8.67207110e-01
 -4.80619073e-01  4.63999063e-01 -5.08662164e-01  2.84325276e-02
  8.96979451e-01  2.75238305e-01  6.04319394e-01  7.04479277e-01
 -1.92388758e-01  5.88916123e-01 -1.65896252e-01  1.25128731e-01
 -5.41119277e-01  5.95371544e-01 -4.40301627e-01 -9.53436732e-01
 -8.70644271e-01 -7.01563358e-02  5.19006014e-01 -8.48310441e-02
 -4.53820378e-01 -7.63373524e-02 -2.50903994e-01  1.05273589e-01
 -7.83522904e-04 -5.48577607e-01 -1.58988476e+00  4.16692108e-01
  4.86379087e-01 -6.73893452e-01 -2.14246154e-01 -8.94058764e-01
 -1.69562221e-01  1.62465900e-01  4.72447537e-02 -9.45844769e-01
  3.12819541e-01  4.59828615e-01  1.81325778e-01  5.45694053e-01
  5.22985049e-02 -2.90770084e-01  1.11780930e+00 -6.53702319e-01
  8.88752520e-01 -5.18661022e-01  2.26448655e-01  4.19900529e-02
  2.09506735e-01 -9.99619067e-01 -5.97911179e-01  2.40267485e-01
  3.84019047e-01  1.01165771e-01 -1.29132763e-01  1.37262657e-01
  2.43125573e-01  6.61093593e-02  7.34124482e-01  6.55801445e-02
  8.67221475e-01  1.02447104e+00  1.94548965e-01  4.92215395e-01
  2.58256465e-01  7.06858218e-01  4.08109426e-01  1.43596029e+00
 -2.34669849e-01 -2.20608890e-01 -9.00353014e-01 -1.68292020e-02
 -5.18259466e-01  9.73584116e-01  6.35090172e-01 -3.21039736e-01
  1.96893781e-01  1.36441048e-02  5.94366267e-02  6.31835938e-01
 -6.74691439e-01  2.92127788e-01 -1.58445194e-01  4.75977540e-01
 -1.05258442e-01 -2.61095129e-02 -3.47841859e-01 -1.38431609e+00
  2.30988905e-01  2.42584631e-01  2.42318988e-01  8.21007431e-01
  3.47805738e-01 -5.93114078e-01  6.15051806e-01 -1.13383365e+00
 -1.02469993e+00 -2.10129380e-01  5.13058305e-01 -4.32122946e-02
 -8.96828771e-01 -5.06239772e-01  2.97274590e-02 -1.87300277e+00
  9.58072007e-01 -7.87090957e-01 -5.90321839e-01  1.57090092e+00
 -1.52412921e-01  1.07509518e+00 -2.78278589e-01  6.61327541e-01
 -4.37102556e-01  6.07341051e-01  1.74592510e-01 -8.32812190e-01
  7.96080351e-01 -5.79209208e-01 -2.50138134e-01  8.92362118e-01
 -2.45963167e-02 -1.42872378e-01 -1.42276669e+00  1.69364798e+00
  6.29426658e-01 -5.70318513e-02  1.35555339e+00  7.65864253e-01
  4.97816533e-01  1.59259066e-02 -5.13777614e-01 -9.02717590e-01
 -1.13018739e+00  3.83352101e-01 -4.77341488e-02 -3.79710466e-01
 -4.47504103e-01 -1.09895110e+00 -3.86139631e-01  1.03090264e-01
  8.51628721e-01  2.24349573e-01 -3.13555300e-02  1.22573696e-01
  4.94108871e-02  6.98103666e-01  3.02277476e-01  1.66599587e-01
 -3.08436722e-01 -4.66002375e-01  1.62361014e+00 -2.62132585e-01
  5.79887815e-02 -6.79709196e-01  4.46500778e-01 -7.97002465e-02
 -8.20023119e-02  1.22393526e-01 -2.83097059e-01  4.32255983e-01
 -1.04199953e-01 -1.23305070e+00 -3.06826502e-01  3.86385806e-02
 -5.26868701e-01  2.08499730e-01 -1.37608588e-01 -2.77598381e-01
  1.16459966e+00  3.82706597e-02 -1.96235068e-02 -8.02532017e-01
  5.66025376e-01 -4.30100381e-01  1.32197094e+00  6.55819237e-01
 -1.05254024e-01 -6.85315967e-01  2.16215566e-01  5.93630016e-01
  2.85155267e-01  3.85740906e-01 -5.23835123e-01  3.65415752e-01
  1.48793125e+00 -3.41312021e-01  8.37343931e-02  3.88410576e-02
  1.16101551e+00 -8.25121999e-01  2.77617723e-02  7.33939037e-02
 -4.48615134e-01 -3.60707045e-01  2.16005355e-01 -1.82437807e-01
  2.44415596e-01 -5.28269887e-01  8.22483182e-01 -5.70847653e-02
  8.29918385e-01 -1.71355367e-01 -1.51496232e-01  4.65150774e-01
  3.33200365e-01  1.27273887e-01  9.12838519e-01 -1.40352994e-01
 -2.76168674e-01 -5.63478529e-01  1.85518518e-01  6.18515849e-01
  9.07797396e-01  5.58707714e-01  6.54310524e-01 -9.68789756e-01
 -6.15588129e-02 -2.76184026e-02  2.73121327e-01 -3.54086995e-01
  4.74624962e-01  1.37339443e-01 -3.33838254e-01 -4.54894483e-01
 -4.43201482e-01  4.87415552e-01  6.92939878e-01  7.76845098e-01
  2.34562084e-01 -1.71094164e-01  6.52617574e-01 -7.15576172e-01
 -3.63845557e-01  1.07632124e+00 -2.44740129e-01 -1.39437407e-01
  1.62900817e+00  1.14459256e-02  9.56065774e-01  2.93038279e-01
  3.91988426e-01  3.39301564e-02 -6.13436103e-01 -7.80028582e-01
  2.32236609e-01  1.24575007e+00 -7.12414160e-02  6.11095548e-01
  4.77192504e-03 -1.05789937e-01  2.36828491e-01  5.28803527e-01
  4.67312008e-01 -1.94977492e-01 -9.55596268e-01 -6.81563795e-01
  4.23343569e-01 -2.96947718e-01 -3.69488955e-01 -2.89484084e-01
 -4.30452943e-01 -1.37250312e-02  2.62498766e-01 -5.61480105e-01
  5.62621891e-01 -4.18706477e-01 -8.56468499e-01  5.93134239e-02
 -1.00340411e-01 -7.35716164e-01  1.38378620e-01 -6.84343696e-01
  2.17011675e-01 -4.22011822e-01 -4.02174950e-01 -2.10074112e-01
 -6.50949299e-01  8.00443947e-01 -1.05892392e-02 -5.88889062e-01
 -3.27951312e-02 -9.57627073e-02 -4.11157161e-01  1.26788989e-01
 -4.45752770e-01 -3.34704220e-01 -6.30857348e-01  7.39717126e-01
  3.73316854e-01  1.94936663e-01  8.15797508e-01  7.57897347e-02
  2.51457661e-01  7.87429273e-01 -5.90912402e-02  8.01935017e-01
 -5.09869382e-02 -3.16675752e-01 -8.06985676e-01  3.75884295e-01
 -1.02298295e+00  2.55849570e-01  2.58157365e-02  1.62940547e-01
  3.08816880e-01 -8.00899506e-01  1.81837904e+00 -6.99088693e-01
 -2.37569124e-01 -3.24667641e-03 -4.07583922e-01 -2.53018081e-01
  1.05101004e-01  7.78838634e-01  7.80924141e-01  3.96106571e-01
  4.07956630e-01 -2.10249022e-01  4.17130977e-01 -3.68258469e-02
  2.39590809e-01 -1.32325947e-01 -1.05014598e+00 -3.78439307e-01
  1.21962957e-01  9.12429273e-01 -5.16304731e-01 -4.10982370e-01
  1.13879271e-01 -7.30947316e-01 -1.19410682e+00 -8.46092477e-02
 -4.51732308e-01  3.39796931e-01  1.79029241e-01 -3.18569988e-01
 -4.01548207e-01  1.05452193e-02 -9.81033444e-02  2.65956130e-02
 -1.16055489e+00 -2.66568363e-01 -4.17371392e-01 -2.27321759e-01
 -7.98538566e-01 -2.68420726e-01 -7.56898522e-02 -1.46671772e+00
 -3.53073359e-01  7.68439353e-01  5.23869157e-01 -1.45392466e+00
 -7.55149201e-02 -2.53495097e-01 -6.51691973e-01  1.01998317e+00
  1.75246254e-01  2.19446480e-01 -8.75575662e-01  6.49622753e-02
 -2.21772552e-01  6.31361604e-01  1.11363959e+00  8.29166234e-01
 -9.94006217e-01  5.85105002e-01  1.62860320e-03  6.57095253e-01
 -6.60761952e-01  4.83092368e-01  2.10053355e-01  1.93984300e-01
  1.08389914e+00 -2.88248777e-01  2.90296733e-01  6.75145447e-01
  6.10232018e-02 -5.08173525e-01 -1.05302072e+00  4.84012961e-01
 -1.34737328e-01 -1.63434446e-01 -1.95996463e-01 -1.06526923e+00
 -8.11576009e-01 -3.66595089e-01 -1.52673945e-02 -1.13481522e-01
  6.21918961e-02  6.84323311e-02 -7.70469382e-02 -6.34581506e-01
  2.21770406e-01  7.27311909e-01 -3.06834489e-01  1.09503961e+00
 -6.35234714e-02  7.48488754e-02  3.62029821e-01 -1.14483583e+00
  3.36602688e-01 -3.94898474e-01 -4.43032160e-02 -2.25445300e-01
 -9.30737793e-01  4.10731554e-01  3.46095145e-01 -8.76426399e-01
 -7.85481334e-01 -9.14595544e-01 -4.12273765e-01  5.75143516e-01
 -7.46130526e-01  4.76899326e-01 -7.44161129e-01 -6.33583188e-01
 -7.63390839e-01 -8.95849407e-01 -5.26674464e-02  3.77323836e-01
  6.89602196e-02  8.11982453e-01 -1.31613028e+00  7.27658644e-02
 -1.96165428e-01  6.04341328e-01  2.99889833e-01 -1.47399947e-01
  2.67245054e-01  6.23204529e-01  1.50411510e+00  6.07940815e-02
  2.72842020e-01  4.67290968e-01 -6.77232504e-01  5.37263155e-01
 -2.76431590e-01  6.60036445e-01 -5.24141677e-02  3.49252112e-02
  1.12972081e-01  2.25270927e-01 -1.09064952e-01  3.46314520e-01
  7.54533410e-01  7.83834755e-01 -4.25179332e-01  5.52726567e-01
 -1.95189342e-01 -5.99463761e-01 -3.58343661e-01 -2.30281323e-01
  2.36615911e-01  4.99656409e-01  1.68579209e+00 -1.51982561e-01
 -5.63962042e-01 -1.29549968e+00 -2.81212598e-01 -2.55549937e-01
  4.69508678e-01  1.41729280e-01 -5.26430964e-01  2.20184013e-01
 -2.16536090e-01 -9.31372881e-01 -9.69826996e-01  4.32354122e-01
 -1.06032109e+00 -5.03427327e-01 -8.87604475e-01  4.38566148e-01
  1.47396326e+00 -1.03932881e+00  6.63527369e-01 -9.93533015e-01
  1.08747959e+00 -9.77717102e-01 -1.65758193e-01 -4.72277105e-02
  1.20034409e+00  2.41741404e-01  3.70389432e-01 -1.49647415e+00
  6.98196530e-01 -5.78175962e-01  4.05572444e-01 -6.85069382e-01
  1.34073234e+00 -3.75742733e-01 -1.80194214e-01  3.50243032e-01]","[ 2.73681909e-01  1.66004568e-01 -7.44565070e-01 -1.47705269e+00
 -1.09840822e+00 -1.53690919e-01 -1.29248112e-01  2.95904994e-01
 -9.16356027e-01  1.40345776e+00  1.00063539e+00 -6.83065832e-01
  1.30242276e+00 -2.33746576e+00 -9.75994170e-01 -7.89787889e-01
 -1.79506803e+00 -1.28128958e+00  2.09810168e-01  1.29709288e-01
  4.47607398e-01 -6.85392797e-01  7.80511856e-01  1.21133173e+00
 -3.64384532e-01  1.07354224e+00  2.32574058e+00 -1.55821651e-01
 -2.85600513e-01  3.01326066e-01 -6.34632647e-01  1.65162787e-01
  2.81757385e-01 -3.74723703e-01 -2.95077354e-01  7.01536298e-01
 -2.88844388e-02  2.32678980e-01  2.16173112e-01  5.24862707e-01
 -7.30150580e-01 -4.09290910e-01  1.78005755e+00  1.10312033e+00
 -5.30989515e-03  1.62341702e+00  1.30315197e+00 -9.47976291e-01
  1.85765088e-01  1.49317771e-01 -2.13005602e-01 -6.93675578e-01
 -4.48695384e-03 -4.57031608e-01 -9.96706784e-01 -1.11750238e-01
  4.97595131e-01  4.26965803e-01 -1.49265635e+00  2.89656907e-01
 -2.73807108e-01  8.54427159e-01  1.49728537e+00  9.41296890e-02
 -1.70012251e-01  1.05805194e+00  2.47816041e-01  8.55847076e-02
 -2.41706241e-02  3.27099591e-01 -2.99327344e-01 -2.87228137e-01
 -5.82702875e-01 -5.94702363e-01 -1.03217173e+00 -8.13124239e-01
 -5.35450697e-01 -1.03322685e+00  6.12907767e-01  1.13398790e+00
 -7.18036070e-02  1.90137476e-01  6.24559581e-01  4.69076455e-01
  6.27078772e-01  3.44742835e-01 -3.45153689e-01  1.32870555e+00
 -1.61258459e-01 -1.77030429e-01 -1.69568908e+00  1.72073066e-01
  1.15088892e+00  2.67995209e-01 -1.30087376e-01 -2.35246912e-01
 -9.75930631e-01 -2.02227771e-01  8.58478367e-01  6.41340375e-01
 -3.02943230e-01  1.06876230e+00 -6.70137048e-01  1.55068052e+00
  1.39273751e+00 -1.45554578e+00  8.48026991e-01 -9.02008832e-01
 -3.14056218e-01 -8.90919007e-03  1.89570412e-02  6.20763719e-01
  5.67845762e-01  6.88580513e-01  3.47115725e-01  9.87522900e-01
  1.26554236e-01  9.42884982e-01 -9.06472266e-01  4.57331955e-01
  5.71125150e-02  1.78218889e+00 -1.16092294e-01 -9.70406473e-01
  2.32247129e-01 -1.08961582e-01  4.84424561e-01 -1.63584903e-01
 -2.28719175e-01 -3.77911866e-01  1.91282615e-01 -4.40858275e-01
  4.58004832e-01  2.03468651e-01 -7.51598001e-01  7.42124140e-01
  2.11840153e-01 -1.47817540e+00 -5.86319506e-01 -7.08758950e-01
 -5.41633785e-01  5.09984553e-01  3.28427345e-01 -5.58312654e-01
 -3.01396579e-01  4.69190210e-01  4.12009209e-01  4.86853629e-01
  8.65669027e-02 -4.84711647e-01 -1.38688656e-02 -9.07068998e-02
  7.71938503e-01 -4.51887012e-01 -2.65402257e-01  3.44309598e-01
  8.11073661e-01 -7.00493395e-01 -3.49895090e-01  4.73346151e-02
  9.45539415e-01  3.90116870e-01 -1.22340433e-02  9.33209777e-01
  5.38321495e-01  2.30738390e-02  4.50798392e-01  5.45543730e-01
  6.47279382e-01  1.34209245e-01 -6.69469893e-01 -5.51479518e-01
 -9.10929501e-01  8.97117376e-01  7.78002381e-01  7.29684412e-01
 -4.76152264e-03 -2.28286073e-01 -1.80614281e+00 -2.43098214e-01
 -4.10343200e-01  1.65494692e+00 -1.41513258e-01  4.32345904e-02
  2.63454169e-01 -4.78654593e-01  6.30516946e-01  1.35365450e+00
  1.63908258e-01  1.05160549e-01  6.00636341e-02  3.30597907e-01
 -1.11334272e-01  8.60361159e-01 -1.12372410e+00 -1.36552715e+00
 -9.46494460e-01 -6.26207352e-01 -5.15764892e-01  5.79680920e-01
  4.80724514e-01 -1.80933341e-01  8.24896619e-02 -9.76777613e-01
 -5.42914391e-01 -7.89315462e-01  8.83481205e-01  1.10133314e+00
  2.32755274e-01  8.09302405e-02 -7.54249543e-02 -1.47234833e+00
  7.46453345e-01 -1.42875111e+00  4.53871906e-01  1.72359610e+00
 -4.06082766e-03  1.19332123e+00 -8.32867801e-01  6.88086867e-01
  1.37741864e-01  7.88703918e-01  2.78975209e-03 -7.97479689e-01
 -4.38524857e-02  1.13093853e-01 -3.82264405e-01  1.38396609e+00
  6.05312407e-01  1.89717621e-01 -1.87994957e-01  3.21862578e+00
  1.55959547e+00 -5.84481001e-01  1.94749379e+00  5.90261579e-01
 -4.26900893e-01 -1.12351143e+00 -8.85746777e-02 -1.66987240e-01
 -9.51994538e-01  9.89240885e-01 -1.71200693e-01  1.32246166e-01
  5.89776099e-01 -1.25525105e+00  1.01031929e-01 -5.00966609e-01
  1.41644366e-02 -1.63523331e-01  4.52505380e-01  1.33390218e-01
 -6.45448789e-02  3.77991378e-01 -9.04772580e-01 -5.44584334e-01
 -3.49354029e-01 -1.97096571e-01  1.93875515e+00  1.68814957e-01
 -2.22165152e-01  4.48715463e-02 -7.38904104e-02  1.40951602e-02
  1.02817461e-01  1.50721657e+00 -1.24952972e+00  6.83633089e-01
 -4.31086749e-01 -9.22964275e-01 -1.24245316e-01 -4.44169819e-01
  6.44836053e-02  1.13626456e+00  1.71797186e-01  1.07042398e-02
  2.86911428e-01  5.32820761e-01 -3.44686478e-01 -1.07940471e+00
  1.37402907e-01 -1.80691803e+00  1.57622218e+00  8.19589794e-01
 -6.37324572e-01 -1.95334256e-01 -8.80328774e-01  7.41711080e-01
  4.09598909e-02  8.34153175e-01 -4.57031339e-01  2.83941716e-01
  1.10020137e+00 -3.37292314e-01  6.80264905e-02 -1.90589011e-01
  4.87536073e-01 -1.26242483e+00 -5.79993546e-01 -4.71906066e-01
 -5.36747038e-01 -3.78981888e-01 -1.34510770e-01 -4.72808868e-01
  9.65812728e-02 -2.18814477e-01  1.01008964e+00  5.89304030e-01
  5.38034260e-01  8.42455402e-02 -1.40532881e-01  7.70158917e-02
 -7.12736309e-01  3.12387049e-01  7.75598586e-01 -1.94695726e-01
  2.33821779e-01 -2.17562497e-01 -7.44840980e-01  5.53765059e-01
  8.96856844e-01  5.78018725e-01  6.23112261e-01 -5.88956356e-01
  1.32804468e-01  7.09370058e-03  2.32104346e-01  4.71894622e-01
  1.46003708e-01 -2.01706111e-01  1.21953443e-01 -2.07336560e-01
 -7.48902500e-01 -1.27280247e+00  4.56761748e-01  1.68301880e+00
 -1.00462787e-01 -3.45182627e-01  1.17211230e-01 -1.85488552e-01
 -1.44460499e+00  3.66658300e-01 -7.31594324e-01 -8.15469101e-02
  8.85279655e-01  2.86490023e-02  5.78202724e-01  1.48835093e-01
  6.08137071e-01  1.35164604e-01 -5.97466230e-01 -1.76421344e+00
 -3.54768366e-01  2.15320006e-01 -7.04477549e-01  2.93117404e-01
 -6.49666369e-01  2.69496471e-01  1.15424120e+00 -1.98677883e-01
  7.46418774e-01  4.54378814e-01 -1.85189176e+00  3.57578620e-02
  2.35214412e-01 -4.34334457e-01 -1.24479449e+00 -4.68029976e-01
 -1.04268217e+00  4.54844862e-01  7.26285696e-01 -1.08133495e+00
  1.99147046e-01 -2.84403861e-02 -1.07138276e+00 -3.95400703e-01
  6.98548928e-02 -8.70623410e-01  1.54038906e-01 -5.60017645e-01
 -3.75669263e-02 -7.81353354e-01 -7.31090486e-01 -3.41077209e-01
 -4.64152217e-01  6.60407245e-01  2.21335888e-01 -2.39996284e-01
 -6.66767597e-01  2.04499543e-01 -9.10416782e-01 -2.94663727e-01
 -1.17032087e+00  1.64180085e-01 -8.27566922e-01  6.99705660e-01
  1.33685246e-01  1.41605005e-01  3.46421391e-01  1.11059928e+00
  2.52072841e-01  1.55291784e+00  2.43351758e-01  1.04081237e+00
 -2.76770592e-01 -1.19162232e-01 -4.60011601e-01  1.34364569e+00
 -9.52273130e-01  4.80686158e-01  4.06600356e-01  2.80897468e-01
  9.98292208e-01 -1.31541288e+00  9.41959441e-01  2.02116687e-02
  3.70601773e-01 -1.12893559e-01  4.61780250e-01 -2.28449151e-01
  5.85418820e-01  3.94479007e-01  4.59744960e-01  6.36963010e-01
 -1.59505323e-01  1.00677061e+00  9.86175179e-01 -6.47877678e-02
  1.49050981e-01 -5.52432239e-01 -1.06719267e+00 -7.53977180e-01
 -7.81509995e-01  1.15565598e+00 -7.30940580e-01 -1.53717887e+00
  5.50783157e-01 -9.11858559e-01 -8.98802519e-01  5.36069512e-01
 -1.07712102e+00  3.14948589e-01 -8.60910773e-01 -9.96511221e-01
 -2.39814848e-01 -4.29458141e-01  6.79418385e-01  9.86803651e-01
 -1.04657805e+00  9.67387035e-02  2.55706422e-02  6.05388701e-01
 -6.60483122e-01 -2.04639211e-01  4.15904880e-01 -1.35647511e+00
 -9.27955091e-01 -5.36052465e-01  7.45387852e-01 -2.18400240e+00
  7.69201517e-01  3.20852995e-01 -1.20287740e+00  8.35670292e-01
  2.94883221e-01  2.71465987e-01 -7.08536088e-01 -1.06249952e+00
 -1.07689381e+00  7.60423899e-01 -1.21171467e-01  5.39052308e-01
  2.40152165e-01  9.79230523e-01  1.66857615e-01  6.06723279e-02
  1.80916563e-01 -7.60552645e-01 -3.01277459e-01 -4.17362712e-02
  1.74062574e+00 -1.36267334e-01 -3.31193469e-02 -2.82620676e-02
 -2.71528989e-01 -1.73435509e-01 -1.85956001e-01 -6.15883954e-02
  4.15342361e-01 -1.33295789e-01 -9.73394573e-01 -1.42296922e+00
  1.11226980e-02 -6.48887813e-01 -5.59289455e-02 -9.34372365e-01
 -3.20469499e-01  1.71822205e-01 -3.72805476e-01 -1.12383872e-01
 -1.82882831e-01  7.76977718e-01 -4.01029468e-01  4.71335590e-01
  6.27876967e-02  1.55258179e-02  9.98044372e-01 -2.24709749e+00
 -1.66378126e-01  4.33711410e-01 -3.36138129e-01 -6.40719175e-01
 -3.67246747e-01 -7.96032310e-01  6.48426056e-01 -9.42266643e-01
 -1.04082751e+00  7.30441930e-03 -3.89569491e-01  1.47294855e+00
 -7.89180517e-01 -4.36671704e-01 -5.43994963e-01 -5.21494597e-02
 -1.26271176e+00 -7.26314485e-01 -1.92389399e-01  5.17222643e-01
  6.87981725e-01  5.96668839e-01 -1.68401611e+00  5.07986784e-01
 -2.20345091e-02 -4.52393144e-01  1.23454340e-01  7.45882928e-01
  3.60483646e-01  7.12965071e-01  1.17536747e+00  4.84972596e-01
  8.31876397e-01  1.12832159e-01 -5.01047611e-01  1.13193977e+00
 -2.07402274e-01  6.30153298e-01 -7.69594014e-02 -2.62613058e-01
  5.37480652e-01  7.01635540e-01 -3.63881975e-01  6.86224580e-01
  1.05129576e+00  8.88192594e-01 -8.48925829e-01 -8.82286578e-02
  5.01420915e-01 -2.86752075e-01 -3.25413257e-01 -2.72722095e-01
 -4.60710317e-01  1.91521466e+00  1.54720652e+00  1.39547616e-01
 -1.23197943e-01 -1.62960351e+00 -3.06767553e-01 -1.03407121e+00
 -9.68941152e-02 -1.37072957e+00  2.17509329e-01  3.37919682e-01
 -8.65780339e-02 -8.87138367e-01 -5.31756341e-01  6.07614458e-01
 -1.52500010e+00 -6.54680490e-01 -1.09921885e+00  3.09683889e-01
  9.32154894e-01 -7.96648264e-01  1.09819002e-01 -9.36193824e-01
  1.27858591e+00 -1.13009691e-01 -1.56532098e-02 -1.94033533e-01
  8.13754141e-01  7.27848411e-01  1.37440950e-01 -1.28356433e+00
  5.93122900e-01 -4.10506845e-01  6.62912726e-01  2.60262042e-01
  4.77744848e-01 -7.30178475e-01 -3.93511020e-02  5.23803949e-01]",0
11,[*]C(C)(C[*])C(=O)[O-],[*]CC[N+][*],2650,38080,8.5,5,90,0.0,1,2,9,14.369811320754716,1,0,0,10.243472222222222,10.243472222222222,0.0532407407407407,-0.7986111111111109,0.4502538575862794,23.5,85.082,80.04199999999999,85.02950297991,34.0,2.5,3.0,3.0,1.6668127273868607,3.9084966379068455,100.21143267166842,6.784457050376174,3.5236033621142737,3.5236033621142737,3.504035844753885,1.5118016810571369,1.5118016810571369,1.0677875644551755,1.0677875644551755,0.348461712529338,0.348461712529338,0.0,0.0,-0.53,38.3366927298978,2.610921480426842,0.600159264681777,0.2950914053210928,36.78983322325914,35.63575031240701,9.901064578912528,5.969305287951849,19.76538044554264,0.0,0.0,5.106527394840706,5.969305287951849,4.794537184071822,6.923737199690624,0.0,12.841643245852016,40.13,5.969305287951849,9.901064578912528,5.917906046161393,6.923737199690624,0.0,0.0,6.923737199690624,0.0,0.2098148148148149,10.243472222222222,10.243472222222222,0.0,-1.0902777777777777,0.0,0.0,2.810185185185185,0.0,0.75,6.0,2.0,0.0,0.0,2.0,4.0,2.0,0.0,-0.5682,18.181,1.0,0.0,1.0,1.0,1.0,1.0,0.0,0.0,0.0,0.0,4.166666666666666,4.166666666666666,0.4131944444444444,0.4131944444444444,0.4134068917016045,14.666666666666666,42.06099999999999,38.029,42.03382554808999,16.0,2.0,2.6666666666666665,3.6666666666666665,3.6666666666666665,1.4056390622295665,2.19060968716425,15.119415478763749,4.121320343559642,1.8614271578730528,1.8614271578730528,2.414213562373095,0.8162277660168378,0.8162277660168378,0.2236067977499789,0.2236067977499789,0.0,0.0,0.0,0.0,-0.04,11.245112497836532,0.72512600755025,0.2061650840029218,0.0008163265306122,20.444083839238875,19.202161082765382,0.0,0.0,5.733667477162185,0.0,6.923737199690624,6.544756405912575,0.0,5.733667477162185,6.544756405912575,0.0,0.0,0.0,0.0,6.923737199690624,14.1,0.0,0.0,0.0,0.0,13.4684936056032,0.0,0.0,5.733667477162185,1.1076388888888888,0.0,0.0,4.166666666666666,0.0,0.0,0.0,2.7256944444444446,0.0,1.0,3.0,1.0,0.0,0.0,0.0,3.0,2.0,0.0,0.0226999999999999,11.808000000000002,0.0,0.0,0.0,0.0,0.0,0.0,1.0,0.0,0.0,0.0,0.0,0.0,[*]CC([*])(C)C(=O)[O-],[*]C[N+]C[*],"[ 7.49274790e-01  3.35424781e-01  4.55891341e-01 -1.09221423e+00
 -6.25216782e-01  3.14305499e-02 -1.89206481e-01 -9.25612390e-01
 -2.35249296e-01  1.36610961e+00  8.83861855e-02 -7.13659585e-01
  8.14221084e-01 -6.92512333e-01 -5.14061689e-01 -1.33080852e+00
 -1.47874510e+00 -1.03471792e+00 -6.12177968e-01  2.09805042e-01
  5.51994801e-01 -3.05551559e-01  4.35497522e-01  7.36454964e-01
 -6.94340706e-01  1.29001057e+00  2.37998891e+00 -4.05347496e-01
 -6.00476742e-01  7.56517649e-01 -2.95091867e-01 -4.40703213e-01
 -2.38245353e-01 -1.06833398e+00  5.43902814e-01  2.87487179e-01
  1.05013542e-01  7.71469295e-01  2.95419157e-01  2.99429774e-01
 -1.54818922e-01  9.55972448e-02  1.18825090e+00  1.62336457e+00
  2.11596087e-01  1.97126698e+00  7.42778480e-01  1.40871525e-01
 -2.52242148e-01 -5.88141322e-01 -8.30902278e-01 -5.11340201e-02
 -4.66348320e-01 -3.61824811e-01 -5.98171353e-01 -3.63103032e-01
  2.47532055e-01  5.11704028e-01 -7.26159394e-01  1.30475163e-01
 -9.32137072e-01  1.43789789e-02  4.87203658e-01 -6.09903224e-02
 -5.22938311e-01 -2.59041160e-01 -3.10223382e-02  1.33649796e-01
 -4.49149907e-01 -9.90190208e-01 -4.37130392e-01 -8.20998698e-02
 -1.41018599e-01  2.47300267e-01 -1.07266307e+00 -3.37361068e-01
 -3.82067502e-01 -3.48674297e-01  2.41132863e-02 -3.69367570e-01
  4.26380429e-03 -3.68784666e-01  2.93142378e-01  3.39492798e-01
  1.76544249e-01  7.48980865e-02  3.78351748e-01  1.43084496e-01
 -7.50767514e-02  6.98696852e-01 -1.23164153e+00  1.54972628e-01
  1.30712831e+00  4.13169146e-01 -7.62161970e-01  6.20638654e-02
  6.53732941e-02  3.98433149e-01  3.35860610e-01  2.57231444e-01
  5.09362817e-01  2.24197790e-01 -1.09119499e+00  9.36800539e-01
  7.53451943e-01 -1.23084819e+00  9.08430457e-01 -8.67207110e-01
 -4.80619073e-01  4.63999063e-01 -5.08662164e-01  2.84325276e-02
  8.96979451e-01  2.75238305e-01  6.04319394e-01  7.04479277e-01
 -1.92388758e-01  5.88916123e-01 -1.65896252e-01  1.25128731e-01
 -5.41119277e-01  5.95371544e-01 -4.40301627e-01 -9.53436732e-01
 -8.70644271e-01 -7.01563358e-02  5.19006014e-01 -8.48310441e-02
 -4.53820378e-01 -7.63373524e-02 -2.50903994e-01  1.05273589e-01
 -7.83522904e-04 -5.48577607e-01 -1.58988476e+00  4.16692108e-01
  4.86379087e-01 -6.73893452e-01 -2.14246154e-01 -8.94058764e-01
 -1.69562221e-01  1.62465900e-01  4.72447537e-02 -9.45844769e-01
  3.12819541e-01  4.59828615e-01  1.81325778e-01  5.45694053e-01
  5.22985049e-02 -2.90770084e-01  1.11780930e+00 -6.53702319e-01
  8.88752520e-01 -5.18661022e-01  2.26448655e-01  4.19900529e-02
  2.09506735e-01 -9.99619067e-01 -5.97911179e-01  2.40267485e-01
  3.84019047e-01  1.01165771e-01 -1.29132763e-01  1.37262657e-01
  2.43125573e-01  6.61093593e-02  7.34124482e-01  6.55801445e-02
  8.67221475e-01  1.02447104e+00  1.94548965e-01  4.92215395e-01
  2.58256465e-01  7.06858218e-01  4.08109426e-01  1.43596029e+00
 -2.34669849e-01 -2.20608890e-01 -9.00353014e-01 -1.68292020e-02
 -5.18259466e-01  9.73584116e-01  6.35090172e-01 -3.21039736e-01
  1.96893781e-01  1.36441048e-02  5.94366267e-02  6.31835938e-01
 -6.74691439e-01  2.92127788e-01 -1.58445194e-01  4.75977540e-01
 -1.05258442e-01 -2.61095129e-02 -3.47841859e-01 -1.38431609e+00
  2.30988905e-01  2.42584631e-01  2.42318988e-01  8.21007431e-01
  3.47805738e-01 -5.93114078e-01  6.15051806e-01 -1.13383365e+00
 -1.02469993e+00 -2.10129380e-01  5.13058305e-01 -4.32122946e-02
 -8.96828771e-01 -5.06239772e-01  2.97274590e-02 -1.87300277e+00
  9.58072007e-01 -7.87090957e-01 -5.90321839e-01  1.57090092e+00
 -1.52412921e-01  1.07509518e+00 -2.78278589e-01  6.61327541e-01
 -4.37102556e-01  6.07341051e-01  1.74592510e-01 -8.32812190e-01
  7.96080351e-01 -5.79209208e-01 -2.50138134e-01  8.92362118e-01
 -2.45963167e-02 -1.42872378e-01 -1.42276669e+00  1.69364798e+00
  6.29426658e-01 -5.70318513e-02  1.35555339e+00  7.65864253e-01
  4.97816533e-01  1.59259066e-02 -5.13777614e-01 -9.02717590e-01
 -1.13018739e+00  3.83352101e-01 -4.77341488e-02 -3.79710466e-01
 -4.47504103e-01 -1.09895110e+00 -3.86139631e-01  1.03090264e-01
  8.51628721e-01  2.24349573e-01 -3.13555300e-02  1.22573696e-01
  4.94108871e-02  6.98103666e-01  3.02277476e-01  1.66599587e-01
 -3.08436722e-01 -4.66002375e-01  1.62361014e+00 -2.62132585e-01
  5.79887815e-02 -6.79709196e-01  4.46500778e-01 -7.97002465e-02
 -8.20023119e-02  1.22393526e-01 -2.83097059e-01  4.32255983e-01
 -1.04199953e-01 -1.23305070e+00 -3.06826502e-01  3.86385806e-02
 -5.26868701e-01  2.08499730e-01 -1.37608588e-01 -2.77598381e-01
  1.16459966e+00  3.82706597e-02 -1.96235068e-02 -8.02532017e-01
  5.66025376e-01 -4.30100381e-01  1.32197094e+00  6.55819237e-01
 -1.05254024e-01 -6.85315967e-01  2.16215566e-01  5.93630016e-01
  2.85155267e-01  3.85740906e-01 -5.23835123e-01  3.65415752e-01
  1.48793125e+00 -3.41312021e-01  8.37343931e-02  3.88410576e-02
  1.16101551e+00 -8.25121999e-01  2.77617723e-02  7.33939037e-02
 -4.48615134e-01 -3.60707045e-01  2.16005355e-01 -1.82437807e-01
  2.44415596e-01 -5.28269887e-01  8.22483182e-01 -5.70847653e-02
  8.29918385e-01 -1.71355367e-01 -1.51496232e-01  4.65150774e-01
  3.33200365e-01  1.27273887e-01  9.12838519e-01 -1.40352994e-01
 -2.76168674e-01 -5.63478529e-01  1.85518518e-01  6.18515849e-01
  9.07797396e-01  5.58707714e-01  6.54310524e-01 -9.68789756e-01
 -6.15588129e-02 -2.76184026e-02  2.73121327e-01 -3.54086995e-01
  4.74624962e-01  1.37339443e-01 -3.33838254e-01 -4.54894483e-01
 -4.43201482e-01  4.87415552e-01  6.92939878e-01  7.76845098e-01
  2.34562084e-01 -1.71094164e-01  6.52617574e-01 -7.15576172e-01
 -3.63845557e-01  1.07632124e+00 -2.44740129e-01 -1.39437407e-01
  1.62900817e+00  1.14459256e-02  9.56065774e-01  2.93038279e-01
  3.91988426e-01  3.39301564e-02 -6.13436103e-01 -7.80028582e-01
  2.32236609e-01  1.24575007e+00 -7.12414160e-02  6.11095548e-01
  4.77192504e-03 -1.05789937e-01  2.36828491e-01  5.28803527e-01
  4.67312008e-01 -1.94977492e-01 -9.55596268e-01 -6.81563795e-01
  4.23343569e-01 -2.96947718e-01 -3.69488955e-01 -2.89484084e-01
 -4.30452943e-01 -1.37250312e-02  2.62498766e-01 -5.61480105e-01
  5.62621891e-01 -4.18706477e-01 -8.56468499e-01  5.93134239e-02
 -1.00340411e-01 -7.35716164e-01  1.38378620e-01 -6.84343696e-01
  2.17011675e-01 -4.22011822e-01 -4.02174950e-01 -2.10074112e-01
 -6.50949299e-01  8.00443947e-01 -1.05892392e-02 -5.88889062e-01
 -3.27951312e-02 -9.57627073e-02 -4.11157161e-01  1.26788989e-01
 -4.45752770e-01 -3.34704220e-01 -6.30857348e-01  7.39717126e-01
  3.73316854e-01  1.94936663e-01  8.15797508e-01  7.57897347e-02
  2.51457661e-01  7.87429273e-01 -5.90912402e-02  8.01935017e-01
 -5.09869382e-02 -3.16675752e-01 -8.06985676e-01  3.75884295e-01
 -1.02298295e+00  2.55849570e-01  2.58157365e-02  1.62940547e-01
  3.08816880e-01 -8.00899506e-01  1.81837904e+00 -6.99088693e-01
 -2.37569124e-01 -3.24667641e-03 -4.07583922e-01 -2.53018081e-01
  1.05101004e-01  7.78838634e-01  7.80924141e-01  3.96106571e-01
  4.07956630e-01 -2.10249022e-01  4.17130977e-01 -3.68258469e-02
  2.39590809e-01 -1.32325947e-01 -1.05014598e+00 -3.78439307e-01
  1.21962957e-01  9.12429273e-01 -5.16304731e-01 -4.10982370e-01
  1.13879271e-01 -7.30947316e-01 -1.19410682e+00 -8.46092477e-02
 -4.51732308e-01  3.39796931e-01  1.79029241e-01 -3.18569988e-01
 -4.01548207e-01  1.05452193e-02 -9.81033444e-02  2.65956130e-02
 -1.16055489e+00 -2.66568363e-01 -4.17371392e-01 -2.27321759e-01
 -7.98538566e-01 -2.68420726e-01 -7.56898522e-02 -1.46671772e+00
 -3.53073359e-01  7.68439353e-01  5.23869157e-01 -1.45392466e+00
 -7.55149201e-02 -2.53495097e-01 -6.51691973e-01  1.01998317e+00
  1.75246254e-01  2.19446480e-01 -8.75575662e-01  6.49622753e-02
 -2.21772552e-01  6.31361604e-01  1.11363959e+00  8.29166234e-01
 -9.94006217e-01  5.85105002e-01  1.62860320e-03  6.57095253e-01
 -6.60761952e-01  4.83092368e-01  2.10053355e-01  1.93984300e-01
  1.08389914e+00 -2.88248777e-01  2.90296733e-01  6.75145447e-01
  6.10232018e-02 -5.08173525e-01 -1.05302072e+00  4.84012961e-01
 -1.34737328e-01 -1.63434446e-01 -1.95996463e-01 -1.06526923e+00
 -8.11576009e-01 -3.66595089e-01 -1.52673945e-02 -1.13481522e-01
  6.21918961e-02  6.84323311e-02 -7.70469382e-02 -6.34581506e-01
  2.21770406e-01  7.27311909e-01 -3.06834489e-01  1.09503961e+00
 -6.35234714e-02  7.48488754e-02  3.62029821e-01 -1.14483583e+00
  3.36602688e-01 -3.94898474e-01 -4.43032160e-02 -2.25445300e-01
 -9.30737793e-01  4.10731554e-01  3.46095145e-01 -8.76426399e-01
 -7.85481334e-01 -9.14595544e-01 -4.12273765e-01  5.75143516e-01
 -7.46130526e-01  4.76899326e-01 -7.44161129e-01 -6.33583188e-01
 -7.63390839e-01 -8.95849407e-01 -5.26674464e-02  3.77323836e-01
  6.89602196e-02  8.11982453e-01 -1.31613028e+00  7.27658644e-02
 -1.96165428e-01  6.04341328e-01  2.99889833e-01 -1.47399947e-01
  2.67245054e-01  6.23204529e-01  1.50411510e+00  6.07940815e-02
  2.72842020e-01  4.67290968e-01 -6.77232504e-01  5.37263155e-01
 -2.76431590e-01  6.60036445e-01 -5.24141677e-02  3.49252112e-02
  1.12972081e-01  2.25270927e-01 -1.09064952e-01  3.46314520e-01
  7.54533410e-01  7.83834755e-01 -4.25179332e-01  5.52726567e-01
 -1.95189342e-01 -5.99463761e-01 -3.58343661e-01 -2.30281323e-01
  2.36615911e-01  4.99656409e-01  1.68579209e+00 -1.51982561e-01
 -5.63962042e-01 -1.29549968e+00 -2.81212598e-01 -2.55549937e-01
  4.69508678e-01  1.41729280e-01 -5.26430964e-01  2.20184013e-01
 -2.16536090e-01 -9.31372881e-01 -9.69826996e-01  4.32354122e-01
 -1.06032109e+00 -5.03427327e-01 -8.87604475e-01  4.38566148e-01
  1.47396326e+00 -1.03932881e+00  6.63527369e-01 -9.93533015e-01
  1.08747959e+00 -9.77717102e-01 -1.65758193e-01 -4.72277105e-02
  1.20034409e+00  2.41741404e-01  3.70389432e-01 -1.49647415e+00
  6.98196530e-01 -5.78175962e-01  4.05572444e-01 -6.85069382e-01
  1.34073234e+00 -3.75742733e-01 -1.80194214e-01  3.50243032e-01]","[ 2.73681909e-01  1.66004568e-01 -7.44565070e-01 -1.47705269e+00
 -1.09840822e+00 -1.53690919e-01 -1.29248112e-01  2.95904994e-01
 -9.16356027e-01  1.40345776e+00  1.00063539e+00 -6.83065832e-01
  1.30242276e+00 -2.33746576e+00 -9.75994170e-01 -7.89787889e-01
 -1.79506803e+00 -1.28128958e+00  2.09810168e-01  1.29709288e-01
  4.47607398e-01 -6.85392797e-01  7.80511856e-01  1.21133173e+00
 -3.64384532e-01  1.07354224e+00  2.32574058e+00 -1.55821651e-01
 -2.85600513e-01  3.01326066e-01 -6.34632647e-01  1.65162787e-01
  2.81757385e-01 -3.74723703e-01 -2.95077354e-01  7.01536298e-01
 -2.88844388e-02  2.32678980e-01  2.16173112e-01  5.24862707e-01
 -7.30150580e-01 -4.09290910e-01  1.78005755e+00  1.10312033e+00
 -5.30989515e-03  1.62341702e+00  1.30315197e+00 -9.47976291e-01
  1.85765088e-01  1.49317771e-01 -2.13005602e-01 -6.93675578e-01
 -4.48695384e-03 -4.57031608e-01 -9.96706784e-01 -1.11750238e-01
  4.97595131e-01  4.26965803e-01 -1.49265635e+00  2.89656907e-01
 -2.73807108e-01  8.54427159e-01  1.49728537e+00  9.41296890e-02
 -1.70012251e-01  1.05805194e+00  2.47816041e-01  8.55847076e-02
 -2.41706241e-02  3.27099591e-01 -2.99327344e-01 -2.87228137e-01
 -5.82702875e-01 -5.94702363e-01 -1.03217173e+00 -8.13124239e-01
 -5.35450697e-01 -1.03322685e+00  6.12907767e-01  1.13398790e+00
 -7.18036070e-02  1.90137476e-01  6.24559581e-01  4.69076455e-01
  6.27078772e-01  3.44742835e-01 -3.45153689e-01  1.32870555e+00
 -1.61258459e-01 -1.77030429e-01 -1.69568908e+00  1.72073066e-01
  1.15088892e+00  2.67995209e-01 -1.30087376e-01 -2.35246912e-01
 -9.75930631e-01 -2.02227771e-01  8.58478367e-01  6.41340375e-01
 -3.02943230e-01  1.06876230e+00 -6.70137048e-01  1.55068052e+00
  1.39273751e+00 -1.45554578e+00  8.48026991e-01 -9.02008832e-01
 -3.14056218e-01 -8.90919007e-03  1.89570412e-02  6.20763719e-01
  5.67845762e-01  6.88580513e-01  3.47115725e-01  9.87522900e-01
  1.26554236e-01  9.42884982e-01 -9.06472266e-01  4.57331955e-01
  5.71125150e-02  1.78218889e+00 -1.16092294e-01 -9.70406473e-01
  2.32247129e-01 -1.08961582e-01  4.84424561e-01 -1.63584903e-01
 -2.28719175e-01 -3.77911866e-01  1.91282615e-01 -4.40858275e-01
  4.58004832e-01  2.03468651e-01 -7.51598001e-01  7.42124140e-01
  2.11840153e-01 -1.47817540e+00 -5.86319506e-01 -7.08758950e-01
 -5.41633785e-01  5.09984553e-01  3.28427345e-01 -5.58312654e-01
 -3.01396579e-01  4.69190210e-01  4.12009209e-01  4.86853629e-01
  8.65669027e-02 -4.84711647e-01 -1.38688656e-02 -9.07068998e-02
  7.71938503e-01 -4.51887012e-01 -2.65402257e-01  3.44309598e-01
  8.11073661e-01 -7.00493395e-01 -3.49895090e-01  4.73346151e-02
  9.45539415e-01  3.90116870e-01 -1.22340433e-02  9.33209777e-01
  5.38321495e-01  2.30738390e-02  4.50798392e-01  5.45543730e-01
  6.47279382e-01  1.34209245e-01 -6.69469893e-01 -5.51479518e-01
 -9.10929501e-01  8.97117376e-01  7.78002381e-01  7.29684412e-01
 -4.76152264e-03 -2.28286073e-01 -1.80614281e+00 -2.43098214e-01
 -4.10343200e-01  1.65494692e+00 -1.41513258e-01  4.32345904e-02
  2.63454169e-01 -4.78654593e-01  6.30516946e-01  1.35365450e+00
  1.63908258e-01  1.05160549e-01  6.00636341e-02  3.30597907e-01
 -1.11334272e-01  8.60361159e-01 -1.12372410e+00 -1.36552715e+00
 -9.46494460e-01 -6.26207352e-01 -5.15764892e-01  5.79680920e-01
  4.80724514e-01 -1.80933341e-01  8.24896619e-02 -9.76777613e-01
 -5.42914391e-01 -7.89315462e-01  8.83481205e-01  1.10133314e+00
  2.32755274e-01  8.09302405e-02 -7.54249543e-02 -1.47234833e+00
  7.46453345e-01 -1.42875111e+00  4.53871906e-01  1.72359610e+00
 -4.06082766e-03  1.19332123e+00 -8.32867801e-01  6.88086867e-01
  1.37741864e-01  7.88703918e-01  2.78975209e-03 -7.97479689e-01
 -4.38524857e-02  1.13093853e-01 -3.82264405e-01  1.38396609e+00
  6.05312407e-01  1.89717621e-01 -1.87994957e-01  3.21862578e+00
  1.55959547e+00 -5.84481001e-01  1.94749379e+00  5.90261579e-01
 -4.26900893e-01 -1.12351143e+00 -8.85746777e-02 -1.66987240e-01
 -9.51994538e-01  9.89240885e-01 -1.71200693e-01  1.32246166e-01
  5.89776099e-01 -1.25525105e+00  1.01031929e-01 -5.00966609e-01
  1.41644366e-02 -1.63523331e-01  4.52505380e-01  1.33390218e-01
 -6.45448789e-02  3.77991378e-01 -9.04772580e-01 -5.44584334e-01
 -3.49354029e-01 -1.97096571e-01  1.93875515e+00  1.68814957e-01
 -2.22165152e-01  4.48715463e-02 -7.38904104e-02  1.40951602e-02
  1.02817461e-01  1.50721657e+00 -1.24952972e+00  6.83633089e-01
 -4.31086749e-01 -9.22964275e-01 -1.24245316e-01 -4.44169819e-01
  6.44836053e-02  1.13626456e+00  1.71797186e-01  1.07042398e-02
  2.86911428e-01  5.32820761e-01 -3.44686478e-01 -1.07940471e+00
  1.37402907e-01 -1.80691803e+00  1.57622218e+00  8.19589794e-01
 -6.37324572e-01 -1.95334256e-01 -8.80328774e-01  7.41711080e-01
  4.09598909e-02  8.34153175e-01 -4.57031339e-01  2.83941716e-01
  1.10020137e+00 -3.37292314e-01  6.80264905e-02 -1.90589011e-01
  4.87536073e-01 -1.26242483e+00 -5.79993546e-01 -4.71906066e-01
 -5.36747038e-01 -3.78981888e-01 -1.34510770e-01 -4.72808868e-01
  9.65812728e-02 -2.18814477e-01  1.01008964e+00  5.89304030e-01
  5.38034260e-01  8.42455402e-02 -1.40532881e-01  7.70158917e-02
 -7.12736309e-01  3.12387049e-01  7.75598586e-01 -1.94695726e-01
  2.33821779e-01 -2.17562497e-01 -7.44840980e-01  5.53765059e-01
  8.96856844e-01  5.78018725e-01  6.23112261e-01 -5.88956356e-01
  1.32804468e-01  7.09370058e-03  2.32104346e-01  4.71894622e-01
  1.46003708e-01 -2.01706111e-01  1.21953443e-01 -2.07336560e-01
 -7.48902500e-01 -1.27280247e+00  4.56761748e-01  1.68301880e+00
 -1.00462787e-01 -3.45182627e-01  1.17211230e-01 -1.85488552e-01
 -1.44460499e+00  3.66658300e-01 -7.31594324e-01 -8.15469101e-02
  8.85279655e-01  2.86490023e-02  5.78202724e-01  1.48835093e-01
  6.08137071e-01  1.35164604e-01 -5.97466230e-01 -1.76421344e+00
 -3.54768366e-01  2.15320006e-01 -7.04477549e-01  2.93117404e-01
 -6.49666369e-01  2.69496471e-01  1.15424120e+00 -1.98677883e-01
  7.46418774e-01  4.54378814e-01 -1.85189176e+00  3.57578620e-02
  2.35214412e-01 -4.34334457e-01 -1.24479449e+00 -4.68029976e-01
 -1.04268217e+00  4.54844862e-01  7.26285696e-01 -1.08133495e+00
  1.99147046e-01 -2.84403861e-02 -1.07138276e+00 -3.95400703e-01
  6.98548928e-02 -8.70623410e-01  1.54038906e-01 -5.60017645e-01
 -3.75669263e-02 -7.81353354e-01 -7.31090486e-01 -3.41077209e-01
 -4.64152217e-01  6.60407245e-01  2.21335888e-01 -2.39996284e-01
 -6.66767597e-01  2.04499543e-01 -9.10416782e-01 -2.94663727e-01
 -1.17032087e+00  1.64180085e-01 -8.27566922e-01  6.99705660e-01
  1.33685246e-01  1.41605005e-01  3.46421391e-01  1.11059928e+00
  2.52072841e-01  1.55291784e+00  2.43351758e-01  1.04081237e+00
 -2.76770592e-01 -1.19162232e-01 -4.60011601e-01  1.34364569e+00
 -9.52273130e-01  4.80686158e-01  4.06600356e-01  2.80897468e-01
  9.98292208e-01 -1.31541288e+00  9.41959441e-01  2.02116687e-02
  3.70601773e-01 -1.12893559e-01  4.61780250e-01 -2.28449151e-01
  5.85418820e-01  3.94479007e-01  4.59744960e-01  6.36963010e-01
 -1.59505323e-01  1.00677061e+00  9.86175179e-01 -6.47877678e-02
  1.49050981e-01 -5.52432239e-01 -1.06719267e+00 -7.53977180e-01
 -7.81509995e-01  1.15565598e+00 -7.30940580e-01 -1.53717887e+00
  5.50783157e-01 -9.11858559e-01 -8.98802519e-01  5.36069512e-01
 -1.07712102e+00  3.14948589e-01 -8.60910773e-01 -9.96511221e-01
 -2.39814848e-01 -4.29458141e-01  6.79418385e-01  9.86803651e-01
 -1.04657805e+00  9.67387035e-02  2.55706422e-02  6.05388701e-01
 -6.60483122e-01 -2.04639211e-01  4.15904880e-01 -1.35647511e+00
 -9.27955091e-01 -5.36052465e-01  7.45387852e-01 -2.18400240e+00
  7.69201517e-01  3.20852995e-01 -1.20287740e+00  8.35670292e-01
  2.94883221e-01  2.71465987e-01 -7.08536088e-01 -1.06249952e+00
 -1.07689381e+00  7.60423899e-01 -1.21171467e-01  5.39052308e-01
  2.40152165e-01  9.79230523e-01  1.66857615e-01  6.06723279e-02
  1.80916563e-01 -7.60552645e-01 -3.01277459e-01 -4.17362712e-02
  1.74062574e+00 -1.36267334e-01 -3.31193469e-02 -2.82620676e-02
 -2.71528989e-01 -1.73435509e-01 -1.85956001e-01 -6.15883954e-02
  4.15342361e-01 -1.33295789e-01 -9.73394573e-01 -1.42296922e+00
  1.11226980e-02 -6.48887813e-01 -5.59289455e-02 -9.34372365e-01
 -3.20469499e-01  1.71822205e-01 -3.72805476e-01 -1.12383872e-01
 -1.82882831e-01  7.76977718e-01 -4.01029468e-01  4.71335590e-01
  6.27876967e-02  1.55258179e-02  9.98044372e-01 -2.24709749e+00
 -1.66378126e-01  4.33711410e-01 -3.36138129e-01 -6.40719175e-01
 -3.67246747e-01 -7.96032310e-01  6.48426056e-01 -9.42266643e-01
 -1.04082751e+00  7.30441930e-03 -3.89569491e-01  1.47294855e+00
 -7.89180517e-01 -4.36671704e-01 -5.43994963e-01 -5.21494597e-02
 -1.26271176e+00 -7.26314485e-01 -1.92389399e-01  5.17222643e-01
  6.87981725e-01  5.96668839e-01 -1.68401611e+00  5.07986784e-01
 -2.20345091e-02 -4.52393144e-01  1.23454340e-01  7.45882928e-01
  3.60483646e-01  7.12965071e-01  1.17536747e+00  4.84972596e-01
  8.31876397e-01  1.12832159e-01 -5.01047611e-01  1.13193977e+00
 -2.07402274e-01  6.30153298e-01 -7.69594014e-02 -2.62613058e-01
  5.37480652e-01  7.01635540e-01 -3.63881975e-01  6.86224580e-01
  1.05129576e+00  8.88192594e-01 -8.48925829e-01 -8.82286578e-02
  5.01420915e-01 -2.86752075e-01 -3.25413257e-01 -2.72722095e-01
 -4.60710317e-01  1.91521466e+00  1.54720652e+00  1.39547616e-01
 -1.23197943e-01 -1.62960351e+00 -3.06767553e-01 -1.03407121e+00
 -9.68941152e-02 -1.37072957e+00  2.17509329e-01  3.37919682e-01
 -8.65780339e-02 -8.87138367e-01 -5.31756341e-01  6.07614458e-01
 -1.52500010e+00 -6.54680490e-01 -1.09921885e+00  3.09683889e-01
  9.32154894e-01 -7.96648264e-01  1.09819002e-01 -9.36193824e-01
  1.27858591e+00 -1.13009691e-01 -1.56532098e-02 -1.94033533e-01
  8.13754141e-01  7.27848411e-01  1.37440950e-01 -1.28356433e+00
  5.93122900e-01 -4.10506845e-01  6.62912726e-01  2.60262042e-01
  4.77744848e-01 -7.30178475e-01 -3.93511020e-02  5.23803949e-01]",1
12,[*]C(C)(C[*])C(=O)[O-],[*]CC[N+][*],2650,19040,8.5,900,90,0.0,1,2,9,7.184905660377359,1,0,0,10.243472222222222,10.243472222222222,0.0532407407407407,-0.7986111111111109,0.4502538575862794,23.5,85.082,80.04199999999999,85.02950297991,34.0,2.5,3.0,3.0,1.6668127273868607,3.9084966379068455,100.21143267166842,6.784457050376174,3.5236033621142737,3.5236033621142737,3.504035844753885,1.5118016810571369,1.5118016810571369,1.0677875644551755,1.0677875644551755,0.348461712529338,0.348461712529338,0.0,0.0,-0.53,38.3366927298978,2.610921480426842,0.600159264681777,0.2950914053210928,36.78983322325914,35.63575031240701,9.901064578912528,5.969305287951849,19.76538044554264,0.0,0.0,5.106527394840706,5.969305287951849,4.794537184071822,6.923737199690624,0.0,12.841643245852016,40.13,5.969305287951849,9.901064578912528,5.917906046161393,6.923737199690624,0.0,0.0,6.923737199690624,0.0,0.2098148148148149,10.243472222222222,10.243472222222222,0.0,-1.0902777777777777,0.0,0.0,2.810185185185185,0.0,0.75,6.0,2.0,0.0,0.0,2.0,4.0,2.0,0.0,-0.5682,18.181,1.0,0.0,1.0,1.0,1.0,1.0,0.0,0.0,0.0,0.0,4.166666666666666,4.166666666666666,0.4131944444444444,0.4131944444444444,0.4134068917016045,14.666666666666666,42.06099999999999,38.029,42.03382554808999,16.0,2.0,2.6666666666666665,3.6666666666666665,3.6666666666666665,1.4056390622295665,2.19060968716425,15.119415478763749,4.121320343559642,1.8614271578730528,1.8614271578730528,2.414213562373095,0.8162277660168378,0.8162277660168378,0.2236067977499789,0.2236067977499789,0.0,0.0,0.0,0.0,-0.04,11.245112497836532,0.72512600755025,0.2061650840029218,0.0008163265306122,20.444083839238875,19.202161082765382,0.0,0.0,5.733667477162185,0.0,6.923737199690624,6.544756405912575,0.0,5.733667477162185,6.544756405912575,0.0,0.0,0.0,0.0,6.923737199690624,14.1,0.0,0.0,0.0,0.0,13.4684936056032,0.0,0.0,5.733667477162185,1.1076388888888888,0.0,0.0,4.166666666666666,0.0,0.0,0.0,2.7256944444444446,0.0,1.0,3.0,1.0,0.0,0.0,0.0,3.0,2.0,0.0,0.0226999999999999,11.808000000000002,0.0,0.0,0.0,0.0,0.0,0.0,1.0,0.0,0.0,0.0,0.0,0.0,[*]CC([*])(C)C(=O)[O-],[*]C[N+]C[*],"[ 7.49274790e-01  3.35424781e-01  4.55891341e-01 -1.09221423e+00
 -6.25216782e-01  3.14305499e-02 -1.89206481e-01 -9.25612390e-01
 -2.35249296e-01  1.36610961e+00  8.83861855e-02 -7.13659585e-01
  8.14221084e-01 -6.92512333e-01 -5.14061689e-01 -1.33080852e+00
 -1.47874510e+00 -1.03471792e+00 -6.12177968e-01  2.09805042e-01
  5.51994801e-01 -3.05551559e-01  4.35497522e-01  7.36454964e-01
 -6.94340706e-01  1.29001057e+00  2.37998891e+00 -4.05347496e-01
 -6.00476742e-01  7.56517649e-01 -2.95091867e-01 -4.40703213e-01
 -2.38245353e-01 -1.06833398e+00  5.43902814e-01  2.87487179e-01
  1.05013542e-01  7.71469295e-01  2.95419157e-01  2.99429774e-01
 -1.54818922e-01  9.55972448e-02  1.18825090e+00  1.62336457e+00
  2.11596087e-01  1.97126698e+00  7.42778480e-01  1.40871525e-01
 -2.52242148e-01 -5.88141322e-01 -8.30902278e-01 -5.11340201e-02
 -4.66348320e-01 -3.61824811e-01 -5.98171353e-01 -3.63103032e-01
  2.47532055e-01  5.11704028e-01 -7.26159394e-01  1.30475163e-01
 -9.32137072e-01  1.43789789e-02  4.87203658e-01 -6.09903224e-02
 -5.22938311e-01 -2.59041160e-01 -3.10223382e-02  1.33649796e-01
 -4.49149907e-01 -9.90190208e-01 -4.37130392e-01 -8.20998698e-02
 -1.41018599e-01  2.47300267e-01 -1.07266307e+00 -3.37361068e-01
 -3.82067502e-01 -3.48674297e-01  2.41132863e-02 -3.69367570e-01
  4.26380429e-03 -3.68784666e-01  2.93142378e-01  3.39492798e-01
  1.76544249e-01  7.48980865e-02  3.78351748e-01  1.43084496e-01
 -7.50767514e-02  6.98696852e-01 -1.23164153e+00  1.54972628e-01
  1.30712831e+00  4.13169146e-01 -7.62161970e-01  6.20638654e-02
  6.53732941e-02  3.98433149e-01  3.35860610e-01  2.57231444e-01
  5.09362817e-01  2.24197790e-01 -1.09119499e+00  9.36800539e-01
  7.53451943e-01 -1.23084819e+00  9.08430457e-01 -8.67207110e-01
 -4.80619073e-01  4.63999063e-01 -5.08662164e-01  2.84325276e-02
  8.96979451e-01  2.75238305e-01  6.04319394e-01  7.04479277e-01
 -1.92388758e-01  5.88916123e-01 -1.65896252e-01  1.25128731e-01
 -5.41119277e-01  5.95371544e-01 -4.40301627e-01 -9.53436732e-01
 -8.70644271e-01 -7.01563358e-02  5.19006014e-01 -8.48310441e-02
 -4.53820378e-01 -7.63373524e-02 -2.50903994e-01  1.05273589e-01
 -7.83522904e-04 -5.48577607e-01 -1.58988476e+00  4.16692108e-01
  4.86379087e-01 -6.73893452e-01 -2.14246154e-01 -8.94058764e-01
 -1.69562221e-01  1.62465900e-01  4.72447537e-02 -9.45844769e-01
  3.12819541e-01  4.59828615e-01  1.81325778e-01  5.45694053e-01
  5.22985049e-02 -2.90770084e-01  1.11780930e+00 -6.53702319e-01
  8.88752520e-01 -5.18661022e-01  2.26448655e-01  4.19900529e-02
  2.09506735e-01 -9.99619067e-01 -5.97911179e-01  2.40267485e-01
  3.84019047e-01  1.01165771e-01 -1.29132763e-01  1.37262657e-01
  2.43125573e-01  6.61093593e-02  7.34124482e-01  6.55801445e-02
  8.67221475e-01  1.02447104e+00  1.94548965e-01  4.92215395e-01
  2.58256465e-01  7.06858218e-01  4.08109426e-01  1.43596029e+00
 -2.34669849e-01 -2.20608890e-01 -9.00353014e-01 -1.68292020e-02
 -5.18259466e-01  9.73584116e-01  6.35090172e-01 -3.21039736e-01
  1.96893781e-01  1.36441048e-02  5.94366267e-02  6.31835938e-01
 -6.74691439e-01  2.92127788e-01 -1.58445194e-01  4.75977540e-01
 -1.05258442e-01 -2.61095129e-02 -3.47841859e-01 -1.38431609e+00
  2.30988905e-01  2.42584631e-01  2.42318988e-01  8.21007431e-01
  3.47805738e-01 -5.93114078e-01  6.15051806e-01 -1.13383365e+00
 -1.02469993e+00 -2.10129380e-01  5.13058305e-01 -4.32122946e-02
 -8.96828771e-01 -5.06239772e-01  2.97274590e-02 -1.87300277e+00
  9.58072007e-01 -7.87090957e-01 -5.90321839e-01  1.57090092e+00
 -1.52412921e-01  1.07509518e+00 -2.78278589e-01  6.61327541e-01
 -4.37102556e-01  6.07341051e-01  1.74592510e-01 -8.32812190e-01
  7.96080351e-01 -5.79209208e-01 -2.50138134e-01  8.92362118e-01
 -2.45963167e-02 -1.42872378e-01 -1.42276669e+00  1.69364798e+00
  6.29426658e-01 -5.70318513e-02  1.35555339e+00  7.65864253e-01
  4.97816533e-01  1.59259066e-02 -5.13777614e-01 -9.02717590e-01
 -1.13018739e+00  3.83352101e-01 -4.77341488e-02 -3.79710466e-01
 -4.47504103e-01 -1.09895110e+00 -3.86139631e-01  1.03090264e-01
  8.51628721e-01  2.24349573e-01 -3.13555300e-02  1.22573696e-01
  4.94108871e-02  6.98103666e-01  3.02277476e-01  1.66599587e-01
 -3.08436722e-01 -4.66002375e-01  1.62361014e+00 -2.62132585e-01
  5.79887815e-02 -6.79709196e-01  4.46500778e-01 -7.97002465e-02
 -8.20023119e-02  1.22393526e-01 -2.83097059e-01  4.32255983e-01
 -1.04199953e-01 -1.23305070e+00 -3.06826502e-01  3.86385806e-02
 -5.26868701e-01  2.08499730e-01 -1.37608588e-01 -2.77598381e-01
  1.16459966e+00  3.82706597e-02 -1.96235068e-02 -8.02532017e-01
  5.66025376e-01 -4.30100381e-01  1.32197094e+00  6.55819237e-01
 -1.05254024e-01 -6.85315967e-01  2.16215566e-01  5.93630016e-01
  2.85155267e-01  3.85740906e-01 -5.23835123e-01  3.65415752e-01
  1.48793125e+00 -3.41312021e-01  8.37343931e-02  3.88410576e-02
  1.16101551e+00 -8.25121999e-01  2.77617723e-02  7.33939037e-02
 -4.48615134e-01 -3.60707045e-01  2.16005355e-01 -1.82437807e-01
  2.44415596e-01 -5.28269887e-01  8.22483182e-01 -5.70847653e-02
  8.29918385e-01 -1.71355367e-01 -1.51496232e-01  4.65150774e-01
  3.33200365e-01  1.27273887e-01  9.12838519e-01 -1.40352994e-01
 -2.76168674e-01 -5.63478529e-01  1.85518518e-01  6.18515849e-01
  9.07797396e-01  5.58707714e-01  6.54310524e-01 -9.68789756e-01
 -6.15588129e-02 -2.76184026e-02  2.73121327e-01 -3.54086995e-01
  4.74624962e-01  1.37339443e-01 -3.33838254e-01 -4.54894483e-01
 -4.43201482e-01  4.87415552e-01  6.92939878e-01  7.76845098e-01
  2.34562084e-01 -1.71094164e-01  6.52617574e-01 -7.15576172e-01
 -3.63845557e-01  1.07632124e+00 -2.44740129e-01 -1.39437407e-01
  1.62900817e+00  1.14459256e-02  9.56065774e-01  2.93038279e-01
  3.91988426e-01  3.39301564e-02 -6.13436103e-01 -7.80028582e-01
  2.32236609e-01  1.24575007e+00 -7.12414160e-02  6.11095548e-01
  4.77192504e-03 -1.05789937e-01  2.36828491e-01  5.28803527e-01
  4.67312008e-01 -1.94977492e-01 -9.55596268e-01 -6.81563795e-01
  4.23343569e-01 -2.96947718e-01 -3.69488955e-01 -2.89484084e-01
 -4.30452943e-01 -1.37250312e-02  2.62498766e-01 -5.61480105e-01
  5.62621891e-01 -4.18706477e-01 -8.56468499e-01  5.93134239e-02
 -1.00340411e-01 -7.35716164e-01  1.38378620e-01 -6.84343696e-01
  2.17011675e-01 -4.22011822e-01 -4.02174950e-01 -2.10074112e-01
 -6.50949299e-01  8.00443947e-01 -1.05892392e-02 -5.88889062e-01
 -3.27951312e-02 -9.57627073e-02 -4.11157161e-01  1.26788989e-01
 -4.45752770e-01 -3.34704220e-01 -6.30857348e-01  7.39717126e-01
  3.73316854e-01  1.94936663e-01  8.15797508e-01  7.57897347e-02
  2.51457661e-01  7.87429273e-01 -5.90912402e-02  8.01935017e-01
 -5.09869382e-02 -3.16675752e-01 -8.06985676e-01  3.75884295e-01
 -1.02298295e+00  2.55849570e-01  2.58157365e-02  1.62940547e-01
  3.08816880e-01 -8.00899506e-01  1.81837904e+00 -6.99088693e-01
 -2.37569124e-01 -3.24667641e-03 -4.07583922e-01 -2.53018081e-01
  1.05101004e-01  7.78838634e-01  7.80924141e-01  3.96106571e-01
  4.07956630e-01 -2.10249022e-01  4.17130977e-01 -3.68258469e-02
  2.39590809e-01 -1.32325947e-01 -1.05014598e+00 -3.78439307e-01
  1.21962957e-01  9.12429273e-01 -5.16304731e-01 -4.10982370e-01
  1.13879271e-01 -7.30947316e-01 -1.19410682e+00 -8.46092477e-02
 -4.51732308e-01  3.39796931e-01  1.79029241e-01 -3.18569988e-01
 -4.01548207e-01  1.05452193e-02 -9.81033444e-02  2.65956130e-02
 -1.16055489e+00 -2.66568363e-01 -4.17371392e-01 -2.27321759e-01
 -7.98538566e-01 -2.68420726e-01 -7.56898522e-02 -1.46671772e+00
 -3.53073359e-01  7.68439353e-01  5.23869157e-01 -1.45392466e+00
 -7.55149201e-02 -2.53495097e-01 -6.51691973e-01  1.01998317e+00
  1.75246254e-01  2.19446480e-01 -8.75575662e-01  6.49622753e-02
 -2.21772552e-01  6.31361604e-01  1.11363959e+00  8.29166234e-01
 -9.94006217e-01  5.85105002e-01  1.62860320e-03  6.57095253e-01
 -6.60761952e-01  4.83092368e-01  2.10053355e-01  1.93984300e-01
  1.08389914e+00 -2.88248777e-01  2.90296733e-01  6.75145447e-01
  6.10232018e-02 -5.08173525e-01 -1.05302072e+00  4.84012961e-01
 -1.34737328e-01 -1.63434446e-01 -1.95996463e-01 -1.06526923e+00
 -8.11576009e-01 -3.66595089e-01 -1.52673945e-02 -1.13481522e-01
  6.21918961e-02  6.84323311e-02 -7.70469382e-02 -6.34581506e-01
  2.21770406e-01  7.27311909e-01 -3.06834489e-01  1.09503961e+00
 -6.35234714e-02  7.48488754e-02  3.62029821e-01 -1.14483583e+00
  3.36602688e-01 -3.94898474e-01 -4.43032160e-02 -2.25445300e-01
 -9.30737793e-01  4.10731554e-01  3.46095145e-01 -8.76426399e-01
 -7.85481334e-01 -9.14595544e-01 -4.12273765e-01  5.75143516e-01
 -7.46130526e-01  4.76899326e-01 -7.44161129e-01 -6.33583188e-01
 -7.63390839e-01 -8.95849407e-01 -5.26674464e-02  3.77323836e-01
  6.89602196e-02  8.11982453e-01 -1.31613028e+00  7.27658644e-02
 -1.96165428e-01  6.04341328e-01  2.99889833e-01 -1.47399947e-01
  2.67245054e-01  6.23204529e-01  1.50411510e+00  6.07940815e-02
  2.72842020e-01  4.67290968e-01 -6.77232504e-01  5.37263155e-01
 -2.76431590e-01  6.60036445e-01 -5.24141677e-02  3.49252112e-02
  1.12972081e-01  2.25270927e-01 -1.09064952e-01  3.46314520e-01
  7.54533410e-01  7.83834755e-01 -4.25179332e-01  5.52726567e-01
 -1.95189342e-01 -5.99463761e-01 -3.58343661e-01 -2.30281323e-01
  2.36615911e-01  4.99656409e-01  1.68579209e+00 -1.51982561e-01
 -5.63962042e-01 -1.29549968e+00 -2.81212598e-01 -2.55549937e-01
  4.69508678e-01  1.41729280e-01 -5.26430964e-01  2.20184013e-01
 -2.16536090e-01 -9.31372881e-01 -9.69826996e-01  4.32354122e-01
 -1.06032109e+00 -5.03427327e-01 -8.87604475e-01  4.38566148e-01
  1.47396326e+00 -1.03932881e+00  6.63527369e-01 -9.93533015e-01
  1.08747959e+00 -9.77717102e-01 -1.65758193e-01 -4.72277105e-02
  1.20034409e+00  2.41741404e-01  3.70389432e-01 -1.49647415e+00
  6.98196530e-01 -5.78175962e-01  4.05572444e-01 -6.85069382e-01
  1.34073234e+00 -3.75742733e-01 -1.80194214e-01  3.50243032e-01]","[ 2.73681909e-01  1.66004568e-01 -7.44565070e-01 -1.47705269e+00
 -1.09840822e+00 -1.53690919e-01 -1.29248112e-01  2.95904994e-01
 -9.16356027e-01  1.40345776e+00  1.00063539e+00 -6.83065832e-01
  1.30242276e+00 -2.33746576e+00 -9.75994170e-01 -7.89787889e-01
 -1.79506803e+00 -1.28128958e+00  2.09810168e-01  1.29709288e-01
  4.47607398e-01 -6.85392797e-01  7.80511856e-01  1.21133173e+00
 -3.64384532e-01  1.07354224e+00  2.32574058e+00 -1.55821651e-01
 -2.85600513e-01  3.01326066e-01 -6.34632647e-01  1.65162787e-01
  2.81757385e-01 -3.74723703e-01 -2.95077354e-01  7.01536298e-01
 -2.88844388e-02  2.32678980e-01  2.16173112e-01  5.24862707e-01
 -7.30150580e-01 -4.09290910e-01  1.78005755e+00  1.10312033e+00
 -5.30989515e-03  1.62341702e+00  1.30315197e+00 -9.47976291e-01
  1.85765088e-01  1.49317771e-01 -2.13005602e-01 -6.93675578e-01
 -4.48695384e-03 -4.57031608e-01 -9.96706784e-01 -1.11750238e-01
  4.97595131e-01  4.26965803e-01 -1.49265635e+00  2.89656907e-01
 -2.73807108e-01  8.54427159e-01  1.49728537e+00  9.41296890e-02
 -1.70012251e-01  1.05805194e+00  2.47816041e-01  8.55847076e-02
 -2.41706241e-02  3.27099591e-01 -2.99327344e-01 -2.87228137e-01
 -5.82702875e-01 -5.94702363e-01 -1.03217173e+00 -8.13124239e-01
 -5.35450697e-01 -1.03322685e+00  6.12907767e-01  1.13398790e+00
 -7.18036070e-02  1.90137476e-01  6.24559581e-01  4.69076455e-01
  6.27078772e-01  3.44742835e-01 -3.45153689e-01  1.32870555e+00
 -1.61258459e-01 -1.77030429e-01 -1.69568908e+00  1.72073066e-01
  1.15088892e+00  2.67995209e-01 -1.30087376e-01 -2.35246912e-01
 -9.75930631e-01 -2.02227771e-01  8.58478367e-01  6.41340375e-01
 -3.02943230e-01  1.06876230e+00 -6.70137048e-01  1.55068052e+00
  1.39273751e+00 -1.45554578e+00  8.48026991e-01 -9.02008832e-01
 -3.14056218e-01 -8.90919007e-03  1.89570412e-02  6.20763719e-01
  5.67845762e-01  6.88580513e-01  3.47115725e-01  9.87522900e-01
  1.26554236e-01  9.42884982e-01 -9.06472266e-01  4.57331955e-01
  5.71125150e-02  1.78218889e+00 -1.16092294e-01 -9.70406473e-01
  2.32247129e-01 -1.08961582e-01  4.84424561e-01 -1.63584903e-01
 -2.28719175e-01 -3.77911866e-01  1.91282615e-01 -4.40858275e-01
  4.58004832e-01  2.03468651e-01 -7.51598001e-01  7.42124140e-01
  2.11840153e-01 -1.47817540e+00 -5.86319506e-01 -7.08758950e-01
 -5.41633785e-01  5.09984553e-01  3.28427345e-01 -5.58312654e-01
 -3.01396579e-01  4.69190210e-01  4.12009209e-01  4.86853629e-01
  8.65669027e-02 -4.84711647e-01 -1.38688656e-02 -9.07068998e-02
  7.71938503e-01 -4.51887012e-01 -2.65402257e-01  3.44309598e-01
  8.11073661e-01 -7.00493395e-01 -3.49895090e-01  4.73346151e-02
  9.45539415e-01  3.90116870e-01 -1.22340433e-02  9.33209777e-01
  5.38321495e-01  2.30738390e-02  4.50798392e-01  5.45543730e-01
  6.47279382e-01  1.34209245e-01 -6.69469893e-01 -5.51479518e-01
 -9.10929501e-01  8.97117376e-01  7.78002381e-01  7.29684412e-01
 -4.76152264e-03 -2.28286073e-01 -1.80614281e+00 -2.43098214e-01
 -4.10343200e-01  1.65494692e+00 -1.41513258e-01  4.32345904e-02
  2.63454169e-01 -4.78654593e-01  6.30516946e-01  1.35365450e+00
  1.63908258e-01  1.05160549e-01  6.00636341e-02  3.30597907e-01
 -1.11334272e-01  8.60361159e-01 -1.12372410e+00 -1.36552715e+00
 -9.46494460e-01 -6.26207352e-01 -5.15764892e-01  5.79680920e-01
  4.80724514e-01 -1.80933341e-01  8.24896619e-02 -9.76777613e-01
 -5.42914391e-01 -7.89315462e-01  8.83481205e-01  1.10133314e+00
  2.32755274e-01  8.09302405e-02 -7.54249543e-02 -1.47234833e+00
  7.46453345e-01 -1.42875111e+00  4.53871906e-01  1.72359610e+00
 -4.06082766e-03  1.19332123e+00 -8.32867801e-01  6.88086867e-01
  1.37741864e-01  7.88703918e-01  2.78975209e-03 -7.97479689e-01
 -4.38524857e-02  1.13093853e-01 -3.82264405e-01  1.38396609e+00
  6.05312407e-01  1.89717621e-01 -1.87994957e-01  3.21862578e+00
  1.55959547e+00 -5.84481001e-01  1.94749379e+00  5.90261579e-01
 -4.26900893e-01 -1.12351143e+00 -8.85746777e-02 -1.66987240e-01
 -9.51994538e-01  9.89240885e-01 -1.71200693e-01  1.32246166e-01
  5.89776099e-01 -1.25525105e+00  1.01031929e-01 -5.00966609e-01
  1.41644366e-02 -1.63523331e-01  4.52505380e-01  1.33390218e-01
 -6.45448789e-02  3.77991378e-01 -9.04772580e-01 -5.44584334e-01
 -3.49354029e-01 -1.97096571e-01  1.93875515e+00  1.68814957e-01
 -2.22165152e-01  4.48715463e-02 -7.38904104e-02  1.40951602e-02
  1.02817461e-01  1.50721657e+00 -1.24952972e+00  6.83633089e-01
 -4.31086749e-01 -9.22964275e-01 -1.24245316e-01 -4.44169819e-01
  6.44836053e-02  1.13626456e+00  1.71797186e-01  1.07042398e-02
  2.86911428e-01  5.32820761e-01 -3.44686478e-01 -1.07940471e+00
  1.37402907e-01 -1.80691803e+00  1.57622218e+00  8.19589794e-01
 -6.37324572e-01 -1.95334256e-01 -8.80328774e-01  7.41711080e-01
  4.09598909e-02  8.34153175e-01 -4.57031339e-01  2.83941716e-01
  1.10020137e+00 -3.37292314e-01  6.80264905e-02 -1.90589011e-01
  4.87536073e-01 -1.26242483e+00 -5.79993546e-01 -4.71906066e-01
 -5.36747038e-01 -3.78981888e-01 -1.34510770e-01 -4.72808868e-01
  9.65812728e-02 -2.18814477e-01  1.01008964e+00  5.89304030e-01
  5.38034260e-01  8.42455402e-02 -1.40532881e-01  7.70158917e-02
 -7.12736309e-01  3.12387049e-01  7.75598586e-01 -1.94695726e-01
  2.33821779e-01 -2.17562497e-01 -7.44840980e-01  5.53765059e-01
  8.96856844e-01  5.78018725e-01  6.23112261e-01 -5.88956356e-01
  1.32804468e-01  7.09370058e-03  2.32104346e-01  4.71894622e-01
  1.46003708e-01 -2.01706111e-01  1.21953443e-01 -2.07336560e-01
 -7.48902500e-01 -1.27280247e+00  4.56761748e-01  1.68301880e+00
 -1.00462787e-01 -3.45182627e-01  1.17211230e-01 -1.85488552e-01
 -1.44460499e+00  3.66658300e-01 -7.31594324e-01 -8.15469101e-02
  8.85279655e-01  2.86490023e-02  5.78202724e-01  1.48835093e-01
  6.08137071e-01  1.35164604e-01 -5.97466230e-01 -1.76421344e+00
 -3.54768366e-01  2.15320006e-01 -7.04477549e-01  2.93117404e-01
 -6.49666369e-01  2.69496471e-01  1.15424120e+00 -1.98677883e-01
  7.46418774e-01  4.54378814e-01 -1.85189176e+00  3.57578620e-02
  2.35214412e-01 -4.34334457e-01 -1.24479449e+00 -4.68029976e-01
 -1.04268217e+00  4.54844862e-01  7.26285696e-01 -1.08133495e+00
  1.99147046e-01 -2.84403861e-02 -1.07138276e+00 -3.95400703e-01
  6.98548928e-02 -8.70623410e-01  1.54038906e-01 -5.60017645e-01
 -3.75669263e-02 -7.81353354e-01 -7.31090486e-01 -3.41077209e-01
 -4.64152217e-01  6.60407245e-01  2.21335888e-01 -2.39996284e-01
 -6.66767597e-01  2.04499543e-01 -9.10416782e-01 -2.94663727e-01
 -1.17032087e+00  1.64180085e-01 -8.27566922e-01  6.99705660e-01
  1.33685246e-01  1.41605005e-01  3.46421391e-01  1.11059928e+00
  2.52072841e-01  1.55291784e+00  2.43351758e-01  1.04081237e+00
 -2.76770592e-01 -1.19162232e-01 -4.60011601e-01  1.34364569e+00
 -9.52273130e-01  4.80686158e-01  4.06600356e-01  2.80897468e-01
  9.98292208e-01 -1.31541288e+00  9.41959441e-01  2.02116687e-02
  3.70601773e-01 -1.12893559e-01  4.61780250e-01 -2.28449151e-01
  5.85418820e-01  3.94479007e-01  4.59744960e-01  6.36963010e-01
 -1.59505323e-01  1.00677061e+00  9.86175179e-01 -6.47877678e-02
  1.49050981e-01 -5.52432239e-01 -1.06719267e+00 -7.53977180e-01
 -7.81509995e-01  1.15565598e+00 -7.30940580e-01 -1.53717887e+00
  5.50783157e-01 -9.11858559e-01 -8.98802519e-01  5.36069512e-01
 -1.07712102e+00  3.14948589e-01 -8.60910773e-01 -9.96511221e-01
 -2.39814848e-01 -4.29458141e-01  6.79418385e-01  9.86803651e-01
 -1.04657805e+00  9.67387035e-02  2.55706422e-02  6.05388701e-01
 -6.60483122e-01 -2.04639211e-01  4.15904880e-01 -1.35647511e+00
 -9.27955091e-01 -5.36052465e-01  7.45387852e-01 -2.18400240e+00
  7.69201517e-01  3.20852995e-01 -1.20287740e+00  8.35670292e-01
  2.94883221e-01  2.71465987e-01 -7.08536088e-01 -1.06249952e+00
 -1.07689381e+00  7.60423899e-01 -1.21171467e-01  5.39052308e-01
  2.40152165e-01  9.79230523e-01  1.66857615e-01  6.06723279e-02
  1.80916563e-01 -7.60552645e-01 -3.01277459e-01 -4.17362712e-02
  1.74062574e+00 -1.36267334e-01 -3.31193469e-02 -2.82620676e-02
 -2.71528989e-01 -1.73435509e-01 -1.85956001e-01 -6.15883954e-02
  4.15342361e-01 -1.33295789e-01 -9.73394573e-01 -1.42296922e+00
  1.11226980e-02 -6.48887813e-01 -5.59289455e-02 -9.34372365e-01
 -3.20469499e-01  1.71822205e-01 -3.72805476e-01 -1.12383872e-01
 -1.82882831e-01  7.76977718e-01 -4.01029468e-01  4.71335590e-01
  6.27876967e-02  1.55258179e-02  9.98044372e-01 -2.24709749e+00
 -1.66378126e-01  4.33711410e-01 -3.36138129e-01 -6.40719175e-01
 -3.67246747e-01 -7.96032310e-01  6.48426056e-01 -9.42266643e-01
 -1.04082751e+00  7.30441930e-03 -3.89569491e-01  1.47294855e+00
 -7.89180517e-01 -4.36671704e-01 -5.43994963e-01 -5.21494597e-02
 -1.26271176e+00 -7.26314485e-01 -1.92389399e-01  5.17222643e-01
  6.87981725e-01  5.96668839e-01 -1.68401611e+00  5.07986784e-01
 -2.20345091e-02 -4.52393144e-01  1.23454340e-01  7.45882928e-01
  3.60483646e-01  7.12965071e-01  1.17536747e+00  4.84972596e-01
  8.31876397e-01  1.12832159e-01 -5.01047611e-01  1.13193977e+00
 -2.07402274e-01  6.30153298e-01 -7.69594014e-02 -2.62613058e-01
  5.37480652e-01  7.01635540e-01 -3.63881975e-01  6.86224580e-01
  1.05129576e+00  8.88192594e-01 -8.48925829e-01 -8.82286578e-02
  5.01420915e-01 -2.86752075e-01 -3.25413257e-01 -2.72722095e-01
 -4.60710317e-01  1.91521466e+00  1.54720652e+00  1.39547616e-01
 -1.23197943e-01 -1.62960351e+00 -3.06767553e-01 -1.03407121e+00
 -9.68941152e-02 -1.37072957e+00  2.17509329e-01  3.37919682e-01
 -8.65780339e-02 -8.87138367e-01 -5.31756341e-01  6.07614458e-01
 -1.52500010e+00 -6.54680490e-01 -1.09921885e+00  3.09683889e-01
  9.32154894e-01 -7.96648264e-01  1.09819002e-01 -9.36193824e-01
  1.27858591e+00 -1.13009691e-01 -1.56532098e-02 -1.94033533e-01
  8.13754141e-01  7.27848411e-01  1.37440950e-01 -1.28356433e+00
  5.93122900e-01 -4.10506845e-01  6.62912726e-01  2.60262042e-01
  4.77744848e-01 -7.30178475e-01 -3.93511020e-02  5.23803949e-01]",1
13,[*]C(C)(C[*])C(=O)[O-],[*]CC[N+][*],2650,19040,8.5,920,68,0.0,1,2,9,7.184905660377359,1,0,0,10.243472222222222,10.243472222222222,0.0532407407407407,-0.7986111111111109,0.4502538575862794,23.5,85.082,80.04199999999999,85.02950297991,34.0,2.5,3.0,3.0,1.6668127273868607,3.9084966379068455,100.21143267166842,6.784457050376174,3.5236033621142737,3.5236033621142737,3.504035844753885,1.5118016810571369,1.5118016810571369,1.0677875644551755,1.0677875644551755,0.348461712529338,0.348461712529338,0.0,0.0,-0.53,38.3366927298978,2.610921480426842,0.600159264681777,0.2950914053210928,36.78983322325914,35.63575031240701,9.901064578912528,5.969305287951849,19.76538044554264,0.0,0.0,5.106527394840706,5.969305287951849,4.794537184071822,6.923737199690624,0.0,12.841643245852016,40.13,5.969305287951849,9.901064578912528,5.917906046161393,6.923737199690624,0.0,0.0,6.923737199690624,0.0,0.2098148148148149,10.243472222222222,10.243472222222222,0.0,-1.0902777777777777,0.0,0.0,2.810185185185185,0.0,0.75,6.0,2.0,0.0,0.0,2.0,4.0,2.0,0.0,-0.5682,18.181,1.0,0.0,1.0,1.0,1.0,1.0,0.0,0.0,0.0,0.0,4.166666666666666,4.166666666666666,0.4131944444444444,0.4131944444444444,0.4134068917016045,14.666666666666666,42.06099999999999,38.029,42.03382554808999,16.0,2.0,2.6666666666666665,3.6666666666666665,3.6666666666666665,1.4056390622295665,2.19060968716425,15.119415478763749,4.121320343559642,1.8614271578730528,1.8614271578730528,2.414213562373095,0.8162277660168378,0.8162277660168378,0.2236067977499789,0.2236067977499789,0.0,0.0,0.0,0.0,-0.04,11.245112497836532,0.72512600755025,0.2061650840029218,0.0008163265306122,20.444083839238875,19.202161082765382,0.0,0.0,5.733667477162185,0.0,6.923737199690624,6.544756405912575,0.0,5.733667477162185,6.544756405912575,0.0,0.0,0.0,0.0,6.923737199690624,14.1,0.0,0.0,0.0,0.0,13.4684936056032,0.0,0.0,5.733667477162185,1.1076388888888888,0.0,0.0,4.166666666666666,0.0,0.0,0.0,2.7256944444444446,0.0,1.0,3.0,1.0,0.0,0.0,0.0,3.0,2.0,0.0,0.0226999999999999,11.808000000000002,0.0,0.0,0.0,0.0,0.0,0.0,1.0,0.0,0.0,0.0,0.0,0.0,[*]CC([*])(C)C(=O)[O-],[*]C[N+]C[*],"[ 7.49274790e-01  3.35424781e-01  4.55891341e-01 -1.09221423e+00
 -6.25216782e-01  3.14305499e-02 -1.89206481e-01 -9.25612390e-01
 -2.35249296e-01  1.36610961e+00  8.83861855e-02 -7.13659585e-01
  8.14221084e-01 -6.92512333e-01 -5.14061689e-01 -1.33080852e+00
 -1.47874510e+00 -1.03471792e+00 -6.12177968e-01  2.09805042e-01
  5.51994801e-01 -3.05551559e-01  4.35497522e-01  7.36454964e-01
 -6.94340706e-01  1.29001057e+00  2.37998891e+00 -4.05347496e-01
 -6.00476742e-01  7.56517649e-01 -2.95091867e-01 -4.40703213e-01
 -2.38245353e-01 -1.06833398e+00  5.43902814e-01  2.87487179e-01
  1.05013542e-01  7.71469295e-01  2.95419157e-01  2.99429774e-01
 -1.54818922e-01  9.55972448e-02  1.18825090e+00  1.62336457e+00
  2.11596087e-01  1.97126698e+00  7.42778480e-01  1.40871525e-01
 -2.52242148e-01 -5.88141322e-01 -8.30902278e-01 -5.11340201e-02
 -4.66348320e-01 -3.61824811e-01 -5.98171353e-01 -3.63103032e-01
  2.47532055e-01  5.11704028e-01 -7.26159394e-01  1.30475163e-01
 -9.32137072e-01  1.43789789e-02  4.87203658e-01 -6.09903224e-02
 -5.22938311e-01 -2.59041160e-01 -3.10223382e-02  1.33649796e-01
 -4.49149907e-01 -9.90190208e-01 -4.37130392e-01 -8.20998698e-02
 -1.41018599e-01  2.47300267e-01 -1.07266307e+00 -3.37361068e-01
 -3.82067502e-01 -3.48674297e-01  2.41132863e-02 -3.69367570e-01
  4.26380429e-03 -3.68784666e-01  2.93142378e-01  3.39492798e-01
  1.76544249e-01  7.48980865e-02  3.78351748e-01  1.43084496e-01
 -7.50767514e-02  6.98696852e-01 -1.23164153e+00  1.54972628e-01
  1.30712831e+00  4.13169146e-01 -7.62161970e-01  6.20638654e-02
  6.53732941e-02  3.98433149e-01  3.35860610e-01  2.57231444e-01
  5.09362817e-01  2.24197790e-01 -1.09119499e+00  9.36800539e-01
  7.53451943e-01 -1.23084819e+00  9.08430457e-01 -8.67207110e-01
 -4.80619073e-01  4.63999063e-01 -5.08662164e-01  2.84325276e-02
  8.96979451e-01  2.75238305e-01  6.04319394e-01  7.04479277e-01
 -1.92388758e-01  5.88916123e-01 -1.65896252e-01  1.25128731e-01
 -5.41119277e-01  5.95371544e-01 -4.40301627e-01 -9.53436732e-01
 -8.70644271e-01 -7.01563358e-02  5.19006014e-01 -8.48310441e-02
 -4.53820378e-01 -7.63373524e-02 -2.50903994e-01  1.05273589e-01
 -7.83522904e-04 -5.48577607e-01 -1.58988476e+00  4.16692108e-01
  4.86379087e-01 -6.73893452e-01 -2.14246154e-01 -8.94058764e-01
 -1.69562221e-01  1.62465900e-01  4.72447537e-02 -9.45844769e-01
  3.12819541e-01  4.59828615e-01  1.81325778e-01  5.45694053e-01
  5.22985049e-02 -2.90770084e-01  1.11780930e+00 -6.53702319e-01
  8.88752520e-01 -5.18661022e-01  2.26448655e-01  4.19900529e-02
  2.09506735e-01 -9.99619067e-01 -5.97911179e-01  2.40267485e-01
  3.84019047e-01  1.01165771e-01 -1.29132763e-01  1.37262657e-01
  2.43125573e-01  6.61093593e-02  7.34124482e-01  6.55801445e-02
  8.67221475e-01  1.02447104e+00  1.94548965e-01  4.92215395e-01
  2.58256465e-01  7.06858218e-01  4.08109426e-01  1.43596029e+00
 -2.34669849e-01 -2.20608890e-01 -9.00353014e-01 -1.68292020e-02
 -5.18259466e-01  9.73584116e-01  6.35090172e-01 -3.21039736e-01
  1.96893781e-01  1.36441048e-02  5.94366267e-02  6.31835938e-01
 -6.74691439e-01  2.92127788e-01 -1.58445194e-01  4.75977540e-01
 -1.05258442e-01 -2.61095129e-02 -3.47841859e-01 -1.38431609e+00
  2.30988905e-01  2.42584631e-01  2.42318988e-01  8.21007431e-01
  3.47805738e-01 -5.93114078e-01  6.15051806e-01 -1.13383365e+00
 -1.02469993e+00 -2.10129380e-01  5.13058305e-01 -4.32122946e-02
 -8.96828771e-01 -5.06239772e-01  2.97274590e-02 -1.87300277e+00
  9.58072007e-01 -7.87090957e-01 -5.90321839e-01  1.57090092e+00
 -1.52412921e-01  1.07509518e+00 -2.78278589e-01  6.61327541e-01
 -4.37102556e-01  6.07341051e-01  1.74592510e-01 -8.32812190e-01
  7.96080351e-01 -5.79209208e-01 -2.50138134e-01  8.92362118e-01
 -2.45963167e-02 -1.42872378e-01 -1.42276669e+00  1.69364798e+00
  6.29426658e-01 -5.70318513e-02  1.35555339e+00  7.65864253e-01
  4.97816533e-01  1.59259066e-02 -5.13777614e-01 -9.02717590e-01
 -1.13018739e+00  3.83352101e-01 -4.77341488e-02 -3.79710466e-01
 -4.47504103e-01 -1.09895110e+00 -3.86139631e-01  1.03090264e-01
  8.51628721e-01  2.24349573e-01 -3.13555300e-02  1.22573696e-01
  4.94108871e-02  6.98103666e-01  3.02277476e-01  1.66599587e-01
 -3.08436722e-01 -4.66002375e-01  1.62361014e+00 -2.62132585e-01
  5.79887815e-02 -6.79709196e-01  4.46500778e-01 -7.97002465e-02
 -8.20023119e-02  1.22393526e-01 -2.83097059e-01  4.32255983e-01
 -1.04199953e-01 -1.23305070e+00 -3.06826502e-01  3.86385806e-02
 -5.26868701e-01  2.08499730e-01 -1.37608588e-01 -2.77598381e-01
  1.16459966e+00  3.82706597e-02 -1.96235068e-02 -8.02532017e-01
  5.66025376e-01 -4.30100381e-01  1.32197094e+00  6.55819237e-01
 -1.05254024e-01 -6.85315967e-01  2.16215566e-01  5.93630016e-01
  2.85155267e-01  3.85740906e-01 -5.23835123e-01  3.65415752e-01
  1.48793125e+00 -3.41312021e-01  8.37343931e-02  3.88410576e-02
  1.16101551e+00 -8.25121999e-01  2.77617723e-02  7.33939037e-02
 -4.48615134e-01 -3.60707045e-01  2.16005355e-01 -1.82437807e-01
  2.44415596e-01 -5.28269887e-01  8.22483182e-01 -5.70847653e-02
  8.29918385e-01 -1.71355367e-01 -1.51496232e-01  4.65150774e-01
  3.33200365e-01  1.27273887e-01  9.12838519e-01 -1.40352994e-01
 -2.76168674e-01 -5.63478529e-01  1.85518518e-01  6.18515849e-01
  9.07797396e-01  5.58707714e-01  6.54310524e-01 -9.68789756e-01
 -6.15588129e-02 -2.76184026e-02  2.73121327e-01 -3.54086995e-01
  4.74624962e-01  1.37339443e-01 -3.33838254e-01 -4.54894483e-01
 -4.43201482e-01  4.87415552e-01  6.92939878e-01  7.76845098e-01
  2.34562084e-01 -1.71094164e-01  6.52617574e-01 -7.15576172e-01
 -3.63845557e-01  1.07632124e+00 -2.44740129e-01 -1.39437407e-01
  1.62900817e+00  1.14459256e-02  9.56065774e-01  2.93038279e-01
  3.91988426e-01  3.39301564e-02 -6.13436103e-01 -7.80028582e-01
  2.32236609e-01  1.24575007e+00 -7.12414160e-02  6.11095548e-01
  4.77192504e-03 -1.05789937e-01  2.36828491e-01  5.28803527e-01
  4.67312008e-01 -1.94977492e-01 -9.55596268e-01 -6.81563795e-01
  4.23343569e-01 -2.96947718e-01 -3.69488955e-01 -2.89484084e-01
 -4.30452943e-01 -1.37250312e-02  2.62498766e-01 -5.61480105e-01
  5.62621891e-01 -4.18706477e-01 -8.56468499e-01  5.93134239e-02
 -1.00340411e-01 -7.35716164e-01  1.38378620e-01 -6.84343696e-01
  2.17011675e-01 -4.22011822e-01 -4.02174950e-01 -2.10074112e-01
 -6.50949299e-01  8.00443947e-01 -1.05892392e-02 -5.88889062e-01
 -3.27951312e-02 -9.57627073e-02 -4.11157161e-01  1.26788989e-01
 -4.45752770e-01 -3.34704220e-01 -6.30857348e-01  7.39717126e-01
  3.73316854e-01  1.94936663e-01  8.15797508e-01  7.57897347e-02
  2.51457661e-01  7.87429273e-01 -5.90912402e-02  8.01935017e-01
 -5.09869382e-02 -3.16675752e-01 -8.06985676e-01  3.75884295e-01
 -1.02298295e+00  2.55849570e-01  2.58157365e-02  1.62940547e-01
  3.08816880e-01 -8.00899506e-01  1.81837904e+00 -6.99088693e-01
 -2.37569124e-01 -3.24667641e-03 -4.07583922e-01 -2.53018081e-01
  1.05101004e-01  7.78838634e-01  7.80924141e-01  3.96106571e-01
  4.07956630e-01 -2.10249022e-01  4.17130977e-01 -3.68258469e-02
  2.39590809e-01 -1.32325947e-01 -1.05014598e+00 -3.78439307e-01
  1.21962957e-01  9.12429273e-01 -5.16304731e-01 -4.10982370e-01
  1.13879271e-01 -7.30947316e-01 -1.19410682e+00 -8.46092477e-02
 -4.51732308e-01  3.39796931e-01  1.79029241e-01 -3.18569988e-01
 -4.01548207e-01  1.05452193e-02 -9.81033444e-02  2.65956130e-02
 -1.16055489e+00 -2.66568363e-01 -4.17371392e-01 -2.27321759e-01
 -7.98538566e-01 -2.68420726e-01 -7.56898522e-02 -1.46671772e+00
 -3.53073359e-01  7.68439353e-01  5.23869157e-01 -1.45392466e+00
 -7.55149201e-02 -2.53495097e-01 -6.51691973e-01  1.01998317e+00
  1.75246254e-01  2.19446480e-01 -8.75575662e-01  6.49622753e-02
 -2.21772552e-01  6.31361604e-01  1.11363959e+00  8.29166234e-01
 -9.94006217e-01  5.85105002e-01  1.62860320e-03  6.57095253e-01
 -6.60761952e-01  4.83092368e-01  2.10053355e-01  1.93984300e-01
  1.08389914e+00 -2.88248777e-01  2.90296733e-01  6.75145447e-01
  6.10232018e-02 -5.08173525e-01 -1.05302072e+00  4.84012961e-01
 -1.34737328e-01 -1.63434446e-01 -1.95996463e-01 -1.06526923e+00
 -8.11576009e-01 -3.66595089e-01 -1.52673945e-02 -1.13481522e-01
  6.21918961e-02  6.84323311e-02 -7.70469382e-02 -6.34581506e-01
  2.21770406e-01  7.27311909e-01 -3.06834489e-01  1.09503961e+00
 -6.35234714e-02  7.48488754e-02  3.62029821e-01 -1.14483583e+00
  3.36602688e-01 -3.94898474e-01 -4.43032160e-02 -2.25445300e-01
 -9.30737793e-01  4.10731554e-01  3.46095145e-01 -8.76426399e-01
 -7.85481334e-01 -9.14595544e-01 -4.12273765e-01  5.75143516e-01
 -7.46130526e-01  4.76899326e-01 -7.44161129e-01 -6.33583188e-01
 -7.63390839e-01 -8.95849407e-01 -5.26674464e-02  3.77323836e-01
  6.89602196e-02  8.11982453e-01 -1.31613028e+00  7.27658644e-02
 -1.96165428e-01  6.04341328e-01  2.99889833e-01 -1.47399947e-01
  2.67245054e-01  6.23204529e-01  1.50411510e+00  6.07940815e-02
  2.72842020e-01  4.67290968e-01 -6.77232504e-01  5.37263155e-01
 -2.76431590e-01  6.60036445e-01 -5.24141677e-02  3.49252112e-02
  1.12972081e-01  2.25270927e-01 -1.09064952e-01  3.46314520e-01
  7.54533410e-01  7.83834755e-01 -4.25179332e-01  5.52726567e-01
 -1.95189342e-01 -5.99463761e-01 -3.58343661e-01 -2.30281323e-01
  2.36615911e-01  4.99656409e-01  1.68579209e+00 -1.51982561e-01
 -5.63962042e-01 -1.29549968e+00 -2.81212598e-01 -2.55549937e-01
  4.69508678e-01  1.41729280e-01 -5.26430964e-01  2.20184013e-01
 -2.16536090e-01 -9.31372881e-01 -9.69826996e-01  4.32354122e-01
 -1.06032109e+00 -5.03427327e-01 -8.87604475e-01  4.38566148e-01
  1.47396326e+00 -1.03932881e+00  6.63527369e-01 -9.93533015e-01
  1.08747959e+00 -9.77717102e-01 -1.65758193e-01 -4.72277105e-02
  1.20034409e+00  2.41741404e-01  3.70389432e-01 -1.49647415e+00
  6.98196530e-01 -5.78175962e-01  4.05572444e-01 -6.85069382e-01
  1.34073234e+00 -3.75742733e-01 -1.80194214e-01  3.50243032e-01]","[ 2.73681909e-01  1.66004568e-01 -7.44565070e-01 -1.47705269e+00
 -1.09840822e+00 -1.53690919e-01 -1.29248112e-01  2.95904994e-01
 -9.16356027e-01  1.40345776e+00  1.00063539e+00 -6.83065832e-01
  1.30242276e+00 -2.33746576e+00 -9.75994170e-01 -7.89787889e-01
 -1.79506803e+00 -1.28128958e+00  2.09810168e-01  1.29709288e-01
  4.47607398e-01 -6.85392797e-01  7.80511856e-01  1.21133173e+00
 -3.64384532e-01  1.07354224e+00  2.32574058e+00 -1.55821651e-01
 -2.85600513e-01  3.01326066e-01 -6.34632647e-01  1.65162787e-01
  2.81757385e-01 -3.74723703e-01 -2.95077354e-01  7.01536298e-01
 -2.88844388e-02  2.32678980e-01  2.16173112e-01  5.24862707e-01
 -7.30150580e-01 -4.09290910e-01  1.78005755e+00  1.10312033e+00
 -5.30989515e-03  1.62341702e+00  1.30315197e+00 -9.47976291e-01
  1.85765088e-01  1.49317771e-01 -2.13005602e-01 -6.93675578e-01
 -4.48695384e-03 -4.57031608e-01 -9.96706784e-01 -1.11750238e-01
  4.97595131e-01  4.26965803e-01 -1.49265635e+00  2.89656907e-01
 -2.73807108e-01  8.54427159e-01  1.49728537e+00  9.41296890e-02
 -1.70012251e-01  1.05805194e+00  2.47816041e-01  8.55847076e-02
 -2.41706241e-02  3.27099591e-01 -2.99327344e-01 -2.87228137e-01
 -5.82702875e-01 -5.94702363e-01 -1.03217173e+00 -8.13124239e-01
 -5.35450697e-01 -1.03322685e+00  6.12907767e-01  1.13398790e+00
 -7.18036070e-02  1.90137476e-01  6.24559581e-01  4.69076455e-01
  6.27078772e-01  3.44742835e-01 -3.45153689e-01  1.32870555e+00
 -1.61258459e-01 -1.77030429e-01 -1.69568908e+00  1.72073066e-01
  1.15088892e+00  2.67995209e-01 -1.30087376e-01 -2.35246912e-01
 -9.75930631e-01 -2.02227771e-01  8.58478367e-01  6.41340375e-01
 -3.02943230e-01  1.06876230e+00 -6.70137048e-01  1.55068052e+00
  1.39273751e+00 -1.45554578e+00  8.48026991e-01 -9.02008832e-01
 -3.14056218e-01 -8.90919007e-03  1.89570412e-02  6.20763719e-01
  5.67845762e-01  6.88580513e-01  3.47115725e-01  9.87522900e-01
  1.26554236e-01  9.42884982e-01 -9.06472266e-01  4.57331955e-01
  5.71125150e-02  1.78218889e+00 -1.16092294e-01 -9.70406473e-01
  2.32247129e-01 -1.08961582e-01  4.84424561e-01 -1.63584903e-01
 -2.28719175e-01 -3.77911866e-01  1.91282615e-01 -4.40858275e-01
  4.58004832e-01  2.03468651e-01 -7.51598001e-01  7.42124140e-01
  2.11840153e-01 -1.47817540e+00 -5.86319506e-01 -7.08758950e-01
 -5.41633785e-01  5.09984553e-01  3.28427345e-01 -5.58312654e-01
 -3.01396579e-01  4.69190210e-01  4.12009209e-01  4.86853629e-01
  8.65669027e-02 -4.84711647e-01 -1.38688656e-02 -9.07068998e-02
  7.71938503e-01 -4.51887012e-01 -2.65402257e-01  3.44309598e-01
  8.11073661e-01 -7.00493395e-01 -3.49895090e-01  4.73346151e-02
  9.45539415e-01  3.90116870e-01 -1.22340433e-02  9.33209777e-01
  5.38321495e-01  2.30738390e-02  4.50798392e-01  5.45543730e-01
  6.47279382e-01  1.34209245e-01 -6.69469893e-01 -5.51479518e-01
 -9.10929501e-01  8.97117376e-01  7.78002381e-01  7.29684412e-01
 -4.76152264e-03 -2.28286073e-01 -1.80614281e+00 -2.43098214e-01
 -4.10343200e-01  1.65494692e+00 -1.41513258e-01  4.32345904e-02
  2.63454169e-01 -4.78654593e-01  6.30516946e-01  1.35365450e+00
  1.63908258e-01  1.05160549e-01  6.00636341e-02  3.30597907e-01
 -1.11334272e-01  8.60361159e-01 -1.12372410e+00 -1.36552715e+00
 -9.46494460e-01 -6.26207352e-01 -5.15764892e-01  5.79680920e-01
  4.80724514e-01 -1.80933341e-01  8.24896619e-02 -9.76777613e-01
 -5.42914391e-01 -7.89315462e-01  8.83481205e-01  1.10133314e+00
  2.32755274e-01  8.09302405e-02 -7.54249543e-02 -1.47234833e+00
  7.46453345e-01 -1.42875111e+00  4.53871906e-01  1.72359610e+00
 -4.06082766e-03  1.19332123e+00 -8.32867801e-01  6.88086867e-01
  1.37741864e-01  7.88703918e-01  2.78975209e-03 -7.97479689e-01
 -4.38524857e-02  1.13093853e-01 -3.82264405e-01  1.38396609e+00
  6.05312407e-01  1.89717621e-01 -1.87994957e-01  3.21862578e+00
  1.55959547e+00 -5.84481001e-01  1.94749379e+00  5.90261579e-01
 -4.26900893e-01 -1.12351143e+00 -8.85746777e-02 -1.66987240e-01
 -9.51994538e-01  9.89240885e-01 -1.71200693e-01  1.32246166e-01
  5.89776099e-01 -1.25525105e+00  1.01031929e-01 -5.00966609e-01
  1.41644366e-02 -1.63523331e-01  4.52505380e-01  1.33390218e-01
 -6.45448789e-02  3.77991378e-01 -9.04772580e-01 -5.44584334e-01
 -3.49354029e-01 -1.97096571e-01  1.93875515e+00  1.68814957e-01
 -2.22165152e-01  4.48715463e-02 -7.38904104e-02  1.40951602e-02
  1.02817461e-01  1.50721657e+00 -1.24952972e+00  6.83633089e-01
 -4.31086749e-01 -9.22964275e-01 -1.24245316e-01 -4.44169819e-01
  6.44836053e-02  1.13626456e+00  1.71797186e-01  1.07042398e-02
  2.86911428e-01  5.32820761e-01 -3.44686478e-01 -1.07940471e+00
  1.37402907e-01 -1.80691803e+00  1.57622218e+00  8.19589794e-01
 -6.37324572e-01 -1.95334256e-01 -8.80328774e-01  7.41711080e-01
  4.09598909e-02  8.34153175e-01 -4.57031339e-01  2.83941716e-01
  1.10020137e+00 -3.37292314e-01  6.80264905e-02 -1.90589011e-01
  4.87536073e-01 -1.26242483e+00 -5.79993546e-01 -4.71906066e-01
 -5.36747038e-01 -3.78981888e-01 -1.34510770e-01 -4.72808868e-01
  9.65812728e-02 -2.18814477e-01  1.01008964e+00  5.89304030e-01
  5.38034260e-01  8.42455402e-02 -1.40532881e-01  7.70158917e-02
 -7.12736309e-01  3.12387049e-01  7.75598586e-01 -1.94695726e-01
  2.33821779e-01 -2.17562497e-01 -7.44840980e-01  5.53765059e-01
  8.96856844e-01  5.78018725e-01  6.23112261e-01 -5.88956356e-01
  1.32804468e-01  7.09370058e-03  2.32104346e-01  4.71894622e-01
  1.46003708e-01 -2.01706111e-01  1.21953443e-01 -2.07336560e-01
 -7.48902500e-01 -1.27280247e+00  4.56761748e-01  1.68301880e+00
 -1.00462787e-01 -3.45182627e-01  1.17211230e-01 -1.85488552e-01
 -1.44460499e+00  3.66658300e-01 -7.31594324e-01 -8.15469101e-02
  8.85279655e-01  2.86490023e-02  5.78202724e-01  1.48835093e-01
  6.08137071e-01  1.35164604e-01 -5.97466230e-01 -1.76421344e+00
 -3.54768366e-01  2.15320006e-01 -7.04477549e-01  2.93117404e-01
 -6.49666369e-01  2.69496471e-01  1.15424120e+00 -1.98677883e-01
  7.46418774e-01  4.54378814e-01 -1.85189176e+00  3.57578620e-02
  2.35214412e-01 -4.34334457e-01 -1.24479449e+00 -4.68029976e-01
 -1.04268217e+00  4.54844862e-01  7.26285696e-01 -1.08133495e+00
  1.99147046e-01 -2.84403861e-02 -1.07138276e+00 -3.95400703e-01
  6.98548928e-02 -8.70623410e-01  1.54038906e-01 -5.60017645e-01
 -3.75669263e-02 -7.81353354e-01 -7.31090486e-01 -3.41077209e-01
 -4.64152217e-01  6.60407245e-01  2.21335888e-01 -2.39996284e-01
 -6.66767597e-01  2.04499543e-01 -9.10416782e-01 -2.94663727e-01
 -1.17032087e+00  1.64180085e-01 -8.27566922e-01  6.99705660e-01
  1.33685246e-01  1.41605005e-01  3.46421391e-01  1.11059928e+00
  2.52072841e-01  1.55291784e+00  2.43351758e-01  1.04081237e+00
 -2.76770592e-01 -1.19162232e-01 -4.60011601e-01  1.34364569e+00
 -9.52273130e-01  4.80686158e-01  4.06600356e-01  2.80897468e-01
  9.98292208e-01 -1.31541288e+00  9.41959441e-01  2.02116687e-02
  3.70601773e-01 -1.12893559e-01  4.61780250e-01 -2.28449151e-01
  5.85418820e-01  3.94479007e-01  4.59744960e-01  6.36963010e-01
 -1.59505323e-01  1.00677061e+00  9.86175179e-01 -6.47877678e-02
  1.49050981e-01 -5.52432239e-01 -1.06719267e+00 -7.53977180e-01
 -7.81509995e-01  1.15565598e+00 -7.30940580e-01 -1.53717887e+00
  5.50783157e-01 -9.11858559e-01 -8.98802519e-01  5.36069512e-01
 -1.07712102e+00  3.14948589e-01 -8.60910773e-01 -9.96511221e-01
 -2.39814848e-01 -4.29458141e-01  6.79418385e-01  9.86803651e-01
 -1.04657805e+00  9.67387035e-02  2.55706422e-02  6.05388701e-01
 -6.60483122e-01 -2.04639211e-01  4.15904880e-01 -1.35647511e+00
 -9.27955091e-01 -5.36052465e-01  7.45387852e-01 -2.18400240e+00
  7.69201517e-01  3.20852995e-01 -1.20287740e+00  8.35670292e-01
  2.94883221e-01  2.71465987e-01 -7.08536088e-01 -1.06249952e+00
 -1.07689381e+00  7.60423899e-01 -1.21171467e-01  5.39052308e-01
  2.40152165e-01  9.79230523e-01  1.66857615e-01  6.06723279e-02
  1.80916563e-01 -7.60552645e-01 -3.01277459e-01 -4.17362712e-02
  1.74062574e+00 -1.36267334e-01 -3.31193469e-02 -2.82620676e-02
 -2.71528989e-01 -1.73435509e-01 -1.85956001e-01 -6.15883954e-02
  4.15342361e-01 -1.33295789e-01 -9.73394573e-01 -1.42296922e+00
  1.11226980e-02 -6.48887813e-01 -5.59289455e-02 -9.34372365e-01
 -3.20469499e-01  1.71822205e-01 -3.72805476e-01 -1.12383872e-01
 -1.82882831e-01  7.76977718e-01 -4.01029468e-01  4.71335590e-01
  6.27876967e-02  1.55258179e-02  9.98044372e-01 -2.24709749e+00
 -1.66378126e-01  4.33711410e-01 -3.36138129e-01 -6.40719175e-01
 -3.67246747e-01 -7.96032310e-01  6.48426056e-01 -9.42266643e-01
 -1.04082751e+00  7.30441930e-03 -3.89569491e-01  1.47294855e+00
 -7.89180517e-01 -4.36671704e-01 -5.43994963e-01 -5.21494597e-02
 -1.26271176e+00 -7.26314485e-01 -1.92389399e-01  5.17222643e-01
  6.87981725e-01  5.96668839e-01 -1.68401611e+00  5.07986784e-01
 -2.20345091e-02 -4.52393144e-01  1.23454340e-01  7.45882928e-01
  3.60483646e-01  7.12965071e-01  1.17536747e+00  4.84972596e-01
  8.31876397e-01  1.12832159e-01 -5.01047611e-01  1.13193977e+00
 -2.07402274e-01  6.30153298e-01 -7.69594014e-02 -2.62613058e-01
  5.37480652e-01  7.01635540e-01 -3.63881975e-01  6.86224580e-01
  1.05129576e+00  8.88192594e-01 -8.48925829e-01 -8.82286578e-02
  5.01420915e-01 -2.86752075e-01 -3.25413257e-01 -2.72722095e-01
 -4.60710317e-01  1.91521466e+00  1.54720652e+00  1.39547616e-01
 -1.23197943e-01 -1.62960351e+00 -3.06767553e-01 -1.03407121e+00
 -9.68941152e-02 -1.37072957e+00  2.17509329e-01  3.37919682e-01
 -8.65780339e-02 -8.87138367e-01 -5.31756341e-01  6.07614458e-01
 -1.52500010e+00 -6.54680490e-01 -1.09921885e+00  3.09683889e-01
  9.32154894e-01 -7.96648264e-01  1.09819002e-01 -9.36193824e-01
  1.27858591e+00 -1.13009691e-01 -1.56532098e-02 -1.94033533e-01
  8.13754141e-01  7.27848411e-01  1.37440950e-01 -1.28356433e+00
  5.93122900e-01 -4.10506845e-01  6.62912726e-01  2.60262042e-01
  4.77744848e-01 -7.30178475e-01 -3.93511020e-02  5.23803949e-01]",1
14,[*]C(C)(C[*])C(=O)[O-],[*]CC[N+][*],2650,19040,8.5,900,50,0.0,1,2,9,7.184905660377359,1,0,0,10.243472222222222,10.243472222222222,0.0532407407407407,-0.7986111111111109,0.4502538575862794,23.5,85.082,80.04199999999999,85.02950297991,34.0,2.5,3.0,3.0,1.6668127273868607,3.9084966379068455,100.21143267166842,6.784457050376174,3.5236033621142737,3.5236033621142737,3.504035844753885,1.5118016810571369,1.5118016810571369,1.0677875644551755,1.0677875644551755,0.348461712529338,0.348461712529338,0.0,0.0,-0.53,38.3366927298978,2.610921480426842,0.600159264681777,0.2950914053210928,36.78983322325914,35.63575031240701,9.901064578912528,5.969305287951849,19.76538044554264,0.0,0.0,5.106527394840706,5.969305287951849,4.794537184071822,6.923737199690624,0.0,12.841643245852016,40.13,5.969305287951849,9.901064578912528,5.917906046161393,6.923737199690624,0.0,0.0,6.923737199690624,0.0,0.2098148148148149,10.243472222222222,10.243472222222222,0.0,-1.0902777777777777,0.0,0.0,2.810185185185185,0.0,0.75,6.0,2.0,0.0,0.0,2.0,4.0,2.0,0.0,-0.5682,18.181,1.0,0.0,1.0,1.0,1.0,1.0,0.0,0.0,0.0,0.0,4.166666666666666,4.166666666666666,0.4131944444444444,0.4131944444444444,0.4134068917016045,14.666666666666666,42.06099999999999,38.029,42.03382554808999,16.0,2.0,2.6666666666666665,3.6666666666666665,3.6666666666666665,1.4056390622295665,2.19060968716425,15.119415478763749,4.121320343559642,1.8614271578730528,1.8614271578730528,2.414213562373095,0.8162277660168378,0.8162277660168378,0.2236067977499789,0.2236067977499789,0.0,0.0,0.0,0.0,-0.04,11.245112497836532,0.72512600755025,0.2061650840029218,0.0008163265306122,20.444083839238875,19.202161082765382,0.0,0.0,5.733667477162185,0.0,6.923737199690624,6.544756405912575,0.0,5.733667477162185,6.544756405912575,0.0,0.0,0.0,0.0,6.923737199690624,14.1,0.0,0.0,0.0,0.0,13.4684936056032,0.0,0.0,5.733667477162185,1.1076388888888888,0.0,0.0,4.166666666666666,0.0,0.0,0.0,2.7256944444444446,0.0,1.0,3.0,1.0,0.0,0.0,0.0,3.0,2.0,0.0,0.0226999999999999,11.808000000000002,0.0,0.0,0.0,0.0,0.0,0.0,1.0,0.0,0.0,0.0,0.0,0.0,[*]CC([*])(C)C(=O)[O-],[*]C[N+]C[*],"[ 7.49274790e-01  3.35424781e-01  4.55891341e-01 -1.09221423e+00
 -6.25216782e-01  3.14305499e-02 -1.89206481e-01 -9.25612390e-01
 -2.35249296e-01  1.36610961e+00  8.83861855e-02 -7.13659585e-01
  8.14221084e-01 -6.92512333e-01 -5.14061689e-01 -1.33080852e+00
 -1.47874510e+00 -1.03471792e+00 -6.12177968e-01  2.09805042e-01
  5.51994801e-01 -3.05551559e-01  4.35497522e-01  7.36454964e-01
 -6.94340706e-01  1.29001057e+00  2.37998891e+00 -4.05347496e-01
 -6.00476742e-01  7.56517649e-01 -2.95091867e-01 -4.40703213e-01
 -2.38245353e-01 -1.06833398e+00  5.43902814e-01  2.87487179e-01
  1.05013542e-01  7.71469295e-01  2.95419157e-01  2.99429774e-01
 -1.54818922e-01  9.55972448e-02  1.18825090e+00  1.62336457e+00
  2.11596087e-01  1.97126698e+00  7.42778480e-01  1.40871525e-01
 -2.52242148e-01 -5.88141322e-01 -8.30902278e-01 -5.11340201e-02
 -4.66348320e-01 -3.61824811e-01 -5.98171353e-01 -3.63103032e-01
  2.47532055e-01  5.11704028e-01 -7.26159394e-01  1.30475163e-01
 -9.32137072e-01  1.43789789e-02  4.87203658e-01 -6.09903224e-02
 -5.22938311e-01 -2.59041160e-01 -3.10223382e-02  1.33649796e-01
 -4.49149907e-01 -9.90190208e-01 -4.37130392e-01 -8.20998698e-02
 -1.41018599e-01  2.47300267e-01 -1.07266307e+00 -3.37361068e-01
 -3.82067502e-01 -3.48674297e-01  2.41132863e-02 -3.69367570e-01
  4.26380429e-03 -3.68784666e-01  2.93142378e-01  3.39492798e-01
  1.76544249e-01  7.48980865e-02  3.78351748e-01  1.43084496e-01
 -7.50767514e-02  6.98696852e-01 -1.23164153e+00  1.54972628e-01
  1.30712831e+00  4.13169146e-01 -7.62161970e-01  6.20638654e-02
  6.53732941e-02  3.98433149e-01  3.35860610e-01  2.57231444e-01
  5.09362817e-01  2.24197790e-01 -1.09119499e+00  9.36800539e-01
  7.53451943e-01 -1.23084819e+00  9.08430457e-01 -8.67207110e-01
 -4.80619073e-01  4.63999063e-01 -5.08662164e-01  2.84325276e-02
  8.96979451e-01  2.75238305e-01  6.04319394e-01  7.04479277e-01
 -1.92388758e-01  5.88916123e-01 -1.65896252e-01  1.25128731e-01
 -5.41119277e-01  5.95371544e-01 -4.40301627e-01 -9.53436732e-01
 -8.70644271e-01 -7.01563358e-02  5.19006014e-01 -8.48310441e-02
 -4.53820378e-01 -7.63373524e-02 -2.50903994e-01  1.05273589e-01
 -7.83522904e-04 -5.48577607e-01 -1.58988476e+00  4.16692108e-01
  4.86379087e-01 -6.73893452e-01 -2.14246154e-01 -8.94058764e-01
 -1.69562221e-01  1.62465900e-01  4.72447537e-02 -9.45844769e-01
  3.12819541e-01  4.59828615e-01  1.81325778e-01  5.45694053e-01
  5.22985049e-02 -2.90770084e-01  1.11780930e+00 -6.53702319e-01
  8.88752520e-01 -5.18661022e-01  2.26448655e-01  4.19900529e-02
  2.09506735e-01 -9.99619067e-01 -5.97911179e-01  2.40267485e-01
  3.84019047e-01  1.01165771e-01 -1.29132763e-01  1.37262657e-01
  2.43125573e-01  6.61093593e-02  7.34124482e-01  6.55801445e-02
  8.67221475e-01  1.02447104e+00  1.94548965e-01  4.92215395e-01
  2.58256465e-01  7.06858218e-01  4.08109426e-01  1.43596029e+00
 -2.34669849e-01 -2.20608890e-01 -9.00353014e-01 -1.68292020e-02
 -5.18259466e-01  9.73584116e-01  6.35090172e-01 -3.21039736e-01
  1.96893781e-01  1.36441048e-02  5.94366267e-02  6.31835938e-01
 -6.74691439e-01  2.92127788e-01 -1.58445194e-01  4.75977540e-01
 -1.05258442e-01 -2.61095129e-02 -3.47841859e-01 -1.38431609e+00
  2.30988905e-01  2.42584631e-01  2.42318988e-01  8.21007431e-01
  3.47805738e-01 -5.93114078e-01  6.15051806e-01 -1.13383365e+00
 -1.02469993e+00 -2.10129380e-01  5.13058305e-01 -4.32122946e-02
 -8.96828771e-01 -5.06239772e-01  2.97274590e-02 -1.87300277e+00
  9.58072007e-01 -7.87090957e-01 -5.90321839e-01  1.57090092e+00
 -1.52412921e-01  1.07509518e+00 -2.78278589e-01  6.61327541e-01
 -4.37102556e-01  6.07341051e-01  1.74592510e-01 -8.32812190e-01
  7.96080351e-01 -5.79209208e-01 -2.50138134e-01  8.92362118e-01
 -2.45963167e-02 -1.42872378e-01 -1.42276669e+00  1.69364798e+00
  6.29426658e-01 -5.70318513e-02  1.35555339e+00  7.65864253e-01
  4.97816533e-01  1.59259066e-02 -5.13777614e-01 -9.02717590e-01
 -1.13018739e+00  3.83352101e-01 -4.77341488e-02 -3.79710466e-01
 -4.47504103e-01 -1.09895110e+00 -3.86139631e-01  1.03090264e-01
  8.51628721e-01  2.24349573e-01 -3.13555300e-02  1.22573696e-01
  4.94108871e-02  6.98103666e-01  3.02277476e-01  1.66599587e-01
 -3.08436722e-01 -4.66002375e-01  1.62361014e+00 -2.62132585e-01
  5.79887815e-02 -6.79709196e-01  4.46500778e-01 -7.97002465e-02
 -8.20023119e-02  1.22393526e-01 -2.83097059e-01  4.32255983e-01
 -1.04199953e-01 -1.23305070e+00 -3.06826502e-01  3.86385806e-02
 -5.26868701e-01  2.08499730e-01 -1.37608588e-01 -2.77598381e-01
  1.16459966e+00  3.82706597e-02 -1.96235068e-02 -8.02532017e-01
  5.66025376e-01 -4.30100381e-01  1.32197094e+00  6.55819237e-01
 -1.05254024e-01 -6.85315967e-01  2.16215566e-01  5.93630016e-01
  2.85155267e-01  3.85740906e-01 -5.23835123e-01  3.65415752e-01
  1.48793125e+00 -3.41312021e-01  8.37343931e-02  3.88410576e-02
  1.16101551e+00 -8.25121999e-01  2.77617723e-02  7.33939037e-02
 -4.48615134e-01 -3.60707045e-01  2.16005355e-01 -1.82437807e-01
  2.44415596e-01 -5.28269887e-01  8.22483182e-01 -5.70847653e-02
  8.29918385e-01 -1.71355367e-01 -1.51496232e-01  4.65150774e-01
  3.33200365e-01  1.27273887e-01  9.12838519e-01 -1.40352994e-01
 -2.76168674e-01 -5.63478529e-01  1.85518518e-01  6.18515849e-01
  9.07797396e-01  5.58707714e-01  6.54310524e-01 -9.68789756e-01
 -6.15588129e-02 -2.76184026e-02  2.73121327e-01 -3.54086995e-01
  4.74624962e-01  1.37339443e-01 -3.33838254e-01 -4.54894483e-01
 -4.43201482e-01  4.87415552e-01  6.92939878e-01  7.76845098e-01
  2.34562084e-01 -1.71094164e-01  6.52617574e-01 -7.15576172e-01
 -3.63845557e-01  1.07632124e+00 -2.44740129e-01 -1.39437407e-01
  1.62900817e+00  1.14459256e-02  9.56065774e-01  2.93038279e-01
  3.91988426e-01  3.39301564e-02 -6.13436103e-01 -7.80028582e-01
  2.32236609e-01  1.24575007e+00 -7.12414160e-02  6.11095548e-01
  4.77192504e-03 -1.05789937e-01  2.36828491e-01  5.28803527e-01
  4.67312008e-01 -1.94977492e-01 -9.55596268e-01 -6.81563795e-01
  4.23343569e-01 -2.96947718e-01 -3.69488955e-01 -2.89484084e-01
 -4.30452943e-01 -1.37250312e-02  2.62498766e-01 -5.61480105e-01
  5.62621891e-01 -4.18706477e-01 -8.56468499e-01  5.93134239e-02
 -1.00340411e-01 -7.35716164e-01  1.38378620e-01 -6.84343696e-01
  2.17011675e-01 -4.22011822e-01 -4.02174950e-01 -2.10074112e-01
 -6.50949299e-01  8.00443947e-01 -1.05892392e-02 -5.88889062e-01
 -3.27951312e-02 -9.57627073e-02 -4.11157161e-01  1.26788989e-01
 -4.45752770e-01 -3.34704220e-01 -6.30857348e-01  7.39717126e-01
  3.73316854e-01  1.94936663e-01  8.15797508e-01  7.57897347e-02
  2.51457661e-01  7.87429273e-01 -5.90912402e-02  8.01935017e-01
 -5.09869382e-02 -3.16675752e-01 -8.06985676e-01  3.75884295e-01
 -1.02298295e+00  2.55849570e-01  2.58157365e-02  1.62940547e-01
  3.08816880e-01 -8.00899506e-01  1.81837904e+00 -6.99088693e-01
 -2.37569124e-01 -3.24667641e-03 -4.07583922e-01 -2.53018081e-01
  1.05101004e-01  7.78838634e-01  7.80924141e-01  3.96106571e-01
  4.07956630e-01 -2.10249022e-01  4.17130977e-01 -3.68258469e-02
  2.39590809e-01 -1.32325947e-01 -1.05014598e+00 -3.78439307e-01
  1.21962957e-01  9.12429273e-01 -5.16304731e-01 -4.10982370e-01
  1.13879271e-01 -7.30947316e-01 -1.19410682e+00 -8.46092477e-02
 -4.51732308e-01  3.39796931e-01  1.79029241e-01 -3.18569988e-01
 -4.01548207e-01  1.05452193e-02 -9.81033444e-02  2.65956130e-02
 -1.16055489e+00 -2.66568363e-01 -4.17371392e-01 -2.27321759e-01
 -7.98538566e-01 -2.68420726e-01 -7.56898522e-02 -1.46671772e+00
 -3.53073359e-01  7.68439353e-01  5.23869157e-01 -1.45392466e+00
 -7.55149201e-02 -2.53495097e-01 -6.51691973e-01  1.01998317e+00
  1.75246254e-01  2.19446480e-01 -8.75575662e-01  6.49622753e-02
 -2.21772552e-01  6.31361604e-01  1.11363959e+00  8.29166234e-01
 -9.94006217e-01  5.85105002e-01  1.62860320e-03  6.57095253e-01
 -6.60761952e-01  4.83092368e-01  2.10053355e-01  1.93984300e-01
  1.08389914e+00 -2.88248777e-01  2.90296733e-01  6.75145447e-01
  6.10232018e-02 -5.08173525e-01 -1.05302072e+00  4.84012961e-01
 -1.34737328e-01 -1.63434446e-01 -1.95996463e-01 -1.06526923e+00
 -8.11576009e-01 -3.66595089e-01 -1.52673945e-02 -1.13481522e-01
  6.21918961e-02  6.84323311e-02 -7.70469382e-02 -6.34581506e-01
  2.21770406e-01  7.27311909e-01 -3.06834489e-01  1.09503961e+00
 -6.35234714e-02  7.48488754e-02  3.62029821e-01 -1.14483583e+00
  3.36602688e-01 -3.94898474e-01 -4.43032160e-02 -2.25445300e-01
 -9.30737793e-01  4.10731554e-01  3.46095145e-01 -8.76426399e-01
 -7.85481334e-01 -9.14595544e-01 -4.12273765e-01  5.75143516e-01
 -7.46130526e-01  4.76899326e-01 -7.44161129e-01 -6.33583188e-01
 -7.63390839e-01 -8.95849407e-01 -5.26674464e-02  3.77323836e-01
  6.89602196e-02  8.11982453e-01 -1.31613028e+00  7.27658644e-02
 -1.96165428e-01  6.04341328e-01  2.99889833e-01 -1.47399947e-01
  2.67245054e-01  6.23204529e-01  1.50411510e+00  6.07940815e-02
  2.72842020e-01  4.67290968e-01 -6.77232504e-01  5.37263155e-01
 -2.76431590e-01  6.60036445e-01 -5.24141677e-02  3.49252112e-02
  1.12972081e-01  2.25270927e-01 -1.09064952e-01  3.46314520e-01
  7.54533410e-01  7.83834755e-01 -4.25179332e-01  5.52726567e-01
 -1.95189342e-01 -5.99463761e-01 -3.58343661e-01 -2.30281323e-01
  2.36615911e-01  4.99656409e-01  1.68579209e+00 -1.51982561e-01
 -5.63962042e-01 -1.29549968e+00 -2.81212598e-01 -2.55549937e-01
  4.69508678e-01  1.41729280e-01 -5.26430964e-01  2.20184013e-01
 -2.16536090e-01 -9.31372881e-01 -9.69826996e-01  4.32354122e-01
 -1.06032109e+00 -5.03427327e-01 -8.87604475e-01  4.38566148e-01
  1.47396326e+00 -1.03932881e+00  6.63527369e-01 -9.93533015e-01
  1.08747959e+00 -9.77717102e-01 -1.65758193e-01 -4.72277105e-02
  1.20034409e+00  2.41741404e-01  3.70389432e-01 -1.49647415e+00
  6.98196530e-01 -5.78175962e-01  4.05572444e-01 -6.85069382e-01
  1.34073234e+00 -3.75742733e-01 -1.80194214e-01  3.50243032e-01]","[ 2.73681909e-01  1.66004568e-01 -7.44565070e-01 -1.47705269e+00
 -1.09840822e+00 -1.53690919e-01 -1.29248112e-01  2.95904994e-01
 -9.16356027e-01  1.40345776e+00  1.00063539e+00 -6.83065832e-01
  1.30242276e+00 -2.33746576e+00 -9.75994170e-01 -7.89787889e-01
 -1.79506803e+00 -1.28128958e+00  2.09810168e-01  1.29709288e-01
  4.47607398e-01 -6.85392797e-01  7.80511856e-01  1.21133173e+00
 -3.64384532e-01  1.07354224e+00  2.32574058e+00 -1.55821651e-01
 -2.85600513e-01  3.01326066e-01 -6.34632647e-01  1.65162787e-01
  2.81757385e-01 -3.74723703e-01 -2.95077354e-01  7.01536298e-01
 -2.88844388e-02  2.32678980e-01  2.16173112e-01  5.24862707e-01
 -7.30150580e-01 -4.09290910e-01  1.78005755e+00  1.10312033e+00
 -5.30989515e-03  1.62341702e+00  1.30315197e+00 -9.47976291e-01
  1.85765088e-01  1.49317771e-01 -2.13005602e-01 -6.93675578e-01
 -4.48695384e-03 -4.57031608e-01 -9.96706784e-01 -1.11750238e-01
  4.97595131e-01  4.26965803e-01 -1.49265635e+00  2.89656907e-01
 -2.73807108e-01  8.54427159e-01  1.49728537e+00  9.41296890e-02
 -1.70012251e-01  1.05805194e+00  2.47816041e-01  8.55847076e-02
 -2.41706241e-02  3.27099591e-01 -2.99327344e-01 -2.87228137e-01
 -5.82702875e-01 -5.94702363e-01 -1.03217173e+00 -8.13124239e-01
 -5.35450697e-01 -1.03322685e+00  6.12907767e-01  1.13398790e+00
 -7.18036070e-02  1.90137476e-01  6.24559581e-01  4.69076455e-01
  6.27078772e-01  3.44742835e-01 -3.45153689e-01  1.32870555e+00
 -1.61258459e-01 -1.77030429e-01 -1.69568908e+00  1.72073066e-01
  1.15088892e+00  2.67995209e-01 -1.30087376e-01 -2.35246912e-01
 -9.75930631e-01 -2.02227771e-01  8.58478367e-01  6.41340375e-01
 -3.02943230e-01  1.06876230e+00 -6.70137048e-01  1.55068052e+00
  1.39273751e+00 -1.45554578e+00  8.48026991e-01 -9.02008832e-01
 -3.14056218e-01 -8.90919007e-03  1.89570412e-02  6.20763719e-01
  5.67845762e-01  6.88580513e-01  3.47115725e-01  9.87522900e-01
  1.26554236e-01  9.42884982e-01 -9.06472266e-01  4.57331955e-01
  5.71125150e-02  1.78218889e+00 -1.16092294e-01 -9.70406473e-01
  2.32247129e-01 -1.08961582e-01  4.84424561e-01 -1.63584903e-01
 -2.28719175e-01 -3.77911866e-01  1.91282615e-01 -4.40858275e-01
  4.58004832e-01  2.03468651e-01 -7.51598001e-01  7.42124140e-01
  2.11840153e-01 -1.47817540e+00 -5.86319506e-01 -7.08758950e-01
 -5.41633785e-01  5.09984553e-01  3.28427345e-01 -5.58312654e-01
 -3.01396579e-01  4.69190210e-01  4.12009209e-01  4.86853629e-01
  8.65669027e-02 -4.84711647e-01 -1.38688656e-02 -9.07068998e-02
  7.71938503e-01 -4.51887012e-01 -2.65402257e-01  3.44309598e-01
  8.11073661e-01 -7.00493395e-01 -3.49895090e-01  4.73346151e-02
  9.45539415e-01  3.90116870e-01 -1.22340433e-02  9.33209777e-01
  5.38321495e-01  2.30738390e-02  4.50798392e-01  5.45543730e-01
  6.47279382e-01  1.34209245e-01 -6.69469893e-01 -5.51479518e-01
 -9.10929501e-01  8.97117376e-01  7.78002381e-01  7.29684412e-01
 -4.76152264e-03 -2.28286073e-01 -1.80614281e+00 -2.43098214e-01
 -4.10343200e-01  1.65494692e+00 -1.41513258e-01  4.32345904e-02
  2.63454169e-01 -4.78654593e-01  6.30516946e-01  1.35365450e+00
  1.63908258e-01  1.05160549e-01  6.00636341e-02  3.30597907e-01
 -1.11334272e-01  8.60361159e-01 -1.12372410e+00 -1.36552715e+00
 -9.46494460e-01 -6.26207352e-01 -5.15764892e-01  5.79680920e-01
  4.80724514e-01 -1.80933341e-01  8.24896619e-02 -9.76777613e-01
 -5.42914391e-01 -7.89315462e-01  8.83481205e-01  1.10133314e+00
  2.32755274e-01  8.09302405e-02 -7.54249543e-02 -1.47234833e+00
  7.46453345e-01 -1.42875111e+00  4.53871906e-01  1.72359610e+00
 -4.06082766e-03  1.19332123e+00 -8.32867801e-01  6.88086867e-01
  1.37741864e-01  7.88703918e-01  2.78975209e-03 -7.97479689e-01
 -4.38524857e-02  1.13093853e-01 -3.82264405e-01  1.38396609e+00
  6.05312407e-01  1.89717621e-01 -1.87994957e-01  3.21862578e+00
  1.55959547e+00 -5.84481001e-01  1.94749379e+00  5.90261579e-01
 -4.26900893e-01 -1.12351143e+00 -8.85746777e-02 -1.66987240e-01
 -9.51994538e-01  9.89240885e-01 -1.71200693e-01  1.32246166e-01
  5.89776099e-01 -1.25525105e+00  1.01031929e-01 -5.00966609e-01
  1.41644366e-02 -1.63523331e-01  4.52505380e-01  1.33390218e-01
 -6.45448789e-02  3.77991378e-01 -9.04772580e-01 -5.44584334e-01
 -3.49354029e-01 -1.97096571e-01  1.93875515e+00  1.68814957e-01
 -2.22165152e-01  4.48715463e-02 -7.38904104e-02  1.40951602e-02
  1.02817461e-01  1.50721657e+00 -1.24952972e+00  6.83633089e-01
 -4.31086749e-01 -9.22964275e-01 -1.24245316e-01 -4.44169819e-01
  6.44836053e-02  1.13626456e+00  1.71797186e-01  1.07042398e-02
  2.86911428e-01  5.32820761e-01 -3.44686478e-01 -1.07940471e+00
  1.37402907e-01 -1.80691803e+00  1.57622218e+00  8.19589794e-01
 -6.37324572e-01 -1.95334256e-01 -8.80328774e-01  7.41711080e-01
  4.09598909e-02  8.34153175e-01 -4.57031339e-01  2.83941716e-01
  1.10020137e+00 -3.37292314e-01  6.80264905e-02 -1.90589011e-01
  4.87536073e-01 -1.26242483e+00 -5.79993546e-01 -4.71906066e-01
 -5.36747038e-01 -3.78981888e-01 -1.34510770e-01 -4.72808868e-01
  9.65812728e-02 -2.18814477e-01  1.01008964e+00  5.89304030e-01
  5.38034260e-01  8.42455402e-02 -1.40532881e-01  7.70158917e-02
 -7.12736309e-01  3.12387049e-01  7.75598586e-01 -1.94695726e-01
  2.33821779e-01 -2.17562497e-01 -7.44840980e-01  5.53765059e-01
  8.96856844e-01  5.78018725e-01  6.23112261e-01 -5.88956356e-01
  1.32804468e-01  7.09370058e-03  2.32104346e-01  4.71894622e-01
  1.46003708e-01 -2.01706111e-01  1.21953443e-01 -2.07336560e-01
 -7.48902500e-01 -1.27280247e+00  4.56761748e-01  1.68301880e+00
 -1.00462787e-01 -3.45182627e-01  1.17211230e-01 -1.85488552e-01
 -1.44460499e+00  3.66658300e-01 -7.31594324e-01 -8.15469101e-02
  8.85279655e-01  2.86490023e-02  5.78202724e-01  1.48835093e-01
  6.08137071e-01  1.35164604e-01 -5.97466230e-01 -1.76421344e+00
 -3.54768366e-01  2.15320006e-01 -7.04477549e-01  2.93117404e-01
 -6.49666369e-01  2.69496471e-01  1.15424120e+00 -1.98677883e-01
  7.46418774e-01  4.54378814e-01 -1.85189176e+00  3.57578620e-02
  2.35214412e-01 -4.34334457e-01 -1.24479449e+00 -4.68029976e-01
 -1.04268217e+00  4.54844862e-01  7.26285696e-01 -1.08133495e+00
  1.99147046e-01 -2.84403861e-02 -1.07138276e+00 -3.95400703e-01
  6.98548928e-02 -8.70623410e-01  1.54038906e-01 -5.60017645e-01
 -3.75669263e-02 -7.81353354e-01 -7.31090486e-01 -3.41077209e-01
 -4.64152217e-01  6.60407245e-01  2.21335888e-01 -2.39996284e-01
 -6.66767597e-01  2.04499543e-01 -9.10416782e-01 -2.94663727e-01
 -1.17032087e+00  1.64180085e-01 -8.27566922e-01  6.99705660e-01
  1.33685246e-01  1.41605005e-01  3.46421391e-01  1.11059928e+00
  2.52072841e-01  1.55291784e+00  2.43351758e-01  1.04081237e+00
 -2.76770592e-01 -1.19162232e-01 -4.60011601e-01  1.34364569e+00
 -9.52273130e-01  4.80686158e-01  4.06600356e-01  2.80897468e-01
  9.98292208e-01 -1.31541288e+00  9.41959441e-01  2.02116687e-02
  3.70601773e-01 -1.12893559e-01  4.61780250e-01 -2.28449151e-01
  5.85418820e-01  3.94479007e-01  4.59744960e-01  6.36963010e-01
 -1.59505323e-01  1.00677061e+00  9.86175179e-01 -6.47877678e-02
  1.49050981e-01 -5.52432239e-01 -1.06719267e+00 -7.53977180e-01
 -7.81509995e-01  1.15565598e+00 -7.30940580e-01 -1.53717887e+00
  5.50783157e-01 -9.11858559e-01 -8.98802519e-01  5.36069512e-01
 -1.07712102e+00  3.14948589e-01 -8.60910773e-01 -9.96511221e-01
 -2.39814848e-01 -4.29458141e-01  6.79418385e-01  9.86803651e-01
 -1.04657805e+00  9.67387035e-02  2.55706422e-02  6.05388701e-01
 -6.60483122e-01 -2.04639211e-01  4.15904880e-01 -1.35647511e+00
 -9.27955091e-01 -5.36052465e-01  7.45387852e-01 -2.18400240e+00
  7.69201517e-01  3.20852995e-01 -1.20287740e+00  8.35670292e-01
  2.94883221e-01  2.71465987e-01 -7.08536088e-01 -1.06249952e+00
 -1.07689381e+00  7.60423899e-01 -1.21171467e-01  5.39052308e-01
  2.40152165e-01  9.79230523e-01  1.66857615e-01  6.06723279e-02
  1.80916563e-01 -7.60552645e-01 -3.01277459e-01 -4.17362712e-02
  1.74062574e+00 -1.36267334e-01 -3.31193469e-02 -2.82620676e-02
 -2.71528989e-01 -1.73435509e-01 -1.85956001e-01 -6.15883954e-02
  4.15342361e-01 -1.33295789e-01 -9.73394573e-01 -1.42296922e+00
  1.11226980e-02 -6.48887813e-01 -5.59289455e-02 -9.34372365e-01
 -3.20469499e-01  1.71822205e-01 -3.72805476e-01 -1.12383872e-01
 -1.82882831e-01  7.76977718e-01 -4.01029468e-01  4.71335590e-01
  6.27876967e-02  1.55258179e-02  9.98044372e-01 -2.24709749e+00
 -1.66378126e-01  4.33711410e-01 -3.36138129e-01 -6.40719175e-01
 -3.67246747e-01 -7.96032310e-01  6.48426056e-01 -9.42266643e-01
 -1.04082751e+00  7.30441930e-03 -3.89569491e-01  1.47294855e+00
 -7.89180517e-01 -4.36671704e-01 -5.43994963e-01 -5.21494597e-02
 -1.26271176e+00 -7.26314485e-01 -1.92389399e-01  5.17222643e-01
  6.87981725e-01  5.96668839e-01 -1.68401611e+00  5.07986784e-01
 -2.20345091e-02 -4.52393144e-01  1.23454340e-01  7.45882928e-01
  3.60483646e-01  7.12965071e-01  1.17536747e+00  4.84972596e-01
  8.31876397e-01  1.12832159e-01 -5.01047611e-01  1.13193977e+00
 -2.07402274e-01  6.30153298e-01 -7.69594014e-02 -2.62613058e-01
  5.37480652e-01  7.01635540e-01 -3.63881975e-01  6.86224580e-01
  1.05129576e+00  8.88192594e-01 -8.48925829e-01 -8.82286578e-02
  5.01420915e-01 -2.86752075e-01 -3.25413257e-01 -2.72722095e-01
 -4.60710317e-01  1.91521466e+00  1.54720652e+00  1.39547616e-01
 -1.23197943e-01 -1.62960351e+00 -3.06767553e-01 -1.03407121e+00
 -9.68941152e-02 -1.37072957e+00  2.17509329e-01  3.37919682e-01
 -8.65780339e-02 -8.87138367e-01 -5.31756341e-01  6.07614458e-01
 -1.52500010e+00 -6.54680490e-01 -1.09921885e+00  3.09683889e-01
  9.32154894e-01 -7.96648264e-01  1.09819002e-01 -9.36193824e-01
  1.27858591e+00 -1.13009691e-01 -1.56532098e-02 -1.94033533e-01
  8.13754141e-01  7.27848411e-01  1.37440950e-01 -1.28356433e+00
  5.93122900e-01 -4.10506845e-01  6.62912726e-01  2.60262042e-01
  4.77744848e-01 -7.30178475e-01 -3.93511020e-02  5.23803949e-01]",0
15,[*]C(C)(C[*])C(=O)[O-],[*]CC[N+][*],2650,19040,8.5,820,40,0.0,1,2,9,7.184905660377359,1,0,0,10.243472222222222,10.243472222222222,0.0532407407407407,-0.7986111111111109,0.4502538575862794,23.5,85.082,80.04199999999999,85.02950297991,34.0,2.5,3.0,3.0,1.6668127273868607,3.9084966379068455,100.21143267166842,6.784457050376174,3.5236033621142737,3.5236033621142737,3.504035844753885,1.5118016810571369,1.5118016810571369,1.0677875644551755,1.0677875644551755,0.348461712529338,0.348461712529338,0.0,0.0,-0.53,38.3366927298978,2.610921480426842,0.600159264681777,0.2950914053210928,36.78983322325914,35.63575031240701,9.901064578912528,5.969305287951849,19.76538044554264,0.0,0.0,5.106527394840706,5.969305287951849,4.794537184071822,6.923737199690624,0.0,12.841643245852016,40.13,5.969305287951849,9.901064578912528,5.917906046161393,6.923737199690624,0.0,0.0,6.923737199690624,0.0,0.2098148148148149,10.243472222222222,10.243472222222222,0.0,-1.0902777777777777,0.0,0.0,2.810185185185185,0.0,0.75,6.0,2.0,0.0,0.0,2.0,4.0,2.0,0.0,-0.5682,18.181,1.0,0.0,1.0,1.0,1.0,1.0,0.0,0.0,0.0,0.0,4.166666666666666,4.166666666666666,0.4131944444444444,0.4131944444444444,0.4134068917016045,14.666666666666666,42.06099999999999,38.029,42.03382554808999,16.0,2.0,2.6666666666666665,3.6666666666666665,3.6666666666666665,1.4056390622295665,2.19060968716425,15.119415478763749,4.121320343559642,1.8614271578730528,1.8614271578730528,2.414213562373095,0.8162277660168378,0.8162277660168378,0.2236067977499789,0.2236067977499789,0.0,0.0,0.0,0.0,-0.04,11.245112497836532,0.72512600755025,0.2061650840029218,0.0008163265306122,20.444083839238875,19.202161082765382,0.0,0.0,5.733667477162185,0.0,6.923737199690624,6.544756405912575,0.0,5.733667477162185,6.544756405912575,0.0,0.0,0.0,0.0,6.923737199690624,14.1,0.0,0.0,0.0,0.0,13.4684936056032,0.0,0.0,5.733667477162185,1.1076388888888888,0.0,0.0,4.166666666666666,0.0,0.0,0.0,2.7256944444444446,0.0,1.0,3.0,1.0,0.0,0.0,0.0,3.0,2.0,0.0,0.0226999999999999,11.808000000000002,0.0,0.0,0.0,0.0,0.0,0.0,1.0,0.0,0.0,0.0,0.0,0.0,[*]CC([*])(C)C(=O)[O-],[*]C[N+]C[*],"[ 7.49274790e-01  3.35424781e-01  4.55891341e-01 -1.09221423e+00
 -6.25216782e-01  3.14305499e-02 -1.89206481e-01 -9.25612390e-01
 -2.35249296e-01  1.36610961e+00  8.83861855e-02 -7.13659585e-01
  8.14221084e-01 -6.92512333e-01 -5.14061689e-01 -1.33080852e+00
 -1.47874510e+00 -1.03471792e+00 -6.12177968e-01  2.09805042e-01
  5.51994801e-01 -3.05551559e-01  4.35497522e-01  7.36454964e-01
 -6.94340706e-01  1.29001057e+00  2.37998891e+00 -4.05347496e-01
 -6.00476742e-01  7.56517649e-01 -2.95091867e-01 -4.40703213e-01
 -2.38245353e-01 -1.06833398e+00  5.43902814e-01  2.87487179e-01
  1.05013542e-01  7.71469295e-01  2.95419157e-01  2.99429774e-01
 -1.54818922e-01  9.55972448e-02  1.18825090e+00  1.62336457e+00
  2.11596087e-01  1.97126698e+00  7.42778480e-01  1.40871525e-01
 -2.52242148e-01 -5.88141322e-01 -8.30902278e-01 -5.11340201e-02
 -4.66348320e-01 -3.61824811e-01 -5.98171353e-01 -3.63103032e-01
  2.47532055e-01  5.11704028e-01 -7.26159394e-01  1.30475163e-01
 -9.32137072e-01  1.43789789e-02  4.87203658e-01 -6.09903224e-02
 -5.22938311e-01 -2.59041160e-01 -3.10223382e-02  1.33649796e-01
 -4.49149907e-01 -9.90190208e-01 -4.37130392e-01 -8.20998698e-02
 -1.41018599e-01  2.47300267e-01 -1.07266307e+00 -3.37361068e-01
 -3.82067502e-01 -3.48674297e-01  2.41132863e-02 -3.69367570e-01
  4.26380429e-03 -3.68784666e-01  2.93142378e-01  3.39492798e-01
  1.76544249e-01  7.48980865e-02  3.78351748e-01  1.43084496e-01
 -7.50767514e-02  6.98696852e-01 -1.23164153e+00  1.54972628e-01
  1.30712831e+00  4.13169146e-01 -7.62161970e-01  6.20638654e-02
  6.53732941e-02  3.98433149e-01  3.35860610e-01  2.57231444e-01
  5.09362817e-01  2.24197790e-01 -1.09119499e+00  9.36800539e-01
  7.53451943e-01 -1.23084819e+00  9.08430457e-01 -8.67207110e-01
 -4.80619073e-01  4.63999063e-01 -5.08662164e-01  2.84325276e-02
  8.96979451e-01  2.75238305e-01  6.04319394e-01  7.04479277e-01
 -1.92388758e-01  5.88916123e-01 -1.65896252e-01  1.25128731e-01
 -5.41119277e-01  5.95371544e-01 -4.40301627e-01 -9.53436732e-01
 -8.70644271e-01 -7.01563358e-02  5.19006014e-01 -8.48310441e-02
 -4.53820378e-01 -7.63373524e-02 -2.50903994e-01  1.05273589e-01
 -7.83522904e-04 -5.48577607e-01 -1.58988476e+00  4.16692108e-01
  4.86379087e-01 -6.73893452e-01 -2.14246154e-01 -8.94058764e-01
 -1.69562221e-01  1.62465900e-01  4.72447537e-02 -9.45844769e-01
  3.12819541e-01  4.59828615e-01  1.81325778e-01  5.45694053e-01
  5.22985049e-02 -2.90770084e-01  1.11780930e+00 -6.53702319e-01
  8.88752520e-01 -5.18661022e-01  2.26448655e-01  4.19900529e-02
  2.09506735e-01 -9.99619067e-01 -5.97911179e-01  2.40267485e-01
  3.84019047e-01  1.01165771e-01 -1.29132763e-01  1.37262657e-01
  2.43125573e-01  6.61093593e-02  7.34124482e-01  6.55801445e-02
  8.67221475e-01  1.02447104e+00  1.94548965e-01  4.92215395e-01
  2.58256465e-01  7.06858218e-01  4.08109426e-01  1.43596029e+00
 -2.34669849e-01 -2.20608890e-01 -9.00353014e-01 -1.68292020e-02
 -5.18259466e-01  9.73584116e-01  6.35090172e-01 -3.21039736e-01
  1.96893781e-01  1.36441048e-02  5.94366267e-02  6.31835938e-01
 -6.74691439e-01  2.92127788e-01 -1.58445194e-01  4.75977540e-01
 -1.05258442e-01 -2.61095129e-02 -3.47841859e-01 -1.38431609e+00
  2.30988905e-01  2.42584631e-01  2.42318988e-01  8.21007431e-01
  3.47805738e-01 -5.93114078e-01  6.15051806e-01 -1.13383365e+00
 -1.02469993e+00 -2.10129380e-01  5.13058305e-01 -4.32122946e-02
 -8.96828771e-01 -5.06239772e-01  2.97274590e-02 -1.87300277e+00
  9.58072007e-01 -7.87090957e-01 -5.90321839e-01  1.57090092e+00
 -1.52412921e-01  1.07509518e+00 -2.78278589e-01  6.61327541e-01
 -4.37102556e-01  6.07341051e-01  1.74592510e-01 -8.32812190e-01
  7.96080351e-01 -5.79209208e-01 -2.50138134e-01  8.92362118e-01
 -2.45963167e-02 -1.42872378e-01 -1.42276669e+00  1.69364798e+00
  6.29426658e-01 -5.70318513e-02  1.35555339e+00  7.65864253e-01
  4.97816533e-01  1.59259066e-02 -5.13777614e-01 -9.02717590e-01
 -1.13018739e+00  3.83352101e-01 -4.77341488e-02 -3.79710466e-01
 -4.47504103e-01 -1.09895110e+00 -3.86139631e-01  1.03090264e-01
  8.51628721e-01  2.24349573e-01 -3.13555300e-02  1.22573696e-01
  4.94108871e-02  6.98103666e-01  3.02277476e-01  1.66599587e-01
 -3.08436722e-01 -4.66002375e-01  1.62361014e+00 -2.62132585e-01
  5.79887815e-02 -6.79709196e-01  4.46500778e-01 -7.97002465e-02
 -8.20023119e-02  1.22393526e-01 -2.83097059e-01  4.32255983e-01
 -1.04199953e-01 -1.23305070e+00 -3.06826502e-01  3.86385806e-02
 -5.26868701e-01  2.08499730e-01 -1.37608588e-01 -2.77598381e-01
  1.16459966e+00  3.82706597e-02 -1.96235068e-02 -8.02532017e-01
  5.66025376e-01 -4.30100381e-01  1.32197094e+00  6.55819237e-01
 -1.05254024e-01 -6.85315967e-01  2.16215566e-01  5.93630016e-01
  2.85155267e-01  3.85740906e-01 -5.23835123e-01  3.65415752e-01
  1.48793125e+00 -3.41312021e-01  8.37343931e-02  3.88410576e-02
  1.16101551e+00 -8.25121999e-01  2.77617723e-02  7.33939037e-02
 -4.48615134e-01 -3.60707045e-01  2.16005355e-01 -1.82437807e-01
  2.44415596e-01 -5.28269887e-01  8.22483182e-01 -5.70847653e-02
  8.29918385e-01 -1.71355367e-01 -1.51496232e-01  4.65150774e-01
  3.33200365e-01  1.27273887e-01  9.12838519e-01 -1.40352994e-01
 -2.76168674e-01 -5.63478529e-01  1.85518518e-01  6.18515849e-01
  9.07797396e-01  5.58707714e-01  6.54310524e-01 -9.68789756e-01
 -6.15588129e-02 -2.76184026e-02  2.73121327e-01 -3.54086995e-01
  4.74624962e-01  1.37339443e-01 -3.33838254e-01 -4.54894483e-01
 -4.43201482e-01  4.87415552e-01  6.92939878e-01  7.76845098e-01
  2.34562084e-01 -1.71094164e-01  6.52617574e-01 -7.15576172e-01
 -3.63845557e-01  1.07632124e+00 -2.44740129e-01 -1.39437407e-01
  1.62900817e+00  1.14459256e-02  9.56065774e-01  2.93038279e-01
  3.91988426e-01  3.39301564e-02 -6.13436103e-01 -7.80028582e-01
  2.32236609e-01  1.24575007e+00 -7.12414160e-02  6.11095548e-01
  4.77192504e-03 -1.05789937e-01  2.36828491e-01  5.28803527e-01
  4.67312008e-01 -1.94977492e-01 -9.55596268e-01 -6.81563795e-01
  4.23343569e-01 -2.96947718e-01 -3.69488955e-01 -2.89484084e-01
 -4.30452943e-01 -1.37250312e-02  2.62498766e-01 -5.61480105e-01
  5.62621891e-01 -4.18706477e-01 -8.56468499e-01  5.93134239e-02
 -1.00340411e-01 -7.35716164e-01  1.38378620e-01 -6.84343696e-01
  2.17011675e-01 -4.22011822e-01 -4.02174950e-01 -2.10074112e-01
 -6.50949299e-01  8.00443947e-01 -1.05892392e-02 -5.88889062e-01
 -3.27951312e-02 -9.57627073e-02 -4.11157161e-01  1.26788989e-01
 -4.45752770e-01 -3.34704220e-01 -6.30857348e-01  7.39717126e-01
  3.73316854e-01  1.94936663e-01  8.15797508e-01  7.57897347e-02
  2.51457661e-01  7.87429273e-01 -5.90912402e-02  8.01935017e-01
 -5.09869382e-02 -3.16675752e-01 -8.06985676e-01  3.75884295e-01
 -1.02298295e+00  2.55849570e-01  2.58157365e-02  1.62940547e-01
  3.08816880e-01 -8.00899506e-01  1.81837904e+00 -6.99088693e-01
 -2.37569124e-01 -3.24667641e-03 -4.07583922e-01 -2.53018081e-01
  1.05101004e-01  7.78838634e-01  7.80924141e-01  3.96106571e-01
  4.07956630e-01 -2.10249022e-01  4.17130977e-01 -3.68258469e-02
  2.39590809e-01 -1.32325947e-01 -1.05014598e+00 -3.78439307e-01
  1.21962957e-01  9.12429273e-01 -5.16304731e-01 -4.10982370e-01
  1.13879271e-01 -7.30947316e-01 -1.19410682e+00 -8.46092477e-02
 -4.51732308e-01  3.39796931e-01  1.79029241e-01 -3.18569988e-01
 -4.01548207e-01  1.05452193e-02 -9.81033444e-02  2.65956130e-02
 -1.16055489e+00 -2.66568363e-01 -4.17371392e-01 -2.27321759e-01
 -7.98538566e-01 -2.68420726e-01 -7.56898522e-02 -1.46671772e+00
 -3.53073359e-01  7.68439353e-01  5.23869157e-01 -1.45392466e+00
 -7.55149201e-02 -2.53495097e-01 -6.51691973e-01  1.01998317e+00
  1.75246254e-01  2.19446480e-01 -8.75575662e-01  6.49622753e-02
 -2.21772552e-01  6.31361604e-01  1.11363959e+00  8.29166234e-01
 -9.94006217e-01  5.85105002e-01  1.62860320e-03  6.57095253e-01
 -6.60761952e-01  4.83092368e-01  2.10053355e-01  1.93984300e-01
  1.08389914e+00 -2.88248777e-01  2.90296733e-01  6.75145447e-01
  6.10232018e-02 -5.08173525e-01 -1.05302072e+00  4.84012961e-01
 -1.34737328e-01 -1.63434446e-01 -1.95996463e-01 -1.06526923e+00
 -8.11576009e-01 -3.66595089e-01 -1.52673945e-02 -1.13481522e-01
  6.21918961e-02  6.84323311e-02 -7.70469382e-02 -6.34581506e-01
  2.21770406e-01  7.27311909e-01 -3.06834489e-01  1.09503961e+00
 -6.35234714e-02  7.48488754e-02  3.62029821e-01 -1.14483583e+00
  3.36602688e-01 -3.94898474e-01 -4.43032160e-02 -2.25445300e-01
 -9.30737793e-01  4.10731554e-01  3.46095145e-01 -8.76426399e-01
 -7.85481334e-01 -9.14595544e-01 -4.12273765e-01  5.75143516e-01
 -7.46130526e-01  4.76899326e-01 -7.44161129e-01 -6.33583188e-01
 -7.63390839e-01 -8.95849407e-01 -5.26674464e-02  3.77323836e-01
  6.89602196e-02  8.11982453e-01 -1.31613028e+00  7.27658644e-02
 -1.96165428e-01  6.04341328e-01  2.99889833e-01 -1.47399947e-01
  2.67245054e-01  6.23204529e-01  1.50411510e+00  6.07940815e-02
  2.72842020e-01  4.67290968e-01 -6.77232504e-01  5.37263155e-01
 -2.76431590e-01  6.60036445e-01 -5.24141677e-02  3.49252112e-02
  1.12972081e-01  2.25270927e-01 -1.09064952e-01  3.46314520e-01
  7.54533410e-01  7.83834755e-01 -4.25179332e-01  5.52726567e-01
 -1.95189342e-01 -5.99463761e-01 -3.58343661e-01 -2.30281323e-01
  2.36615911e-01  4.99656409e-01  1.68579209e+00 -1.51982561e-01
 -5.63962042e-01 -1.29549968e+00 -2.81212598e-01 -2.55549937e-01
  4.69508678e-01  1.41729280e-01 -5.26430964e-01  2.20184013e-01
 -2.16536090e-01 -9.31372881e-01 -9.69826996e-01  4.32354122e-01
 -1.06032109e+00 -5.03427327e-01 -8.87604475e-01  4.38566148e-01
  1.47396326e+00 -1.03932881e+00  6.63527369e-01 -9.93533015e-01
  1.08747959e+00 -9.77717102e-01 -1.65758193e-01 -4.72277105e-02
  1.20034409e+00  2.41741404e-01  3.70389432e-01 -1.49647415e+00
  6.98196530e-01 -5.78175962e-01  4.05572444e-01 -6.85069382e-01
  1.34073234e+00 -3.75742733e-01 -1.80194214e-01  3.50243032e-01]","[ 2.73681909e-01  1.66004568e-01 -7.44565070e-01 -1.47705269e+00
 -1.09840822e+00 -1.53690919e-01 -1.29248112e-01  2.95904994e-01
 -9.16356027e-01  1.40345776e+00  1.00063539e+00 -6.83065832e-01
  1.30242276e+00 -2.33746576e+00 -9.75994170e-01 -7.89787889e-01
 -1.79506803e+00 -1.28128958e+00  2.09810168e-01  1.29709288e-01
  4.47607398e-01 -6.85392797e-01  7.80511856e-01  1.21133173e+00
 -3.64384532e-01  1.07354224e+00  2.32574058e+00 -1.55821651e-01
 -2.85600513e-01  3.01326066e-01 -6.34632647e-01  1.65162787e-01
  2.81757385e-01 -3.74723703e-01 -2.95077354e-01  7.01536298e-01
 -2.88844388e-02  2.32678980e-01  2.16173112e-01  5.24862707e-01
 -7.30150580e-01 -4.09290910e-01  1.78005755e+00  1.10312033e+00
 -5.30989515e-03  1.62341702e+00  1.30315197e+00 -9.47976291e-01
  1.85765088e-01  1.49317771e-01 -2.13005602e-01 -6.93675578e-01
 -4.48695384e-03 -4.57031608e-01 -9.96706784e-01 -1.11750238e-01
  4.97595131e-01  4.26965803e-01 -1.49265635e+00  2.89656907e-01
 -2.73807108e-01  8.54427159e-01  1.49728537e+00  9.41296890e-02
 -1.70012251e-01  1.05805194e+00  2.47816041e-01  8.55847076e-02
 -2.41706241e-02  3.27099591e-01 -2.99327344e-01 -2.87228137e-01
 -5.82702875e-01 -5.94702363e-01 -1.03217173e+00 -8.13124239e-01
 -5.35450697e-01 -1.03322685e+00  6.12907767e-01  1.13398790e+00
 -7.18036070e-02  1.90137476e-01  6.24559581e-01  4.69076455e-01
  6.27078772e-01  3.44742835e-01 -3.45153689e-01  1.32870555e+00
 -1.61258459e-01 -1.77030429e-01 -1.69568908e+00  1.72073066e-01
  1.15088892e+00  2.67995209e-01 -1.30087376e-01 -2.35246912e-01
 -9.75930631e-01 -2.02227771e-01  8.58478367e-01  6.41340375e-01
 -3.02943230e-01  1.06876230e+00 -6.70137048e-01  1.55068052e+00
  1.39273751e+00 -1.45554578e+00  8.48026991e-01 -9.02008832e-01
 -3.14056218e-01 -8.90919007e-03  1.89570412e-02  6.20763719e-01
  5.67845762e-01  6.88580513e-01  3.47115725e-01  9.87522900e-01
  1.26554236e-01  9.42884982e-01 -9.06472266e-01  4.57331955e-01
  5.71125150e-02  1.78218889e+00 -1.16092294e-01 -9.70406473e-01
  2.32247129e-01 -1.08961582e-01  4.84424561e-01 -1.63584903e-01
 -2.28719175e-01 -3.77911866e-01  1.91282615e-01 -4.40858275e-01
  4.58004832e-01  2.03468651e-01 -7.51598001e-01  7.42124140e-01
  2.11840153e-01 -1.47817540e+00 -5.86319506e-01 -7.08758950e-01
 -5.41633785e-01  5.09984553e-01  3.28427345e-01 -5.58312654e-01
 -3.01396579e-01  4.69190210e-01  4.12009209e-01  4.86853629e-01
  8.65669027e-02 -4.84711647e-01 -1.38688656e-02 -9.07068998e-02
  7.71938503e-01 -4.51887012e-01 -2.65402257e-01  3.44309598e-01
  8.11073661e-01 -7.00493395e-01 -3.49895090e-01  4.73346151e-02
  9.45539415e-01  3.90116870e-01 -1.22340433e-02  9.33209777e-01
  5.38321495e-01  2.30738390e-02  4.50798392e-01  5.45543730e-01
  6.47279382e-01  1.34209245e-01 -6.69469893e-01 -5.51479518e-01
 -9.10929501e-01  8.97117376e-01  7.78002381e-01  7.29684412e-01
 -4.76152264e-03 -2.28286073e-01 -1.80614281e+00 -2.43098214e-01
 -4.10343200e-01  1.65494692e+00 -1.41513258e-01  4.32345904e-02
  2.63454169e-01 -4.78654593e-01  6.30516946e-01  1.35365450e+00
  1.63908258e-01  1.05160549e-01  6.00636341e-02  3.30597907e-01
 -1.11334272e-01  8.60361159e-01 -1.12372410e+00 -1.36552715e+00
 -9.46494460e-01 -6.26207352e-01 -5.15764892e-01  5.79680920e-01
  4.80724514e-01 -1.80933341e-01  8.24896619e-02 -9.76777613e-01
 -5.42914391e-01 -7.89315462e-01  8.83481205e-01  1.10133314e+00
  2.32755274e-01  8.09302405e-02 -7.54249543e-02 -1.47234833e+00
  7.46453345e-01 -1.42875111e+00  4.53871906e-01  1.72359610e+00
 -4.06082766e-03  1.19332123e+00 -8.32867801e-01  6.88086867e-01
  1.37741864e-01  7.88703918e-01  2.78975209e-03 -7.97479689e-01
 -4.38524857e-02  1.13093853e-01 -3.82264405e-01  1.38396609e+00
  6.05312407e-01  1.89717621e-01 -1.87994957e-01  3.21862578e+00
  1.55959547e+00 -5.84481001e-01  1.94749379e+00  5.90261579e-01
 -4.26900893e-01 -1.12351143e+00 -8.85746777e-02 -1.66987240e-01
 -9.51994538e-01  9.89240885e-01 -1.71200693e-01  1.32246166e-01
  5.89776099e-01 -1.25525105e+00  1.01031929e-01 -5.00966609e-01
  1.41644366e-02 -1.63523331e-01  4.52505380e-01  1.33390218e-01
 -6.45448789e-02  3.77991378e-01 -9.04772580e-01 -5.44584334e-01
 -3.49354029e-01 -1.97096571e-01  1.93875515e+00  1.68814957e-01
 -2.22165152e-01  4.48715463e-02 -7.38904104e-02  1.40951602e-02
  1.02817461e-01  1.50721657e+00 -1.24952972e+00  6.83633089e-01
 -4.31086749e-01 -9.22964275e-01 -1.24245316e-01 -4.44169819e-01
  6.44836053e-02  1.13626456e+00  1.71797186e-01  1.07042398e-02
  2.86911428e-01  5.32820761e-01 -3.44686478e-01 -1.07940471e+00
  1.37402907e-01 -1.80691803e+00  1.57622218e+00  8.19589794e-01
 -6.37324572e-01 -1.95334256e-01 -8.80328774e-01  7.41711080e-01
  4.09598909e-02  8.34153175e-01 -4.57031339e-01  2.83941716e-01
  1.10020137e+00 -3.37292314e-01  6.80264905e-02 -1.90589011e-01
  4.87536073e-01 -1.26242483e+00 -5.79993546e-01 -4.71906066e-01
 -5.36747038e-01 -3.78981888e-01 -1.34510770e-01 -4.72808868e-01
  9.65812728e-02 -2.18814477e-01  1.01008964e+00  5.89304030e-01
  5.38034260e-01  8.42455402e-02 -1.40532881e-01  7.70158917e-02
 -7.12736309e-01  3.12387049e-01  7.75598586e-01 -1.94695726e-01
  2.33821779e-01 -2.17562497e-01 -7.44840980e-01  5.53765059e-01
  8.96856844e-01  5.78018725e-01  6.23112261e-01 -5.88956356e-01
  1.32804468e-01  7.09370058e-03  2.32104346e-01  4.71894622e-01
  1.46003708e-01 -2.01706111e-01  1.21953443e-01 -2.07336560e-01
 -7.48902500e-01 -1.27280247e+00  4.56761748e-01  1.68301880e+00
 -1.00462787e-01 -3.45182627e-01  1.17211230e-01 -1.85488552e-01
 -1.44460499e+00  3.66658300e-01 -7.31594324e-01 -8.15469101e-02
  8.85279655e-01  2.86490023e-02  5.78202724e-01  1.48835093e-01
  6.08137071e-01  1.35164604e-01 -5.97466230e-01 -1.76421344e+00
 -3.54768366e-01  2.15320006e-01 -7.04477549e-01  2.93117404e-01
 -6.49666369e-01  2.69496471e-01  1.15424120e+00 -1.98677883e-01
  7.46418774e-01  4.54378814e-01 -1.85189176e+00  3.57578620e-02
  2.35214412e-01 -4.34334457e-01 -1.24479449e+00 -4.68029976e-01
 -1.04268217e+00  4.54844862e-01  7.26285696e-01 -1.08133495e+00
  1.99147046e-01 -2.84403861e-02 -1.07138276e+00 -3.95400703e-01
  6.98548928e-02 -8.70623410e-01  1.54038906e-01 -5.60017645e-01
 -3.75669263e-02 -7.81353354e-01 -7.31090486e-01 -3.41077209e-01
 -4.64152217e-01  6.60407245e-01  2.21335888e-01 -2.39996284e-01
 -6.66767597e-01  2.04499543e-01 -9.10416782e-01 -2.94663727e-01
 -1.17032087e+00  1.64180085e-01 -8.27566922e-01  6.99705660e-01
  1.33685246e-01  1.41605005e-01  3.46421391e-01  1.11059928e+00
  2.52072841e-01  1.55291784e+00  2.43351758e-01  1.04081237e+00
 -2.76770592e-01 -1.19162232e-01 -4.60011601e-01  1.34364569e+00
 -9.52273130e-01  4.80686158e-01  4.06600356e-01  2.80897468e-01
  9.98292208e-01 -1.31541288e+00  9.41959441e-01  2.02116687e-02
  3.70601773e-01 -1.12893559e-01  4.61780250e-01 -2.28449151e-01
  5.85418820e-01  3.94479007e-01  4.59744960e-01  6.36963010e-01
 -1.59505323e-01  1.00677061e+00  9.86175179e-01 -6.47877678e-02
  1.49050981e-01 -5.52432239e-01 -1.06719267e+00 -7.53977180e-01
 -7.81509995e-01  1.15565598e+00 -7.30940580e-01 -1.53717887e+00
  5.50783157e-01 -9.11858559e-01 -8.98802519e-01  5.36069512e-01
 -1.07712102e+00  3.14948589e-01 -8.60910773e-01 -9.96511221e-01
 -2.39814848e-01 -4.29458141e-01  6.79418385e-01  9.86803651e-01
 -1.04657805e+00  9.67387035e-02  2.55706422e-02  6.05388701e-01
 -6.60483122e-01 -2.04639211e-01  4.15904880e-01 -1.35647511e+00
 -9.27955091e-01 -5.36052465e-01  7.45387852e-01 -2.18400240e+00
  7.69201517e-01  3.20852995e-01 -1.20287740e+00  8.35670292e-01
  2.94883221e-01  2.71465987e-01 -7.08536088e-01 -1.06249952e+00
 -1.07689381e+00  7.60423899e-01 -1.21171467e-01  5.39052308e-01
  2.40152165e-01  9.79230523e-01  1.66857615e-01  6.06723279e-02
  1.80916563e-01 -7.60552645e-01 -3.01277459e-01 -4.17362712e-02
  1.74062574e+00 -1.36267334e-01 -3.31193469e-02 -2.82620676e-02
 -2.71528989e-01 -1.73435509e-01 -1.85956001e-01 -6.15883954e-02
  4.15342361e-01 -1.33295789e-01 -9.73394573e-01 -1.42296922e+00
  1.11226980e-02 -6.48887813e-01 -5.59289455e-02 -9.34372365e-01
 -3.20469499e-01  1.71822205e-01 -3.72805476e-01 -1.12383872e-01
 -1.82882831e-01  7.76977718e-01 -4.01029468e-01  4.71335590e-01
  6.27876967e-02  1.55258179e-02  9.98044372e-01 -2.24709749e+00
 -1.66378126e-01  4.33711410e-01 -3.36138129e-01 -6.40719175e-01
 -3.67246747e-01 -7.96032310e-01  6.48426056e-01 -9.42266643e-01
 -1.04082751e+00  7.30441930e-03 -3.89569491e-01  1.47294855e+00
 -7.89180517e-01 -4.36671704e-01 -5.43994963e-01 -5.21494597e-02
 -1.26271176e+00 -7.26314485e-01 -1.92389399e-01  5.17222643e-01
  6.87981725e-01  5.96668839e-01 -1.68401611e+00  5.07986784e-01
 -2.20345091e-02 -4.52393144e-01  1.23454340e-01  7.45882928e-01
  3.60483646e-01  7.12965071e-01  1.17536747e+00  4.84972596e-01
  8.31876397e-01  1.12832159e-01 -5.01047611e-01  1.13193977e+00
 -2.07402274e-01  6.30153298e-01 -7.69594014e-02 -2.62613058e-01
  5.37480652e-01  7.01635540e-01 -3.63881975e-01  6.86224580e-01
  1.05129576e+00  8.88192594e-01 -8.48925829e-01 -8.82286578e-02
  5.01420915e-01 -2.86752075e-01 -3.25413257e-01 -2.72722095e-01
 -4.60710317e-01  1.91521466e+00  1.54720652e+00  1.39547616e-01
 -1.23197943e-01 -1.62960351e+00 -3.06767553e-01 -1.03407121e+00
 -9.68941152e-02 -1.37072957e+00  2.17509329e-01  3.37919682e-01
 -8.65780339e-02 -8.87138367e-01 -5.31756341e-01  6.07614458e-01
 -1.52500010e+00 -6.54680490e-01 -1.09921885e+00  3.09683889e-01
  9.32154894e-01 -7.96648264e-01  1.09819002e-01 -9.36193824e-01
  1.27858591e+00 -1.13009691e-01 -1.56532098e-02 -1.94033533e-01
  8.13754141e-01  7.27848411e-01  1.37440950e-01 -1.28356433e+00
  5.93122900e-01 -4.10506845e-01  6.62912726e-01  2.60262042e-01
  4.77744848e-01 -7.30178475e-01 -3.93511020e-02  5.23803949e-01]",0
16,[*]C(C)(C[*])C(=O)[O-],[*]CC[N+][*],2650,19040,8.5,800,38,0.0,1,2,9,7.184905660377359,1,0,0,10.243472222222222,10.243472222222222,0.0532407407407407,-0.7986111111111109,0.4502538575862794,23.5,85.082,80.04199999999999,85.02950297991,34.0,2.5,3.0,3.0,1.6668127273868607,3.9084966379068455,100.21143267166842,6.784457050376174,3.5236033621142737,3.5236033621142737,3.504035844753885,1.5118016810571369,1.5118016810571369,1.0677875644551755,1.0677875644551755,0.348461712529338,0.348461712529338,0.0,0.0,-0.53,38.3366927298978,2.610921480426842,0.600159264681777,0.2950914053210928,36.78983322325914,35.63575031240701,9.901064578912528,5.969305287951849,19.76538044554264,0.0,0.0,5.106527394840706,5.969305287951849,4.794537184071822,6.923737199690624,0.0,12.841643245852016,40.13,5.969305287951849,9.901064578912528,5.917906046161393,6.923737199690624,0.0,0.0,6.923737199690624,0.0,0.2098148148148149,10.243472222222222,10.243472222222222,0.0,-1.0902777777777777,0.0,0.0,2.810185185185185,0.0,0.75,6.0,2.0,0.0,0.0,2.0,4.0,2.0,0.0,-0.5682,18.181,1.0,0.0,1.0,1.0,1.0,1.0,0.0,0.0,0.0,0.0,4.166666666666666,4.166666666666666,0.4131944444444444,0.4131944444444444,0.4134068917016045,14.666666666666666,42.06099999999999,38.029,42.03382554808999,16.0,2.0,2.6666666666666665,3.6666666666666665,3.6666666666666665,1.4056390622295665,2.19060968716425,15.119415478763749,4.121320343559642,1.8614271578730528,1.8614271578730528,2.414213562373095,0.8162277660168378,0.8162277660168378,0.2236067977499789,0.2236067977499789,0.0,0.0,0.0,0.0,-0.04,11.245112497836532,0.72512600755025,0.2061650840029218,0.0008163265306122,20.444083839238875,19.202161082765382,0.0,0.0,5.733667477162185,0.0,6.923737199690624,6.544756405912575,0.0,5.733667477162185,6.544756405912575,0.0,0.0,0.0,0.0,6.923737199690624,14.1,0.0,0.0,0.0,0.0,13.4684936056032,0.0,0.0,5.733667477162185,1.1076388888888888,0.0,0.0,4.166666666666666,0.0,0.0,0.0,2.7256944444444446,0.0,1.0,3.0,1.0,0.0,0.0,0.0,3.0,2.0,0.0,0.0226999999999999,11.808000000000002,0.0,0.0,0.0,0.0,0.0,0.0,1.0,0.0,0.0,0.0,0.0,0.0,[*]CC([*])(C)C(=O)[O-],[*]C[N+]C[*],"[ 7.49274790e-01  3.35424781e-01  4.55891341e-01 -1.09221423e+00
 -6.25216782e-01  3.14305499e-02 -1.89206481e-01 -9.25612390e-01
 -2.35249296e-01  1.36610961e+00  8.83861855e-02 -7.13659585e-01
  8.14221084e-01 -6.92512333e-01 -5.14061689e-01 -1.33080852e+00
 -1.47874510e+00 -1.03471792e+00 -6.12177968e-01  2.09805042e-01
  5.51994801e-01 -3.05551559e-01  4.35497522e-01  7.36454964e-01
 -6.94340706e-01  1.29001057e+00  2.37998891e+00 -4.05347496e-01
 -6.00476742e-01  7.56517649e-01 -2.95091867e-01 -4.40703213e-01
 -2.38245353e-01 -1.06833398e+00  5.43902814e-01  2.87487179e-01
  1.05013542e-01  7.71469295e-01  2.95419157e-01  2.99429774e-01
 -1.54818922e-01  9.55972448e-02  1.18825090e+00  1.62336457e+00
  2.11596087e-01  1.97126698e+00  7.42778480e-01  1.40871525e-01
 -2.52242148e-01 -5.88141322e-01 -8.30902278e-01 -5.11340201e-02
 -4.66348320e-01 -3.61824811e-01 -5.98171353e-01 -3.63103032e-01
  2.47532055e-01  5.11704028e-01 -7.26159394e-01  1.30475163e-01
 -9.32137072e-01  1.43789789e-02  4.87203658e-01 -6.09903224e-02
 -5.22938311e-01 -2.59041160e-01 -3.10223382e-02  1.33649796e-01
 -4.49149907e-01 -9.90190208e-01 -4.37130392e-01 -8.20998698e-02
 -1.41018599e-01  2.47300267e-01 -1.07266307e+00 -3.37361068e-01
 -3.82067502e-01 -3.48674297e-01  2.41132863e-02 -3.69367570e-01
  4.26380429e-03 -3.68784666e-01  2.93142378e-01  3.39492798e-01
  1.76544249e-01  7.48980865e-02  3.78351748e-01  1.43084496e-01
 -7.50767514e-02  6.98696852e-01 -1.23164153e+00  1.54972628e-01
  1.30712831e+00  4.13169146e-01 -7.62161970e-01  6.20638654e-02
  6.53732941e-02  3.98433149e-01  3.35860610e-01  2.57231444e-01
  5.09362817e-01  2.24197790e-01 -1.09119499e+00  9.36800539e-01
  7.53451943e-01 -1.23084819e+00  9.08430457e-01 -8.67207110e-01
 -4.80619073e-01  4.63999063e-01 -5.08662164e-01  2.84325276e-02
  8.96979451e-01  2.75238305e-01  6.04319394e-01  7.04479277e-01
 -1.92388758e-01  5.88916123e-01 -1.65896252e-01  1.25128731e-01
 -5.41119277e-01  5.95371544e-01 -4.40301627e-01 -9.53436732e-01
 -8.70644271e-01 -7.01563358e-02  5.19006014e-01 -8.48310441e-02
 -4.53820378e-01 -7.63373524e-02 -2.50903994e-01  1.05273589e-01
 -7.83522904e-04 -5.48577607e-01 -1.58988476e+00  4.16692108e-01
  4.86379087e-01 -6.73893452e-01 -2.14246154e-01 -8.94058764e-01
 -1.69562221e-01  1.62465900e-01  4.72447537e-02 -9.45844769e-01
  3.12819541e-01  4.59828615e-01  1.81325778e-01  5.45694053e-01
  5.22985049e-02 -2.90770084e-01  1.11780930e+00 -6.53702319e-01
  8.88752520e-01 -5.18661022e-01  2.26448655e-01  4.19900529e-02
  2.09506735e-01 -9.99619067e-01 -5.97911179e-01  2.40267485e-01
  3.84019047e-01  1.01165771e-01 -1.29132763e-01  1.37262657e-01
  2.43125573e-01  6.61093593e-02  7.34124482e-01  6.55801445e-02
  8.67221475e-01  1.02447104e+00  1.94548965e-01  4.92215395e-01
  2.58256465e-01  7.06858218e-01  4.08109426e-01  1.43596029e+00
 -2.34669849e-01 -2.20608890e-01 -9.00353014e-01 -1.68292020e-02
 -5.18259466e-01  9.73584116e-01  6.35090172e-01 -3.21039736e-01
  1.96893781e-01  1.36441048e-02  5.94366267e-02  6.31835938e-01
 -6.74691439e-01  2.92127788e-01 -1.58445194e-01  4.75977540e-01
 -1.05258442e-01 -2.61095129e-02 -3.47841859e-01 -1.38431609e+00
  2.30988905e-01  2.42584631e-01  2.42318988e-01  8.21007431e-01
  3.47805738e-01 -5.93114078e-01  6.15051806e-01 -1.13383365e+00
 -1.02469993e+00 -2.10129380e-01  5.13058305e-01 -4.32122946e-02
 -8.96828771e-01 -5.06239772e-01  2.97274590e-02 -1.87300277e+00
  9.58072007e-01 -7.87090957e-01 -5.90321839e-01  1.57090092e+00
 -1.52412921e-01  1.07509518e+00 -2.78278589e-01  6.61327541e-01
 -4.37102556e-01  6.07341051e-01  1.74592510e-01 -8.32812190e-01
  7.96080351e-01 -5.79209208e-01 -2.50138134e-01  8.92362118e-01
 -2.45963167e-02 -1.42872378e-01 -1.42276669e+00  1.69364798e+00
  6.29426658e-01 -5.70318513e-02  1.35555339e+00  7.65864253e-01
  4.97816533e-01  1.59259066e-02 -5.13777614e-01 -9.02717590e-01
 -1.13018739e+00  3.83352101e-01 -4.77341488e-02 -3.79710466e-01
 -4.47504103e-01 -1.09895110e+00 -3.86139631e-01  1.03090264e-01
  8.51628721e-01  2.24349573e-01 -3.13555300e-02  1.22573696e-01
  4.94108871e-02  6.98103666e-01  3.02277476e-01  1.66599587e-01
 -3.08436722e-01 -4.66002375e-01  1.62361014e+00 -2.62132585e-01
  5.79887815e-02 -6.79709196e-01  4.46500778e-01 -7.97002465e-02
 -8.20023119e-02  1.22393526e-01 -2.83097059e-01  4.32255983e-01
 -1.04199953e-01 -1.23305070e+00 -3.06826502e-01  3.86385806e-02
 -5.26868701e-01  2.08499730e-01 -1.37608588e-01 -2.77598381e-01
  1.16459966e+00  3.82706597e-02 -1.96235068e-02 -8.02532017e-01
  5.66025376e-01 -4.30100381e-01  1.32197094e+00  6.55819237e-01
 -1.05254024e-01 -6.85315967e-01  2.16215566e-01  5.93630016e-01
  2.85155267e-01  3.85740906e-01 -5.23835123e-01  3.65415752e-01
  1.48793125e+00 -3.41312021e-01  8.37343931e-02  3.88410576e-02
  1.16101551e+00 -8.25121999e-01  2.77617723e-02  7.33939037e-02
 -4.48615134e-01 -3.60707045e-01  2.16005355e-01 -1.82437807e-01
  2.44415596e-01 -5.28269887e-01  8.22483182e-01 -5.70847653e-02
  8.29918385e-01 -1.71355367e-01 -1.51496232e-01  4.65150774e-01
  3.33200365e-01  1.27273887e-01  9.12838519e-01 -1.40352994e-01
 -2.76168674e-01 -5.63478529e-01  1.85518518e-01  6.18515849e-01
  9.07797396e-01  5.58707714e-01  6.54310524e-01 -9.68789756e-01
 -6.15588129e-02 -2.76184026e-02  2.73121327e-01 -3.54086995e-01
  4.74624962e-01  1.37339443e-01 -3.33838254e-01 -4.54894483e-01
 -4.43201482e-01  4.87415552e-01  6.92939878e-01  7.76845098e-01
  2.34562084e-01 -1.71094164e-01  6.52617574e-01 -7.15576172e-01
 -3.63845557e-01  1.07632124e+00 -2.44740129e-01 -1.39437407e-01
  1.62900817e+00  1.14459256e-02  9.56065774e-01  2.93038279e-01
  3.91988426e-01  3.39301564e-02 -6.13436103e-01 -7.80028582e-01
  2.32236609e-01  1.24575007e+00 -7.12414160e-02  6.11095548e-01
  4.77192504e-03 -1.05789937e-01  2.36828491e-01  5.28803527e-01
  4.67312008e-01 -1.94977492e-01 -9.55596268e-01 -6.81563795e-01
  4.23343569e-01 -2.96947718e-01 -3.69488955e-01 -2.89484084e-01
 -4.30452943e-01 -1.37250312e-02  2.62498766e-01 -5.61480105e-01
  5.62621891e-01 -4.18706477e-01 -8.56468499e-01  5.93134239e-02
 -1.00340411e-01 -7.35716164e-01  1.38378620e-01 -6.84343696e-01
  2.17011675e-01 -4.22011822e-01 -4.02174950e-01 -2.10074112e-01
 -6.50949299e-01  8.00443947e-01 -1.05892392e-02 -5.88889062e-01
 -3.27951312e-02 -9.57627073e-02 -4.11157161e-01  1.26788989e-01
 -4.45752770e-01 -3.34704220e-01 -6.30857348e-01  7.39717126e-01
  3.73316854e-01  1.94936663e-01  8.15797508e-01  7.57897347e-02
  2.51457661e-01  7.87429273e-01 -5.90912402e-02  8.01935017e-01
 -5.09869382e-02 -3.16675752e-01 -8.06985676e-01  3.75884295e-01
 -1.02298295e+00  2.55849570e-01  2.58157365e-02  1.62940547e-01
  3.08816880e-01 -8.00899506e-01  1.81837904e+00 -6.99088693e-01
 -2.37569124e-01 -3.24667641e-03 -4.07583922e-01 -2.53018081e-01
  1.05101004e-01  7.78838634e-01  7.80924141e-01  3.96106571e-01
  4.07956630e-01 -2.10249022e-01  4.17130977e-01 -3.68258469e-02
  2.39590809e-01 -1.32325947e-01 -1.05014598e+00 -3.78439307e-01
  1.21962957e-01  9.12429273e-01 -5.16304731e-01 -4.10982370e-01
  1.13879271e-01 -7.30947316e-01 -1.19410682e+00 -8.46092477e-02
 -4.51732308e-01  3.39796931e-01  1.79029241e-01 -3.18569988e-01
 -4.01548207e-01  1.05452193e-02 -9.81033444e-02  2.65956130e-02
 -1.16055489e+00 -2.66568363e-01 -4.17371392e-01 -2.27321759e-01
 -7.98538566e-01 -2.68420726e-01 -7.56898522e-02 -1.46671772e+00
 -3.53073359e-01  7.68439353e-01  5.23869157e-01 -1.45392466e+00
 -7.55149201e-02 -2.53495097e-01 -6.51691973e-01  1.01998317e+00
  1.75246254e-01  2.19446480e-01 -8.75575662e-01  6.49622753e-02
 -2.21772552e-01  6.31361604e-01  1.11363959e+00  8.29166234e-01
 -9.94006217e-01  5.85105002e-01  1.62860320e-03  6.57095253e-01
 -6.60761952e-01  4.83092368e-01  2.10053355e-01  1.93984300e-01
  1.08389914e+00 -2.88248777e-01  2.90296733e-01  6.75145447e-01
  6.10232018e-02 -5.08173525e-01 -1.05302072e+00  4.84012961e-01
 -1.34737328e-01 -1.63434446e-01 -1.95996463e-01 -1.06526923e+00
 -8.11576009e-01 -3.66595089e-01 -1.52673945e-02 -1.13481522e-01
  6.21918961e-02  6.84323311e-02 -7.70469382e-02 -6.34581506e-01
  2.21770406e-01  7.27311909e-01 -3.06834489e-01  1.09503961e+00
 -6.35234714e-02  7.48488754e-02  3.62029821e-01 -1.14483583e+00
  3.36602688e-01 -3.94898474e-01 -4.43032160e-02 -2.25445300e-01
 -9.30737793e-01  4.10731554e-01  3.46095145e-01 -8.76426399e-01
 -7.85481334e-01 -9.14595544e-01 -4.12273765e-01  5.75143516e-01
 -7.46130526e-01  4.76899326e-01 -7.44161129e-01 -6.33583188e-01
 -7.63390839e-01 -8.95849407e-01 -5.26674464e-02  3.77323836e-01
  6.89602196e-02  8.11982453e-01 -1.31613028e+00  7.27658644e-02
 -1.96165428e-01  6.04341328e-01  2.99889833e-01 -1.47399947e-01
  2.67245054e-01  6.23204529e-01  1.50411510e+00  6.07940815e-02
  2.72842020e-01  4.67290968e-01 -6.77232504e-01  5.37263155e-01
 -2.76431590e-01  6.60036445e-01 -5.24141677e-02  3.49252112e-02
  1.12972081e-01  2.25270927e-01 -1.09064952e-01  3.46314520e-01
  7.54533410e-01  7.83834755e-01 -4.25179332e-01  5.52726567e-01
 -1.95189342e-01 -5.99463761e-01 -3.58343661e-01 -2.30281323e-01
  2.36615911e-01  4.99656409e-01  1.68579209e+00 -1.51982561e-01
 -5.63962042e-01 -1.29549968e+00 -2.81212598e-01 -2.55549937e-01
  4.69508678e-01  1.41729280e-01 -5.26430964e-01  2.20184013e-01
 -2.16536090e-01 -9.31372881e-01 -9.69826996e-01  4.32354122e-01
 -1.06032109e+00 -5.03427327e-01 -8.87604475e-01  4.38566148e-01
  1.47396326e+00 -1.03932881e+00  6.63527369e-01 -9.93533015e-01
  1.08747959e+00 -9.77717102e-01 -1.65758193e-01 -4.72277105e-02
  1.20034409e+00  2.41741404e-01  3.70389432e-01 -1.49647415e+00
  6.98196530e-01 -5.78175962e-01  4.05572444e-01 -6.85069382e-01
  1.34073234e+00 -3.75742733e-01 -1.80194214e-01  3.50243032e-01]","[ 2.73681909e-01  1.66004568e-01 -7.44565070e-01 -1.47705269e+00
 -1.09840822e+00 -1.53690919e-01 -1.29248112e-01  2.95904994e-01
 -9.16356027e-01  1.40345776e+00  1.00063539e+00 -6.83065832e-01
  1.30242276e+00 -2.33746576e+00 -9.75994170e-01 -7.89787889e-01
 -1.79506803e+00 -1.28128958e+00  2.09810168e-01  1.29709288e-01
  4.47607398e-01 -6.85392797e-01  7.80511856e-01  1.21133173e+00
 -3.64384532e-01  1.07354224e+00  2.32574058e+00 -1.55821651e-01
 -2.85600513e-01  3.01326066e-01 -6.34632647e-01  1.65162787e-01
  2.81757385e-01 -3.74723703e-01 -2.95077354e-01  7.01536298e-01
 -2.88844388e-02  2.32678980e-01  2.16173112e-01  5.24862707e-01
 -7.30150580e-01 -4.09290910e-01  1.78005755e+00  1.10312033e+00
 -5.30989515e-03  1.62341702e+00  1.30315197e+00 -9.47976291e-01
  1.85765088e-01  1.49317771e-01 -2.13005602e-01 -6.93675578e-01
 -4.48695384e-03 -4.57031608e-01 -9.96706784e-01 -1.11750238e-01
  4.97595131e-01  4.26965803e-01 -1.49265635e+00  2.89656907e-01
 -2.73807108e-01  8.54427159e-01  1.49728537e+00  9.41296890e-02
 -1.70012251e-01  1.05805194e+00  2.47816041e-01  8.55847076e-02
 -2.41706241e-02  3.27099591e-01 -2.99327344e-01 -2.87228137e-01
 -5.82702875e-01 -5.94702363e-01 -1.03217173e+00 -8.13124239e-01
 -5.35450697e-01 -1.03322685e+00  6.12907767e-01  1.13398790e+00
 -7.18036070e-02  1.90137476e-01  6.24559581e-01  4.69076455e-01
  6.27078772e-01  3.44742835e-01 -3.45153689e-01  1.32870555e+00
 -1.61258459e-01 -1.77030429e-01 -1.69568908e+00  1.72073066e-01
  1.15088892e+00  2.67995209e-01 -1.30087376e-01 -2.35246912e-01
 -9.75930631e-01 -2.02227771e-01  8.58478367e-01  6.41340375e-01
 -3.02943230e-01  1.06876230e+00 -6.70137048e-01  1.55068052e+00
  1.39273751e+00 -1.45554578e+00  8.48026991e-01 -9.02008832e-01
 -3.14056218e-01 -8.90919007e-03  1.89570412e-02  6.20763719e-01
  5.67845762e-01  6.88580513e-01  3.47115725e-01  9.87522900e-01
  1.26554236e-01  9.42884982e-01 -9.06472266e-01  4.57331955e-01
  5.71125150e-02  1.78218889e+00 -1.16092294e-01 -9.70406473e-01
  2.32247129e-01 -1.08961582e-01  4.84424561e-01 -1.63584903e-01
 -2.28719175e-01 -3.77911866e-01  1.91282615e-01 -4.40858275e-01
  4.58004832e-01  2.03468651e-01 -7.51598001e-01  7.42124140e-01
  2.11840153e-01 -1.47817540e+00 -5.86319506e-01 -7.08758950e-01
 -5.41633785e-01  5.09984553e-01  3.28427345e-01 -5.58312654e-01
 -3.01396579e-01  4.69190210e-01  4.12009209e-01  4.86853629e-01
  8.65669027e-02 -4.84711647e-01 -1.38688656e-02 -9.07068998e-02
  7.71938503e-01 -4.51887012e-01 -2.65402257e-01  3.44309598e-01
  8.11073661e-01 -7.00493395e-01 -3.49895090e-01  4.73346151e-02
  9.45539415e-01  3.90116870e-01 -1.22340433e-02  9.33209777e-01
  5.38321495e-01  2.30738390e-02  4.50798392e-01  5.45543730e-01
  6.47279382e-01  1.34209245e-01 -6.69469893e-01 -5.51479518e-01
 -9.10929501e-01  8.97117376e-01  7.78002381e-01  7.29684412e-01
 -4.76152264e-03 -2.28286073e-01 -1.80614281e+00 -2.43098214e-01
 -4.10343200e-01  1.65494692e+00 -1.41513258e-01  4.32345904e-02
  2.63454169e-01 -4.78654593e-01  6.30516946e-01  1.35365450e+00
  1.63908258e-01  1.05160549e-01  6.00636341e-02  3.30597907e-01
 -1.11334272e-01  8.60361159e-01 -1.12372410e+00 -1.36552715e+00
 -9.46494460e-01 -6.26207352e-01 -5.15764892e-01  5.79680920e-01
  4.80724514e-01 -1.80933341e-01  8.24896619e-02 -9.76777613e-01
 -5.42914391e-01 -7.89315462e-01  8.83481205e-01  1.10133314e+00
  2.32755274e-01  8.09302405e-02 -7.54249543e-02 -1.47234833e+00
  7.46453345e-01 -1.42875111e+00  4.53871906e-01  1.72359610e+00
 -4.06082766e-03  1.19332123e+00 -8.32867801e-01  6.88086867e-01
  1.37741864e-01  7.88703918e-01  2.78975209e-03 -7.97479689e-01
 -4.38524857e-02  1.13093853e-01 -3.82264405e-01  1.38396609e+00
  6.05312407e-01  1.89717621e-01 -1.87994957e-01  3.21862578e+00
  1.55959547e+00 -5.84481001e-01  1.94749379e+00  5.90261579e-01
 -4.26900893e-01 -1.12351143e+00 -8.85746777e-02 -1.66987240e-01
 -9.51994538e-01  9.89240885e-01 -1.71200693e-01  1.32246166e-01
  5.89776099e-01 -1.25525105e+00  1.01031929e-01 -5.00966609e-01
  1.41644366e-02 -1.63523331e-01  4.52505380e-01  1.33390218e-01
 -6.45448789e-02  3.77991378e-01 -9.04772580e-01 -5.44584334e-01
 -3.49354029e-01 -1.97096571e-01  1.93875515e+00  1.68814957e-01
 -2.22165152e-01  4.48715463e-02 -7.38904104e-02  1.40951602e-02
  1.02817461e-01  1.50721657e+00 -1.24952972e+00  6.83633089e-01
 -4.31086749e-01 -9.22964275e-01 -1.24245316e-01 -4.44169819e-01
  6.44836053e-02  1.13626456e+00  1.71797186e-01  1.07042398e-02
  2.86911428e-01  5.32820761e-01 -3.44686478e-01 -1.07940471e+00
  1.37402907e-01 -1.80691803e+00  1.57622218e+00  8.19589794e-01
 -6.37324572e-01 -1.95334256e-01 -8.80328774e-01  7.41711080e-01
  4.09598909e-02  8.34153175e-01 -4.57031339e-01  2.83941716e-01
  1.10020137e+00 -3.37292314e-01  6.80264905e-02 -1.90589011e-01
  4.87536073e-01 -1.26242483e+00 -5.79993546e-01 -4.71906066e-01
 -5.36747038e-01 -3.78981888e-01 -1.34510770e-01 -4.72808868e-01
  9.65812728e-02 -2.18814477e-01  1.01008964e+00  5.89304030e-01
  5.38034260e-01  8.42455402e-02 -1.40532881e-01  7.70158917e-02
 -7.12736309e-01  3.12387049e-01  7.75598586e-01 -1.94695726e-01
  2.33821779e-01 -2.17562497e-01 -7.44840980e-01  5.53765059e-01
  8.96856844e-01  5.78018725e-01  6.23112261e-01 -5.88956356e-01
  1.32804468e-01  7.09370058e-03  2.32104346e-01  4.71894622e-01
  1.46003708e-01 -2.01706111e-01  1.21953443e-01 -2.07336560e-01
 -7.48902500e-01 -1.27280247e+00  4.56761748e-01  1.68301880e+00
 -1.00462787e-01 -3.45182627e-01  1.17211230e-01 -1.85488552e-01
 -1.44460499e+00  3.66658300e-01 -7.31594324e-01 -8.15469101e-02
  8.85279655e-01  2.86490023e-02  5.78202724e-01  1.48835093e-01
  6.08137071e-01  1.35164604e-01 -5.97466230e-01 -1.76421344e+00
 -3.54768366e-01  2.15320006e-01 -7.04477549e-01  2.93117404e-01
 -6.49666369e-01  2.69496471e-01  1.15424120e+00 -1.98677883e-01
  7.46418774e-01  4.54378814e-01 -1.85189176e+00  3.57578620e-02
  2.35214412e-01 -4.34334457e-01 -1.24479449e+00 -4.68029976e-01
 -1.04268217e+00  4.54844862e-01  7.26285696e-01 -1.08133495e+00
  1.99147046e-01 -2.84403861e-02 -1.07138276e+00 -3.95400703e-01
  6.98548928e-02 -8.70623410e-01  1.54038906e-01 -5.60017645e-01
 -3.75669263e-02 -7.81353354e-01 -7.31090486e-01 -3.41077209e-01
 -4.64152217e-01  6.60407245e-01  2.21335888e-01 -2.39996284e-01
 -6.66767597e-01  2.04499543e-01 -9.10416782e-01 -2.94663727e-01
 -1.17032087e+00  1.64180085e-01 -8.27566922e-01  6.99705660e-01
  1.33685246e-01  1.41605005e-01  3.46421391e-01  1.11059928e+00
  2.52072841e-01  1.55291784e+00  2.43351758e-01  1.04081237e+00
 -2.76770592e-01 -1.19162232e-01 -4.60011601e-01  1.34364569e+00
 -9.52273130e-01  4.80686158e-01  4.06600356e-01  2.80897468e-01
  9.98292208e-01 -1.31541288e+00  9.41959441e-01  2.02116687e-02
  3.70601773e-01 -1.12893559e-01  4.61780250e-01 -2.28449151e-01
  5.85418820e-01  3.94479007e-01  4.59744960e-01  6.36963010e-01
 -1.59505323e-01  1.00677061e+00  9.86175179e-01 -6.47877678e-02
  1.49050981e-01 -5.52432239e-01 -1.06719267e+00 -7.53977180e-01
 -7.81509995e-01  1.15565598e+00 -7.30940580e-01 -1.53717887e+00
  5.50783157e-01 -9.11858559e-01 -8.98802519e-01  5.36069512e-01
 -1.07712102e+00  3.14948589e-01 -8.60910773e-01 -9.96511221e-01
 -2.39814848e-01 -4.29458141e-01  6.79418385e-01  9.86803651e-01
 -1.04657805e+00  9.67387035e-02  2.55706422e-02  6.05388701e-01
 -6.60483122e-01 -2.04639211e-01  4.15904880e-01 -1.35647511e+00
 -9.27955091e-01 -5.36052465e-01  7.45387852e-01 -2.18400240e+00
  7.69201517e-01  3.20852995e-01 -1.20287740e+00  8.35670292e-01
  2.94883221e-01  2.71465987e-01 -7.08536088e-01 -1.06249952e+00
 -1.07689381e+00  7.60423899e-01 -1.21171467e-01  5.39052308e-01
  2.40152165e-01  9.79230523e-01  1.66857615e-01  6.06723279e-02
  1.80916563e-01 -7.60552645e-01 -3.01277459e-01 -4.17362712e-02
  1.74062574e+00 -1.36267334e-01 -3.31193469e-02 -2.82620676e-02
 -2.71528989e-01 -1.73435509e-01 -1.85956001e-01 -6.15883954e-02
  4.15342361e-01 -1.33295789e-01 -9.73394573e-01 -1.42296922e+00
  1.11226980e-02 -6.48887813e-01 -5.59289455e-02 -9.34372365e-01
 -3.20469499e-01  1.71822205e-01 -3.72805476e-01 -1.12383872e-01
 -1.82882831e-01  7.76977718e-01 -4.01029468e-01  4.71335590e-01
  6.27876967e-02  1.55258179e-02  9.98044372e-01 -2.24709749e+00
 -1.66378126e-01  4.33711410e-01 -3.36138129e-01 -6.40719175e-01
 -3.67246747e-01 -7.96032310e-01  6.48426056e-01 -9.42266643e-01
 -1.04082751e+00  7.30441930e-03 -3.89569491e-01  1.47294855e+00
 -7.89180517e-01 -4.36671704e-01 -5.43994963e-01 -5.21494597e-02
 -1.26271176e+00 -7.26314485e-01 -1.92389399e-01  5.17222643e-01
  6.87981725e-01  5.96668839e-01 -1.68401611e+00  5.07986784e-01
 -2.20345091e-02 -4.52393144e-01  1.23454340e-01  7.45882928e-01
  3.60483646e-01  7.12965071e-01  1.17536747e+00  4.84972596e-01
  8.31876397e-01  1.12832159e-01 -5.01047611e-01  1.13193977e+00
 -2.07402274e-01  6.30153298e-01 -7.69594014e-02 -2.62613058e-01
  5.37480652e-01  7.01635540e-01 -3.63881975e-01  6.86224580e-01
  1.05129576e+00  8.88192594e-01 -8.48925829e-01 -8.82286578e-02
  5.01420915e-01 -2.86752075e-01 -3.25413257e-01 -2.72722095e-01
 -4.60710317e-01  1.91521466e+00  1.54720652e+00  1.39547616e-01
 -1.23197943e-01 -1.62960351e+00 -3.06767553e-01 -1.03407121e+00
 -9.68941152e-02 -1.37072957e+00  2.17509329e-01  3.37919682e-01
 -8.65780339e-02 -8.87138367e-01 -5.31756341e-01  6.07614458e-01
 -1.52500010e+00 -6.54680490e-01 -1.09921885e+00  3.09683889e-01
  9.32154894e-01 -7.96648264e-01  1.09819002e-01 -9.36193824e-01
  1.27858591e+00 -1.13009691e-01 -1.56532098e-02 -1.94033533e-01
  8.13754141e-01  7.27848411e-01  1.37440950e-01 -1.28356433e+00
  5.93122900e-01 -4.10506845e-01  6.62912726e-01  2.60262042e-01
  4.77744848e-01 -7.30178475e-01 -3.93511020e-02  5.23803949e-01]",0
17,[*]C(C)(C[*])C(=O)[O-],[*]CC[N+][*],2650,19040,8.5,580,40,0.0,1,2,9,7.184905660377359,1,0,0,10.243472222222222,10.243472222222222,0.0532407407407407,-0.7986111111111109,0.4502538575862794,23.5,85.082,80.04199999999999,85.02950297991,34.0,2.5,3.0,3.0,1.6668127273868607,3.9084966379068455,100.21143267166842,6.784457050376174,3.5236033621142737,3.5236033621142737,3.504035844753885,1.5118016810571369,1.5118016810571369,1.0677875644551755,1.0677875644551755,0.348461712529338,0.348461712529338,0.0,0.0,-0.53,38.3366927298978,2.610921480426842,0.600159264681777,0.2950914053210928,36.78983322325914,35.63575031240701,9.901064578912528,5.969305287951849,19.76538044554264,0.0,0.0,5.106527394840706,5.969305287951849,4.794537184071822,6.923737199690624,0.0,12.841643245852016,40.13,5.969305287951849,9.901064578912528,5.917906046161393,6.923737199690624,0.0,0.0,6.923737199690624,0.0,0.2098148148148149,10.243472222222222,10.243472222222222,0.0,-1.0902777777777777,0.0,0.0,2.810185185185185,0.0,0.75,6.0,2.0,0.0,0.0,2.0,4.0,2.0,0.0,-0.5682,18.181,1.0,0.0,1.0,1.0,1.0,1.0,0.0,0.0,0.0,0.0,4.166666666666666,4.166666666666666,0.4131944444444444,0.4131944444444444,0.4134068917016045,14.666666666666666,42.06099999999999,38.029,42.03382554808999,16.0,2.0,2.6666666666666665,3.6666666666666665,3.6666666666666665,1.4056390622295665,2.19060968716425,15.119415478763749,4.121320343559642,1.8614271578730528,1.8614271578730528,2.414213562373095,0.8162277660168378,0.8162277660168378,0.2236067977499789,0.2236067977499789,0.0,0.0,0.0,0.0,-0.04,11.245112497836532,0.72512600755025,0.2061650840029218,0.0008163265306122,20.444083839238875,19.202161082765382,0.0,0.0,5.733667477162185,0.0,6.923737199690624,6.544756405912575,0.0,5.733667477162185,6.544756405912575,0.0,0.0,0.0,0.0,6.923737199690624,14.1,0.0,0.0,0.0,0.0,13.4684936056032,0.0,0.0,5.733667477162185,1.1076388888888888,0.0,0.0,4.166666666666666,0.0,0.0,0.0,2.7256944444444446,0.0,1.0,3.0,1.0,0.0,0.0,0.0,3.0,2.0,0.0,0.0226999999999999,11.808000000000002,0.0,0.0,0.0,0.0,0.0,0.0,1.0,0.0,0.0,0.0,0.0,0.0,[*]CC([*])(C)C(=O)[O-],[*]C[N+]C[*],"[ 7.49274790e-01  3.35424781e-01  4.55891341e-01 -1.09221423e+00
 -6.25216782e-01  3.14305499e-02 -1.89206481e-01 -9.25612390e-01
 -2.35249296e-01  1.36610961e+00  8.83861855e-02 -7.13659585e-01
  8.14221084e-01 -6.92512333e-01 -5.14061689e-01 -1.33080852e+00
 -1.47874510e+00 -1.03471792e+00 -6.12177968e-01  2.09805042e-01
  5.51994801e-01 -3.05551559e-01  4.35497522e-01  7.36454964e-01
 -6.94340706e-01  1.29001057e+00  2.37998891e+00 -4.05347496e-01
 -6.00476742e-01  7.56517649e-01 -2.95091867e-01 -4.40703213e-01
 -2.38245353e-01 -1.06833398e+00  5.43902814e-01  2.87487179e-01
  1.05013542e-01  7.71469295e-01  2.95419157e-01  2.99429774e-01
 -1.54818922e-01  9.55972448e-02  1.18825090e+00  1.62336457e+00
  2.11596087e-01  1.97126698e+00  7.42778480e-01  1.40871525e-01
 -2.52242148e-01 -5.88141322e-01 -8.30902278e-01 -5.11340201e-02
 -4.66348320e-01 -3.61824811e-01 -5.98171353e-01 -3.63103032e-01
  2.47532055e-01  5.11704028e-01 -7.26159394e-01  1.30475163e-01
 -9.32137072e-01  1.43789789e-02  4.87203658e-01 -6.09903224e-02
 -5.22938311e-01 -2.59041160e-01 -3.10223382e-02  1.33649796e-01
 -4.49149907e-01 -9.90190208e-01 -4.37130392e-01 -8.20998698e-02
 -1.41018599e-01  2.47300267e-01 -1.07266307e+00 -3.37361068e-01
 -3.82067502e-01 -3.48674297e-01  2.41132863e-02 -3.69367570e-01
  4.26380429e-03 -3.68784666e-01  2.93142378e-01  3.39492798e-01
  1.76544249e-01  7.48980865e-02  3.78351748e-01  1.43084496e-01
 -7.50767514e-02  6.98696852e-01 -1.23164153e+00  1.54972628e-01
  1.30712831e+00  4.13169146e-01 -7.62161970e-01  6.20638654e-02
  6.53732941e-02  3.98433149e-01  3.35860610e-01  2.57231444e-01
  5.09362817e-01  2.24197790e-01 -1.09119499e+00  9.36800539e-01
  7.53451943e-01 -1.23084819e+00  9.08430457e-01 -8.67207110e-01
 -4.80619073e-01  4.63999063e-01 -5.08662164e-01  2.84325276e-02
  8.96979451e-01  2.75238305e-01  6.04319394e-01  7.04479277e-01
 -1.92388758e-01  5.88916123e-01 -1.65896252e-01  1.25128731e-01
 -5.41119277e-01  5.95371544e-01 -4.40301627e-01 -9.53436732e-01
 -8.70644271e-01 -7.01563358e-02  5.19006014e-01 -8.48310441e-02
 -4.53820378e-01 -7.63373524e-02 -2.50903994e-01  1.05273589e-01
 -7.83522904e-04 -5.48577607e-01 -1.58988476e+00  4.16692108e-01
  4.86379087e-01 -6.73893452e-01 -2.14246154e-01 -8.94058764e-01
 -1.69562221e-01  1.62465900e-01  4.72447537e-02 -9.45844769e-01
  3.12819541e-01  4.59828615e-01  1.81325778e-01  5.45694053e-01
  5.22985049e-02 -2.90770084e-01  1.11780930e+00 -6.53702319e-01
  8.88752520e-01 -5.18661022e-01  2.26448655e-01  4.19900529e-02
  2.09506735e-01 -9.99619067e-01 -5.97911179e-01  2.40267485e-01
  3.84019047e-01  1.01165771e-01 -1.29132763e-01  1.37262657e-01
  2.43125573e-01  6.61093593e-02  7.34124482e-01  6.55801445e-02
  8.67221475e-01  1.02447104e+00  1.94548965e-01  4.92215395e-01
  2.58256465e-01  7.06858218e-01  4.08109426e-01  1.43596029e+00
 -2.34669849e-01 -2.20608890e-01 -9.00353014e-01 -1.68292020e-02
 -5.18259466e-01  9.73584116e-01  6.35090172e-01 -3.21039736e-01
  1.96893781e-01  1.36441048e-02  5.94366267e-02  6.31835938e-01
 -6.74691439e-01  2.92127788e-01 -1.58445194e-01  4.75977540e-01
 -1.05258442e-01 -2.61095129e-02 -3.47841859e-01 -1.38431609e+00
  2.30988905e-01  2.42584631e-01  2.42318988e-01  8.21007431e-01
  3.47805738e-01 -5.93114078e-01  6.15051806e-01 -1.13383365e+00
 -1.02469993e+00 -2.10129380e-01  5.13058305e-01 -4.32122946e-02
 -8.96828771e-01 -5.06239772e-01  2.97274590e-02 -1.87300277e+00
  9.58072007e-01 -7.87090957e-01 -5.90321839e-01  1.57090092e+00
 -1.52412921e-01  1.07509518e+00 -2.78278589e-01  6.61327541e-01
 -4.37102556e-01  6.07341051e-01  1.74592510e-01 -8.32812190e-01
  7.96080351e-01 -5.79209208e-01 -2.50138134e-01  8.92362118e-01
 -2.45963167e-02 -1.42872378e-01 -1.42276669e+00  1.69364798e+00
  6.29426658e-01 -5.70318513e-02  1.35555339e+00  7.65864253e-01
  4.97816533e-01  1.59259066e-02 -5.13777614e-01 -9.02717590e-01
 -1.13018739e+00  3.83352101e-01 -4.77341488e-02 -3.79710466e-01
 -4.47504103e-01 -1.09895110e+00 -3.86139631e-01  1.03090264e-01
  8.51628721e-01  2.24349573e-01 -3.13555300e-02  1.22573696e-01
  4.94108871e-02  6.98103666e-01  3.02277476e-01  1.66599587e-01
 -3.08436722e-01 -4.66002375e-01  1.62361014e+00 -2.62132585e-01
  5.79887815e-02 -6.79709196e-01  4.46500778e-01 -7.97002465e-02
 -8.20023119e-02  1.22393526e-01 -2.83097059e-01  4.32255983e-01
 -1.04199953e-01 -1.23305070e+00 -3.06826502e-01  3.86385806e-02
 -5.26868701e-01  2.08499730e-01 -1.37608588e-01 -2.77598381e-01
  1.16459966e+00  3.82706597e-02 -1.96235068e-02 -8.02532017e-01
  5.66025376e-01 -4.30100381e-01  1.32197094e+00  6.55819237e-01
 -1.05254024e-01 -6.85315967e-01  2.16215566e-01  5.93630016e-01
  2.85155267e-01  3.85740906e-01 -5.23835123e-01  3.65415752e-01
  1.48793125e+00 -3.41312021e-01  8.37343931e-02  3.88410576e-02
  1.16101551e+00 -8.25121999e-01  2.77617723e-02  7.33939037e-02
 -4.48615134e-01 -3.60707045e-01  2.16005355e-01 -1.82437807e-01
  2.44415596e-01 -5.28269887e-01  8.22483182e-01 -5.70847653e-02
  8.29918385e-01 -1.71355367e-01 -1.51496232e-01  4.65150774e-01
  3.33200365e-01  1.27273887e-01  9.12838519e-01 -1.40352994e-01
 -2.76168674e-01 -5.63478529e-01  1.85518518e-01  6.18515849e-01
  9.07797396e-01  5.58707714e-01  6.54310524e-01 -9.68789756e-01
 -6.15588129e-02 -2.76184026e-02  2.73121327e-01 -3.54086995e-01
  4.74624962e-01  1.37339443e-01 -3.33838254e-01 -4.54894483e-01
 -4.43201482e-01  4.87415552e-01  6.92939878e-01  7.76845098e-01
  2.34562084e-01 -1.71094164e-01  6.52617574e-01 -7.15576172e-01
 -3.63845557e-01  1.07632124e+00 -2.44740129e-01 -1.39437407e-01
  1.62900817e+00  1.14459256e-02  9.56065774e-01  2.93038279e-01
  3.91988426e-01  3.39301564e-02 -6.13436103e-01 -7.80028582e-01
  2.32236609e-01  1.24575007e+00 -7.12414160e-02  6.11095548e-01
  4.77192504e-03 -1.05789937e-01  2.36828491e-01  5.28803527e-01
  4.67312008e-01 -1.94977492e-01 -9.55596268e-01 -6.81563795e-01
  4.23343569e-01 -2.96947718e-01 -3.69488955e-01 -2.89484084e-01
 -4.30452943e-01 -1.37250312e-02  2.62498766e-01 -5.61480105e-01
  5.62621891e-01 -4.18706477e-01 -8.56468499e-01  5.93134239e-02
 -1.00340411e-01 -7.35716164e-01  1.38378620e-01 -6.84343696e-01
  2.17011675e-01 -4.22011822e-01 -4.02174950e-01 -2.10074112e-01
 -6.50949299e-01  8.00443947e-01 -1.05892392e-02 -5.88889062e-01
 -3.27951312e-02 -9.57627073e-02 -4.11157161e-01  1.26788989e-01
 -4.45752770e-01 -3.34704220e-01 -6.30857348e-01  7.39717126e-01
  3.73316854e-01  1.94936663e-01  8.15797508e-01  7.57897347e-02
  2.51457661e-01  7.87429273e-01 -5.90912402e-02  8.01935017e-01
 -5.09869382e-02 -3.16675752e-01 -8.06985676e-01  3.75884295e-01
 -1.02298295e+00  2.55849570e-01  2.58157365e-02  1.62940547e-01
  3.08816880e-01 -8.00899506e-01  1.81837904e+00 -6.99088693e-01
 -2.37569124e-01 -3.24667641e-03 -4.07583922e-01 -2.53018081e-01
  1.05101004e-01  7.78838634e-01  7.80924141e-01  3.96106571e-01
  4.07956630e-01 -2.10249022e-01  4.17130977e-01 -3.68258469e-02
  2.39590809e-01 -1.32325947e-01 -1.05014598e+00 -3.78439307e-01
  1.21962957e-01  9.12429273e-01 -5.16304731e-01 -4.10982370e-01
  1.13879271e-01 -7.30947316e-01 -1.19410682e+00 -8.46092477e-02
 -4.51732308e-01  3.39796931e-01  1.79029241e-01 -3.18569988e-01
 -4.01548207e-01  1.05452193e-02 -9.81033444e-02  2.65956130e-02
 -1.16055489e+00 -2.66568363e-01 -4.17371392e-01 -2.27321759e-01
 -7.98538566e-01 -2.68420726e-01 -7.56898522e-02 -1.46671772e+00
 -3.53073359e-01  7.68439353e-01  5.23869157e-01 -1.45392466e+00
 -7.55149201e-02 -2.53495097e-01 -6.51691973e-01  1.01998317e+00
  1.75246254e-01  2.19446480e-01 -8.75575662e-01  6.49622753e-02
 -2.21772552e-01  6.31361604e-01  1.11363959e+00  8.29166234e-01
 -9.94006217e-01  5.85105002e-01  1.62860320e-03  6.57095253e-01
 -6.60761952e-01  4.83092368e-01  2.10053355e-01  1.93984300e-01
  1.08389914e+00 -2.88248777e-01  2.90296733e-01  6.75145447e-01
  6.10232018e-02 -5.08173525e-01 -1.05302072e+00  4.84012961e-01
 -1.34737328e-01 -1.63434446e-01 -1.95996463e-01 -1.06526923e+00
 -8.11576009e-01 -3.66595089e-01 -1.52673945e-02 -1.13481522e-01
  6.21918961e-02  6.84323311e-02 -7.70469382e-02 -6.34581506e-01
  2.21770406e-01  7.27311909e-01 -3.06834489e-01  1.09503961e+00
 -6.35234714e-02  7.48488754e-02  3.62029821e-01 -1.14483583e+00
  3.36602688e-01 -3.94898474e-01 -4.43032160e-02 -2.25445300e-01
 -9.30737793e-01  4.10731554e-01  3.46095145e-01 -8.76426399e-01
 -7.85481334e-01 -9.14595544e-01 -4.12273765e-01  5.75143516e-01
 -7.46130526e-01  4.76899326e-01 -7.44161129e-01 -6.33583188e-01
 -7.63390839e-01 -8.95849407e-01 -5.26674464e-02  3.77323836e-01
  6.89602196e-02  8.11982453e-01 -1.31613028e+00  7.27658644e-02
 -1.96165428e-01  6.04341328e-01  2.99889833e-01 -1.47399947e-01
  2.67245054e-01  6.23204529e-01  1.50411510e+00  6.07940815e-02
  2.72842020e-01  4.67290968e-01 -6.77232504e-01  5.37263155e-01
 -2.76431590e-01  6.60036445e-01 -5.24141677e-02  3.49252112e-02
  1.12972081e-01  2.25270927e-01 -1.09064952e-01  3.46314520e-01
  7.54533410e-01  7.83834755e-01 -4.25179332e-01  5.52726567e-01
 -1.95189342e-01 -5.99463761e-01 -3.58343661e-01 -2.30281323e-01
  2.36615911e-01  4.99656409e-01  1.68579209e+00 -1.51982561e-01
 -5.63962042e-01 -1.29549968e+00 -2.81212598e-01 -2.55549937e-01
  4.69508678e-01  1.41729280e-01 -5.26430964e-01  2.20184013e-01
 -2.16536090e-01 -9.31372881e-01 -9.69826996e-01  4.32354122e-01
 -1.06032109e+00 -5.03427327e-01 -8.87604475e-01  4.38566148e-01
  1.47396326e+00 -1.03932881e+00  6.63527369e-01 -9.93533015e-01
  1.08747959e+00 -9.77717102e-01 -1.65758193e-01 -4.72277105e-02
  1.20034409e+00  2.41741404e-01  3.70389432e-01 -1.49647415e+00
  6.98196530e-01 -5.78175962e-01  4.05572444e-01 -6.85069382e-01
  1.34073234e+00 -3.75742733e-01 -1.80194214e-01  3.50243032e-01]","[ 2.73681909e-01  1.66004568e-01 -7.44565070e-01 -1.47705269e+00
 -1.09840822e+00 -1.53690919e-01 -1.29248112e-01  2.95904994e-01
 -9.16356027e-01  1.40345776e+00  1.00063539e+00 -6.83065832e-01
  1.30242276e+00 -2.33746576e+00 -9.75994170e-01 -7.89787889e-01
 -1.79506803e+00 -1.28128958e+00  2.09810168e-01  1.29709288e-01
  4.47607398e-01 -6.85392797e-01  7.80511856e-01  1.21133173e+00
 -3.64384532e-01  1.07354224e+00  2.32574058e+00 -1.55821651e-01
 -2.85600513e-01  3.01326066e-01 -6.34632647e-01  1.65162787e-01
  2.81757385e-01 -3.74723703e-01 -2.95077354e-01  7.01536298e-01
 -2.88844388e-02  2.32678980e-01  2.16173112e-01  5.24862707e-01
 -7.30150580e-01 -4.09290910e-01  1.78005755e+00  1.10312033e+00
 -5.30989515e-03  1.62341702e+00  1.30315197e+00 -9.47976291e-01
  1.85765088e-01  1.49317771e-01 -2.13005602e-01 -6.93675578e-01
 -4.48695384e-03 -4.57031608e-01 -9.96706784e-01 -1.11750238e-01
  4.97595131e-01  4.26965803e-01 -1.49265635e+00  2.89656907e-01
 -2.73807108e-01  8.54427159e-01  1.49728537e+00  9.41296890e-02
 -1.70012251e-01  1.05805194e+00  2.47816041e-01  8.55847076e-02
 -2.41706241e-02  3.27099591e-01 -2.99327344e-01 -2.87228137e-01
 -5.82702875e-01 -5.94702363e-01 -1.03217173e+00 -8.13124239e-01
 -5.35450697e-01 -1.03322685e+00  6.12907767e-01  1.13398790e+00
 -7.18036070e-02  1.90137476e-01  6.24559581e-01  4.69076455e-01
  6.27078772e-01  3.44742835e-01 -3.45153689e-01  1.32870555e+00
 -1.61258459e-01 -1.77030429e-01 -1.69568908e+00  1.72073066e-01
  1.15088892e+00  2.67995209e-01 -1.30087376e-01 -2.35246912e-01
 -9.75930631e-01 -2.02227771e-01  8.58478367e-01  6.41340375e-01
 -3.02943230e-01  1.06876230e+00 -6.70137048e-01  1.55068052e+00
  1.39273751e+00 -1.45554578e+00  8.48026991e-01 -9.02008832e-01
 -3.14056218e-01 -8.90919007e-03  1.89570412e-02  6.20763719e-01
  5.67845762e-01  6.88580513e-01  3.47115725e-01  9.87522900e-01
  1.26554236e-01  9.42884982e-01 -9.06472266e-01  4.57331955e-01
  5.71125150e-02  1.78218889e+00 -1.16092294e-01 -9.70406473e-01
  2.32247129e-01 -1.08961582e-01  4.84424561e-01 -1.63584903e-01
 -2.28719175e-01 -3.77911866e-01  1.91282615e-01 -4.40858275e-01
  4.58004832e-01  2.03468651e-01 -7.51598001e-01  7.42124140e-01
  2.11840153e-01 -1.47817540e+00 -5.86319506e-01 -7.08758950e-01
 -5.41633785e-01  5.09984553e-01  3.28427345e-01 -5.58312654e-01
 -3.01396579e-01  4.69190210e-01  4.12009209e-01  4.86853629e-01
  8.65669027e-02 -4.84711647e-01 -1.38688656e-02 -9.07068998e-02
  7.71938503e-01 -4.51887012e-01 -2.65402257e-01  3.44309598e-01
  8.11073661e-01 -7.00493395e-01 -3.49895090e-01  4.73346151e-02
  9.45539415e-01  3.90116870e-01 -1.22340433e-02  9.33209777e-01
  5.38321495e-01  2.30738390e-02  4.50798392e-01  5.45543730e-01
  6.47279382e-01  1.34209245e-01 -6.69469893e-01 -5.51479518e-01
 -9.10929501e-01  8.97117376e-01  7.78002381e-01  7.29684412e-01
 -4.76152264e-03 -2.28286073e-01 -1.80614281e+00 -2.43098214e-01
 -4.10343200e-01  1.65494692e+00 -1.41513258e-01  4.32345904e-02
  2.63454169e-01 -4.78654593e-01  6.30516946e-01  1.35365450e+00
  1.63908258e-01  1.05160549e-01  6.00636341e-02  3.30597907e-01
 -1.11334272e-01  8.60361159e-01 -1.12372410e+00 -1.36552715e+00
 -9.46494460e-01 -6.26207352e-01 -5.15764892e-01  5.79680920e-01
  4.80724514e-01 -1.80933341e-01  8.24896619e-02 -9.76777613e-01
 -5.42914391e-01 -7.89315462e-01  8.83481205e-01  1.10133314e+00
  2.32755274e-01  8.09302405e-02 -7.54249543e-02 -1.47234833e+00
  7.46453345e-01 -1.42875111e+00  4.53871906e-01  1.72359610e+00
 -4.06082766e-03  1.19332123e+00 -8.32867801e-01  6.88086867e-01
  1.37741864e-01  7.88703918e-01  2.78975209e-03 -7.97479689e-01
 -4.38524857e-02  1.13093853e-01 -3.82264405e-01  1.38396609e+00
  6.05312407e-01  1.89717621e-01 -1.87994957e-01  3.21862578e+00
  1.55959547e+00 -5.84481001e-01  1.94749379e+00  5.90261579e-01
 -4.26900893e-01 -1.12351143e+00 -8.85746777e-02 -1.66987240e-01
 -9.51994538e-01  9.89240885e-01 -1.71200693e-01  1.32246166e-01
  5.89776099e-01 -1.25525105e+00  1.01031929e-01 -5.00966609e-01
  1.41644366e-02 -1.63523331e-01  4.52505380e-01  1.33390218e-01
 -6.45448789e-02  3.77991378e-01 -9.04772580e-01 -5.44584334e-01
 -3.49354029e-01 -1.97096571e-01  1.93875515e+00  1.68814957e-01
 -2.22165152e-01  4.48715463e-02 -7.38904104e-02  1.40951602e-02
  1.02817461e-01  1.50721657e+00 -1.24952972e+00  6.83633089e-01
 -4.31086749e-01 -9.22964275e-01 -1.24245316e-01 -4.44169819e-01
  6.44836053e-02  1.13626456e+00  1.71797186e-01  1.07042398e-02
  2.86911428e-01  5.32820761e-01 -3.44686478e-01 -1.07940471e+00
  1.37402907e-01 -1.80691803e+00  1.57622218e+00  8.19589794e-01
 -6.37324572e-01 -1.95334256e-01 -8.80328774e-01  7.41711080e-01
  4.09598909e-02  8.34153175e-01 -4.57031339e-01  2.83941716e-01
  1.10020137e+00 -3.37292314e-01  6.80264905e-02 -1.90589011e-01
  4.87536073e-01 -1.26242483e+00 -5.79993546e-01 -4.71906066e-01
 -5.36747038e-01 -3.78981888e-01 -1.34510770e-01 -4.72808868e-01
  9.65812728e-02 -2.18814477e-01  1.01008964e+00  5.89304030e-01
  5.38034260e-01  8.42455402e-02 -1.40532881e-01  7.70158917e-02
 -7.12736309e-01  3.12387049e-01  7.75598586e-01 -1.94695726e-01
  2.33821779e-01 -2.17562497e-01 -7.44840980e-01  5.53765059e-01
  8.96856844e-01  5.78018725e-01  6.23112261e-01 -5.88956356e-01
  1.32804468e-01  7.09370058e-03  2.32104346e-01  4.71894622e-01
  1.46003708e-01 -2.01706111e-01  1.21953443e-01 -2.07336560e-01
 -7.48902500e-01 -1.27280247e+00  4.56761748e-01  1.68301880e+00
 -1.00462787e-01 -3.45182627e-01  1.17211230e-01 -1.85488552e-01
 -1.44460499e+00  3.66658300e-01 -7.31594324e-01 -8.15469101e-02
  8.85279655e-01  2.86490023e-02  5.78202724e-01  1.48835093e-01
  6.08137071e-01  1.35164604e-01 -5.97466230e-01 -1.76421344e+00
 -3.54768366e-01  2.15320006e-01 -7.04477549e-01  2.93117404e-01
 -6.49666369e-01  2.69496471e-01  1.15424120e+00 -1.98677883e-01
  7.46418774e-01  4.54378814e-01 -1.85189176e+00  3.57578620e-02
  2.35214412e-01 -4.34334457e-01 -1.24479449e+00 -4.68029976e-01
 -1.04268217e+00  4.54844862e-01  7.26285696e-01 -1.08133495e+00
  1.99147046e-01 -2.84403861e-02 -1.07138276e+00 -3.95400703e-01
  6.98548928e-02 -8.70623410e-01  1.54038906e-01 -5.60017645e-01
 -3.75669263e-02 -7.81353354e-01 -7.31090486e-01 -3.41077209e-01
 -4.64152217e-01  6.60407245e-01  2.21335888e-01 -2.39996284e-01
 -6.66767597e-01  2.04499543e-01 -9.10416782e-01 -2.94663727e-01
 -1.17032087e+00  1.64180085e-01 -8.27566922e-01  6.99705660e-01
  1.33685246e-01  1.41605005e-01  3.46421391e-01  1.11059928e+00
  2.52072841e-01  1.55291784e+00  2.43351758e-01  1.04081237e+00
 -2.76770592e-01 -1.19162232e-01 -4.60011601e-01  1.34364569e+00
 -9.52273130e-01  4.80686158e-01  4.06600356e-01  2.80897468e-01
  9.98292208e-01 -1.31541288e+00  9.41959441e-01  2.02116687e-02
  3.70601773e-01 -1.12893559e-01  4.61780250e-01 -2.28449151e-01
  5.85418820e-01  3.94479007e-01  4.59744960e-01  6.36963010e-01
 -1.59505323e-01  1.00677061e+00  9.86175179e-01 -6.47877678e-02
  1.49050981e-01 -5.52432239e-01 -1.06719267e+00 -7.53977180e-01
 -7.81509995e-01  1.15565598e+00 -7.30940580e-01 -1.53717887e+00
  5.50783157e-01 -9.11858559e-01 -8.98802519e-01  5.36069512e-01
 -1.07712102e+00  3.14948589e-01 -8.60910773e-01 -9.96511221e-01
 -2.39814848e-01 -4.29458141e-01  6.79418385e-01  9.86803651e-01
 -1.04657805e+00  9.67387035e-02  2.55706422e-02  6.05388701e-01
 -6.60483122e-01 -2.04639211e-01  4.15904880e-01 -1.35647511e+00
 -9.27955091e-01 -5.36052465e-01  7.45387852e-01 -2.18400240e+00
  7.69201517e-01  3.20852995e-01 -1.20287740e+00  8.35670292e-01
  2.94883221e-01  2.71465987e-01 -7.08536088e-01 -1.06249952e+00
 -1.07689381e+00  7.60423899e-01 -1.21171467e-01  5.39052308e-01
  2.40152165e-01  9.79230523e-01  1.66857615e-01  6.06723279e-02
  1.80916563e-01 -7.60552645e-01 -3.01277459e-01 -4.17362712e-02
  1.74062574e+00 -1.36267334e-01 -3.31193469e-02 -2.82620676e-02
 -2.71528989e-01 -1.73435509e-01 -1.85956001e-01 -6.15883954e-02
  4.15342361e-01 -1.33295789e-01 -9.73394573e-01 -1.42296922e+00
  1.11226980e-02 -6.48887813e-01 -5.59289455e-02 -9.34372365e-01
 -3.20469499e-01  1.71822205e-01 -3.72805476e-01 -1.12383872e-01
 -1.82882831e-01  7.76977718e-01 -4.01029468e-01  4.71335590e-01
  6.27876967e-02  1.55258179e-02  9.98044372e-01 -2.24709749e+00
 -1.66378126e-01  4.33711410e-01 -3.36138129e-01 -6.40719175e-01
 -3.67246747e-01 -7.96032310e-01  6.48426056e-01 -9.42266643e-01
 -1.04082751e+00  7.30441930e-03 -3.89569491e-01  1.47294855e+00
 -7.89180517e-01 -4.36671704e-01 -5.43994963e-01 -5.21494597e-02
 -1.26271176e+00 -7.26314485e-01 -1.92389399e-01  5.17222643e-01
  6.87981725e-01  5.96668839e-01 -1.68401611e+00  5.07986784e-01
 -2.20345091e-02 -4.52393144e-01  1.23454340e-01  7.45882928e-01
  3.60483646e-01  7.12965071e-01  1.17536747e+00  4.84972596e-01
  8.31876397e-01  1.12832159e-01 -5.01047611e-01  1.13193977e+00
 -2.07402274e-01  6.30153298e-01 -7.69594014e-02 -2.62613058e-01
  5.37480652e-01  7.01635540e-01 -3.63881975e-01  6.86224580e-01
  1.05129576e+00  8.88192594e-01 -8.48925829e-01 -8.82286578e-02
  5.01420915e-01 -2.86752075e-01 -3.25413257e-01 -2.72722095e-01
 -4.60710317e-01  1.91521466e+00  1.54720652e+00  1.39547616e-01
 -1.23197943e-01 -1.62960351e+00 -3.06767553e-01 -1.03407121e+00
 -9.68941152e-02 -1.37072957e+00  2.17509329e-01  3.37919682e-01
 -8.65780339e-02 -8.87138367e-01 -5.31756341e-01  6.07614458e-01
 -1.52500010e+00 -6.54680490e-01 -1.09921885e+00  3.09683889e-01
  9.32154894e-01 -7.96648264e-01  1.09819002e-01 -9.36193824e-01
  1.27858591e+00 -1.13009691e-01 -1.56532098e-02 -1.94033533e-01
  8.13754141e-01  7.27848411e-01  1.37440950e-01 -1.28356433e+00
  5.93122900e-01 -4.10506845e-01  6.62912726e-01  2.60262042e-01
  4.77744848e-01 -7.30178475e-01 -3.93511020e-02  5.23803949e-01]",0
18,[*]C(C)(C[*])C(=O)[O-],[*]CC[N+][*],2650,19040,8.5,400,50,0.0,1,2,9,7.184905660377359,1,0,0,10.243472222222222,10.243472222222222,0.0532407407407407,-0.7986111111111109,0.4502538575862794,23.5,85.082,80.04199999999999,85.02950297991,34.0,2.5,3.0,3.0,1.6668127273868607,3.9084966379068455,100.21143267166842,6.784457050376174,3.5236033621142737,3.5236033621142737,3.504035844753885,1.5118016810571369,1.5118016810571369,1.0677875644551755,1.0677875644551755,0.348461712529338,0.348461712529338,0.0,0.0,-0.53,38.3366927298978,2.610921480426842,0.600159264681777,0.2950914053210928,36.78983322325914,35.63575031240701,9.901064578912528,5.969305287951849,19.76538044554264,0.0,0.0,5.106527394840706,5.969305287951849,4.794537184071822,6.923737199690624,0.0,12.841643245852016,40.13,5.969305287951849,9.901064578912528,5.917906046161393,6.923737199690624,0.0,0.0,6.923737199690624,0.0,0.2098148148148149,10.243472222222222,10.243472222222222,0.0,-1.0902777777777777,0.0,0.0,2.810185185185185,0.0,0.75,6.0,2.0,0.0,0.0,2.0,4.0,2.0,0.0,-0.5682,18.181,1.0,0.0,1.0,1.0,1.0,1.0,0.0,0.0,0.0,0.0,4.166666666666666,4.166666666666666,0.4131944444444444,0.4131944444444444,0.4134068917016045,14.666666666666666,42.06099999999999,38.029,42.03382554808999,16.0,2.0,2.6666666666666665,3.6666666666666665,3.6666666666666665,1.4056390622295665,2.19060968716425,15.119415478763749,4.121320343559642,1.8614271578730528,1.8614271578730528,2.414213562373095,0.8162277660168378,0.8162277660168378,0.2236067977499789,0.2236067977499789,0.0,0.0,0.0,0.0,-0.04,11.245112497836532,0.72512600755025,0.2061650840029218,0.0008163265306122,20.444083839238875,19.202161082765382,0.0,0.0,5.733667477162185,0.0,6.923737199690624,6.544756405912575,0.0,5.733667477162185,6.544756405912575,0.0,0.0,0.0,0.0,6.923737199690624,14.1,0.0,0.0,0.0,0.0,13.4684936056032,0.0,0.0,5.733667477162185,1.1076388888888888,0.0,0.0,4.166666666666666,0.0,0.0,0.0,2.7256944444444446,0.0,1.0,3.0,1.0,0.0,0.0,0.0,3.0,2.0,0.0,0.0226999999999999,11.808000000000002,0.0,0.0,0.0,0.0,0.0,0.0,1.0,0.0,0.0,0.0,0.0,0.0,[*]CC([*])(C)C(=O)[O-],[*]C[N+]C[*],"[ 7.49274790e-01  3.35424781e-01  4.55891341e-01 -1.09221423e+00
 -6.25216782e-01  3.14305499e-02 -1.89206481e-01 -9.25612390e-01
 -2.35249296e-01  1.36610961e+00  8.83861855e-02 -7.13659585e-01
  8.14221084e-01 -6.92512333e-01 -5.14061689e-01 -1.33080852e+00
 -1.47874510e+00 -1.03471792e+00 -6.12177968e-01  2.09805042e-01
  5.51994801e-01 -3.05551559e-01  4.35497522e-01  7.36454964e-01
 -6.94340706e-01  1.29001057e+00  2.37998891e+00 -4.05347496e-01
 -6.00476742e-01  7.56517649e-01 -2.95091867e-01 -4.40703213e-01
 -2.38245353e-01 -1.06833398e+00  5.43902814e-01  2.87487179e-01
  1.05013542e-01  7.71469295e-01  2.95419157e-01  2.99429774e-01
 -1.54818922e-01  9.55972448e-02  1.18825090e+00  1.62336457e+00
  2.11596087e-01  1.97126698e+00  7.42778480e-01  1.40871525e-01
 -2.52242148e-01 -5.88141322e-01 -8.30902278e-01 -5.11340201e-02
 -4.66348320e-01 -3.61824811e-01 -5.98171353e-01 -3.63103032e-01
  2.47532055e-01  5.11704028e-01 -7.26159394e-01  1.30475163e-01
 -9.32137072e-01  1.43789789e-02  4.87203658e-01 -6.09903224e-02
 -5.22938311e-01 -2.59041160e-01 -3.10223382e-02  1.33649796e-01
 -4.49149907e-01 -9.90190208e-01 -4.37130392e-01 -8.20998698e-02
 -1.41018599e-01  2.47300267e-01 -1.07266307e+00 -3.37361068e-01
 -3.82067502e-01 -3.48674297e-01  2.41132863e-02 -3.69367570e-01
  4.26380429e-03 -3.68784666e-01  2.93142378e-01  3.39492798e-01
  1.76544249e-01  7.48980865e-02  3.78351748e-01  1.43084496e-01
 -7.50767514e-02  6.98696852e-01 -1.23164153e+00  1.54972628e-01
  1.30712831e+00  4.13169146e-01 -7.62161970e-01  6.20638654e-02
  6.53732941e-02  3.98433149e-01  3.35860610e-01  2.57231444e-01
  5.09362817e-01  2.24197790e-01 -1.09119499e+00  9.36800539e-01
  7.53451943e-01 -1.23084819e+00  9.08430457e-01 -8.67207110e-01
 -4.80619073e-01  4.63999063e-01 -5.08662164e-01  2.84325276e-02
  8.96979451e-01  2.75238305e-01  6.04319394e-01  7.04479277e-01
 -1.92388758e-01  5.88916123e-01 -1.65896252e-01  1.25128731e-01
 -5.41119277e-01  5.95371544e-01 -4.40301627e-01 -9.53436732e-01
 -8.70644271e-01 -7.01563358e-02  5.19006014e-01 -8.48310441e-02
 -4.53820378e-01 -7.63373524e-02 -2.50903994e-01  1.05273589e-01
 -7.83522904e-04 -5.48577607e-01 -1.58988476e+00  4.16692108e-01
  4.86379087e-01 -6.73893452e-01 -2.14246154e-01 -8.94058764e-01
 -1.69562221e-01  1.62465900e-01  4.72447537e-02 -9.45844769e-01
  3.12819541e-01  4.59828615e-01  1.81325778e-01  5.45694053e-01
  5.22985049e-02 -2.90770084e-01  1.11780930e+00 -6.53702319e-01
  8.88752520e-01 -5.18661022e-01  2.26448655e-01  4.19900529e-02
  2.09506735e-01 -9.99619067e-01 -5.97911179e-01  2.40267485e-01
  3.84019047e-01  1.01165771e-01 -1.29132763e-01  1.37262657e-01
  2.43125573e-01  6.61093593e-02  7.34124482e-01  6.55801445e-02
  8.67221475e-01  1.02447104e+00  1.94548965e-01  4.92215395e-01
  2.58256465e-01  7.06858218e-01  4.08109426e-01  1.43596029e+00
 -2.34669849e-01 -2.20608890e-01 -9.00353014e-01 -1.68292020e-02
 -5.18259466e-01  9.73584116e-01  6.35090172e-01 -3.21039736e-01
  1.96893781e-01  1.36441048e-02  5.94366267e-02  6.31835938e-01
 -6.74691439e-01  2.92127788e-01 -1.58445194e-01  4.75977540e-01
 -1.05258442e-01 -2.61095129e-02 -3.47841859e-01 -1.38431609e+00
  2.30988905e-01  2.42584631e-01  2.42318988e-01  8.21007431e-01
  3.47805738e-01 -5.93114078e-01  6.15051806e-01 -1.13383365e+00
 -1.02469993e+00 -2.10129380e-01  5.13058305e-01 -4.32122946e-02
 -8.96828771e-01 -5.06239772e-01  2.97274590e-02 -1.87300277e+00
  9.58072007e-01 -7.87090957e-01 -5.90321839e-01  1.57090092e+00
 -1.52412921e-01  1.07509518e+00 -2.78278589e-01  6.61327541e-01
 -4.37102556e-01  6.07341051e-01  1.74592510e-01 -8.32812190e-01
  7.96080351e-01 -5.79209208e-01 -2.50138134e-01  8.92362118e-01
 -2.45963167e-02 -1.42872378e-01 -1.42276669e+00  1.69364798e+00
  6.29426658e-01 -5.70318513e-02  1.35555339e+00  7.65864253e-01
  4.97816533e-01  1.59259066e-02 -5.13777614e-01 -9.02717590e-01
 -1.13018739e+00  3.83352101e-01 -4.77341488e-02 -3.79710466e-01
 -4.47504103e-01 -1.09895110e+00 -3.86139631e-01  1.03090264e-01
  8.51628721e-01  2.24349573e-01 -3.13555300e-02  1.22573696e-01
  4.94108871e-02  6.98103666e-01  3.02277476e-01  1.66599587e-01
 -3.08436722e-01 -4.66002375e-01  1.62361014e+00 -2.62132585e-01
  5.79887815e-02 -6.79709196e-01  4.46500778e-01 -7.97002465e-02
 -8.20023119e-02  1.22393526e-01 -2.83097059e-01  4.32255983e-01
 -1.04199953e-01 -1.23305070e+00 -3.06826502e-01  3.86385806e-02
 -5.26868701e-01  2.08499730e-01 -1.37608588e-01 -2.77598381e-01
  1.16459966e+00  3.82706597e-02 -1.96235068e-02 -8.02532017e-01
  5.66025376e-01 -4.30100381e-01  1.32197094e+00  6.55819237e-01
 -1.05254024e-01 -6.85315967e-01  2.16215566e-01  5.93630016e-01
  2.85155267e-01  3.85740906e-01 -5.23835123e-01  3.65415752e-01
  1.48793125e+00 -3.41312021e-01  8.37343931e-02  3.88410576e-02
  1.16101551e+00 -8.25121999e-01  2.77617723e-02  7.33939037e-02
 -4.48615134e-01 -3.60707045e-01  2.16005355e-01 -1.82437807e-01
  2.44415596e-01 -5.28269887e-01  8.22483182e-01 -5.70847653e-02
  8.29918385e-01 -1.71355367e-01 -1.51496232e-01  4.65150774e-01
  3.33200365e-01  1.27273887e-01  9.12838519e-01 -1.40352994e-01
 -2.76168674e-01 -5.63478529e-01  1.85518518e-01  6.18515849e-01
  9.07797396e-01  5.58707714e-01  6.54310524e-01 -9.68789756e-01
 -6.15588129e-02 -2.76184026e-02  2.73121327e-01 -3.54086995e-01
  4.74624962e-01  1.37339443e-01 -3.33838254e-01 -4.54894483e-01
 -4.43201482e-01  4.87415552e-01  6.92939878e-01  7.76845098e-01
  2.34562084e-01 -1.71094164e-01  6.52617574e-01 -7.15576172e-01
 -3.63845557e-01  1.07632124e+00 -2.44740129e-01 -1.39437407e-01
  1.62900817e+00  1.14459256e-02  9.56065774e-01  2.93038279e-01
  3.91988426e-01  3.39301564e-02 -6.13436103e-01 -7.80028582e-01
  2.32236609e-01  1.24575007e+00 -7.12414160e-02  6.11095548e-01
  4.77192504e-03 -1.05789937e-01  2.36828491e-01  5.28803527e-01
  4.67312008e-01 -1.94977492e-01 -9.55596268e-01 -6.81563795e-01
  4.23343569e-01 -2.96947718e-01 -3.69488955e-01 -2.89484084e-01
 -4.30452943e-01 -1.37250312e-02  2.62498766e-01 -5.61480105e-01
  5.62621891e-01 -4.18706477e-01 -8.56468499e-01  5.93134239e-02
 -1.00340411e-01 -7.35716164e-01  1.38378620e-01 -6.84343696e-01
  2.17011675e-01 -4.22011822e-01 -4.02174950e-01 -2.10074112e-01
 -6.50949299e-01  8.00443947e-01 -1.05892392e-02 -5.88889062e-01
 -3.27951312e-02 -9.57627073e-02 -4.11157161e-01  1.26788989e-01
 -4.45752770e-01 -3.34704220e-01 -6.30857348e-01  7.39717126e-01
  3.73316854e-01  1.94936663e-01  8.15797508e-01  7.57897347e-02
  2.51457661e-01  7.87429273e-01 -5.90912402e-02  8.01935017e-01
 -5.09869382e-02 -3.16675752e-01 -8.06985676e-01  3.75884295e-01
 -1.02298295e+00  2.55849570e-01  2.58157365e-02  1.62940547e-01
  3.08816880e-01 -8.00899506e-01  1.81837904e+00 -6.99088693e-01
 -2.37569124e-01 -3.24667641e-03 -4.07583922e-01 -2.53018081e-01
  1.05101004e-01  7.78838634e-01  7.80924141e-01  3.96106571e-01
  4.07956630e-01 -2.10249022e-01  4.17130977e-01 -3.68258469e-02
  2.39590809e-01 -1.32325947e-01 -1.05014598e+00 -3.78439307e-01
  1.21962957e-01  9.12429273e-01 -5.16304731e-01 -4.10982370e-01
  1.13879271e-01 -7.30947316e-01 -1.19410682e+00 -8.46092477e-02
 -4.51732308e-01  3.39796931e-01  1.79029241e-01 -3.18569988e-01
 -4.01548207e-01  1.05452193e-02 -9.81033444e-02  2.65956130e-02
 -1.16055489e+00 -2.66568363e-01 -4.17371392e-01 -2.27321759e-01
 -7.98538566e-01 -2.68420726e-01 -7.56898522e-02 -1.46671772e+00
 -3.53073359e-01  7.68439353e-01  5.23869157e-01 -1.45392466e+00
 -7.55149201e-02 -2.53495097e-01 -6.51691973e-01  1.01998317e+00
  1.75246254e-01  2.19446480e-01 -8.75575662e-01  6.49622753e-02
 -2.21772552e-01  6.31361604e-01  1.11363959e+00  8.29166234e-01
 -9.94006217e-01  5.85105002e-01  1.62860320e-03  6.57095253e-01
 -6.60761952e-01  4.83092368e-01  2.10053355e-01  1.93984300e-01
  1.08389914e+00 -2.88248777e-01  2.90296733e-01  6.75145447e-01
  6.10232018e-02 -5.08173525e-01 -1.05302072e+00  4.84012961e-01
 -1.34737328e-01 -1.63434446e-01 -1.95996463e-01 -1.06526923e+00
 -8.11576009e-01 -3.66595089e-01 -1.52673945e-02 -1.13481522e-01
  6.21918961e-02  6.84323311e-02 -7.70469382e-02 -6.34581506e-01
  2.21770406e-01  7.27311909e-01 -3.06834489e-01  1.09503961e+00
 -6.35234714e-02  7.48488754e-02  3.62029821e-01 -1.14483583e+00
  3.36602688e-01 -3.94898474e-01 -4.43032160e-02 -2.25445300e-01
 -9.30737793e-01  4.10731554e-01  3.46095145e-01 -8.76426399e-01
 -7.85481334e-01 -9.14595544e-01 -4.12273765e-01  5.75143516e-01
 -7.46130526e-01  4.76899326e-01 -7.44161129e-01 -6.33583188e-01
 -7.63390839e-01 -8.95849407e-01 -5.26674464e-02  3.77323836e-01
  6.89602196e-02  8.11982453e-01 -1.31613028e+00  7.27658644e-02
 -1.96165428e-01  6.04341328e-01  2.99889833e-01 -1.47399947e-01
  2.67245054e-01  6.23204529e-01  1.50411510e+00  6.07940815e-02
  2.72842020e-01  4.67290968e-01 -6.77232504e-01  5.37263155e-01
 -2.76431590e-01  6.60036445e-01 -5.24141677e-02  3.49252112e-02
  1.12972081e-01  2.25270927e-01 -1.09064952e-01  3.46314520e-01
  7.54533410e-01  7.83834755e-01 -4.25179332e-01  5.52726567e-01
 -1.95189342e-01 -5.99463761e-01 -3.58343661e-01 -2.30281323e-01
  2.36615911e-01  4.99656409e-01  1.68579209e+00 -1.51982561e-01
 -5.63962042e-01 -1.29549968e+00 -2.81212598e-01 -2.55549937e-01
  4.69508678e-01  1.41729280e-01 -5.26430964e-01  2.20184013e-01
 -2.16536090e-01 -9.31372881e-01 -9.69826996e-01  4.32354122e-01
 -1.06032109e+00 -5.03427327e-01 -8.87604475e-01  4.38566148e-01
  1.47396326e+00 -1.03932881e+00  6.63527369e-01 -9.93533015e-01
  1.08747959e+00 -9.77717102e-01 -1.65758193e-01 -4.72277105e-02
  1.20034409e+00  2.41741404e-01  3.70389432e-01 -1.49647415e+00
  6.98196530e-01 -5.78175962e-01  4.05572444e-01 -6.85069382e-01
  1.34073234e+00 -3.75742733e-01 -1.80194214e-01  3.50243032e-01]","[ 2.73681909e-01  1.66004568e-01 -7.44565070e-01 -1.47705269e+00
 -1.09840822e+00 -1.53690919e-01 -1.29248112e-01  2.95904994e-01
 -9.16356027e-01  1.40345776e+00  1.00063539e+00 -6.83065832e-01
  1.30242276e+00 -2.33746576e+00 -9.75994170e-01 -7.89787889e-01
 -1.79506803e+00 -1.28128958e+00  2.09810168e-01  1.29709288e-01
  4.47607398e-01 -6.85392797e-01  7.80511856e-01  1.21133173e+00
 -3.64384532e-01  1.07354224e+00  2.32574058e+00 -1.55821651e-01
 -2.85600513e-01  3.01326066e-01 -6.34632647e-01  1.65162787e-01
  2.81757385e-01 -3.74723703e-01 -2.95077354e-01  7.01536298e-01
 -2.88844388e-02  2.32678980e-01  2.16173112e-01  5.24862707e-01
 -7.30150580e-01 -4.09290910e-01  1.78005755e+00  1.10312033e+00
 -5.30989515e-03  1.62341702e+00  1.30315197e+00 -9.47976291e-01
  1.85765088e-01  1.49317771e-01 -2.13005602e-01 -6.93675578e-01
 -4.48695384e-03 -4.57031608e-01 -9.96706784e-01 -1.11750238e-01
  4.97595131e-01  4.26965803e-01 -1.49265635e+00  2.89656907e-01
 -2.73807108e-01  8.54427159e-01  1.49728537e+00  9.41296890e-02
 -1.70012251e-01  1.05805194e+00  2.47816041e-01  8.55847076e-02
 -2.41706241e-02  3.27099591e-01 -2.99327344e-01 -2.87228137e-01
 -5.82702875e-01 -5.94702363e-01 -1.03217173e+00 -8.13124239e-01
 -5.35450697e-01 -1.03322685e+00  6.12907767e-01  1.13398790e+00
 -7.18036070e-02  1.90137476e-01  6.24559581e-01  4.69076455e-01
  6.27078772e-01  3.44742835e-01 -3.45153689e-01  1.32870555e+00
 -1.61258459e-01 -1.77030429e-01 -1.69568908e+00  1.72073066e-01
  1.15088892e+00  2.67995209e-01 -1.30087376e-01 -2.35246912e-01
 -9.75930631e-01 -2.02227771e-01  8.58478367e-01  6.41340375e-01
 -3.02943230e-01  1.06876230e+00 -6.70137048e-01  1.55068052e+00
  1.39273751e+00 -1.45554578e+00  8.48026991e-01 -9.02008832e-01
 -3.14056218e-01 -8.90919007e-03  1.89570412e-02  6.20763719e-01
  5.67845762e-01  6.88580513e-01  3.47115725e-01  9.87522900e-01
  1.26554236e-01  9.42884982e-01 -9.06472266e-01  4.57331955e-01
  5.71125150e-02  1.78218889e+00 -1.16092294e-01 -9.70406473e-01
  2.32247129e-01 -1.08961582e-01  4.84424561e-01 -1.63584903e-01
 -2.28719175e-01 -3.77911866e-01  1.91282615e-01 -4.40858275e-01
  4.58004832e-01  2.03468651e-01 -7.51598001e-01  7.42124140e-01
  2.11840153e-01 -1.47817540e+00 -5.86319506e-01 -7.08758950e-01
 -5.41633785e-01  5.09984553e-01  3.28427345e-01 -5.58312654e-01
 -3.01396579e-01  4.69190210e-01  4.12009209e-01  4.86853629e-01
  8.65669027e-02 -4.84711647e-01 -1.38688656e-02 -9.07068998e-02
  7.71938503e-01 -4.51887012e-01 -2.65402257e-01  3.44309598e-01
  8.11073661e-01 -7.00493395e-01 -3.49895090e-01  4.73346151e-02
  9.45539415e-01  3.90116870e-01 -1.22340433e-02  9.33209777e-01
  5.38321495e-01  2.30738390e-02  4.50798392e-01  5.45543730e-01
  6.47279382e-01  1.34209245e-01 -6.69469893e-01 -5.51479518e-01
 -9.10929501e-01  8.97117376e-01  7.78002381e-01  7.29684412e-01
 -4.76152264e-03 -2.28286073e-01 -1.80614281e+00 -2.43098214e-01
 -4.10343200e-01  1.65494692e+00 -1.41513258e-01  4.32345904e-02
  2.63454169e-01 -4.78654593e-01  6.30516946e-01  1.35365450e+00
  1.63908258e-01  1.05160549e-01  6.00636341e-02  3.30597907e-01
 -1.11334272e-01  8.60361159e-01 -1.12372410e+00 -1.36552715e+00
 -9.46494460e-01 -6.26207352e-01 -5.15764892e-01  5.79680920e-01
  4.80724514e-01 -1.80933341e-01  8.24896619e-02 -9.76777613e-01
 -5.42914391e-01 -7.89315462e-01  8.83481205e-01  1.10133314e+00
  2.32755274e-01  8.09302405e-02 -7.54249543e-02 -1.47234833e+00
  7.46453345e-01 -1.42875111e+00  4.53871906e-01  1.72359610e+00
 -4.06082766e-03  1.19332123e+00 -8.32867801e-01  6.88086867e-01
  1.37741864e-01  7.88703918e-01  2.78975209e-03 -7.97479689e-01
 -4.38524857e-02  1.13093853e-01 -3.82264405e-01  1.38396609e+00
  6.05312407e-01  1.89717621e-01 -1.87994957e-01  3.21862578e+00
  1.55959547e+00 -5.84481001e-01  1.94749379e+00  5.90261579e-01
 -4.26900893e-01 -1.12351143e+00 -8.85746777e-02 -1.66987240e-01
 -9.51994538e-01  9.89240885e-01 -1.71200693e-01  1.32246166e-01
  5.89776099e-01 -1.25525105e+00  1.01031929e-01 -5.00966609e-01
  1.41644366e-02 -1.63523331e-01  4.52505380e-01  1.33390218e-01
 -6.45448789e-02  3.77991378e-01 -9.04772580e-01 -5.44584334e-01
 -3.49354029e-01 -1.97096571e-01  1.93875515e+00  1.68814957e-01
 -2.22165152e-01  4.48715463e-02 -7.38904104e-02  1.40951602e-02
  1.02817461e-01  1.50721657e+00 -1.24952972e+00  6.83633089e-01
 -4.31086749e-01 -9.22964275e-01 -1.24245316e-01 -4.44169819e-01
  6.44836053e-02  1.13626456e+00  1.71797186e-01  1.07042398e-02
  2.86911428e-01  5.32820761e-01 -3.44686478e-01 -1.07940471e+00
  1.37402907e-01 -1.80691803e+00  1.57622218e+00  8.19589794e-01
 -6.37324572e-01 -1.95334256e-01 -8.80328774e-01  7.41711080e-01
  4.09598909e-02  8.34153175e-01 -4.57031339e-01  2.83941716e-01
  1.10020137e+00 -3.37292314e-01  6.80264905e-02 -1.90589011e-01
  4.87536073e-01 -1.26242483e+00 -5.79993546e-01 -4.71906066e-01
 -5.36747038e-01 -3.78981888e-01 -1.34510770e-01 -4.72808868e-01
  9.65812728e-02 -2.18814477e-01  1.01008964e+00  5.89304030e-01
  5.38034260e-01  8.42455402e-02 -1.40532881e-01  7.70158917e-02
 -7.12736309e-01  3.12387049e-01  7.75598586e-01 -1.94695726e-01
  2.33821779e-01 -2.17562497e-01 -7.44840980e-01  5.53765059e-01
  8.96856844e-01  5.78018725e-01  6.23112261e-01 -5.88956356e-01
  1.32804468e-01  7.09370058e-03  2.32104346e-01  4.71894622e-01
  1.46003708e-01 -2.01706111e-01  1.21953443e-01 -2.07336560e-01
 -7.48902500e-01 -1.27280247e+00  4.56761748e-01  1.68301880e+00
 -1.00462787e-01 -3.45182627e-01  1.17211230e-01 -1.85488552e-01
 -1.44460499e+00  3.66658300e-01 -7.31594324e-01 -8.15469101e-02
  8.85279655e-01  2.86490023e-02  5.78202724e-01  1.48835093e-01
  6.08137071e-01  1.35164604e-01 -5.97466230e-01 -1.76421344e+00
 -3.54768366e-01  2.15320006e-01 -7.04477549e-01  2.93117404e-01
 -6.49666369e-01  2.69496471e-01  1.15424120e+00 -1.98677883e-01
  7.46418774e-01  4.54378814e-01 -1.85189176e+00  3.57578620e-02
  2.35214412e-01 -4.34334457e-01 -1.24479449e+00 -4.68029976e-01
 -1.04268217e+00  4.54844862e-01  7.26285696e-01 -1.08133495e+00
  1.99147046e-01 -2.84403861e-02 -1.07138276e+00 -3.95400703e-01
  6.98548928e-02 -8.70623410e-01  1.54038906e-01 -5.60017645e-01
 -3.75669263e-02 -7.81353354e-01 -7.31090486e-01 -3.41077209e-01
 -4.64152217e-01  6.60407245e-01  2.21335888e-01 -2.39996284e-01
 -6.66767597e-01  2.04499543e-01 -9.10416782e-01 -2.94663727e-01
 -1.17032087e+00  1.64180085e-01 -8.27566922e-01  6.99705660e-01
  1.33685246e-01  1.41605005e-01  3.46421391e-01  1.11059928e+00
  2.52072841e-01  1.55291784e+00  2.43351758e-01  1.04081237e+00
 -2.76770592e-01 -1.19162232e-01 -4.60011601e-01  1.34364569e+00
 -9.52273130e-01  4.80686158e-01  4.06600356e-01  2.80897468e-01
  9.98292208e-01 -1.31541288e+00  9.41959441e-01  2.02116687e-02
  3.70601773e-01 -1.12893559e-01  4.61780250e-01 -2.28449151e-01
  5.85418820e-01  3.94479007e-01  4.59744960e-01  6.36963010e-01
 -1.59505323e-01  1.00677061e+00  9.86175179e-01 -6.47877678e-02
  1.49050981e-01 -5.52432239e-01 -1.06719267e+00 -7.53977180e-01
 -7.81509995e-01  1.15565598e+00 -7.30940580e-01 -1.53717887e+00
  5.50783157e-01 -9.11858559e-01 -8.98802519e-01  5.36069512e-01
 -1.07712102e+00  3.14948589e-01 -8.60910773e-01 -9.96511221e-01
 -2.39814848e-01 -4.29458141e-01  6.79418385e-01  9.86803651e-01
 -1.04657805e+00  9.67387035e-02  2.55706422e-02  6.05388701e-01
 -6.60483122e-01 -2.04639211e-01  4.15904880e-01 -1.35647511e+00
 -9.27955091e-01 -5.36052465e-01  7.45387852e-01 -2.18400240e+00
  7.69201517e-01  3.20852995e-01 -1.20287740e+00  8.35670292e-01
  2.94883221e-01  2.71465987e-01 -7.08536088e-01 -1.06249952e+00
 -1.07689381e+00  7.60423899e-01 -1.21171467e-01  5.39052308e-01
  2.40152165e-01  9.79230523e-01  1.66857615e-01  6.06723279e-02
  1.80916563e-01 -7.60552645e-01 -3.01277459e-01 -4.17362712e-02
  1.74062574e+00 -1.36267334e-01 -3.31193469e-02 -2.82620676e-02
 -2.71528989e-01 -1.73435509e-01 -1.85956001e-01 -6.15883954e-02
  4.15342361e-01 -1.33295789e-01 -9.73394573e-01 -1.42296922e+00
  1.11226980e-02 -6.48887813e-01 -5.59289455e-02 -9.34372365e-01
 -3.20469499e-01  1.71822205e-01 -3.72805476e-01 -1.12383872e-01
 -1.82882831e-01  7.76977718e-01 -4.01029468e-01  4.71335590e-01
  6.27876967e-02  1.55258179e-02  9.98044372e-01 -2.24709749e+00
 -1.66378126e-01  4.33711410e-01 -3.36138129e-01 -6.40719175e-01
 -3.67246747e-01 -7.96032310e-01  6.48426056e-01 -9.42266643e-01
 -1.04082751e+00  7.30441930e-03 -3.89569491e-01  1.47294855e+00
 -7.89180517e-01 -4.36671704e-01 -5.43994963e-01 -5.21494597e-02
 -1.26271176e+00 -7.26314485e-01 -1.92389399e-01  5.17222643e-01
  6.87981725e-01  5.96668839e-01 -1.68401611e+00  5.07986784e-01
 -2.20345091e-02 -4.52393144e-01  1.23454340e-01  7.45882928e-01
  3.60483646e-01  7.12965071e-01  1.17536747e+00  4.84972596e-01
  8.31876397e-01  1.12832159e-01 -5.01047611e-01  1.13193977e+00
 -2.07402274e-01  6.30153298e-01 -7.69594014e-02 -2.62613058e-01
  5.37480652e-01  7.01635540e-01 -3.63881975e-01  6.86224580e-01
  1.05129576e+00  8.88192594e-01 -8.48925829e-01 -8.82286578e-02
  5.01420915e-01 -2.86752075e-01 -3.25413257e-01 -2.72722095e-01
 -4.60710317e-01  1.91521466e+00  1.54720652e+00  1.39547616e-01
 -1.23197943e-01 -1.62960351e+00 -3.06767553e-01 -1.03407121e+00
 -9.68941152e-02 -1.37072957e+00  2.17509329e-01  3.37919682e-01
 -8.65780339e-02 -8.87138367e-01 -5.31756341e-01  6.07614458e-01
 -1.52500010e+00 -6.54680490e-01 -1.09921885e+00  3.09683889e-01
  9.32154894e-01 -7.96648264e-01  1.09819002e-01 -9.36193824e-01
  1.27858591e+00 -1.13009691e-01 -1.56532098e-02 -1.94033533e-01
  8.13754141e-01  7.27848411e-01  1.37440950e-01 -1.28356433e+00
  5.93122900e-01 -4.10506845e-01  6.62912726e-01  2.60262042e-01
  4.77744848e-01 -7.30178475e-01 -3.93511020e-02  5.23803949e-01]",0
19,[*]C(C)(C[*])C(=O)[O-],[*]CC[N+][*],2650,19040,8.5,200,70,0.0,1,2,9,7.184905660377359,1,0,0,10.243472222222222,10.243472222222222,0.0532407407407407,-0.7986111111111109,0.4502538575862794,23.5,85.082,80.04199999999999,85.02950297991,34.0,2.5,3.0,3.0,1.6668127273868607,3.9084966379068455,100.21143267166842,6.784457050376174,3.5236033621142737,3.5236033621142737,3.504035844753885,1.5118016810571369,1.5118016810571369,1.0677875644551755,1.0677875644551755,0.348461712529338,0.348461712529338,0.0,0.0,-0.53,38.3366927298978,2.610921480426842,0.600159264681777,0.2950914053210928,36.78983322325914,35.63575031240701,9.901064578912528,5.969305287951849,19.76538044554264,0.0,0.0,5.106527394840706,5.969305287951849,4.794537184071822,6.923737199690624,0.0,12.841643245852016,40.13,5.969305287951849,9.901064578912528,5.917906046161393,6.923737199690624,0.0,0.0,6.923737199690624,0.0,0.2098148148148149,10.243472222222222,10.243472222222222,0.0,-1.0902777777777777,0.0,0.0,2.810185185185185,0.0,0.75,6.0,2.0,0.0,0.0,2.0,4.0,2.0,0.0,-0.5682,18.181,1.0,0.0,1.0,1.0,1.0,1.0,0.0,0.0,0.0,0.0,4.166666666666666,4.166666666666666,0.4131944444444444,0.4131944444444444,0.4134068917016045,14.666666666666666,42.06099999999999,38.029,42.03382554808999,16.0,2.0,2.6666666666666665,3.6666666666666665,3.6666666666666665,1.4056390622295665,2.19060968716425,15.119415478763749,4.121320343559642,1.8614271578730528,1.8614271578730528,2.414213562373095,0.8162277660168378,0.8162277660168378,0.2236067977499789,0.2236067977499789,0.0,0.0,0.0,0.0,-0.04,11.245112497836532,0.72512600755025,0.2061650840029218,0.0008163265306122,20.444083839238875,19.202161082765382,0.0,0.0,5.733667477162185,0.0,6.923737199690624,6.544756405912575,0.0,5.733667477162185,6.544756405912575,0.0,0.0,0.0,0.0,6.923737199690624,14.1,0.0,0.0,0.0,0.0,13.4684936056032,0.0,0.0,5.733667477162185,1.1076388888888888,0.0,0.0,4.166666666666666,0.0,0.0,0.0,2.7256944444444446,0.0,1.0,3.0,1.0,0.0,0.0,0.0,3.0,2.0,0.0,0.0226999999999999,11.808000000000002,0.0,0.0,0.0,0.0,0.0,0.0,1.0,0.0,0.0,0.0,0.0,0.0,[*]CC([*])(C)C(=O)[O-],[*]C[N+]C[*],"[ 7.49274790e-01  3.35424781e-01  4.55891341e-01 -1.09221423e+00
 -6.25216782e-01  3.14305499e-02 -1.89206481e-01 -9.25612390e-01
 -2.35249296e-01  1.36610961e+00  8.83861855e-02 -7.13659585e-01
  8.14221084e-01 -6.92512333e-01 -5.14061689e-01 -1.33080852e+00
 -1.47874510e+00 -1.03471792e+00 -6.12177968e-01  2.09805042e-01
  5.51994801e-01 -3.05551559e-01  4.35497522e-01  7.36454964e-01
 -6.94340706e-01  1.29001057e+00  2.37998891e+00 -4.05347496e-01
 -6.00476742e-01  7.56517649e-01 -2.95091867e-01 -4.40703213e-01
 -2.38245353e-01 -1.06833398e+00  5.43902814e-01  2.87487179e-01
  1.05013542e-01  7.71469295e-01  2.95419157e-01  2.99429774e-01
 -1.54818922e-01  9.55972448e-02  1.18825090e+00  1.62336457e+00
  2.11596087e-01  1.97126698e+00  7.42778480e-01  1.40871525e-01
 -2.52242148e-01 -5.88141322e-01 -8.30902278e-01 -5.11340201e-02
 -4.66348320e-01 -3.61824811e-01 -5.98171353e-01 -3.63103032e-01
  2.47532055e-01  5.11704028e-01 -7.26159394e-01  1.30475163e-01
 -9.32137072e-01  1.43789789e-02  4.87203658e-01 -6.09903224e-02
 -5.22938311e-01 -2.59041160e-01 -3.10223382e-02  1.33649796e-01
 -4.49149907e-01 -9.90190208e-01 -4.37130392e-01 -8.20998698e-02
 -1.41018599e-01  2.47300267e-01 -1.07266307e+00 -3.37361068e-01
 -3.82067502e-01 -3.48674297e-01  2.41132863e-02 -3.69367570e-01
  4.26380429e-03 -3.68784666e-01  2.93142378e-01  3.39492798e-01
  1.76544249e-01  7.48980865e-02  3.78351748e-01  1.43084496e-01
 -7.50767514e-02  6.98696852e-01 -1.23164153e+00  1.54972628e-01
  1.30712831e+00  4.13169146e-01 -7.62161970e-01  6.20638654e-02
  6.53732941e-02  3.98433149e-01  3.35860610e-01  2.57231444e-01
  5.09362817e-01  2.24197790e-01 -1.09119499e+00  9.36800539e-01
  7.53451943e-01 -1.23084819e+00  9.08430457e-01 -8.67207110e-01
 -4.80619073e-01  4.63999063e-01 -5.08662164e-01  2.84325276e-02
  8.96979451e-01  2.75238305e-01  6.04319394e-01  7.04479277e-01
 -1.92388758e-01  5.88916123e-01 -1.65896252e-01  1.25128731e-01
 -5.41119277e-01  5.95371544e-01 -4.40301627e-01 -9.53436732e-01
 -8.70644271e-01 -7.01563358e-02  5.19006014e-01 -8.48310441e-02
 -4.53820378e-01 -7.63373524e-02 -2.50903994e-01  1.05273589e-01
 -7.83522904e-04 -5.48577607e-01 -1.58988476e+00  4.16692108e-01
  4.86379087e-01 -6.73893452e-01 -2.14246154e-01 -8.94058764e-01
 -1.69562221e-01  1.62465900e-01  4.72447537e-02 -9.45844769e-01
  3.12819541e-01  4.59828615e-01  1.81325778e-01  5.45694053e-01
  5.22985049e-02 -2.90770084e-01  1.11780930e+00 -6.53702319e-01
  8.88752520e-01 -5.18661022e-01  2.26448655e-01  4.19900529e-02
  2.09506735e-01 -9.99619067e-01 -5.97911179e-01  2.40267485e-01
  3.84019047e-01  1.01165771e-01 -1.29132763e-01  1.37262657e-01
  2.43125573e-01  6.61093593e-02  7.34124482e-01  6.55801445e-02
  8.67221475e-01  1.02447104e+00  1.94548965e-01  4.92215395e-01
  2.58256465e-01  7.06858218e-01  4.08109426e-01  1.43596029e+00
 -2.34669849e-01 -2.20608890e-01 -9.00353014e-01 -1.68292020e-02
 -5.18259466e-01  9.73584116e-01  6.35090172e-01 -3.21039736e-01
  1.96893781e-01  1.36441048e-02  5.94366267e-02  6.31835938e-01
 -6.74691439e-01  2.92127788e-01 -1.58445194e-01  4.75977540e-01
 -1.05258442e-01 -2.61095129e-02 -3.47841859e-01 -1.38431609e+00
  2.30988905e-01  2.42584631e-01  2.42318988e-01  8.21007431e-01
  3.47805738e-01 -5.93114078e-01  6.15051806e-01 -1.13383365e+00
 -1.02469993e+00 -2.10129380e-01  5.13058305e-01 -4.32122946e-02
 -8.96828771e-01 -5.06239772e-01  2.97274590e-02 -1.87300277e+00
  9.58072007e-01 -7.87090957e-01 -5.90321839e-01  1.57090092e+00
 -1.52412921e-01  1.07509518e+00 -2.78278589e-01  6.61327541e-01
 -4.37102556e-01  6.07341051e-01  1.74592510e-01 -8.32812190e-01
  7.96080351e-01 -5.79209208e-01 -2.50138134e-01  8.92362118e-01
 -2.45963167e-02 -1.42872378e-01 -1.42276669e+00  1.69364798e+00
  6.29426658e-01 -5.70318513e-02  1.35555339e+00  7.65864253e-01
  4.97816533e-01  1.59259066e-02 -5.13777614e-01 -9.02717590e-01
 -1.13018739e+00  3.83352101e-01 -4.77341488e-02 -3.79710466e-01
 -4.47504103e-01 -1.09895110e+00 -3.86139631e-01  1.03090264e-01
  8.51628721e-01  2.24349573e-01 -3.13555300e-02  1.22573696e-01
  4.94108871e-02  6.98103666e-01  3.02277476e-01  1.66599587e-01
 -3.08436722e-01 -4.66002375e-01  1.62361014e+00 -2.62132585e-01
  5.79887815e-02 -6.79709196e-01  4.46500778e-01 -7.97002465e-02
 -8.20023119e-02  1.22393526e-01 -2.83097059e-01  4.32255983e-01
 -1.04199953e-01 -1.23305070e+00 -3.06826502e-01  3.86385806e-02
 -5.26868701e-01  2.08499730e-01 -1.37608588e-01 -2.77598381e-01
  1.16459966e+00  3.82706597e-02 -1.96235068e-02 -8.02532017e-01
  5.66025376e-01 -4.30100381e-01  1.32197094e+00  6.55819237e-01
 -1.05254024e-01 -6.85315967e-01  2.16215566e-01  5.93630016e-01
  2.85155267e-01  3.85740906e-01 -5.23835123e-01  3.65415752e-01
  1.48793125e+00 -3.41312021e-01  8.37343931e-02  3.88410576e-02
  1.16101551e+00 -8.25121999e-01  2.77617723e-02  7.33939037e-02
 -4.48615134e-01 -3.60707045e-01  2.16005355e-01 -1.82437807e-01
  2.44415596e-01 -5.28269887e-01  8.22483182e-01 -5.70847653e-02
  8.29918385e-01 -1.71355367e-01 -1.51496232e-01  4.65150774e-01
  3.33200365e-01  1.27273887e-01  9.12838519e-01 -1.40352994e-01
 -2.76168674e-01 -5.63478529e-01  1.85518518e-01  6.18515849e-01
  9.07797396e-01  5.58707714e-01  6.54310524e-01 -9.68789756e-01
 -6.15588129e-02 -2.76184026e-02  2.73121327e-01 -3.54086995e-01
  4.74624962e-01  1.37339443e-01 -3.33838254e-01 -4.54894483e-01
 -4.43201482e-01  4.87415552e-01  6.92939878e-01  7.76845098e-01
  2.34562084e-01 -1.71094164e-01  6.52617574e-01 -7.15576172e-01
 -3.63845557e-01  1.07632124e+00 -2.44740129e-01 -1.39437407e-01
  1.62900817e+00  1.14459256e-02  9.56065774e-01  2.93038279e-01
  3.91988426e-01  3.39301564e-02 -6.13436103e-01 -7.80028582e-01
  2.32236609e-01  1.24575007e+00 -7.12414160e-02  6.11095548e-01
  4.77192504e-03 -1.05789937e-01  2.36828491e-01  5.28803527e-01
  4.67312008e-01 -1.94977492e-01 -9.55596268e-01 -6.81563795e-01
  4.23343569e-01 -2.96947718e-01 -3.69488955e-01 -2.89484084e-01
 -4.30452943e-01 -1.37250312e-02  2.62498766e-01 -5.61480105e-01
  5.62621891e-01 -4.18706477e-01 -8.56468499e-01  5.93134239e-02
 -1.00340411e-01 -7.35716164e-01  1.38378620e-01 -6.84343696e-01
  2.17011675e-01 -4.22011822e-01 -4.02174950e-01 -2.10074112e-01
 -6.50949299e-01  8.00443947e-01 -1.05892392e-02 -5.88889062e-01
 -3.27951312e-02 -9.57627073e-02 -4.11157161e-01  1.26788989e-01
 -4.45752770e-01 -3.34704220e-01 -6.30857348e-01  7.39717126e-01
  3.73316854e-01  1.94936663e-01  8.15797508e-01  7.57897347e-02
  2.51457661e-01  7.87429273e-01 -5.90912402e-02  8.01935017e-01
 -5.09869382e-02 -3.16675752e-01 -8.06985676e-01  3.75884295e-01
 -1.02298295e+00  2.55849570e-01  2.58157365e-02  1.62940547e-01
  3.08816880e-01 -8.00899506e-01  1.81837904e+00 -6.99088693e-01
 -2.37569124e-01 -3.24667641e-03 -4.07583922e-01 -2.53018081e-01
  1.05101004e-01  7.78838634e-01  7.80924141e-01  3.96106571e-01
  4.07956630e-01 -2.10249022e-01  4.17130977e-01 -3.68258469e-02
  2.39590809e-01 -1.32325947e-01 -1.05014598e+00 -3.78439307e-01
  1.21962957e-01  9.12429273e-01 -5.16304731e-01 -4.10982370e-01
  1.13879271e-01 -7.30947316e-01 -1.19410682e+00 -8.46092477e-02
 -4.51732308e-01  3.39796931e-01  1.79029241e-01 -3.18569988e-01
 -4.01548207e-01  1.05452193e-02 -9.81033444e-02  2.65956130e-02
 -1.16055489e+00 -2.66568363e-01 -4.17371392e-01 -2.27321759e-01
 -7.98538566e-01 -2.68420726e-01 -7.56898522e-02 -1.46671772e+00
 -3.53073359e-01  7.68439353e-01  5.23869157e-01 -1.45392466e+00
 -7.55149201e-02 -2.53495097e-01 -6.51691973e-01  1.01998317e+00
  1.75246254e-01  2.19446480e-01 -8.75575662e-01  6.49622753e-02
 -2.21772552e-01  6.31361604e-01  1.11363959e+00  8.29166234e-01
 -9.94006217e-01  5.85105002e-01  1.62860320e-03  6.57095253e-01
 -6.60761952e-01  4.83092368e-01  2.10053355e-01  1.93984300e-01
  1.08389914e+00 -2.88248777e-01  2.90296733e-01  6.75145447e-01
  6.10232018e-02 -5.08173525e-01 -1.05302072e+00  4.84012961e-01
 -1.34737328e-01 -1.63434446e-01 -1.95996463e-01 -1.06526923e+00
 -8.11576009e-01 -3.66595089e-01 -1.52673945e-02 -1.13481522e-01
  6.21918961e-02  6.84323311e-02 -7.70469382e-02 -6.34581506e-01
  2.21770406e-01  7.27311909e-01 -3.06834489e-01  1.09503961e+00
 -6.35234714e-02  7.48488754e-02  3.62029821e-01 -1.14483583e+00
  3.36602688e-01 -3.94898474e-01 -4.43032160e-02 -2.25445300e-01
 -9.30737793e-01  4.10731554e-01  3.46095145e-01 -8.76426399e-01
 -7.85481334e-01 -9.14595544e-01 -4.12273765e-01  5.75143516e-01
 -7.46130526e-01  4.76899326e-01 -7.44161129e-01 -6.33583188e-01
 -7.63390839e-01 -8.95849407e-01 -5.26674464e-02  3.77323836e-01
  6.89602196e-02  8.11982453e-01 -1.31613028e+00  7.27658644e-02
 -1.96165428e-01  6.04341328e-01  2.99889833e-01 -1.47399947e-01
  2.67245054e-01  6.23204529e-01  1.50411510e+00  6.07940815e-02
  2.72842020e-01  4.67290968e-01 -6.77232504e-01  5.37263155e-01
 -2.76431590e-01  6.60036445e-01 -5.24141677e-02  3.49252112e-02
  1.12972081e-01  2.25270927e-01 -1.09064952e-01  3.46314520e-01
  7.54533410e-01  7.83834755e-01 -4.25179332e-01  5.52726567e-01
 -1.95189342e-01 -5.99463761e-01 -3.58343661e-01 -2.30281323e-01
  2.36615911e-01  4.99656409e-01  1.68579209e+00 -1.51982561e-01
 -5.63962042e-01 -1.29549968e+00 -2.81212598e-01 -2.55549937e-01
  4.69508678e-01  1.41729280e-01 -5.26430964e-01  2.20184013e-01
 -2.16536090e-01 -9.31372881e-01 -9.69826996e-01  4.32354122e-01
 -1.06032109e+00 -5.03427327e-01 -8.87604475e-01  4.38566148e-01
  1.47396326e+00 -1.03932881e+00  6.63527369e-01 -9.93533015e-01
  1.08747959e+00 -9.77717102e-01 -1.65758193e-01 -4.72277105e-02
  1.20034409e+00  2.41741404e-01  3.70389432e-01 -1.49647415e+00
  6.98196530e-01 -5.78175962e-01  4.05572444e-01 -6.85069382e-01
  1.34073234e+00 -3.75742733e-01 -1.80194214e-01  3.50243032e-01]","[ 2.73681909e-01  1.66004568e-01 -7.44565070e-01 -1.47705269e+00
 -1.09840822e+00 -1.53690919e-01 -1.29248112e-01  2.95904994e-01
 -9.16356027e-01  1.40345776e+00  1.00063539e+00 -6.83065832e-01
  1.30242276e+00 -2.33746576e+00 -9.75994170e-01 -7.89787889e-01
 -1.79506803e+00 -1.28128958e+00  2.09810168e-01  1.29709288e-01
  4.47607398e-01 -6.85392797e-01  7.80511856e-01  1.21133173e+00
 -3.64384532e-01  1.07354224e+00  2.32574058e+00 -1.55821651e-01
 -2.85600513e-01  3.01326066e-01 -6.34632647e-01  1.65162787e-01
  2.81757385e-01 -3.74723703e-01 -2.95077354e-01  7.01536298e-01
 -2.88844388e-02  2.32678980e-01  2.16173112e-01  5.24862707e-01
 -7.30150580e-01 -4.09290910e-01  1.78005755e+00  1.10312033e+00
 -5.30989515e-03  1.62341702e+00  1.30315197e+00 -9.47976291e-01
  1.85765088e-01  1.49317771e-01 -2.13005602e-01 -6.93675578e-01
 -4.48695384e-03 -4.57031608e-01 -9.96706784e-01 -1.11750238e-01
  4.97595131e-01  4.26965803e-01 -1.49265635e+00  2.89656907e-01
 -2.73807108e-01  8.54427159e-01  1.49728537e+00  9.41296890e-02
 -1.70012251e-01  1.05805194e+00  2.47816041e-01  8.55847076e-02
 -2.41706241e-02  3.27099591e-01 -2.99327344e-01 -2.87228137e-01
 -5.82702875e-01 -5.94702363e-01 -1.03217173e+00 -8.13124239e-01
 -5.35450697e-01 -1.03322685e+00  6.12907767e-01  1.13398790e+00
 -7.18036070e-02  1.90137476e-01  6.24559581e-01  4.69076455e-01
  6.27078772e-01  3.44742835e-01 -3.45153689e-01  1.32870555e+00
 -1.61258459e-01 -1.77030429e-01 -1.69568908e+00  1.72073066e-01
  1.15088892e+00  2.67995209e-01 -1.30087376e-01 -2.35246912e-01
 -9.75930631e-01 -2.02227771e-01  8.58478367e-01  6.41340375e-01
 -3.02943230e-01  1.06876230e+00 -6.70137048e-01  1.55068052e+00
  1.39273751e+00 -1.45554578e+00  8.48026991e-01 -9.02008832e-01
 -3.14056218e-01 -8.90919007e-03  1.89570412e-02  6.20763719e-01
  5.67845762e-01  6.88580513e-01  3.47115725e-01  9.87522900e-01
  1.26554236e-01  9.42884982e-01 -9.06472266e-01  4.57331955e-01
  5.71125150e-02  1.78218889e+00 -1.16092294e-01 -9.70406473e-01
  2.32247129e-01 -1.08961582e-01  4.84424561e-01 -1.63584903e-01
 -2.28719175e-01 -3.77911866e-01  1.91282615e-01 -4.40858275e-01
  4.58004832e-01  2.03468651e-01 -7.51598001e-01  7.42124140e-01
  2.11840153e-01 -1.47817540e+00 -5.86319506e-01 -7.08758950e-01
 -5.41633785e-01  5.09984553e-01  3.28427345e-01 -5.58312654e-01
 -3.01396579e-01  4.69190210e-01  4.12009209e-01  4.86853629e-01
  8.65669027e-02 -4.84711647e-01 -1.38688656e-02 -9.07068998e-02
  7.71938503e-01 -4.51887012e-01 -2.65402257e-01  3.44309598e-01
  8.11073661e-01 -7.00493395e-01 -3.49895090e-01  4.73346151e-02
  9.45539415e-01  3.90116870e-01 -1.22340433e-02  9.33209777e-01
  5.38321495e-01  2.30738390e-02  4.50798392e-01  5.45543730e-01
  6.47279382e-01  1.34209245e-01 -6.69469893e-01 -5.51479518e-01
 -9.10929501e-01  8.97117376e-01  7.78002381e-01  7.29684412e-01
 -4.76152264e-03 -2.28286073e-01 -1.80614281e+00 -2.43098214e-01
 -4.10343200e-01  1.65494692e+00 -1.41513258e-01  4.32345904e-02
  2.63454169e-01 -4.78654593e-01  6.30516946e-01  1.35365450e+00
  1.63908258e-01  1.05160549e-01  6.00636341e-02  3.30597907e-01
 -1.11334272e-01  8.60361159e-01 -1.12372410e+00 -1.36552715e+00
 -9.46494460e-01 -6.26207352e-01 -5.15764892e-01  5.79680920e-01
  4.80724514e-01 -1.80933341e-01  8.24896619e-02 -9.76777613e-01
 -5.42914391e-01 -7.89315462e-01  8.83481205e-01  1.10133314e+00
  2.32755274e-01  8.09302405e-02 -7.54249543e-02 -1.47234833e+00
  7.46453345e-01 -1.42875111e+00  4.53871906e-01  1.72359610e+00
 -4.06082766e-03  1.19332123e+00 -8.32867801e-01  6.88086867e-01
  1.37741864e-01  7.88703918e-01  2.78975209e-03 -7.97479689e-01
 -4.38524857e-02  1.13093853e-01 -3.82264405e-01  1.38396609e+00
  6.05312407e-01  1.89717621e-01 -1.87994957e-01  3.21862578e+00
  1.55959547e+00 -5.84481001e-01  1.94749379e+00  5.90261579e-01
 -4.26900893e-01 -1.12351143e+00 -8.85746777e-02 -1.66987240e-01
 -9.51994538e-01  9.89240885e-01 -1.71200693e-01  1.32246166e-01
  5.89776099e-01 -1.25525105e+00  1.01031929e-01 -5.00966609e-01
  1.41644366e-02 -1.63523331e-01  4.52505380e-01  1.33390218e-01
 -6.45448789e-02  3.77991378e-01 -9.04772580e-01 -5.44584334e-01
 -3.49354029e-01 -1.97096571e-01  1.93875515e+00  1.68814957e-01
 -2.22165152e-01  4.48715463e-02 -7.38904104e-02  1.40951602e-02
  1.02817461e-01  1.50721657e+00 -1.24952972e+00  6.83633089e-01
 -4.31086749e-01 -9.22964275e-01 -1.24245316e-01 -4.44169819e-01
  6.44836053e-02  1.13626456e+00  1.71797186e-01  1.07042398e-02
  2.86911428e-01  5.32820761e-01 -3.44686478e-01 -1.07940471e+00
  1.37402907e-01 -1.80691803e+00  1.57622218e+00  8.19589794e-01
 -6.37324572e-01 -1.95334256e-01 -8.80328774e-01  7.41711080e-01
  4.09598909e-02  8.34153175e-01 -4.57031339e-01  2.83941716e-01
  1.10020137e+00 -3.37292314e-01  6.80264905e-02 -1.90589011e-01
  4.87536073e-01 -1.26242483e+00 -5.79993546e-01 -4.71906066e-01
 -5.36747038e-01 -3.78981888e-01 -1.34510770e-01 -4.72808868e-01
  9.65812728e-02 -2.18814477e-01  1.01008964e+00  5.89304030e-01
  5.38034260e-01  8.42455402e-02 -1.40532881e-01  7.70158917e-02
 -7.12736309e-01  3.12387049e-01  7.75598586e-01 -1.94695726e-01
  2.33821779e-01 -2.17562497e-01 -7.44840980e-01  5.53765059e-01
  8.96856844e-01  5.78018725e-01  6.23112261e-01 -5.88956356e-01
  1.32804468e-01  7.09370058e-03  2.32104346e-01  4.71894622e-01
  1.46003708e-01 -2.01706111e-01  1.21953443e-01 -2.07336560e-01
 -7.48902500e-01 -1.27280247e+00  4.56761748e-01  1.68301880e+00
 -1.00462787e-01 -3.45182627e-01  1.17211230e-01 -1.85488552e-01
 -1.44460499e+00  3.66658300e-01 -7.31594324e-01 -8.15469101e-02
  8.85279655e-01  2.86490023e-02  5.78202724e-01  1.48835093e-01
  6.08137071e-01  1.35164604e-01 -5.97466230e-01 -1.76421344e+00
 -3.54768366e-01  2.15320006e-01 -7.04477549e-01  2.93117404e-01
 -6.49666369e-01  2.69496471e-01  1.15424120e+00 -1.98677883e-01
  7.46418774e-01  4.54378814e-01 -1.85189176e+00  3.57578620e-02
  2.35214412e-01 -4.34334457e-01 -1.24479449e+00 -4.68029976e-01
 -1.04268217e+00  4.54844862e-01  7.26285696e-01 -1.08133495e+00
  1.99147046e-01 -2.84403861e-02 -1.07138276e+00 -3.95400703e-01
  6.98548928e-02 -8.70623410e-01  1.54038906e-01 -5.60017645e-01
 -3.75669263e-02 -7.81353354e-01 -7.31090486e-01 -3.41077209e-01
 -4.64152217e-01  6.60407245e-01  2.21335888e-01 -2.39996284e-01
 -6.66767597e-01  2.04499543e-01 -9.10416782e-01 -2.94663727e-01
 -1.17032087e+00  1.64180085e-01 -8.27566922e-01  6.99705660e-01
  1.33685246e-01  1.41605005e-01  3.46421391e-01  1.11059928e+00
  2.52072841e-01  1.55291784e+00  2.43351758e-01  1.04081237e+00
 -2.76770592e-01 -1.19162232e-01 -4.60011601e-01  1.34364569e+00
 -9.52273130e-01  4.80686158e-01  4.06600356e-01  2.80897468e-01
  9.98292208e-01 -1.31541288e+00  9.41959441e-01  2.02116687e-02
  3.70601773e-01 -1.12893559e-01  4.61780250e-01 -2.28449151e-01
  5.85418820e-01  3.94479007e-01  4.59744960e-01  6.36963010e-01
 -1.59505323e-01  1.00677061e+00  9.86175179e-01 -6.47877678e-02
  1.49050981e-01 -5.52432239e-01 -1.06719267e+00 -7.53977180e-01
 -7.81509995e-01  1.15565598e+00 -7.30940580e-01 -1.53717887e+00
  5.50783157e-01 -9.11858559e-01 -8.98802519e-01  5.36069512e-01
 -1.07712102e+00  3.14948589e-01 -8.60910773e-01 -9.96511221e-01
 -2.39814848e-01 -4.29458141e-01  6.79418385e-01  9.86803651e-01
 -1.04657805e+00  9.67387035e-02  2.55706422e-02  6.05388701e-01
 -6.60483122e-01 -2.04639211e-01  4.15904880e-01 -1.35647511e+00
 -9.27955091e-01 -5.36052465e-01  7.45387852e-01 -2.18400240e+00
  7.69201517e-01  3.20852995e-01 -1.20287740e+00  8.35670292e-01
  2.94883221e-01  2.71465987e-01 -7.08536088e-01 -1.06249952e+00
 -1.07689381e+00  7.60423899e-01 -1.21171467e-01  5.39052308e-01
  2.40152165e-01  9.79230523e-01  1.66857615e-01  6.06723279e-02
  1.80916563e-01 -7.60552645e-01 -3.01277459e-01 -4.17362712e-02
  1.74062574e+00 -1.36267334e-01 -3.31193469e-02 -2.82620676e-02
 -2.71528989e-01 -1.73435509e-01 -1.85956001e-01 -6.15883954e-02
  4.15342361e-01 -1.33295789e-01 -9.73394573e-01 -1.42296922e+00
  1.11226980e-02 -6.48887813e-01 -5.59289455e-02 -9.34372365e-01
 -3.20469499e-01  1.71822205e-01 -3.72805476e-01 -1.12383872e-01
 -1.82882831e-01  7.76977718e-01 -4.01029468e-01  4.71335590e-01
  6.27876967e-02  1.55258179e-02  9.98044372e-01 -2.24709749e+00
 -1.66378126e-01  4.33711410e-01 -3.36138129e-01 -6.40719175e-01
 -3.67246747e-01 -7.96032310e-01  6.48426056e-01 -9.42266643e-01
 -1.04082751e+00  7.30441930e-03 -3.89569491e-01  1.47294855e+00
 -7.89180517e-01 -4.36671704e-01 -5.43994963e-01 -5.21494597e-02
 -1.26271176e+00 -7.26314485e-01 -1.92389399e-01  5.17222643e-01
  6.87981725e-01  5.96668839e-01 -1.68401611e+00  5.07986784e-01
 -2.20345091e-02 -4.52393144e-01  1.23454340e-01  7.45882928e-01
  3.60483646e-01  7.12965071e-01  1.17536747e+00  4.84972596e-01
  8.31876397e-01  1.12832159e-01 -5.01047611e-01  1.13193977e+00
 -2.07402274e-01  6.30153298e-01 -7.69594014e-02 -2.62613058e-01
  5.37480652e-01  7.01635540e-01 -3.63881975e-01  6.86224580e-01
  1.05129576e+00  8.88192594e-01 -8.48925829e-01 -8.82286578e-02
  5.01420915e-01 -2.86752075e-01 -3.25413257e-01 -2.72722095e-01
 -4.60710317e-01  1.91521466e+00  1.54720652e+00  1.39547616e-01
 -1.23197943e-01 -1.62960351e+00 -3.06767553e-01 -1.03407121e+00
 -9.68941152e-02 -1.37072957e+00  2.17509329e-01  3.37919682e-01
 -8.65780339e-02 -8.87138367e-01 -5.31756341e-01  6.07614458e-01
 -1.52500010e+00 -6.54680490e-01 -1.09921885e+00  3.09683889e-01
  9.32154894e-01 -7.96648264e-01  1.09819002e-01 -9.36193824e-01
  1.27858591e+00 -1.13009691e-01 -1.56532098e-02 -1.94033533e-01
  8.13754141e-01  7.27848411e-01  1.37440950e-01 -1.28356433e+00
  5.93122900e-01 -4.10506845e-01  6.62912726e-01  2.60262042e-01
  4.77744848e-01 -7.30178475e-01 -3.93511020e-02  5.23803949e-01]",1
20,[*]C(C)(C[*])C(=O)[O-],[*]CC[N+][*],2650,19040,8.5,5,90,0.0,1,2,9,7.184905660377359,1,0,0,10.243472222222222,10.243472222222222,0.0532407407407407,-0.7986111111111109,0.4502538575862794,23.5,85.082,80.04199999999999,85.02950297991,34.0,2.5,3.0,3.0,1.6668127273868607,3.9084966379068455,100.21143267166842,6.784457050376174,3.5236033621142737,3.5236033621142737,3.504035844753885,1.5118016810571369,1.5118016810571369,1.0677875644551755,1.0677875644551755,0.348461712529338,0.348461712529338,0.0,0.0,-0.53,38.3366927298978,2.610921480426842,0.600159264681777,0.2950914053210928,36.78983322325914,35.63575031240701,9.901064578912528,5.969305287951849,19.76538044554264,0.0,0.0,5.106527394840706,5.969305287951849,4.794537184071822,6.923737199690624,0.0,12.841643245852016,40.13,5.969305287951849,9.901064578912528,5.917906046161393,6.923737199690624,0.0,0.0,6.923737199690624,0.0,0.2098148148148149,10.243472222222222,10.243472222222222,0.0,-1.0902777777777777,0.0,0.0,2.810185185185185,0.0,0.75,6.0,2.0,0.0,0.0,2.0,4.0,2.0,0.0,-0.5682,18.181,1.0,0.0,1.0,1.0,1.0,1.0,0.0,0.0,0.0,0.0,4.166666666666666,4.166666666666666,0.4131944444444444,0.4131944444444444,0.4134068917016045,14.666666666666666,42.06099999999999,38.029,42.03382554808999,16.0,2.0,2.6666666666666665,3.6666666666666665,3.6666666666666665,1.4056390622295665,2.19060968716425,15.119415478763749,4.121320343559642,1.8614271578730528,1.8614271578730528,2.414213562373095,0.8162277660168378,0.8162277660168378,0.2236067977499789,0.2236067977499789,0.0,0.0,0.0,0.0,-0.04,11.245112497836532,0.72512600755025,0.2061650840029218,0.0008163265306122,20.444083839238875,19.202161082765382,0.0,0.0,5.733667477162185,0.0,6.923737199690624,6.544756405912575,0.0,5.733667477162185,6.544756405912575,0.0,0.0,0.0,0.0,6.923737199690624,14.1,0.0,0.0,0.0,0.0,13.4684936056032,0.0,0.0,5.733667477162185,1.1076388888888888,0.0,0.0,4.166666666666666,0.0,0.0,0.0,2.7256944444444446,0.0,1.0,3.0,1.0,0.0,0.0,0.0,3.0,2.0,0.0,0.0226999999999999,11.808000000000002,0.0,0.0,0.0,0.0,0.0,0.0,1.0,0.0,0.0,0.0,0.0,0.0,[*]CC([*])(C)C(=O)[O-],[*]C[N+]C[*],"[ 7.49274790e-01  3.35424781e-01  4.55891341e-01 -1.09221423e+00
 -6.25216782e-01  3.14305499e-02 -1.89206481e-01 -9.25612390e-01
 -2.35249296e-01  1.36610961e+00  8.83861855e-02 -7.13659585e-01
  8.14221084e-01 -6.92512333e-01 -5.14061689e-01 -1.33080852e+00
 -1.47874510e+00 -1.03471792e+00 -6.12177968e-01  2.09805042e-01
  5.51994801e-01 -3.05551559e-01  4.35497522e-01  7.36454964e-01
 -6.94340706e-01  1.29001057e+00  2.37998891e+00 -4.05347496e-01
 -6.00476742e-01  7.56517649e-01 -2.95091867e-01 -4.40703213e-01
 -2.38245353e-01 -1.06833398e+00  5.43902814e-01  2.87487179e-01
  1.05013542e-01  7.71469295e-01  2.95419157e-01  2.99429774e-01
 -1.54818922e-01  9.55972448e-02  1.18825090e+00  1.62336457e+00
  2.11596087e-01  1.97126698e+00  7.42778480e-01  1.40871525e-01
 -2.52242148e-01 -5.88141322e-01 -8.30902278e-01 -5.11340201e-02
 -4.66348320e-01 -3.61824811e-01 -5.98171353e-01 -3.63103032e-01
  2.47532055e-01  5.11704028e-01 -7.26159394e-01  1.30475163e-01
 -9.32137072e-01  1.43789789e-02  4.87203658e-01 -6.09903224e-02
 -5.22938311e-01 -2.59041160e-01 -3.10223382e-02  1.33649796e-01
 -4.49149907e-01 -9.90190208e-01 -4.37130392e-01 -8.20998698e-02
 -1.41018599e-01  2.47300267e-01 -1.07266307e+00 -3.37361068e-01
 -3.82067502e-01 -3.48674297e-01  2.41132863e-02 -3.69367570e-01
  4.26380429e-03 -3.68784666e-01  2.93142378e-01  3.39492798e-01
  1.76544249e-01  7.48980865e-02  3.78351748e-01  1.43084496e-01
 -7.50767514e-02  6.98696852e-01 -1.23164153e+00  1.54972628e-01
  1.30712831e+00  4.13169146e-01 -7.62161970e-01  6.20638654e-02
  6.53732941e-02  3.98433149e-01  3.35860610e-01  2.57231444e-01
  5.09362817e-01  2.24197790e-01 -1.09119499e+00  9.36800539e-01
  7.53451943e-01 -1.23084819e+00  9.08430457e-01 -8.67207110e-01
 -4.80619073e-01  4.63999063e-01 -5.08662164e-01  2.84325276e-02
  8.96979451e-01  2.75238305e-01  6.04319394e-01  7.04479277e-01
 -1.92388758e-01  5.88916123e-01 -1.65896252e-01  1.25128731e-01
 -5.41119277e-01  5.95371544e-01 -4.40301627e-01 -9.53436732e-01
 -8.70644271e-01 -7.01563358e-02  5.19006014e-01 -8.48310441e-02
 -4.53820378e-01 -7.63373524e-02 -2.50903994e-01  1.05273589e-01
 -7.83522904e-04 -5.48577607e-01 -1.58988476e+00  4.16692108e-01
  4.86379087e-01 -6.73893452e-01 -2.14246154e-01 -8.94058764e-01
 -1.69562221e-01  1.62465900e-01  4.72447537e-02 -9.45844769e-01
  3.12819541e-01  4.59828615e-01  1.81325778e-01  5.45694053e-01
  5.22985049e-02 -2.90770084e-01  1.11780930e+00 -6.53702319e-01
  8.88752520e-01 -5.18661022e-01  2.26448655e-01  4.19900529e-02
  2.09506735e-01 -9.99619067e-01 -5.97911179e-01  2.40267485e-01
  3.84019047e-01  1.01165771e-01 -1.29132763e-01  1.37262657e-01
  2.43125573e-01  6.61093593e-02  7.34124482e-01  6.55801445e-02
  8.67221475e-01  1.02447104e+00  1.94548965e-01  4.92215395e-01
  2.58256465e-01  7.06858218e-01  4.08109426e-01  1.43596029e+00
 -2.34669849e-01 -2.20608890e-01 -9.00353014e-01 -1.68292020e-02
 -5.18259466e-01  9.73584116e-01  6.35090172e-01 -3.21039736e-01
  1.96893781e-01  1.36441048e-02  5.94366267e-02  6.31835938e-01
 -6.74691439e-01  2.92127788e-01 -1.58445194e-01  4.75977540e-01
 -1.05258442e-01 -2.61095129e-02 -3.47841859e-01 -1.38431609e+00
  2.30988905e-01  2.42584631e-01  2.42318988e-01  8.21007431e-01
  3.47805738e-01 -5.93114078e-01  6.15051806e-01 -1.13383365e+00
 -1.02469993e+00 -2.10129380e-01  5.13058305e-01 -4.32122946e-02
 -8.96828771e-01 -5.06239772e-01  2.97274590e-02 -1.87300277e+00
  9.58072007e-01 -7.87090957e-01 -5.90321839e-01  1.57090092e+00
 -1.52412921e-01  1.07509518e+00 -2.78278589e-01  6.61327541e-01
 -4.37102556e-01  6.07341051e-01  1.74592510e-01 -8.32812190e-01
  7.96080351e-01 -5.79209208e-01 -2.50138134e-01  8.92362118e-01
 -2.45963167e-02 -1.42872378e-01 -1.42276669e+00  1.69364798e+00
  6.29426658e-01 -5.70318513e-02  1.35555339e+00  7.65864253e-01
  4.97816533e-01  1.59259066e-02 -5.13777614e-01 -9.02717590e-01
 -1.13018739e+00  3.83352101e-01 -4.77341488e-02 -3.79710466e-01
 -4.47504103e-01 -1.09895110e+00 -3.86139631e-01  1.03090264e-01
  8.51628721e-01  2.24349573e-01 -3.13555300e-02  1.22573696e-01
  4.94108871e-02  6.98103666e-01  3.02277476e-01  1.66599587e-01
 -3.08436722e-01 -4.66002375e-01  1.62361014e+00 -2.62132585e-01
  5.79887815e-02 -6.79709196e-01  4.46500778e-01 -7.97002465e-02
 -8.20023119e-02  1.22393526e-01 -2.83097059e-01  4.32255983e-01
 -1.04199953e-01 -1.23305070e+00 -3.06826502e-01  3.86385806e-02
 -5.26868701e-01  2.08499730e-01 -1.37608588e-01 -2.77598381e-01
  1.16459966e+00  3.82706597e-02 -1.96235068e-02 -8.02532017e-01
  5.66025376e-01 -4.30100381e-01  1.32197094e+00  6.55819237e-01
 -1.05254024e-01 -6.85315967e-01  2.16215566e-01  5.93630016e-01
  2.85155267e-01  3.85740906e-01 -5.23835123e-01  3.65415752e-01
  1.48793125e+00 -3.41312021e-01  8.37343931e-02  3.88410576e-02
  1.16101551e+00 -8.25121999e-01  2.77617723e-02  7.33939037e-02
 -4.48615134e-01 -3.60707045e-01  2.16005355e-01 -1.82437807e-01
  2.44415596e-01 -5.28269887e-01  8.22483182e-01 -5.70847653e-02
  8.29918385e-01 -1.71355367e-01 -1.51496232e-01  4.65150774e-01
  3.33200365e-01  1.27273887e-01  9.12838519e-01 -1.40352994e-01
 -2.76168674e-01 -5.63478529e-01  1.85518518e-01  6.18515849e-01
  9.07797396e-01  5.58707714e-01  6.54310524e-01 -9.68789756e-01
 -6.15588129e-02 -2.76184026e-02  2.73121327e-01 -3.54086995e-01
  4.74624962e-01  1.37339443e-01 -3.33838254e-01 -4.54894483e-01
 -4.43201482e-01  4.87415552e-01  6.92939878e-01  7.76845098e-01
  2.34562084e-01 -1.71094164e-01  6.52617574e-01 -7.15576172e-01
 -3.63845557e-01  1.07632124e+00 -2.44740129e-01 -1.39437407e-01
  1.62900817e+00  1.14459256e-02  9.56065774e-01  2.93038279e-01
  3.91988426e-01  3.39301564e-02 -6.13436103e-01 -7.80028582e-01
  2.32236609e-01  1.24575007e+00 -7.12414160e-02  6.11095548e-01
  4.77192504e-03 -1.05789937e-01  2.36828491e-01  5.28803527e-01
  4.67312008e-01 -1.94977492e-01 -9.55596268e-01 -6.81563795e-01
  4.23343569e-01 -2.96947718e-01 -3.69488955e-01 -2.89484084e-01
 -4.30452943e-01 -1.37250312e-02  2.62498766e-01 -5.61480105e-01
  5.62621891e-01 -4.18706477e-01 -8.56468499e-01  5.93134239e-02
 -1.00340411e-01 -7.35716164e-01  1.38378620e-01 -6.84343696e-01
  2.17011675e-01 -4.22011822e-01 -4.02174950e-01 -2.10074112e-01
 -6.50949299e-01  8.00443947e-01 -1.05892392e-02 -5.88889062e-01
 -3.27951312e-02 -9.57627073e-02 -4.11157161e-01  1.26788989e-01
 -4.45752770e-01 -3.34704220e-01 -6.30857348e-01  7.39717126e-01
  3.73316854e-01  1.94936663e-01  8.15797508e-01  7.57897347e-02
  2.51457661e-01  7.87429273e-01 -5.90912402e-02  8.01935017e-01
 -5.09869382e-02 -3.16675752e-01 -8.06985676e-01  3.75884295e-01
 -1.02298295e+00  2.55849570e-01  2.58157365e-02  1.62940547e-01
  3.08816880e-01 -8.00899506e-01  1.81837904e+00 -6.99088693e-01
 -2.37569124e-01 -3.24667641e-03 -4.07583922e-01 -2.53018081e-01
  1.05101004e-01  7.78838634e-01  7.80924141e-01  3.96106571e-01
  4.07956630e-01 -2.10249022e-01  4.17130977e-01 -3.68258469e-02
  2.39590809e-01 -1.32325947e-01 -1.05014598e+00 -3.78439307e-01
  1.21962957e-01  9.12429273e-01 -5.16304731e-01 -4.10982370e-01
  1.13879271e-01 -7.30947316e-01 -1.19410682e+00 -8.46092477e-02
 -4.51732308e-01  3.39796931e-01  1.79029241e-01 -3.18569988e-01
 -4.01548207e-01  1.05452193e-02 -9.81033444e-02  2.65956130e-02
 -1.16055489e+00 -2.66568363e-01 -4.17371392e-01 -2.27321759e-01
 -7.98538566e-01 -2.68420726e-01 -7.56898522e-02 -1.46671772e+00
 -3.53073359e-01  7.68439353e-01  5.23869157e-01 -1.45392466e+00
 -7.55149201e-02 -2.53495097e-01 -6.51691973e-01  1.01998317e+00
  1.75246254e-01  2.19446480e-01 -8.75575662e-01  6.49622753e-02
 -2.21772552e-01  6.31361604e-01  1.11363959e+00  8.29166234e-01
 -9.94006217e-01  5.85105002e-01  1.62860320e-03  6.57095253e-01
 -6.60761952e-01  4.83092368e-01  2.10053355e-01  1.93984300e-01
  1.08389914e+00 -2.88248777e-01  2.90296733e-01  6.75145447e-01
  6.10232018e-02 -5.08173525e-01 -1.05302072e+00  4.84012961e-01
 -1.34737328e-01 -1.63434446e-01 -1.95996463e-01 -1.06526923e+00
 -8.11576009e-01 -3.66595089e-01 -1.52673945e-02 -1.13481522e-01
  6.21918961e-02  6.84323311e-02 -7.70469382e-02 -6.34581506e-01
  2.21770406e-01  7.27311909e-01 -3.06834489e-01  1.09503961e+00
 -6.35234714e-02  7.48488754e-02  3.62029821e-01 -1.14483583e+00
  3.36602688e-01 -3.94898474e-01 -4.43032160e-02 -2.25445300e-01
 -9.30737793e-01  4.10731554e-01  3.46095145e-01 -8.76426399e-01
 -7.85481334e-01 -9.14595544e-01 -4.12273765e-01  5.75143516e-01
 -7.46130526e-01  4.76899326e-01 -7.44161129e-01 -6.33583188e-01
 -7.63390839e-01 -8.95849407e-01 -5.26674464e-02  3.77323836e-01
  6.89602196e-02  8.11982453e-01 -1.31613028e+00  7.27658644e-02
 -1.96165428e-01  6.04341328e-01  2.99889833e-01 -1.47399947e-01
  2.67245054e-01  6.23204529e-01  1.50411510e+00  6.07940815e-02
  2.72842020e-01  4.67290968e-01 -6.77232504e-01  5.37263155e-01
 -2.76431590e-01  6.60036445e-01 -5.24141677e-02  3.49252112e-02
  1.12972081e-01  2.25270927e-01 -1.09064952e-01  3.46314520e-01
  7.54533410e-01  7.83834755e-01 -4.25179332e-01  5.52726567e-01
 -1.95189342e-01 -5.99463761e-01 -3.58343661e-01 -2.30281323e-01
  2.36615911e-01  4.99656409e-01  1.68579209e+00 -1.51982561e-01
 -5.63962042e-01 -1.29549968e+00 -2.81212598e-01 -2.55549937e-01
  4.69508678e-01  1.41729280e-01 -5.26430964e-01  2.20184013e-01
 -2.16536090e-01 -9.31372881e-01 -9.69826996e-01  4.32354122e-01
 -1.06032109e+00 -5.03427327e-01 -8.87604475e-01  4.38566148e-01
  1.47396326e+00 -1.03932881e+00  6.63527369e-01 -9.93533015e-01
  1.08747959e+00 -9.77717102e-01 -1.65758193e-01 -4.72277105e-02
  1.20034409e+00  2.41741404e-01  3.70389432e-01 -1.49647415e+00
  6.98196530e-01 -5.78175962e-01  4.05572444e-01 -6.85069382e-01
  1.34073234e+00 -3.75742733e-01 -1.80194214e-01  3.50243032e-01]","[ 2.73681909e-01  1.66004568e-01 -7.44565070e-01 -1.47705269e+00
 -1.09840822e+00 -1.53690919e-01 -1.29248112e-01  2.95904994e-01
 -9.16356027e-01  1.40345776e+00  1.00063539e+00 -6.83065832e-01
  1.30242276e+00 -2.33746576e+00 -9.75994170e-01 -7.89787889e-01
 -1.79506803e+00 -1.28128958e+00  2.09810168e-01  1.29709288e-01
  4.47607398e-01 -6.85392797e-01  7.80511856e-01  1.21133173e+00
 -3.64384532e-01  1.07354224e+00  2.32574058e+00 -1.55821651e-01
 -2.85600513e-01  3.01326066e-01 -6.34632647e-01  1.65162787e-01
  2.81757385e-01 -3.74723703e-01 -2.95077354e-01  7.01536298e-01
 -2.88844388e-02  2.32678980e-01  2.16173112e-01  5.24862707e-01
 -7.30150580e-01 -4.09290910e-01  1.78005755e+00  1.10312033e+00
 -5.30989515e-03  1.62341702e+00  1.30315197e+00 -9.47976291e-01
  1.85765088e-01  1.49317771e-01 -2.13005602e-01 -6.93675578e-01
 -4.48695384e-03 -4.57031608e-01 -9.96706784e-01 -1.11750238e-01
  4.97595131e-01  4.26965803e-01 -1.49265635e+00  2.89656907e-01
 -2.73807108e-01  8.54427159e-01  1.49728537e+00  9.41296890e-02
 -1.70012251e-01  1.05805194e+00  2.47816041e-01  8.55847076e-02
 -2.41706241e-02  3.27099591e-01 -2.99327344e-01 -2.87228137e-01
 -5.82702875e-01 -5.94702363e-01 -1.03217173e+00 -8.13124239e-01
 -5.35450697e-01 -1.03322685e+00  6.12907767e-01  1.13398790e+00
 -7.18036070e-02  1.90137476e-01  6.24559581e-01  4.69076455e-01
  6.27078772e-01  3.44742835e-01 -3.45153689e-01  1.32870555e+00
 -1.61258459e-01 -1.77030429e-01 -1.69568908e+00  1.72073066e-01
  1.15088892e+00  2.67995209e-01 -1.30087376e-01 -2.35246912e-01
 -9.75930631e-01 -2.02227771e-01  8.58478367e-01  6.41340375e-01
 -3.02943230e-01  1.06876230e+00 -6.70137048e-01  1.55068052e+00
  1.39273751e+00 -1.45554578e+00  8.48026991e-01 -9.02008832e-01
 -3.14056218e-01 -8.90919007e-03  1.89570412e-02  6.20763719e-01
  5.67845762e-01  6.88580513e-01  3.47115725e-01  9.87522900e-01
  1.26554236e-01  9.42884982e-01 -9.06472266e-01  4.57331955e-01
  5.71125150e-02  1.78218889e+00 -1.16092294e-01 -9.70406473e-01
  2.32247129e-01 -1.08961582e-01  4.84424561e-01 -1.63584903e-01
 -2.28719175e-01 -3.77911866e-01  1.91282615e-01 -4.40858275e-01
  4.58004832e-01  2.03468651e-01 -7.51598001e-01  7.42124140e-01
  2.11840153e-01 -1.47817540e+00 -5.86319506e-01 -7.08758950e-01
 -5.41633785e-01  5.09984553e-01  3.28427345e-01 -5.58312654e-01
 -3.01396579e-01  4.69190210e-01  4.12009209e-01  4.86853629e-01
  8.65669027e-02 -4.84711647e-01 -1.38688656e-02 -9.07068998e-02
  7.71938503e-01 -4.51887012e-01 -2.65402257e-01  3.44309598e-01
  8.11073661e-01 -7.00493395e-01 -3.49895090e-01  4.73346151e-02
  9.45539415e-01  3.90116870e-01 -1.22340433e-02  9.33209777e-01
  5.38321495e-01  2.30738390e-02  4.50798392e-01  5.45543730e-01
  6.47279382e-01  1.34209245e-01 -6.69469893e-01 -5.51479518e-01
 -9.10929501e-01  8.97117376e-01  7.78002381e-01  7.29684412e-01
 -4.76152264e-03 -2.28286073e-01 -1.80614281e+00 -2.43098214e-01
 -4.10343200e-01  1.65494692e+00 -1.41513258e-01  4.32345904e-02
  2.63454169e-01 -4.78654593e-01  6.30516946e-01  1.35365450e+00
  1.63908258e-01  1.05160549e-01  6.00636341e-02  3.30597907e-01
 -1.11334272e-01  8.60361159e-01 -1.12372410e+00 -1.36552715e+00
 -9.46494460e-01 -6.26207352e-01 -5.15764892e-01  5.79680920e-01
  4.80724514e-01 -1.80933341e-01  8.24896619e-02 -9.76777613e-01
 -5.42914391e-01 -7.89315462e-01  8.83481205e-01  1.10133314e+00
  2.32755274e-01  8.09302405e-02 -7.54249543e-02 -1.47234833e+00
  7.46453345e-01 -1.42875111e+00  4.53871906e-01  1.72359610e+00
 -4.06082766e-03  1.19332123e+00 -8.32867801e-01  6.88086867e-01
  1.37741864e-01  7.88703918e-01  2.78975209e-03 -7.97479689e-01
 -4.38524857e-02  1.13093853e-01 -3.82264405e-01  1.38396609e+00
  6.05312407e-01  1.89717621e-01 -1.87994957e-01  3.21862578e+00
  1.55959547e+00 -5.84481001e-01  1.94749379e+00  5.90261579e-01
 -4.26900893e-01 -1.12351143e+00 -8.85746777e-02 -1.66987240e-01
 -9.51994538e-01  9.89240885e-01 -1.71200693e-01  1.32246166e-01
  5.89776099e-01 -1.25525105e+00  1.01031929e-01 -5.00966609e-01
  1.41644366e-02 -1.63523331e-01  4.52505380e-01  1.33390218e-01
 -6.45448789e-02  3.77991378e-01 -9.04772580e-01 -5.44584334e-01
 -3.49354029e-01 -1.97096571e-01  1.93875515e+00  1.68814957e-01
 -2.22165152e-01  4.48715463e-02 -7.38904104e-02  1.40951602e-02
  1.02817461e-01  1.50721657e+00 -1.24952972e+00  6.83633089e-01
 -4.31086749e-01 -9.22964275e-01 -1.24245316e-01 -4.44169819e-01
  6.44836053e-02  1.13626456e+00  1.71797186e-01  1.07042398e-02
  2.86911428e-01  5.32820761e-01 -3.44686478e-01 -1.07940471e+00
  1.37402907e-01 -1.80691803e+00  1.57622218e+00  8.19589794e-01
 -6.37324572e-01 -1.95334256e-01 -8.80328774e-01  7.41711080e-01
  4.09598909e-02  8.34153175e-01 -4.57031339e-01  2.83941716e-01
  1.10020137e+00 -3.37292314e-01  6.80264905e-02 -1.90589011e-01
  4.87536073e-01 -1.26242483e+00 -5.79993546e-01 -4.71906066e-01
 -5.36747038e-01 -3.78981888e-01 -1.34510770e-01 -4.72808868e-01
  9.65812728e-02 -2.18814477e-01  1.01008964e+00  5.89304030e-01
  5.38034260e-01  8.42455402e-02 -1.40532881e-01  7.70158917e-02
 -7.12736309e-01  3.12387049e-01  7.75598586e-01 -1.94695726e-01
  2.33821779e-01 -2.17562497e-01 -7.44840980e-01  5.53765059e-01
  8.96856844e-01  5.78018725e-01  6.23112261e-01 -5.88956356e-01
  1.32804468e-01  7.09370058e-03  2.32104346e-01  4.71894622e-01
  1.46003708e-01 -2.01706111e-01  1.21953443e-01 -2.07336560e-01
 -7.48902500e-01 -1.27280247e+00  4.56761748e-01  1.68301880e+00
 -1.00462787e-01 -3.45182627e-01  1.17211230e-01 -1.85488552e-01
 -1.44460499e+00  3.66658300e-01 -7.31594324e-01 -8.15469101e-02
  8.85279655e-01  2.86490023e-02  5.78202724e-01  1.48835093e-01
  6.08137071e-01  1.35164604e-01 -5.97466230e-01 -1.76421344e+00
 -3.54768366e-01  2.15320006e-01 -7.04477549e-01  2.93117404e-01
 -6.49666369e-01  2.69496471e-01  1.15424120e+00 -1.98677883e-01
  7.46418774e-01  4.54378814e-01 -1.85189176e+00  3.57578620e-02
  2.35214412e-01 -4.34334457e-01 -1.24479449e+00 -4.68029976e-01
 -1.04268217e+00  4.54844862e-01  7.26285696e-01 -1.08133495e+00
  1.99147046e-01 -2.84403861e-02 -1.07138276e+00 -3.95400703e-01
  6.98548928e-02 -8.70623410e-01  1.54038906e-01 -5.60017645e-01
 -3.75669263e-02 -7.81353354e-01 -7.31090486e-01 -3.41077209e-01
 -4.64152217e-01  6.60407245e-01  2.21335888e-01 -2.39996284e-01
 -6.66767597e-01  2.04499543e-01 -9.10416782e-01 -2.94663727e-01
 -1.17032087e+00  1.64180085e-01 -8.27566922e-01  6.99705660e-01
  1.33685246e-01  1.41605005e-01  3.46421391e-01  1.11059928e+00
  2.52072841e-01  1.55291784e+00  2.43351758e-01  1.04081237e+00
 -2.76770592e-01 -1.19162232e-01 -4.60011601e-01  1.34364569e+00
 -9.52273130e-01  4.80686158e-01  4.06600356e-01  2.80897468e-01
  9.98292208e-01 -1.31541288e+00  9.41959441e-01  2.02116687e-02
  3.70601773e-01 -1.12893559e-01  4.61780250e-01 -2.28449151e-01
  5.85418820e-01  3.94479007e-01  4.59744960e-01  6.36963010e-01
 -1.59505323e-01  1.00677061e+00  9.86175179e-01 -6.47877678e-02
  1.49050981e-01 -5.52432239e-01 -1.06719267e+00 -7.53977180e-01
 -7.81509995e-01  1.15565598e+00 -7.30940580e-01 -1.53717887e+00
  5.50783157e-01 -9.11858559e-01 -8.98802519e-01  5.36069512e-01
 -1.07712102e+00  3.14948589e-01 -8.60910773e-01 -9.96511221e-01
 -2.39814848e-01 -4.29458141e-01  6.79418385e-01  9.86803651e-01
 -1.04657805e+00  9.67387035e-02  2.55706422e-02  6.05388701e-01
 -6.60483122e-01 -2.04639211e-01  4.15904880e-01 -1.35647511e+00
 -9.27955091e-01 -5.36052465e-01  7.45387852e-01 -2.18400240e+00
  7.69201517e-01  3.20852995e-01 -1.20287740e+00  8.35670292e-01
  2.94883221e-01  2.71465987e-01 -7.08536088e-01 -1.06249952e+00
 -1.07689381e+00  7.60423899e-01 -1.21171467e-01  5.39052308e-01
  2.40152165e-01  9.79230523e-01  1.66857615e-01  6.06723279e-02
  1.80916563e-01 -7.60552645e-01 -3.01277459e-01 -4.17362712e-02
  1.74062574e+00 -1.36267334e-01 -3.31193469e-02 -2.82620676e-02
 -2.71528989e-01 -1.73435509e-01 -1.85956001e-01 -6.15883954e-02
  4.15342361e-01 -1.33295789e-01 -9.73394573e-01 -1.42296922e+00
  1.11226980e-02 -6.48887813e-01 -5.59289455e-02 -9.34372365e-01
 -3.20469499e-01  1.71822205e-01 -3.72805476e-01 -1.12383872e-01
 -1.82882831e-01  7.76977718e-01 -4.01029468e-01  4.71335590e-01
  6.27876967e-02  1.55258179e-02  9.98044372e-01 -2.24709749e+00
 -1.66378126e-01  4.33711410e-01 -3.36138129e-01 -6.40719175e-01
 -3.67246747e-01 -7.96032310e-01  6.48426056e-01 -9.42266643e-01
 -1.04082751e+00  7.30441930e-03 -3.89569491e-01  1.47294855e+00
 -7.89180517e-01 -4.36671704e-01 -5.43994963e-01 -5.21494597e-02
 -1.26271176e+00 -7.26314485e-01 -1.92389399e-01  5.17222643e-01
  6.87981725e-01  5.96668839e-01 -1.68401611e+00  5.07986784e-01
 -2.20345091e-02 -4.52393144e-01  1.23454340e-01  7.45882928e-01
  3.60483646e-01  7.12965071e-01  1.17536747e+00  4.84972596e-01
  8.31876397e-01  1.12832159e-01 -5.01047611e-01  1.13193977e+00
 -2.07402274e-01  6.30153298e-01 -7.69594014e-02 -2.62613058e-01
  5.37480652e-01  7.01635540e-01 -3.63881975e-01  6.86224580e-01
  1.05129576e+00  8.88192594e-01 -8.48925829e-01 -8.82286578e-02
  5.01420915e-01 -2.86752075e-01 -3.25413257e-01 -2.72722095e-01
 -4.60710317e-01  1.91521466e+00  1.54720652e+00  1.39547616e-01
 -1.23197943e-01 -1.62960351e+00 -3.06767553e-01 -1.03407121e+00
 -9.68941152e-02 -1.37072957e+00  2.17509329e-01  3.37919682e-01
 -8.65780339e-02 -8.87138367e-01 -5.31756341e-01  6.07614458e-01
 -1.52500010e+00 -6.54680490e-01 -1.09921885e+00  3.09683889e-01
  9.32154894e-01 -7.96648264e-01  1.09819002e-01 -9.36193824e-01
  1.27858591e+00 -1.13009691e-01 -1.56532098e-02 -1.94033533e-01
  8.13754141e-01  7.27848411e-01  1.37440950e-01 -1.28356433e+00
  5.93122900e-01 -4.10506845e-01  6.62912726e-01  2.60262042e-01
  4.77744848e-01 -7.30178475e-01 -3.93511020e-02  5.23803949e-01]",1
21,[*]C(C)(C[*])C(=O)[O-],[*]CC[N+][*],2650,9520,8.5,600,90,0.0,1,2,9,3.59245283018868,1,0,0,10.243472222222222,10.243472222222222,0.0532407407407407,-0.7986111111111109,0.4502538575862794,23.5,85.082,80.04199999999999,85.02950297991,34.0,2.5,3.0,3.0,1.6668127273868607,3.9084966379068455,100.21143267166842,6.784457050376174,3.5236033621142737,3.5236033621142737,3.504035844753885,1.5118016810571369,1.5118016810571369,1.0677875644551755,1.0677875644551755,0.348461712529338,0.348461712529338,0.0,0.0,-0.53,38.3366927298978,2.610921480426842,0.600159264681777,0.2950914053210928,36.78983322325914,35.63575031240701,9.901064578912528,5.969305287951849,19.76538044554264,0.0,0.0,5.106527394840706,5.969305287951849,4.794537184071822,6.923737199690624,0.0,12.841643245852016,40.13,5.969305287951849,9.901064578912528,5.917906046161393,6.923737199690624,0.0,0.0,6.923737199690624,0.0,0.2098148148148149,10.243472222222222,10.243472222222222,0.0,-1.0902777777777777,0.0,0.0,2.810185185185185,0.0,0.75,6.0,2.0,0.0,0.0,2.0,4.0,2.0,0.0,-0.5682,18.181,1.0,0.0,1.0,1.0,1.0,1.0,0.0,0.0,0.0,0.0,4.166666666666666,4.166666666666666,0.4131944444444444,0.4131944444444444,0.4134068917016045,14.666666666666666,42.06099999999999,38.029,42.03382554808999,16.0,2.0,2.6666666666666665,3.6666666666666665,3.6666666666666665,1.4056390622295665,2.19060968716425,15.119415478763749,4.121320343559642,1.8614271578730528,1.8614271578730528,2.414213562373095,0.8162277660168378,0.8162277660168378,0.2236067977499789,0.2236067977499789,0.0,0.0,0.0,0.0,-0.04,11.245112497836532,0.72512600755025,0.2061650840029218,0.0008163265306122,20.444083839238875,19.202161082765382,0.0,0.0,5.733667477162185,0.0,6.923737199690624,6.544756405912575,0.0,5.733667477162185,6.544756405912575,0.0,0.0,0.0,0.0,6.923737199690624,14.1,0.0,0.0,0.0,0.0,13.4684936056032,0.0,0.0,5.733667477162185,1.1076388888888888,0.0,0.0,4.166666666666666,0.0,0.0,0.0,2.7256944444444446,0.0,1.0,3.0,1.0,0.0,0.0,0.0,3.0,2.0,0.0,0.0226999999999999,11.808000000000002,0.0,0.0,0.0,0.0,0.0,0.0,1.0,0.0,0.0,0.0,0.0,0.0,[*]CC([*])(C)C(=O)[O-],[*]C[N+]C[*],"[ 7.49274790e-01  3.35424781e-01  4.55891341e-01 -1.09221423e+00
 -6.25216782e-01  3.14305499e-02 -1.89206481e-01 -9.25612390e-01
 -2.35249296e-01  1.36610961e+00  8.83861855e-02 -7.13659585e-01
  8.14221084e-01 -6.92512333e-01 -5.14061689e-01 -1.33080852e+00
 -1.47874510e+00 -1.03471792e+00 -6.12177968e-01  2.09805042e-01
  5.51994801e-01 -3.05551559e-01  4.35497522e-01  7.36454964e-01
 -6.94340706e-01  1.29001057e+00  2.37998891e+00 -4.05347496e-01
 -6.00476742e-01  7.56517649e-01 -2.95091867e-01 -4.40703213e-01
 -2.38245353e-01 -1.06833398e+00  5.43902814e-01  2.87487179e-01
  1.05013542e-01  7.71469295e-01  2.95419157e-01  2.99429774e-01
 -1.54818922e-01  9.55972448e-02  1.18825090e+00  1.62336457e+00
  2.11596087e-01  1.97126698e+00  7.42778480e-01  1.40871525e-01
 -2.52242148e-01 -5.88141322e-01 -8.30902278e-01 -5.11340201e-02
 -4.66348320e-01 -3.61824811e-01 -5.98171353e-01 -3.63103032e-01
  2.47532055e-01  5.11704028e-01 -7.26159394e-01  1.30475163e-01
 -9.32137072e-01  1.43789789e-02  4.87203658e-01 -6.09903224e-02
 -5.22938311e-01 -2.59041160e-01 -3.10223382e-02  1.33649796e-01
 -4.49149907e-01 -9.90190208e-01 -4.37130392e-01 -8.20998698e-02
 -1.41018599e-01  2.47300267e-01 -1.07266307e+00 -3.37361068e-01
 -3.82067502e-01 -3.48674297e-01  2.41132863e-02 -3.69367570e-01
  4.26380429e-03 -3.68784666e-01  2.93142378e-01  3.39492798e-01
  1.76544249e-01  7.48980865e-02  3.78351748e-01  1.43084496e-01
 -7.50767514e-02  6.98696852e-01 -1.23164153e+00  1.54972628e-01
  1.30712831e+00  4.13169146e-01 -7.62161970e-01  6.20638654e-02
  6.53732941e-02  3.98433149e-01  3.35860610e-01  2.57231444e-01
  5.09362817e-01  2.24197790e-01 -1.09119499e+00  9.36800539e-01
  7.53451943e-01 -1.23084819e+00  9.08430457e-01 -8.67207110e-01
 -4.80619073e-01  4.63999063e-01 -5.08662164e-01  2.84325276e-02
  8.96979451e-01  2.75238305e-01  6.04319394e-01  7.04479277e-01
 -1.92388758e-01  5.88916123e-01 -1.65896252e-01  1.25128731e-01
 -5.41119277e-01  5.95371544e-01 -4.40301627e-01 -9.53436732e-01
 -8.70644271e-01 -7.01563358e-02  5.19006014e-01 -8.48310441e-02
 -4.53820378e-01 -7.63373524e-02 -2.50903994e-01  1.05273589e-01
 -7.83522904e-04 -5.48577607e-01 -1.58988476e+00  4.16692108e-01
  4.86379087e-01 -6.73893452e-01 -2.14246154e-01 -8.94058764e-01
 -1.69562221e-01  1.62465900e-01  4.72447537e-02 -9.45844769e-01
  3.12819541e-01  4.59828615e-01  1.81325778e-01  5.45694053e-01
  5.22985049e-02 -2.90770084e-01  1.11780930e+00 -6.53702319e-01
  8.88752520e-01 -5.18661022e-01  2.26448655e-01  4.19900529e-02
  2.09506735e-01 -9.99619067e-01 -5.97911179e-01  2.40267485e-01
  3.84019047e-01  1.01165771e-01 -1.29132763e-01  1.37262657e-01
  2.43125573e-01  6.61093593e-02  7.34124482e-01  6.55801445e-02
  8.67221475e-01  1.02447104e+00  1.94548965e-01  4.92215395e-01
  2.58256465e-01  7.06858218e-01  4.08109426e-01  1.43596029e+00
 -2.34669849e-01 -2.20608890e-01 -9.00353014e-01 -1.68292020e-02
 -5.18259466e-01  9.73584116e-01  6.35090172e-01 -3.21039736e-01
  1.96893781e-01  1.36441048e-02  5.94366267e-02  6.31835938e-01
 -6.74691439e-01  2.92127788e-01 -1.58445194e-01  4.75977540e-01
 -1.05258442e-01 -2.61095129e-02 -3.47841859e-01 -1.38431609e+00
  2.30988905e-01  2.42584631e-01  2.42318988e-01  8.21007431e-01
  3.47805738e-01 -5.93114078e-01  6.15051806e-01 -1.13383365e+00
 -1.02469993e+00 -2.10129380e-01  5.13058305e-01 -4.32122946e-02
 -8.96828771e-01 -5.06239772e-01  2.97274590e-02 -1.87300277e+00
  9.58072007e-01 -7.87090957e-01 -5.90321839e-01  1.57090092e+00
 -1.52412921e-01  1.07509518e+00 -2.78278589e-01  6.61327541e-01
 -4.37102556e-01  6.07341051e-01  1.74592510e-01 -8.32812190e-01
  7.96080351e-01 -5.79209208e-01 -2.50138134e-01  8.92362118e-01
 -2.45963167e-02 -1.42872378e-01 -1.42276669e+00  1.69364798e+00
  6.29426658e-01 -5.70318513e-02  1.35555339e+00  7.65864253e-01
  4.97816533e-01  1.59259066e-02 -5.13777614e-01 -9.02717590e-01
 -1.13018739e+00  3.83352101e-01 -4.77341488e-02 -3.79710466e-01
 -4.47504103e-01 -1.09895110e+00 -3.86139631e-01  1.03090264e-01
  8.51628721e-01  2.24349573e-01 -3.13555300e-02  1.22573696e-01
  4.94108871e-02  6.98103666e-01  3.02277476e-01  1.66599587e-01
 -3.08436722e-01 -4.66002375e-01  1.62361014e+00 -2.62132585e-01
  5.79887815e-02 -6.79709196e-01  4.46500778e-01 -7.97002465e-02
 -8.20023119e-02  1.22393526e-01 -2.83097059e-01  4.32255983e-01
 -1.04199953e-01 -1.23305070e+00 -3.06826502e-01  3.86385806e-02
 -5.26868701e-01  2.08499730e-01 -1.37608588e-01 -2.77598381e-01
  1.16459966e+00  3.82706597e-02 -1.96235068e-02 -8.02532017e-01
  5.66025376e-01 -4.30100381e-01  1.32197094e+00  6.55819237e-01
 -1.05254024e-01 -6.85315967e-01  2.16215566e-01  5.93630016e-01
  2.85155267e-01  3.85740906e-01 -5.23835123e-01  3.65415752e-01
  1.48793125e+00 -3.41312021e-01  8.37343931e-02  3.88410576e-02
  1.16101551e+00 -8.25121999e-01  2.77617723e-02  7.33939037e-02
 -4.48615134e-01 -3.60707045e-01  2.16005355e-01 -1.82437807e-01
  2.44415596e-01 -5.28269887e-01  8.22483182e-01 -5.70847653e-02
  8.29918385e-01 -1.71355367e-01 -1.51496232e-01  4.65150774e-01
  3.33200365e-01  1.27273887e-01  9.12838519e-01 -1.40352994e-01
 -2.76168674e-01 -5.63478529e-01  1.85518518e-01  6.18515849e-01
  9.07797396e-01  5.58707714e-01  6.54310524e-01 -9.68789756e-01
 -6.15588129e-02 -2.76184026e-02  2.73121327e-01 -3.54086995e-01
  4.74624962e-01  1.37339443e-01 -3.33838254e-01 -4.54894483e-01
 -4.43201482e-01  4.87415552e-01  6.92939878e-01  7.76845098e-01
  2.34562084e-01 -1.71094164e-01  6.52617574e-01 -7.15576172e-01
 -3.63845557e-01  1.07632124e+00 -2.44740129e-01 -1.39437407e-01
  1.62900817e+00  1.14459256e-02  9.56065774e-01  2.93038279e-01
  3.91988426e-01  3.39301564e-02 -6.13436103e-01 -7.80028582e-01
  2.32236609e-01  1.24575007e+00 -7.12414160e-02  6.11095548e-01
  4.77192504e-03 -1.05789937e-01  2.36828491e-01  5.28803527e-01
  4.67312008e-01 -1.94977492e-01 -9.55596268e-01 -6.81563795e-01
  4.23343569e-01 -2.96947718e-01 -3.69488955e-01 -2.89484084e-01
 -4.30452943e-01 -1.37250312e-02  2.62498766e-01 -5.61480105e-01
  5.62621891e-01 -4.18706477e-01 -8.56468499e-01  5.93134239e-02
 -1.00340411e-01 -7.35716164e-01  1.38378620e-01 -6.84343696e-01
  2.17011675e-01 -4.22011822e-01 -4.02174950e-01 -2.10074112e-01
 -6.50949299e-01  8.00443947e-01 -1.05892392e-02 -5.88889062e-01
 -3.27951312e-02 -9.57627073e-02 -4.11157161e-01  1.26788989e-01
 -4.45752770e-01 -3.34704220e-01 -6.30857348e-01  7.39717126e-01
  3.73316854e-01  1.94936663e-01  8.15797508e-01  7.57897347e-02
  2.51457661e-01  7.87429273e-01 -5.90912402e-02  8.01935017e-01
 -5.09869382e-02 -3.16675752e-01 -8.06985676e-01  3.75884295e-01
 -1.02298295e+00  2.55849570e-01  2.58157365e-02  1.62940547e-01
  3.08816880e-01 -8.00899506e-01  1.81837904e+00 -6.99088693e-01
 -2.37569124e-01 -3.24667641e-03 -4.07583922e-01 -2.53018081e-01
  1.05101004e-01  7.78838634e-01  7.80924141e-01  3.96106571e-01
  4.07956630e-01 -2.10249022e-01  4.17130977e-01 -3.68258469e-02
  2.39590809e-01 -1.32325947e-01 -1.05014598e+00 -3.78439307e-01
  1.21962957e-01  9.12429273e-01 -5.16304731e-01 -4.10982370e-01
  1.13879271e-01 -7.30947316e-01 -1.19410682e+00 -8.46092477e-02
 -4.51732308e-01  3.39796931e-01  1.79029241e-01 -3.18569988e-01
 -4.01548207e-01  1.05452193e-02 -9.81033444e-02  2.65956130e-02
 -1.16055489e+00 -2.66568363e-01 -4.17371392e-01 -2.27321759e-01
 -7.98538566e-01 -2.68420726e-01 -7.56898522e-02 -1.46671772e+00
 -3.53073359e-01  7.68439353e-01  5.23869157e-01 -1.45392466e+00
 -7.55149201e-02 -2.53495097e-01 -6.51691973e-01  1.01998317e+00
  1.75246254e-01  2.19446480e-01 -8.75575662e-01  6.49622753e-02
 -2.21772552e-01  6.31361604e-01  1.11363959e+00  8.29166234e-01
 -9.94006217e-01  5.85105002e-01  1.62860320e-03  6.57095253e-01
 -6.60761952e-01  4.83092368e-01  2.10053355e-01  1.93984300e-01
  1.08389914e+00 -2.88248777e-01  2.90296733e-01  6.75145447e-01
  6.10232018e-02 -5.08173525e-01 -1.05302072e+00  4.84012961e-01
 -1.34737328e-01 -1.63434446e-01 -1.95996463e-01 -1.06526923e+00
 -8.11576009e-01 -3.66595089e-01 -1.52673945e-02 -1.13481522e-01
  6.21918961e-02  6.84323311e-02 -7.70469382e-02 -6.34581506e-01
  2.21770406e-01  7.27311909e-01 -3.06834489e-01  1.09503961e+00
 -6.35234714e-02  7.48488754e-02  3.62029821e-01 -1.14483583e+00
  3.36602688e-01 -3.94898474e-01 -4.43032160e-02 -2.25445300e-01
 -9.30737793e-01  4.10731554e-01  3.46095145e-01 -8.76426399e-01
 -7.85481334e-01 -9.14595544e-01 -4.12273765e-01  5.75143516e-01
 -7.46130526e-01  4.76899326e-01 -7.44161129e-01 -6.33583188e-01
 -7.63390839e-01 -8.95849407e-01 -5.26674464e-02  3.77323836e-01
  6.89602196e-02  8.11982453e-01 -1.31613028e+00  7.27658644e-02
 -1.96165428e-01  6.04341328e-01  2.99889833e-01 -1.47399947e-01
  2.67245054e-01  6.23204529e-01  1.50411510e+00  6.07940815e-02
  2.72842020e-01  4.67290968e-01 -6.77232504e-01  5.37263155e-01
 -2.76431590e-01  6.60036445e-01 -5.24141677e-02  3.49252112e-02
  1.12972081e-01  2.25270927e-01 -1.09064952e-01  3.46314520e-01
  7.54533410e-01  7.83834755e-01 -4.25179332e-01  5.52726567e-01
 -1.95189342e-01 -5.99463761e-01 -3.58343661e-01 -2.30281323e-01
  2.36615911e-01  4.99656409e-01  1.68579209e+00 -1.51982561e-01
 -5.63962042e-01 -1.29549968e+00 -2.81212598e-01 -2.55549937e-01
  4.69508678e-01  1.41729280e-01 -5.26430964e-01  2.20184013e-01
 -2.16536090e-01 -9.31372881e-01 -9.69826996e-01  4.32354122e-01
 -1.06032109e+00 -5.03427327e-01 -8.87604475e-01  4.38566148e-01
  1.47396326e+00 -1.03932881e+00  6.63527369e-01 -9.93533015e-01
  1.08747959e+00 -9.77717102e-01 -1.65758193e-01 -4.72277105e-02
  1.20034409e+00  2.41741404e-01  3.70389432e-01 -1.49647415e+00
  6.98196530e-01 -5.78175962e-01  4.05572444e-01 -6.85069382e-01
  1.34073234e+00 -3.75742733e-01 -1.80194214e-01  3.50243032e-01]","[ 2.73681909e-01  1.66004568e-01 -7.44565070e-01 -1.47705269e+00
 -1.09840822e+00 -1.53690919e-01 -1.29248112e-01  2.95904994e-01
 -9.16356027e-01  1.40345776e+00  1.00063539e+00 -6.83065832e-01
  1.30242276e+00 -2.33746576e+00 -9.75994170e-01 -7.89787889e-01
 -1.79506803e+00 -1.28128958e+00  2.09810168e-01  1.29709288e-01
  4.47607398e-01 -6.85392797e-01  7.80511856e-01  1.21133173e+00
 -3.64384532e-01  1.07354224e+00  2.32574058e+00 -1.55821651e-01
 -2.85600513e-01  3.01326066e-01 -6.34632647e-01  1.65162787e-01
  2.81757385e-01 -3.74723703e-01 -2.95077354e-01  7.01536298e-01
 -2.88844388e-02  2.32678980e-01  2.16173112e-01  5.24862707e-01
 -7.30150580e-01 -4.09290910e-01  1.78005755e+00  1.10312033e+00
 -5.30989515e-03  1.62341702e+00  1.30315197e+00 -9.47976291e-01
  1.85765088e-01  1.49317771e-01 -2.13005602e-01 -6.93675578e-01
 -4.48695384e-03 -4.57031608e-01 -9.96706784e-01 -1.11750238e-01
  4.97595131e-01  4.26965803e-01 -1.49265635e+00  2.89656907e-01
 -2.73807108e-01  8.54427159e-01  1.49728537e+00  9.41296890e-02
 -1.70012251e-01  1.05805194e+00  2.47816041e-01  8.55847076e-02
 -2.41706241e-02  3.27099591e-01 -2.99327344e-01 -2.87228137e-01
 -5.82702875e-01 -5.94702363e-01 -1.03217173e+00 -8.13124239e-01
 -5.35450697e-01 -1.03322685e+00  6.12907767e-01  1.13398790e+00
 -7.18036070e-02  1.90137476e-01  6.24559581e-01  4.69076455e-01
  6.27078772e-01  3.44742835e-01 -3.45153689e-01  1.32870555e+00
 -1.61258459e-01 -1.77030429e-01 -1.69568908e+00  1.72073066e-01
  1.15088892e+00  2.67995209e-01 -1.30087376e-01 -2.35246912e-01
 -9.75930631e-01 -2.02227771e-01  8.58478367e-01  6.41340375e-01
 -3.02943230e-01  1.06876230e+00 -6.70137048e-01  1.55068052e+00
  1.39273751e+00 -1.45554578e+00  8.48026991e-01 -9.02008832e-01
 -3.14056218e-01 -8.90919007e-03  1.89570412e-02  6.20763719e-01
  5.67845762e-01  6.88580513e-01  3.47115725e-01  9.87522900e-01
  1.26554236e-01  9.42884982e-01 -9.06472266e-01  4.57331955e-01
  5.71125150e-02  1.78218889e+00 -1.16092294e-01 -9.70406473e-01
  2.32247129e-01 -1.08961582e-01  4.84424561e-01 -1.63584903e-01
 -2.28719175e-01 -3.77911866e-01  1.91282615e-01 -4.40858275e-01
  4.58004832e-01  2.03468651e-01 -7.51598001e-01  7.42124140e-01
  2.11840153e-01 -1.47817540e+00 -5.86319506e-01 -7.08758950e-01
 -5.41633785e-01  5.09984553e-01  3.28427345e-01 -5.58312654e-01
 -3.01396579e-01  4.69190210e-01  4.12009209e-01  4.86853629e-01
  8.65669027e-02 -4.84711647e-01 -1.38688656e-02 -9.07068998e-02
  7.71938503e-01 -4.51887012e-01 -2.65402257e-01  3.44309598e-01
  8.11073661e-01 -7.00493395e-01 -3.49895090e-01  4.73346151e-02
  9.45539415e-01  3.90116870e-01 -1.22340433e-02  9.33209777e-01
  5.38321495e-01  2.30738390e-02  4.50798392e-01  5.45543730e-01
  6.47279382e-01  1.34209245e-01 -6.69469893e-01 -5.51479518e-01
 -9.10929501e-01  8.97117376e-01  7.78002381e-01  7.29684412e-01
 -4.76152264e-03 -2.28286073e-01 -1.80614281e+00 -2.43098214e-01
 -4.10343200e-01  1.65494692e+00 -1.41513258e-01  4.32345904e-02
  2.63454169e-01 -4.78654593e-01  6.30516946e-01  1.35365450e+00
  1.63908258e-01  1.05160549e-01  6.00636341e-02  3.30597907e-01
 -1.11334272e-01  8.60361159e-01 -1.12372410e+00 -1.36552715e+00
 -9.46494460e-01 -6.26207352e-01 -5.15764892e-01  5.79680920e-01
  4.80724514e-01 -1.80933341e-01  8.24896619e-02 -9.76777613e-01
 -5.42914391e-01 -7.89315462e-01  8.83481205e-01  1.10133314e+00
  2.32755274e-01  8.09302405e-02 -7.54249543e-02 -1.47234833e+00
  7.46453345e-01 -1.42875111e+00  4.53871906e-01  1.72359610e+00
 -4.06082766e-03  1.19332123e+00 -8.32867801e-01  6.88086867e-01
  1.37741864e-01  7.88703918e-01  2.78975209e-03 -7.97479689e-01
 -4.38524857e-02  1.13093853e-01 -3.82264405e-01  1.38396609e+00
  6.05312407e-01  1.89717621e-01 -1.87994957e-01  3.21862578e+00
  1.55959547e+00 -5.84481001e-01  1.94749379e+00  5.90261579e-01
 -4.26900893e-01 -1.12351143e+00 -8.85746777e-02 -1.66987240e-01
 -9.51994538e-01  9.89240885e-01 -1.71200693e-01  1.32246166e-01
  5.89776099e-01 -1.25525105e+00  1.01031929e-01 -5.00966609e-01
  1.41644366e-02 -1.63523331e-01  4.52505380e-01  1.33390218e-01
 -6.45448789e-02  3.77991378e-01 -9.04772580e-01 -5.44584334e-01
 -3.49354029e-01 -1.97096571e-01  1.93875515e+00  1.68814957e-01
 -2.22165152e-01  4.48715463e-02 -7.38904104e-02  1.40951602e-02
  1.02817461e-01  1.50721657e+00 -1.24952972e+00  6.83633089e-01
 -4.31086749e-01 -9.22964275e-01 -1.24245316e-01 -4.44169819e-01
  6.44836053e-02  1.13626456e+00  1.71797186e-01  1.07042398e-02
  2.86911428e-01  5.32820761e-01 -3.44686478e-01 -1.07940471e+00
  1.37402907e-01 -1.80691803e+00  1.57622218e+00  8.19589794e-01
 -6.37324572e-01 -1.95334256e-01 -8.80328774e-01  7.41711080e-01
  4.09598909e-02  8.34153175e-01 -4.57031339e-01  2.83941716e-01
  1.10020137e+00 -3.37292314e-01  6.80264905e-02 -1.90589011e-01
  4.87536073e-01 -1.26242483e+00 -5.79993546e-01 -4.71906066e-01
 -5.36747038e-01 -3.78981888e-01 -1.34510770e-01 -4.72808868e-01
  9.65812728e-02 -2.18814477e-01  1.01008964e+00  5.89304030e-01
  5.38034260e-01  8.42455402e-02 -1.40532881e-01  7.70158917e-02
 -7.12736309e-01  3.12387049e-01  7.75598586e-01 -1.94695726e-01
  2.33821779e-01 -2.17562497e-01 -7.44840980e-01  5.53765059e-01
  8.96856844e-01  5.78018725e-01  6.23112261e-01 -5.88956356e-01
  1.32804468e-01  7.09370058e-03  2.32104346e-01  4.71894622e-01
  1.46003708e-01 -2.01706111e-01  1.21953443e-01 -2.07336560e-01
 -7.48902500e-01 -1.27280247e+00  4.56761748e-01  1.68301880e+00
 -1.00462787e-01 -3.45182627e-01  1.17211230e-01 -1.85488552e-01
 -1.44460499e+00  3.66658300e-01 -7.31594324e-01 -8.15469101e-02
  8.85279655e-01  2.86490023e-02  5.78202724e-01  1.48835093e-01
  6.08137071e-01  1.35164604e-01 -5.97466230e-01 -1.76421344e+00
 -3.54768366e-01  2.15320006e-01 -7.04477549e-01  2.93117404e-01
 -6.49666369e-01  2.69496471e-01  1.15424120e+00 -1.98677883e-01
  7.46418774e-01  4.54378814e-01 -1.85189176e+00  3.57578620e-02
  2.35214412e-01 -4.34334457e-01 -1.24479449e+00 -4.68029976e-01
 -1.04268217e+00  4.54844862e-01  7.26285696e-01 -1.08133495e+00
  1.99147046e-01 -2.84403861e-02 -1.07138276e+00 -3.95400703e-01
  6.98548928e-02 -8.70623410e-01  1.54038906e-01 -5.60017645e-01
 -3.75669263e-02 -7.81353354e-01 -7.31090486e-01 -3.41077209e-01
 -4.64152217e-01  6.60407245e-01  2.21335888e-01 -2.39996284e-01
 -6.66767597e-01  2.04499543e-01 -9.10416782e-01 -2.94663727e-01
 -1.17032087e+00  1.64180085e-01 -8.27566922e-01  6.99705660e-01
  1.33685246e-01  1.41605005e-01  3.46421391e-01  1.11059928e+00
  2.52072841e-01  1.55291784e+00  2.43351758e-01  1.04081237e+00
 -2.76770592e-01 -1.19162232e-01 -4.60011601e-01  1.34364569e+00
 -9.52273130e-01  4.80686158e-01  4.06600356e-01  2.80897468e-01
  9.98292208e-01 -1.31541288e+00  9.41959441e-01  2.02116687e-02
  3.70601773e-01 -1.12893559e-01  4.61780250e-01 -2.28449151e-01
  5.85418820e-01  3.94479007e-01  4.59744960e-01  6.36963010e-01
 -1.59505323e-01  1.00677061e+00  9.86175179e-01 -6.47877678e-02
  1.49050981e-01 -5.52432239e-01 -1.06719267e+00 -7.53977180e-01
 -7.81509995e-01  1.15565598e+00 -7.30940580e-01 -1.53717887e+00
  5.50783157e-01 -9.11858559e-01 -8.98802519e-01  5.36069512e-01
 -1.07712102e+00  3.14948589e-01 -8.60910773e-01 -9.96511221e-01
 -2.39814848e-01 -4.29458141e-01  6.79418385e-01  9.86803651e-01
 -1.04657805e+00  9.67387035e-02  2.55706422e-02  6.05388701e-01
 -6.60483122e-01 -2.04639211e-01  4.15904880e-01 -1.35647511e+00
 -9.27955091e-01 -5.36052465e-01  7.45387852e-01 -2.18400240e+00
  7.69201517e-01  3.20852995e-01 -1.20287740e+00  8.35670292e-01
  2.94883221e-01  2.71465987e-01 -7.08536088e-01 -1.06249952e+00
 -1.07689381e+00  7.60423899e-01 -1.21171467e-01  5.39052308e-01
  2.40152165e-01  9.79230523e-01  1.66857615e-01  6.06723279e-02
  1.80916563e-01 -7.60552645e-01 -3.01277459e-01 -4.17362712e-02
  1.74062574e+00 -1.36267334e-01 -3.31193469e-02 -2.82620676e-02
 -2.71528989e-01 -1.73435509e-01 -1.85956001e-01 -6.15883954e-02
  4.15342361e-01 -1.33295789e-01 -9.73394573e-01 -1.42296922e+00
  1.11226980e-02 -6.48887813e-01 -5.59289455e-02 -9.34372365e-01
 -3.20469499e-01  1.71822205e-01 -3.72805476e-01 -1.12383872e-01
 -1.82882831e-01  7.76977718e-01 -4.01029468e-01  4.71335590e-01
  6.27876967e-02  1.55258179e-02  9.98044372e-01 -2.24709749e+00
 -1.66378126e-01  4.33711410e-01 -3.36138129e-01 -6.40719175e-01
 -3.67246747e-01 -7.96032310e-01  6.48426056e-01 -9.42266643e-01
 -1.04082751e+00  7.30441930e-03 -3.89569491e-01  1.47294855e+00
 -7.89180517e-01 -4.36671704e-01 -5.43994963e-01 -5.21494597e-02
 -1.26271176e+00 -7.26314485e-01 -1.92389399e-01  5.17222643e-01
  6.87981725e-01  5.96668839e-01 -1.68401611e+00  5.07986784e-01
 -2.20345091e-02 -4.52393144e-01  1.23454340e-01  7.45882928e-01
  3.60483646e-01  7.12965071e-01  1.17536747e+00  4.84972596e-01
  8.31876397e-01  1.12832159e-01 -5.01047611e-01  1.13193977e+00
 -2.07402274e-01  6.30153298e-01 -7.69594014e-02 -2.62613058e-01
  5.37480652e-01  7.01635540e-01 -3.63881975e-01  6.86224580e-01
  1.05129576e+00  8.88192594e-01 -8.48925829e-01 -8.82286578e-02
  5.01420915e-01 -2.86752075e-01 -3.25413257e-01 -2.72722095e-01
 -4.60710317e-01  1.91521466e+00  1.54720652e+00  1.39547616e-01
 -1.23197943e-01 -1.62960351e+00 -3.06767553e-01 -1.03407121e+00
 -9.68941152e-02 -1.37072957e+00  2.17509329e-01  3.37919682e-01
 -8.65780339e-02 -8.87138367e-01 -5.31756341e-01  6.07614458e-01
 -1.52500010e+00 -6.54680490e-01 -1.09921885e+00  3.09683889e-01
  9.32154894e-01 -7.96648264e-01  1.09819002e-01 -9.36193824e-01
  1.27858591e+00 -1.13009691e-01 -1.56532098e-02 -1.94033533e-01
  8.13754141e-01  7.27848411e-01  1.37440950e-01 -1.28356433e+00
  5.93122900e-01 -4.10506845e-01  6.62912726e-01  2.60262042e-01
  4.77744848e-01 -7.30178475e-01 -3.93511020e-02  5.23803949e-01]",1
22,[*]C(C)(C[*])C(=O)[O-],[*]CC[N+][*],2650,9520,8.5,530,70,0.0,1,2,9,3.59245283018868,1,0,0,10.243472222222222,10.243472222222222,0.0532407407407407,-0.7986111111111109,0.4502538575862794,23.5,85.082,80.04199999999999,85.02950297991,34.0,2.5,3.0,3.0,1.6668127273868607,3.9084966379068455,100.21143267166842,6.784457050376174,3.5236033621142737,3.5236033621142737,3.504035844753885,1.5118016810571369,1.5118016810571369,1.0677875644551755,1.0677875644551755,0.348461712529338,0.348461712529338,0.0,0.0,-0.53,38.3366927298978,2.610921480426842,0.600159264681777,0.2950914053210928,36.78983322325914,35.63575031240701,9.901064578912528,5.969305287951849,19.76538044554264,0.0,0.0,5.106527394840706,5.969305287951849,4.794537184071822,6.923737199690624,0.0,12.841643245852016,40.13,5.969305287951849,9.901064578912528,5.917906046161393,6.923737199690624,0.0,0.0,6.923737199690624,0.0,0.2098148148148149,10.243472222222222,10.243472222222222,0.0,-1.0902777777777777,0.0,0.0,2.810185185185185,0.0,0.75,6.0,2.0,0.0,0.0,2.0,4.0,2.0,0.0,-0.5682,18.181,1.0,0.0,1.0,1.0,1.0,1.0,0.0,0.0,0.0,0.0,4.166666666666666,4.166666666666666,0.4131944444444444,0.4131944444444444,0.4134068917016045,14.666666666666666,42.06099999999999,38.029,42.03382554808999,16.0,2.0,2.6666666666666665,3.6666666666666665,3.6666666666666665,1.4056390622295665,2.19060968716425,15.119415478763749,4.121320343559642,1.8614271578730528,1.8614271578730528,2.414213562373095,0.8162277660168378,0.8162277660168378,0.2236067977499789,0.2236067977499789,0.0,0.0,0.0,0.0,-0.04,11.245112497836532,0.72512600755025,0.2061650840029218,0.0008163265306122,20.444083839238875,19.202161082765382,0.0,0.0,5.733667477162185,0.0,6.923737199690624,6.544756405912575,0.0,5.733667477162185,6.544756405912575,0.0,0.0,0.0,0.0,6.923737199690624,14.1,0.0,0.0,0.0,0.0,13.4684936056032,0.0,0.0,5.733667477162185,1.1076388888888888,0.0,0.0,4.166666666666666,0.0,0.0,0.0,2.7256944444444446,0.0,1.0,3.0,1.0,0.0,0.0,0.0,3.0,2.0,0.0,0.0226999999999999,11.808000000000002,0.0,0.0,0.0,0.0,0.0,0.0,1.0,0.0,0.0,0.0,0.0,0.0,[*]CC([*])(C)C(=O)[O-],[*]C[N+]C[*],"[ 7.49274790e-01  3.35424781e-01  4.55891341e-01 -1.09221423e+00
 -6.25216782e-01  3.14305499e-02 -1.89206481e-01 -9.25612390e-01
 -2.35249296e-01  1.36610961e+00  8.83861855e-02 -7.13659585e-01
  8.14221084e-01 -6.92512333e-01 -5.14061689e-01 -1.33080852e+00
 -1.47874510e+00 -1.03471792e+00 -6.12177968e-01  2.09805042e-01
  5.51994801e-01 -3.05551559e-01  4.35497522e-01  7.36454964e-01
 -6.94340706e-01  1.29001057e+00  2.37998891e+00 -4.05347496e-01
 -6.00476742e-01  7.56517649e-01 -2.95091867e-01 -4.40703213e-01
 -2.38245353e-01 -1.06833398e+00  5.43902814e-01  2.87487179e-01
  1.05013542e-01  7.71469295e-01  2.95419157e-01  2.99429774e-01
 -1.54818922e-01  9.55972448e-02  1.18825090e+00  1.62336457e+00
  2.11596087e-01  1.97126698e+00  7.42778480e-01  1.40871525e-01
 -2.52242148e-01 -5.88141322e-01 -8.30902278e-01 -5.11340201e-02
 -4.66348320e-01 -3.61824811e-01 -5.98171353e-01 -3.63103032e-01
  2.47532055e-01  5.11704028e-01 -7.26159394e-01  1.30475163e-01
 -9.32137072e-01  1.43789789e-02  4.87203658e-01 -6.09903224e-02
 -5.22938311e-01 -2.59041160e-01 -3.10223382e-02  1.33649796e-01
 -4.49149907e-01 -9.90190208e-01 -4.37130392e-01 -8.20998698e-02
 -1.41018599e-01  2.47300267e-01 -1.07266307e+00 -3.37361068e-01
 -3.82067502e-01 -3.48674297e-01  2.41132863e-02 -3.69367570e-01
  4.26380429e-03 -3.68784666e-01  2.93142378e-01  3.39492798e-01
  1.76544249e-01  7.48980865e-02  3.78351748e-01  1.43084496e-01
 -7.50767514e-02  6.98696852e-01 -1.23164153e+00  1.54972628e-01
  1.30712831e+00  4.13169146e-01 -7.62161970e-01  6.20638654e-02
  6.53732941e-02  3.98433149e-01  3.35860610e-01  2.57231444e-01
  5.09362817e-01  2.24197790e-01 -1.09119499e+00  9.36800539e-01
  7.53451943e-01 -1.23084819e+00  9.08430457e-01 -8.67207110e-01
 -4.80619073e-01  4.63999063e-01 -5.08662164e-01  2.84325276e-02
  8.96979451e-01  2.75238305e-01  6.04319394e-01  7.04479277e-01
 -1.92388758e-01  5.88916123e-01 -1.65896252e-01  1.25128731e-01
 -5.41119277e-01  5.95371544e-01 -4.40301627e-01 -9.53436732e-01
 -8.70644271e-01 -7.01563358e-02  5.19006014e-01 -8.48310441e-02
 -4.53820378e-01 -7.63373524e-02 -2.50903994e-01  1.05273589e-01
 -7.83522904e-04 -5.48577607e-01 -1.58988476e+00  4.16692108e-01
  4.86379087e-01 -6.73893452e-01 -2.14246154e-01 -8.94058764e-01
 -1.69562221e-01  1.62465900e-01  4.72447537e-02 -9.45844769e-01
  3.12819541e-01  4.59828615e-01  1.81325778e-01  5.45694053e-01
  5.22985049e-02 -2.90770084e-01  1.11780930e+00 -6.53702319e-01
  8.88752520e-01 -5.18661022e-01  2.26448655e-01  4.19900529e-02
  2.09506735e-01 -9.99619067e-01 -5.97911179e-01  2.40267485e-01
  3.84019047e-01  1.01165771e-01 -1.29132763e-01  1.37262657e-01
  2.43125573e-01  6.61093593e-02  7.34124482e-01  6.55801445e-02
  8.67221475e-01  1.02447104e+00  1.94548965e-01  4.92215395e-01
  2.58256465e-01  7.06858218e-01  4.08109426e-01  1.43596029e+00
 -2.34669849e-01 -2.20608890e-01 -9.00353014e-01 -1.68292020e-02
 -5.18259466e-01  9.73584116e-01  6.35090172e-01 -3.21039736e-01
  1.96893781e-01  1.36441048e-02  5.94366267e-02  6.31835938e-01
 -6.74691439e-01  2.92127788e-01 -1.58445194e-01  4.75977540e-01
 -1.05258442e-01 -2.61095129e-02 -3.47841859e-01 -1.38431609e+00
  2.30988905e-01  2.42584631e-01  2.42318988e-01  8.21007431e-01
  3.47805738e-01 -5.93114078e-01  6.15051806e-01 -1.13383365e+00
 -1.02469993e+00 -2.10129380e-01  5.13058305e-01 -4.32122946e-02
 -8.96828771e-01 -5.06239772e-01  2.97274590e-02 -1.87300277e+00
  9.58072007e-01 -7.87090957e-01 -5.90321839e-01  1.57090092e+00
 -1.52412921e-01  1.07509518e+00 -2.78278589e-01  6.61327541e-01
 -4.37102556e-01  6.07341051e-01  1.74592510e-01 -8.32812190e-01
  7.96080351e-01 -5.79209208e-01 -2.50138134e-01  8.92362118e-01
 -2.45963167e-02 -1.42872378e-01 -1.42276669e+00  1.69364798e+00
  6.29426658e-01 -5.70318513e-02  1.35555339e+00  7.65864253e-01
  4.97816533e-01  1.59259066e-02 -5.13777614e-01 -9.02717590e-01
 -1.13018739e+00  3.83352101e-01 -4.77341488e-02 -3.79710466e-01
 -4.47504103e-01 -1.09895110e+00 -3.86139631e-01  1.03090264e-01
  8.51628721e-01  2.24349573e-01 -3.13555300e-02  1.22573696e-01
  4.94108871e-02  6.98103666e-01  3.02277476e-01  1.66599587e-01
 -3.08436722e-01 -4.66002375e-01  1.62361014e+00 -2.62132585e-01
  5.79887815e-02 -6.79709196e-01  4.46500778e-01 -7.97002465e-02
 -8.20023119e-02  1.22393526e-01 -2.83097059e-01  4.32255983e-01
 -1.04199953e-01 -1.23305070e+00 -3.06826502e-01  3.86385806e-02
 -5.26868701e-01  2.08499730e-01 -1.37608588e-01 -2.77598381e-01
  1.16459966e+00  3.82706597e-02 -1.96235068e-02 -8.02532017e-01
  5.66025376e-01 -4.30100381e-01  1.32197094e+00  6.55819237e-01
 -1.05254024e-01 -6.85315967e-01  2.16215566e-01  5.93630016e-01
  2.85155267e-01  3.85740906e-01 -5.23835123e-01  3.65415752e-01
  1.48793125e+00 -3.41312021e-01  8.37343931e-02  3.88410576e-02
  1.16101551e+00 -8.25121999e-01  2.77617723e-02  7.33939037e-02
 -4.48615134e-01 -3.60707045e-01  2.16005355e-01 -1.82437807e-01
  2.44415596e-01 -5.28269887e-01  8.22483182e-01 -5.70847653e-02
  8.29918385e-01 -1.71355367e-01 -1.51496232e-01  4.65150774e-01
  3.33200365e-01  1.27273887e-01  9.12838519e-01 -1.40352994e-01
 -2.76168674e-01 -5.63478529e-01  1.85518518e-01  6.18515849e-01
  9.07797396e-01  5.58707714e-01  6.54310524e-01 -9.68789756e-01
 -6.15588129e-02 -2.76184026e-02  2.73121327e-01 -3.54086995e-01
  4.74624962e-01  1.37339443e-01 -3.33838254e-01 -4.54894483e-01
 -4.43201482e-01  4.87415552e-01  6.92939878e-01  7.76845098e-01
  2.34562084e-01 -1.71094164e-01  6.52617574e-01 -7.15576172e-01
 -3.63845557e-01  1.07632124e+00 -2.44740129e-01 -1.39437407e-01
  1.62900817e+00  1.14459256e-02  9.56065774e-01  2.93038279e-01
  3.91988426e-01  3.39301564e-02 -6.13436103e-01 -7.80028582e-01
  2.32236609e-01  1.24575007e+00 -7.12414160e-02  6.11095548e-01
  4.77192504e-03 -1.05789937e-01  2.36828491e-01  5.28803527e-01
  4.67312008e-01 -1.94977492e-01 -9.55596268e-01 -6.81563795e-01
  4.23343569e-01 -2.96947718e-01 -3.69488955e-01 -2.89484084e-01
 -4.30452943e-01 -1.37250312e-02  2.62498766e-01 -5.61480105e-01
  5.62621891e-01 -4.18706477e-01 -8.56468499e-01  5.93134239e-02
 -1.00340411e-01 -7.35716164e-01  1.38378620e-01 -6.84343696e-01
  2.17011675e-01 -4.22011822e-01 -4.02174950e-01 -2.10074112e-01
 -6.50949299e-01  8.00443947e-01 -1.05892392e-02 -5.88889062e-01
 -3.27951312e-02 -9.57627073e-02 -4.11157161e-01  1.26788989e-01
 -4.45752770e-01 -3.34704220e-01 -6.30857348e-01  7.39717126e-01
  3.73316854e-01  1.94936663e-01  8.15797508e-01  7.57897347e-02
  2.51457661e-01  7.87429273e-01 -5.90912402e-02  8.01935017e-01
 -5.09869382e-02 -3.16675752e-01 -8.06985676e-01  3.75884295e-01
 -1.02298295e+00  2.55849570e-01  2.58157365e-02  1.62940547e-01
  3.08816880e-01 -8.00899506e-01  1.81837904e+00 -6.99088693e-01
 -2.37569124e-01 -3.24667641e-03 -4.07583922e-01 -2.53018081e-01
  1.05101004e-01  7.78838634e-01  7.80924141e-01  3.96106571e-01
  4.07956630e-01 -2.10249022e-01  4.17130977e-01 -3.68258469e-02
  2.39590809e-01 -1.32325947e-01 -1.05014598e+00 -3.78439307e-01
  1.21962957e-01  9.12429273e-01 -5.16304731e-01 -4.10982370e-01
  1.13879271e-01 -7.30947316e-01 -1.19410682e+00 -8.46092477e-02
 -4.51732308e-01  3.39796931e-01  1.79029241e-01 -3.18569988e-01
 -4.01548207e-01  1.05452193e-02 -9.81033444e-02  2.65956130e-02
 -1.16055489e+00 -2.66568363e-01 -4.17371392e-01 -2.27321759e-01
 -7.98538566e-01 -2.68420726e-01 -7.56898522e-02 -1.46671772e+00
 -3.53073359e-01  7.68439353e-01  5.23869157e-01 -1.45392466e+00
 -7.55149201e-02 -2.53495097e-01 -6.51691973e-01  1.01998317e+00
  1.75246254e-01  2.19446480e-01 -8.75575662e-01  6.49622753e-02
 -2.21772552e-01  6.31361604e-01  1.11363959e+00  8.29166234e-01
 -9.94006217e-01  5.85105002e-01  1.62860320e-03  6.57095253e-01
 -6.60761952e-01  4.83092368e-01  2.10053355e-01  1.93984300e-01
  1.08389914e+00 -2.88248777e-01  2.90296733e-01  6.75145447e-01
  6.10232018e-02 -5.08173525e-01 -1.05302072e+00  4.84012961e-01
 -1.34737328e-01 -1.63434446e-01 -1.95996463e-01 -1.06526923e+00
 -8.11576009e-01 -3.66595089e-01 -1.52673945e-02 -1.13481522e-01
  6.21918961e-02  6.84323311e-02 -7.70469382e-02 -6.34581506e-01
  2.21770406e-01  7.27311909e-01 -3.06834489e-01  1.09503961e+00
 -6.35234714e-02  7.48488754e-02  3.62029821e-01 -1.14483583e+00
  3.36602688e-01 -3.94898474e-01 -4.43032160e-02 -2.25445300e-01
 -9.30737793e-01  4.10731554e-01  3.46095145e-01 -8.76426399e-01
 -7.85481334e-01 -9.14595544e-01 -4.12273765e-01  5.75143516e-01
 -7.46130526e-01  4.76899326e-01 -7.44161129e-01 -6.33583188e-01
 -7.63390839e-01 -8.95849407e-01 -5.26674464e-02  3.77323836e-01
  6.89602196e-02  8.11982453e-01 -1.31613028e+00  7.27658644e-02
 -1.96165428e-01  6.04341328e-01  2.99889833e-01 -1.47399947e-01
  2.67245054e-01  6.23204529e-01  1.50411510e+00  6.07940815e-02
  2.72842020e-01  4.67290968e-01 -6.77232504e-01  5.37263155e-01
 -2.76431590e-01  6.60036445e-01 -5.24141677e-02  3.49252112e-02
  1.12972081e-01  2.25270927e-01 -1.09064952e-01  3.46314520e-01
  7.54533410e-01  7.83834755e-01 -4.25179332e-01  5.52726567e-01
 -1.95189342e-01 -5.99463761e-01 -3.58343661e-01 -2.30281323e-01
  2.36615911e-01  4.99656409e-01  1.68579209e+00 -1.51982561e-01
 -5.63962042e-01 -1.29549968e+00 -2.81212598e-01 -2.55549937e-01
  4.69508678e-01  1.41729280e-01 -5.26430964e-01  2.20184013e-01
 -2.16536090e-01 -9.31372881e-01 -9.69826996e-01  4.32354122e-01
 -1.06032109e+00 -5.03427327e-01 -8.87604475e-01  4.38566148e-01
  1.47396326e+00 -1.03932881e+00  6.63527369e-01 -9.93533015e-01
  1.08747959e+00 -9.77717102e-01 -1.65758193e-01 -4.72277105e-02
  1.20034409e+00  2.41741404e-01  3.70389432e-01 -1.49647415e+00
  6.98196530e-01 -5.78175962e-01  4.05572444e-01 -6.85069382e-01
  1.34073234e+00 -3.75742733e-01 -1.80194214e-01  3.50243032e-01]","[ 2.73681909e-01  1.66004568e-01 -7.44565070e-01 -1.47705269e+00
 -1.09840822e+00 -1.53690919e-01 -1.29248112e-01  2.95904994e-01
 -9.16356027e-01  1.40345776e+00  1.00063539e+00 -6.83065832e-01
  1.30242276e+00 -2.33746576e+00 -9.75994170e-01 -7.89787889e-01
 -1.79506803e+00 -1.28128958e+00  2.09810168e-01  1.29709288e-01
  4.47607398e-01 -6.85392797e-01  7.80511856e-01  1.21133173e+00
 -3.64384532e-01  1.07354224e+00  2.32574058e+00 -1.55821651e-01
 -2.85600513e-01  3.01326066e-01 -6.34632647e-01  1.65162787e-01
  2.81757385e-01 -3.74723703e-01 -2.95077354e-01  7.01536298e-01
 -2.88844388e-02  2.32678980e-01  2.16173112e-01  5.24862707e-01
 -7.30150580e-01 -4.09290910e-01  1.78005755e+00  1.10312033e+00
 -5.30989515e-03  1.62341702e+00  1.30315197e+00 -9.47976291e-01
  1.85765088e-01  1.49317771e-01 -2.13005602e-01 -6.93675578e-01
 -4.48695384e-03 -4.57031608e-01 -9.96706784e-01 -1.11750238e-01
  4.97595131e-01  4.26965803e-01 -1.49265635e+00  2.89656907e-01
 -2.73807108e-01  8.54427159e-01  1.49728537e+00  9.41296890e-02
 -1.70012251e-01  1.05805194e+00  2.47816041e-01  8.55847076e-02
 -2.41706241e-02  3.27099591e-01 -2.99327344e-01 -2.87228137e-01
 -5.82702875e-01 -5.94702363e-01 -1.03217173e+00 -8.13124239e-01
 -5.35450697e-01 -1.03322685e+00  6.12907767e-01  1.13398790e+00
 -7.18036070e-02  1.90137476e-01  6.24559581e-01  4.69076455e-01
  6.27078772e-01  3.44742835e-01 -3.45153689e-01  1.32870555e+00
 -1.61258459e-01 -1.77030429e-01 -1.69568908e+00  1.72073066e-01
  1.15088892e+00  2.67995209e-01 -1.30087376e-01 -2.35246912e-01
 -9.75930631e-01 -2.02227771e-01  8.58478367e-01  6.41340375e-01
 -3.02943230e-01  1.06876230e+00 -6.70137048e-01  1.55068052e+00
  1.39273751e+00 -1.45554578e+00  8.48026991e-01 -9.02008832e-01
 -3.14056218e-01 -8.90919007e-03  1.89570412e-02  6.20763719e-01
  5.67845762e-01  6.88580513e-01  3.47115725e-01  9.87522900e-01
  1.26554236e-01  9.42884982e-01 -9.06472266e-01  4.57331955e-01
  5.71125150e-02  1.78218889e+00 -1.16092294e-01 -9.70406473e-01
  2.32247129e-01 -1.08961582e-01  4.84424561e-01 -1.63584903e-01
 -2.28719175e-01 -3.77911866e-01  1.91282615e-01 -4.40858275e-01
  4.58004832e-01  2.03468651e-01 -7.51598001e-01  7.42124140e-01
  2.11840153e-01 -1.47817540e+00 -5.86319506e-01 -7.08758950e-01
 -5.41633785e-01  5.09984553e-01  3.28427345e-01 -5.58312654e-01
 -3.01396579e-01  4.69190210e-01  4.12009209e-01  4.86853629e-01
  8.65669027e-02 -4.84711647e-01 -1.38688656e-02 -9.07068998e-02
  7.71938503e-01 -4.51887012e-01 -2.65402257e-01  3.44309598e-01
  8.11073661e-01 -7.00493395e-01 -3.49895090e-01  4.73346151e-02
  9.45539415e-01  3.90116870e-01 -1.22340433e-02  9.33209777e-01
  5.38321495e-01  2.30738390e-02  4.50798392e-01  5.45543730e-01
  6.47279382e-01  1.34209245e-01 -6.69469893e-01 -5.51479518e-01
 -9.10929501e-01  8.97117376e-01  7.78002381e-01  7.29684412e-01
 -4.76152264e-03 -2.28286073e-01 -1.80614281e+00 -2.43098214e-01
 -4.10343200e-01  1.65494692e+00 -1.41513258e-01  4.32345904e-02
  2.63454169e-01 -4.78654593e-01  6.30516946e-01  1.35365450e+00
  1.63908258e-01  1.05160549e-01  6.00636341e-02  3.30597907e-01
 -1.11334272e-01  8.60361159e-01 -1.12372410e+00 -1.36552715e+00
 -9.46494460e-01 -6.26207352e-01 -5.15764892e-01  5.79680920e-01
  4.80724514e-01 -1.80933341e-01  8.24896619e-02 -9.76777613e-01
 -5.42914391e-01 -7.89315462e-01  8.83481205e-01  1.10133314e+00
  2.32755274e-01  8.09302405e-02 -7.54249543e-02 -1.47234833e+00
  7.46453345e-01 -1.42875111e+00  4.53871906e-01  1.72359610e+00
 -4.06082766e-03  1.19332123e+00 -8.32867801e-01  6.88086867e-01
  1.37741864e-01  7.88703918e-01  2.78975209e-03 -7.97479689e-01
 -4.38524857e-02  1.13093853e-01 -3.82264405e-01  1.38396609e+00
  6.05312407e-01  1.89717621e-01 -1.87994957e-01  3.21862578e+00
  1.55959547e+00 -5.84481001e-01  1.94749379e+00  5.90261579e-01
 -4.26900893e-01 -1.12351143e+00 -8.85746777e-02 -1.66987240e-01
 -9.51994538e-01  9.89240885e-01 -1.71200693e-01  1.32246166e-01
  5.89776099e-01 -1.25525105e+00  1.01031929e-01 -5.00966609e-01
  1.41644366e-02 -1.63523331e-01  4.52505380e-01  1.33390218e-01
 -6.45448789e-02  3.77991378e-01 -9.04772580e-01 -5.44584334e-01
 -3.49354029e-01 -1.97096571e-01  1.93875515e+00  1.68814957e-01
 -2.22165152e-01  4.48715463e-02 -7.38904104e-02  1.40951602e-02
  1.02817461e-01  1.50721657e+00 -1.24952972e+00  6.83633089e-01
 -4.31086749e-01 -9.22964275e-01 -1.24245316e-01 -4.44169819e-01
  6.44836053e-02  1.13626456e+00  1.71797186e-01  1.07042398e-02
  2.86911428e-01  5.32820761e-01 -3.44686478e-01 -1.07940471e+00
  1.37402907e-01 -1.80691803e+00  1.57622218e+00  8.19589794e-01
 -6.37324572e-01 -1.95334256e-01 -8.80328774e-01  7.41711080e-01
  4.09598909e-02  8.34153175e-01 -4.57031339e-01  2.83941716e-01
  1.10020137e+00 -3.37292314e-01  6.80264905e-02 -1.90589011e-01
  4.87536073e-01 -1.26242483e+00 -5.79993546e-01 -4.71906066e-01
 -5.36747038e-01 -3.78981888e-01 -1.34510770e-01 -4.72808868e-01
  9.65812728e-02 -2.18814477e-01  1.01008964e+00  5.89304030e-01
  5.38034260e-01  8.42455402e-02 -1.40532881e-01  7.70158917e-02
 -7.12736309e-01  3.12387049e-01  7.75598586e-01 -1.94695726e-01
  2.33821779e-01 -2.17562497e-01 -7.44840980e-01  5.53765059e-01
  8.96856844e-01  5.78018725e-01  6.23112261e-01 -5.88956356e-01
  1.32804468e-01  7.09370058e-03  2.32104346e-01  4.71894622e-01
  1.46003708e-01 -2.01706111e-01  1.21953443e-01 -2.07336560e-01
 -7.48902500e-01 -1.27280247e+00  4.56761748e-01  1.68301880e+00
 -1.00462787e-01 -3.45182627e-01  1.17211230e-01 -1.85488552e-01
 -1.44460499e+00  3.66658300e-01 -7.31594324e-01 -8.15469101e-02
  8.85279655e-01  2.86490023e-02  5.78202724e-01  1.48835093e-01
  6.08137071e-01  1.35164604e-01 -5.97466230e-01 -1.76421344e+00
 -3.54768366e-01  2.15320006e-01 -7.04477549e-01  2.93117404e-01
 -6.49666369e-01  2.69496471e-01  1.15424120e+00 -1.98677883e-01
  7.46418774e-01  4.54378814e-01 -1.85189176e+00  3.57578620e-02
  2.35214412e-01 -4.34334457e-01 -1.24479449e+00 -4.68029976e-01
 -1.04268217e+00  4.54844862e-01  7.26285696e-01 -1.08133495e+00
  1.99147046e-01 -2.84403861e-02 -1.07138276e+00 -3.95400703e-01
  6.98548928e-02 -8.70623410e-01  1.54038906e-01 -5.60017645e-01
 -3.75669263e-02 -7.81353354e-01 -7.31090486e-01 -3.41077209e-01
 -4.64152217e-01  6.60407245e-01  2.21335888e-01 -2.39996284e-01
 -6.66767597e-01  2.04499543e-01 -9.10416782e-01 -2.94663727e-01
 -1.17032087e+00  1.64180085e-01 -8.27566922e-01  6.99705660e-01
  1.33685246e-01  1.41605005e-01  3.46421391e-01  1.11059928e+00
  2.52072841e-01  1.55291784e+00  2.43351758e-01  1.04081237e+00
 -2.76770592e-01 -1.19162232e-01 -4.60011601e-01  1.34364569e+00
 -9.52273130e-01  4.80686158e-01  4.06600356e-01  2.80897468e-01
  9.98292208e-01 -1.31541288e+00  9.41959441e-01  2.02116687e-02
  3.70601773e-01 -1.12893559e-01  4.61780250e-01 -2.28449151e-01
  5.85418820e-01  3.94479007e-01  4.59744960e-01  6.36963010e-01
 -1.59505323e-01  1.00677061e+00  9.86175179e-01 -6.47877678e-02
  1.49050981e-01 -5.52432239e-01 -1.06719267e+00 -7.53977180e-01
 -7.81509995e-01  1.15565598e+00 -7.30940580e-01 -1.53717887e+00
  5.50783157e-01 -9.11858559e-01 -8.98802519e-01  5.36069512e-01
 -1.07712102e+00  3.14948589e-01 -8.60910773e-01 -9.96511221e-01
 -2.39814848e-01 -4.29458141e-01  6.79418385e-01  9.86803651e-01
 -1.04657805e+00  9.67387035e-02  2.55706422e-02  6.05388701e-01
 -6.60483122e-01 -2.04639211e-01  4.15904880e-01 -1.35647511e+00
 -9.27955091e-01 -5.36052465e-01  7.45387852e-01 -2.18400240e+00
  7.69201517e-01  3.20852995e-01 -1.20287740e+00  8.35670292e-01
  2.94883221e-01  2.71465987e-01 -7.08536088e-01 -1.06249952e+00
 -1.07689381e+00  7.60423899e-01 -1.21171467e-01  5.39052308e-01
  2.40152165e-01  9.79230523e-01  1.66857615e-01  6.06723279e-02
  1.80916563e-01 -7.60552645e-01 -3.01277459e-01 -4.17362712e-02
  1.74062574e+00 -1.36267334e-01 -3.31193469e-02 -2.82620676e-02
 -2.71528989e-01 -1.73435509e-01 -1.85956001e-01 -6.15883954e-02
  4.15342361e-01 -1.33295789e-01 -9.73394573e-01 -1.42296922e+00
  1.11226980e-02 -6.48887813e-01 -5.59289455e-02 -9.34372365e-01
 -3.20469499e-01  1.71822205e-01 -3.72805476e-01 -1.12383872e-01
 -1.82882831e-01  7.76977718e-01 -4.01029468e-01  4.71335590e-01
  6.27876967e-02  1.55258179e-02  9.98044372e-01 -2.24709749e+00
 -1.66378126e-01  4.33711410e-01 -3.36138129e-01 -6.40719175e-01
 -3.67246747e-01 -7.96032310e-01  6.48426056e-01 -9.42266643e-01
 -1.04082751e+00  7.30441930e-03 -3.89569491e-01  1.47294855e+00
 -7.89180517e-01 -4.36671704e-01 -5.43994963e-01 -5.21494597e-02
 -1.26271176e+00 -7.26314485e-01 -1.92389399e-01  5.17222643e-01
  6.87981725e-01  5.96668839e-01 -1.68401611e+00  5.07986784e-01
 -2.20345091e-02 -4.52393144e-01  1.23454340e-01  7.45882928e-01
  3.60483646e-01  7.12965071e-01  1.17536747e+00  4.84972596e-01
  8.31876397e-01  1.12832159e-01 -5.01047611e-01  1.13193977e+00
 -2.07402274e-01  6.30153298e-01 -7.69594014e-02 -2.62613058e-01
  5.37480652e-01  7.01635540e-01 -3.63881975e-01  6.86224580e-01
  1.05129576e+00  8.88192594e-01 -8.48925829e-01 -8.82286578e-02
  5.01420915e-01 -2.86752075e-01 -3.25413257e-01 -2.72722095e-01
 -4.60710317e-01  1.91521466e+00  1.54720652e+00  1.39547616e-01
 -1.23197943e-01 -1.62960351e+00 -3.06767553e-01 -1.03407121e+00
 -9.68941152e-02 -1.37072957e+00  2.17509329e-01  3.37919682e-01
 -8.65780339e-02 -8.87138367e-01 -5.31756341e-01  6.07614458e-01
 -1.52500010e+00 -6.54680490e-01 -1.09921885e+00  3.09683889e-01
  9.32154894e-01 -7.96648264e-01  1.09819002e-01 -9.36193824e-01
  1.27858591e+00 -1.13009691e-01 -1.56532098e-02 -1.94033533e-01
  8.13754141e-01  7.27848411e-01  1.37440950e-01 -1.28356433e+00
  5.93122900e-01 -4.10506845e-01  6.62912726e-01  2.60262042e-01
  4.77744848e-01 -7.30178475e-01 -3.93511020e-02  5.23803949e-01]",1
23,[*]C(C)(C[*])C(=O)[O-],[*]CC[N+][*],2650,9520,8.5,450,60,0.0,1,2,9,3.59245283018868,1,0,0,10.243472222222222,10.243472222222222,0.0532407407407407,-0.7986111111111109,0.4502538575862794,23.5,85.082,80.04199999999999,85.02950297991,34.0,2.5,3.0,3.0,1.6668127273868607,3.9084966379068455,100.21143267166842,6.784457050376174,3.5236033621142737,3.5236033621142737,3.504035844753885,1.5118016810571369,1.5118016810571369,1.0677875644551755,1.0677875644551755,0.348461712529338,0.348461712529338,0.0,0.0,-0.53,38.3366927298978,2.610921480426842,0.600159264681777,0.2950914053210928,36.78983322325914,35.63575031240701,9.901064578912528,5.969305287951849,19.76538044554264,0.0,0.0,5.106527394840706,5.969305287951849,4.794537184071822,6.923737199690624,0.0,12.841643245852016,40.13,5.969305287951849,9.901064578912528,5.917906046161393,6.923737199690624,0.0,0.0,6.923737199690624,0.0,0.2098148148148149,10.243472222222222,10.243472222222222,0.0,-1.0902777777777777,0.0,0.0,2.810185185185185,0.0,0.75,6.0,2.0,0.0,0.0,2.0,4.0,2.0,0.0,-0.5682,18.181,1.0,0.0,1.0,1.0,1.0,1.0,0.0,0.0,0.0,0.0,4.166666666666666,4.166666666666666,0.4131944444444444,0.4131944444444444,0.4134068917016045,14.666666666666666,42.06099999999999,38.029,42.03382554808999,16.0,2.0,2.6666666666666665,3.6666666666666665,3.6666666666666665,1.4056390622295665,2.19060968716425,15.119415478763749,4.121320343559642,1.8614271578730528,1.8614271578730528,2.414213562373095,0.8162277660168378,0.8162277660168378,0.2236067977499789,0.2236067977499789,0.0,0.0,0.0,0.0,-0.04,11.245112497836532,0.72512600755025,0.2061650840029218,0.0008163265306122,20.444083839238875,19.202161082765382,0.0,0.0,5.733667477162185,0.0,6.923737199690624,6.544756405912575,0.0,5.733667477162185,6.544756405912575,0.0,0.0,0.0,0.0,6.923737199690624,14.1,0.0,0.0,0.0,0.0,13.4684936056032,0.0,0.0,5.733667477162185,1.1076388888888888,0.0,0.0,4.166666666666666,0.0,0.0,0.0,2.7256944444444446,0.0,1.0,3.0,1.0,0.0,0.0,0.0,3.0,2.0,0.0,0.0226999999999999,11.808000000000002,0.0,0.0,0.0,0.0,0.0,0.0,1.0,0.0,0.0,0.0,0.0,0.0,[*]CC([*])(C)C(=O)[O-],[*]C[N+]C[*],"[ 7.49274790e-01  3.35424781e-01  4.55891341e-01 -1.09221423e+00
 -6.25216782e-01  3.14305499e-02 -1.89206481e-01 -9.25612390e-01
 -2.35249296e-01  1.36610961e+00  8.83861855e-02 -7.13659585e-01
  8.14221084e-01 -6.92512333e-01 -5.14061689e-01 -1.33080852e+00
 -1.47874510e+00 -1.03471792e+00 -6.12177968e-01  2.09805042e-01
  5.51994801e-01 -3.05551559e-01  4.35497522e-01  7.36454964e-01
 -6.94340706e-01  1.29001057e+00  2.37998891e+00 -4.05347496e-01
 -6.00476742e-01  7.56517649e-01 -2.95091867e-01 -4.40703213e-01
 -2.38245353e-01 -1.06833398e+00  5.43902814e-01  2.87487179e-01
  1.05013542e-01  7.71469295e-01  2.95419157e-01  2.99429774e-01
 -1.54818922e-01  9.55972448e-02  1.18825090e+00  1.62336457e+00
  2.11596087e-01  1.97126698e+00  7.42778480e-01  1.40871525e-01
 -2.52242148e-01 -5.88141322e-01 -8.30902278e-01 -5.11340201e-02
 -4.66348320e-01 -3.61824811e-01 -5.98171353e-01 -3.63103032e-01
  2.47532055e-01  5.11704028e-01 -7.26159394e-01  1.30475163e-01
 -9.32137072e-01  1.43789789e-02  4.87203658e-01 -6.09903224e-02
 -5.22938311e-01 -2.59041160e-01 -3.10223382e-02  1.33649796e-01
 -4.49149907e-01 -9.90190208e-01 -4.37130392e-01 -8.20998698e-02
 -1.41018599e-01  2.47300267e-01 -1.07266307e+00 -3.37361068e-01
 -3.82067502e-01 -3.48674297e-01  2.41132863e-02 -3.69367570e-01
  4.26380429e-03 -3.68784666e-01  2.93142378e-01  3.39492798e-01
  1.76544249e-01  7.48980865e-02  3.78351748e-01  1.43084496e-01
 -7.50767514e-02  6.98696852e-01 -1.23164153e+00  1.54972628e-01
  1.30712831e+00  4.13169146e-01 -7.62161970e-01  6.20638654e-02
  6.53732941e-02  3.98433149e-01  3.35860610e-01  2.57231444e-01
  5.09362817e-01  2.24197790e-01 -1.09119499e+00  9.36800539e-01
  7.53451943e-01 -1.23084819e+00  9.08430457e-01 -8.67207110e-01
 -4.80619073e-01  4.63999063e-01 -5.08662164e-01  2.84325276e-02
  8.96979451e-01  2.75238305e-01  6.04319394e-01  7.04479277e-01
 -1.92388758e-01  5.88916123e-01 -1.65896252e-01  1.25128731e-01
 -5.41119277e-01  5.95371544e-01 -4.40301627e-01 -9.53436732e-01
 -8.70644271e-01 -7.01563358e-02  5.19006014e-01 -8.48310441e-02
 -4.53820378e-01 -7.63373524e-02 -2.50903994e-01  1.05273589e-01
 -7.83522904e-04 -5.48577607e-01 -1.58988476e+00  4.16692108e-01
  4.86379087e-01 -6.73893452e-01 -2.14246154e-01 -8.94058764e-01
 -1.69562221e-01  1.62465900e-01  4.72447537e-02 -9.45844769e-01
  3.12819541e-01  4.59828615e-01  1.81325778e-01  5.45694053e-01
  5.22985049e-02 -2.90770084e-01  1.11780930e+00 -6.53702319e-01
  8.88752520e-01 -5.18661022e-01  2.26448655e-01  4.19900529e-02
  2.09506735e-01 -9.99619067e-01 -5.97911179e-01  2.40267485e-01
  3.84019047e-01  1.01165771e-01 -1.29132763e-01  1.37262657e-01
  2.43125573e-01  6.61093593e-02  7.34124482e-01  6.55801445e-02
  8.67221475e-01  1.02447104e+00  1.94548965e-01  4.92215395e-01
  2.58256465e-01  7.06858218e-01  4.08109426e-01  1.43596029e+00
 -2.34669849e-01 -2.20608890e-01 -9.00353014e-01 -1.68292020e-02
 -5.18259466e-01  9.73584116e-01  6.35090172e-01 -3.21039736e-01
  1.96893781e-01  1.36441048e-02  5.94366267e-02  6.31835938e-01
 -6.74691439e-01  2.92127788e-01 -1.58445194e-01  4.75977540e-01
 -1.05258442e-01 -2.61095129e-02 -3.47841859e-01 -1.38431609e+00
  2.30988905e-01  2.42584631e-01  2.42318988e-01  8.21007431e-01
  3.47805738e-01 -5.93114078e-01  6.15051806e-01 -1.13383365e+00
 -1.02469993e+00 -2.10129380e-01  5.13058305e-01 -4.32122946e-02
 -8.96828771e-01 -5.06239772e-01  2.97274590e-02 -1.87300277e+00
  9.58072007e-01 -7.87090957e-01 -5.90321839e-01  1.57090092e+00
 -1.52412921e-01  1.07509518e+00 -2.78278589e-01  6.61327541e-01
 -4.37102556e-01  6.07341051e-01  1.74592510e-01 -8.32812190e-01
  7.96080351e-01 -5.79209208e-01 -2.50138134e-01  8.92362118e-01
 -2.45963167e-02 -1.42872378e-01 -1.42276669e+00  1.69364798e+00
  6.29426658e-01 -5.70318513e-02  1.35555339e+00  7.65864253e-01
  4.97816533e-01  1.59259066e-02 -5.13777614e-01 -9.02717590e-01
 -1.13018739e+00  3.83352101e-01 -4.77341488e-02 -3.79710466e-01
 -4.47504103e-01 -1.09895110e+00 -3.86139631e-01  1.03090264e-01
  8.51628721e-01  2.24349573e-01 -3.13555300e-02  1.22573696e-01
  4.94108871e-02  6.98103666e-01  3.02277476e-01  1.66599587e-01
 -3.08436722e-01 -4.66002375e-01  1.62361014e+00 -2.62132585e-01
  5.79887815e-02 -6.79709196e-01  4.46500778e-01 -7.97002465e-02
 -8.20023119e-02  1.22393526e-01 -2.83097059e-01  4.32255983e-01
 -1.04199953e-01 -1.23305070e+00 -3.06826502e-01  3.86385806e-02
 -5.26868701e-01  2.08499730e-01 -1.37608588e-01 -2.77598381e-01
  1.16459966e+00  3.82706597e-02 -1.96235068e-02 -8.02532017e-01
  5.66025376e-01 -4.30100381e-01  1.32197094e+00  6.55819237e-01
 -1.05254024e-01 -6.85315967e-01  2.16215566e-01  5.93630016e-01
  2.85155267e-01  3.85740906e-01 -5.23835123e-01  3.65415752e-01
  1.48793125e+00 -3.41312021e-01  8.37343931e-02  3.88410576e-02
  1.16101551e+00 -8.25121999e-01  2.77617723e-02  7.33939037e-02
 -4.48615134e-01 -3.60707045e-01  2.16005355e-01 -1.82437807e-01
  2.44415596e-01 -5.28269887e-01  8.22483182e-01 -5.70847653e-02
  8.29918385e-01 -1.71355367e-01 -1.51496232e-01  4.65150774e-01
  3.33200365e-01  1.27273887e-01  9.12838519e-01 -1.40352994e-01
 -2.76168674e-01 -5.63478529e-01  1.85518518e-01  6.18515849e-01
  9.07797396e-01  5.58707714e-01  6.54310524e-01 -9.68789756e-01
 -6.15588129e-02 -2.76184026e-02  2.73121327e-01 -3.54086995e-01
  4.74624962e-01  1.37339443e-01 -3.33838254e-01 -4.54894483e-01
 -4.43201482e-01  4.87415552e-01  6.92939878e-01  7.76845098e-01
  2.34562084e-01 -1.71094164e-01  6.52617574e-01 -7.15576172e-01
 -3.63845557e-01  1.07632124e+00 -2.44740129e-01 -1.39437407e-01
  1.62900817e+00  1.14459256e-02  9.56065774e-01  2.93038279e-01
  3.91988426e-01  3.39301564e-02 -6.13436103e-01 -7.80028582e-01
  2.32236609e-01  1.24575007e+00 -7.12414160e-02  6.11095548e-01
  4.77192504e-03 -1.05789937e-01  2.36828491e-01  5.28803527e-01
  4.67312008e-01 -1.94977492e-01 -9.55596268e-01 -6.81563795e-01
  4.23343569e-01 -2.96947718e-01 -3.69488955e-01 -2.89484084e-01
 -4.30452943e-01 -1.37250312e-02  2.62498766e-01 -5.61480105e-01
  5.62621891e-01 -4.18706477e-01 -8.56468499e-01  5.93134239e-02
 -1.00340411e-01 -7.35716164e-01  1.38378620e-01 -6.84343696e-01
  2.17011675e-01 -4.22011822e-01 -4.02174950e-01 -2.10074112e-01
 -6.50949299e-01  8.00443947e-01 -1.05892392e-02 -5.88889062e-01
 -3.27951312e-02 -9.57627073e-02 -4.11157161e-01  1.26788989e-01
 -4.45752770e-01 -3.34704220e-01 -6.30857348e-01  7.39717126e-01
  3.73316854e-01  1.94936663e-01  8.15797508e-01  7.57897347e-02
  2.51457661e-01  7.87429273e-01 -5.90912402e-02  8.01935017e-01
 -5.09869382e-02 -3.16675752e-01 -8.06985676e-01  3.75884295e-01
 -1.02298295e+00  2.55849570e-01  2.58157365e-02  1.62940547e-01
  3.08816880e-01 -8.00899506e-01  1.81837904e+00 -6.99088693e-01
 -2.37569124e-01 -3.24667641e-03 -4.07583922e-01 -2.53018081e-01
  1.05101004e-01  7.78838634e-01  7.80924141e-01  3.96106571e-01
  4.07956630e-01 -2.10249022e-01  4.17130977e-01 -3.68258469e-02
  2.39590809e-01 -1.32325947e-01 -1.05014598e+00 -3.78439307e-01
  1.21962957e-01  9.12429273e-01 -5.16304731e-01 -4.10982370e-01
  1.13879271e-01 -7.30947316e-01 -1.19410682e+00 -8.46092477e-02
 -4.51732308e-01  3.39796931e-01  1.79029241e-01 -3.18569988e-01
 -4.01548207e-01  1.05452193e-02 -9.81033444e-02  2.65956130e-02
 -1.16055489e+00 -2.66568363e-01 -4.17371392e-01 -2.27321759e-01
 -7.98538566e-01 -2.68420726e-01 -7.56898522e-02 -1.46671772e+00
 -3.53073359e-01  7.68439353e-01  5.23869157e-01 -1.45392466e+00
 -7.55149201e-02 -2.53495097e-01 -6.51691973e-01  1.01998317e+00
  1.75246254e-01  2.19446480e-01 -8.75575662e-01  6.49622753e-02
 -2.21772552e-01  6.31361604e-01  1.11363959e+00  8.29166234e-01
 -9.94006217e-01  5.85105002e-01  1.62860320e-03  6.57095253e-01
 -6.60761952e-01  4.83092368e-01  2.10053355e-01  1.93984300e-01
  1.08389914e+00 -2.88248777e-01  2.90296733e-01  6.75145447e-01
  6.10232018e-02 -5.08173525e-01 -1.05302072e+00  4.84012961e-01
 -1.34737328e-01 -1.63434446e-01 -1.95996463e-01 -1.06526923e+00
 -8.11576009e-01 -3.66595089e-01 -1.52673945e-02 -1.13481522e-01
  6.21918961e-02  6.84323311e-02 -7.70469382e-02 -6.34581506e-01
  2.21770406e-01  7.27311909e-01 -3.06834489e-01  1.09503961e+00
 -6.35234714e-02  7.48488754e-02  3.62029821e-01 -1.14483583e+00
  3.36602688e-01 -3.94898474e-01 -4.43032160e-02 -2.25445300e-01
 -9.30737793e-01  4.10731554e-01  3.46095145e-01 -8.76426399e-01
 -7.85481334e-01 -9.14595544e-01 -4.12273765e-01  5.75143516e-01
 -7.46130526e-01  4.76899326e-01 -7.44161129e-01 -6.33583188e-01
 -7.63390839e-01 -8.95849407e-01 -5.26674464e-02  3.77323836e-01
  6.89602196e-02  8.11982453e-01 -1.31613028e+00  7.27658644e-02
 -1.96165428e-01  6.04341328e-01  2.99889833e-01 -1.47399947e-01
  2.67245054e-01  6.23204529e-01  1.50411510e+00  6.07940815e-02
  2.72842020e-01  4.67290968e-01 -6.77232504e-01  5.37263155e-01
 -2.76431590e-01  6.60036445e-01 -5.24141677e-02  3.49252112e-02
  1.12972081e-01  2.25270927e-01 -1.09064952e-01  3.46314520e-01
  7.54533410e-01  7.83834755e-01 -4.25179332e-01  5.52726567e-01
 -1.95189342e-01 -5.99463761e-01 -3.58343661e-01 -2.30281323e-01
  2.36615911e-01  4.99656409e-01  1.68579209e+00 -1.51982561e-01
 -5.63962042e-01 -1.29549968e+00 -2.81212598e-01 -2.55549937e-01
  4.69508678e-01  1.41729280e-01 -5.26430964e-01  2.20184013e-01
 -2.16536090e-01 -9.31372881e-01 -9.69826996e-01  4.32354122e-01
 -1.06032109e+00 -5.03427327e-01 -8.87604475e-01  4.38566148e-01
  1.47396326e+00 -1.03932881e+00  6.63527369e-01 -9.93533015e-01
  1.08747959e+00 -9.77717102e-01 -1.65758193e-01 -4.72277105e-02
  1.20034409e+00  2.41741404e-01  3.70389432e-01 -1.49647415e+00
  6.98196530e-01 -5.78175962e-01  4.05572444e-01 -6.85069382e-01
  1.34073234e+00 -3.75742733e-01 -1.80194214e-01  3.50243032e-01]","[ 2.73681909e-01  1.66004568e-01 -7.44565070e-01 -1.47705269e+00
 -1.09840822e+00 -1.53690919e-01 -1.29248112e-01  2.95904994e-01
 -9.16356027e-01  1.40345776e+00  1.00063539e+00 -6.83065832e-01
  1.30242276e+00 -2.33746576e+00 -9.75994170e-01 -7.89787889e-01
 -1.79506803e+00 -1.28128958e+00  2.09810168e-01  1.29709288e-01
  4.47607398e-01 -6.85392797e-01  7.80511856e-01  1.21133173e+00
 -3.64384532e-01  1.07354224e+00  2.32574058e+00 -1.55821651e-01
 -2.85600513e-01  3.01326066e-01 -6.34632647e-01  1.65162787e-01
  2.81757385e-01 -3.74723703e-01 -2.95077354e-01  7.01536298e-01
 -2.88844388e-02  2.32678980e-01  2.16173112e-01  5.24862707e-01
 -7.30150580e-01 -4.09290910e-01  1.78005755e+00  1.10312033e+00
 -5.30989515e-03  1.62341702e+00  1.30315197e+00 -9.47976291e-01
  1.85765088e-01  1.49317771e-01 -2.13005602e-01 -6.93675578e-01
 -4.48695384e-03 -4.57031608e-01 -9.96706784e-01 -1.11750238e-01
  4.97595131e-01  4.26965803e-01 -1.49265635e+00  2.89656907e-01
 -2.73807108e-01  8.54427159e-01  1.49728537e+00  9.41296890e-02
 -1.70012251e-01  1.05805194e+00  2.47816041e-01  8.55847076e-02
 -2.41706241e-02  3.27099591e-01 -2.99327344e-01 -2.87228137e-01
 -5.82702875e-01 -5.94702363e-01 -1.03217173e+00 -8.13124239e-01
 -5.35450697e-01 -1.03322685e+00  6.12907767e-01  1.13398790e+00
 -7.18036070e-02  1.90137476e-01  6.24559581e-01  4.69076455e-01
  6.27078772e-01  3.44742835e-01 -3.45153689e-01  1.32870555e+00
 -1.61258459e-01 -1.77030429e-01 -1.69568908e+00  1.72073066e-01
  1.15088892e+00  2.67995209e-01 -1.30087376e-01 -2.35246912e-01
 -9.75930631e-01 -2.02227771e-01  8.58478367e-01  6.41340375e-01
 -3.02943230e-01  1.06876230e+00 -6.70137048e-01  1.55068052e+00
  1.39273751e+00 -1.45554578e+00  8.48026991e-01 -9.02008832e-01
 -3.14056218e-01 -8.90919007e-03  1.89570412e-02  6.20763719e-01
  5.67845762e-01  6.88580513e-01  3.47115725e-01  9.87522900e-01
  1.26554236e-01  9.42884982e-01 -9.06472266e-01  4.57331955e-01
  5.71125150e-02  1.78218889e+00 -1.16092294e-01 -9.70406473e-01
  2.32247129e-01 -1.08961582e-01  4.84424561e-01 -1.63584903e-01
 -2.28719175e-01 -3.77911866e-01  1.91282615e-01 -4.40858275e-01
  4.58004832e-01  2.03468651e-01 -7.51598001e-01  7.42124140e-01
  2.11840153e-01 -1.47817540e+00 -5.86319506e-01 -7.08758950e-01
 -5.41633785e-01  5.09984553e-01  3.28427345e-01 -5.58312654e-01
 -3.01396579e-01  4.69190210e-01  4.12009209e-01  4.86853629e-01
  8.65669027e-02 -4.84711647e-01 -1.38688656e-02 -9.07068998e-02
  7.71938503e-01 -4.51887012e-01 -2.65402257e-01  3.44309598e-01
  8.11073661e-01 -7.00493395e-01 -3.49895090e-01  4.73346151e-02
  9.45539415e-01  3.90116870e-01 -1.22340433e-02  9.33209777e-01
  5.38321495e-01  2.30738390e-02  4.50798392e-01  5.45543730e-01
  6.47279382e-01  1.34209245e-01 -6.69469893e-01 -5.51479518e-01
 -9.10929501e-01  8.97117376e-01  7.78002381e-01  7.29684412e-01
 -4.76152264e-03 -2.28286073e-01 -1.80614281e+00 -2.43098214e-01
 -4.10343200e-01  1.65494692e+00 -1.41513258e-01  4.32345904e-02
  2.63454169e-01 -4.78654593e-01  6.30516946e-01  1.35365450e+00
  1.63908258e-01  1.05160549e-01  6.00636341e-02  3.30597907e-01
 -1.11334272e-01  8.60361159e-01 -1.12372410e+00 -1.36552715e+00
 -9.46494460e-01 -6.26207352e-01 -5.15764892e-01  5.79680920e-01
  4.80724514e-01 -1.80933341e-01  8.24896619e-02 -9.76777613e-01
 -5.42914391e-01 -7.89315462e-01  8.83481205e-01  1.10133314e+00
  2.32755274e-01  8.09302405e-02 -7.54249543e-02 -1.47234833e+00
  7.46453345e-01 -1.42875111e+00  4.53871906e-01  1.72359610e+00
 -4.06082766e-03  1.19332123e+00 -8.32867801e-01  6.88086867e-01
  1.37741864e-01  7.88703918e-01  2.78975209e-03 -7.97479689e-01
 -4.38524857e-02  1.13093853e-01 -3.82264405e-01  1.38396609e+00
  6.05312407e-01  1.89717621e-01 -1.87994957e-01  3.21862578e+00
  1.55959547e+00 -5.84481001e-01  1.94749379e+00  5.90261579e-01
 -4.26900893e-01 -1.12351143e+00 -8.85746777e-02 -1.66987240e-01
 -9.51994538e-01  9.89240885e-01 -1.71200693e-01  1.32246166e-01
  5.89776099e-01 -1.25525105e+00  1.01031929e-01 -5.00966609e-01
  1.41644366e-02 -1.63523331e-01  4.52505380e-01  1.33390218e-01
 -6.45448789e-02  3.77991378e-01 -9.04772580e-01 -5.44584334e-01
 -3.49354029e-01 -1.97096571e-01  1.93875515e+00  1.68814957e-01
 -2.22165152e-01  4.48715463e-02 -7.38904104e-02  1.40951602e-02
  1.02817461e-01  1.50721657e+00 -1.24952972e+00  6.83633089e-01
 -4.31086749e-01 -9.22964275e-01 -1.24245316e-01 -4.44169819e-01
  6.44836053e-02  1.13626456e+00  1.71797186e-01  1.07042398e-02
  2.86911428e-01  5.32820761e-01 -3.44686478e-01 -1.07940471e+00
  1.37402907e-01 -1.80691803e+00  1.57622218e+00  8.19589794e-01
 -6.37324572e-01 -1.95334256e-01 -8.80328774e-01  7.41711080e-01
  4.09598909e-02  8.34153175e-01 -4.57031339e-01  2.83941716e-01
  1.10020137e+00 -3.37292314e-01  6.80264905e-02 -1.90589011e-01
  4.87536073e-01 -1.26242483e+00 -5.79993546e-01 -4.71906066e-01
 -5.36747038e-01 -3.78981888e-01 -1.34510770e-01 -4.72808868e-01
  9.65812728e-02 -2.18814477e-01  1.01008964e+00  5.89304030e-01
  5.38034260e-01  8.42455402e-02 -1.40532881e-01  7.70158917e-02
 -7.12736309e-01  3.12387049e-01  7.75598586e-01 -1.94695726e-01
  2.33821779e-01 -2.17562497e-01 -7.44840980e-01  5.53765059e-01
  8.96856844e-01  5.78018725e-01  6.23112261e-01 -5.88956356e-01
  1.32804468e-01  7.09370058e-03  2.32104346e-01  4.71894622e-01
  1.46003708e-01 -2.01706111e-01  1.21953443e-01 -2.07336560e-01
 -7.48902500e-01 -1.27280247e+00  4.56761748e-01  1.68301880e+00
 -1.00462787e-01 -3.45182627e-01  1.17211230e-01 -1.85488552e-01
 -1.44460499e+00  3.66658300e-01 -7.31594324e-01 -8.15469101e-02
  8.85279655e-01  2.86490023e-02  5.78202724e-01  1.48835093e-01
  6.08137071e-01  1.35164604e-01 -5.97466230e-01 -1.76421344e+00
 -3.54768366e-01  2.15320006e-01 -7.04477549e-01  2.93117404e-01
 -6.49666369e-01  2.69496471e-01  1.15424120e+00 -1.98677883e-01
  7.46418774e-01  4.54378814e-01 -1.85189176e+00  3.57578620e-02
  2.35214412e-01 -4.34334457e-01 -1.24479449e+00 -4.68029976e-01
 -1.04268217e+00  4.54844862e-01  7.26285696e-01 -1.08133495e+00
  1.99147046e-01 -2.84403861e-02 -1.07138276e+00 -3.95400703e-01
  6.98548928e-02 -8.70623410e-01  1.54038906e-01 -5.60017645e-01
 -3.75669263e-02 -7.81353354e-01 -7.31090486e-01 -3.41077209e-01
 -4.64152217e-01  6.60407245e-01  2.21335888e-01 -2.39996284e-01
 -6.66767597e-01  2.04499543e-01 -9.10416782e-01 -2.94663727e-01
 -1.17032087e+00  1.64180085e-01 -8.27566922e-01  6.99705660e-01
  1.33685246e-01  1.41605005e-01  3.46421391e-01  1.11059928e+00
  2.52072841e-01  1.55291784e+00  2.43351758e-01  1.04081237e+00
 -2.76770592e-01 -1.19162232e-01 -4.60011601e-01  1.34364569e+00
 -9.52273130e-01  4.80686158e-01  4.06600356e-01  2.80897468e-01
  9.98292208e-01 -1.31541288e+00  9.41959441e-01  2.02116687e-02
  3.70601773e-01 -1.12893559e-01  4.61780250e-01 -2.28449151e-01
  5.85418820e-01  3.94479007e-01  4.59744960e-01  6.36963010e-01
 -1.59505323e-01  1.00677061e+00  9.86175179e-01 -6.47877678e-02
  1.49050981e-01 -5.52432239e-01 -1.06719267e+00 -7.53977180e-01
 -7.81509995e-01  1.15565598e+00 -7.30940580e-01 -1.53717887e+00
  5.50783157e-01 -9.11858559e-01 -8.98802519e-01  5.36069512e-01
 -1.07712102e+00  3.14948589e-01 -8.60910773e-01 -9.96511221e-01
 -2.39814848e-01 -4.29458141e-01  6.79418385e-01  9.86803651e-01
 -1.04657805e+00  9.67387035e-02  2.55706422e-02  6.05388701e-01
 -6.60483122e-01 -2.04639211e-01  4.15904880e-01 -1.35647511e+00
 -9.27955091e-01 -5.36052465e-01  7.45387852e-01 -2.18400240e+00
  7.69201517e-01  3.20852995e-01 -1.20287740e+00  8.35670292e-01
  2.94883221e-01  2.71465987e-01 -7.08536088e-01 -1.06249952e+00
 -1.07689381e+00  7.60423899e-01 -1.21171467e-01  5.39052308e-01
  2.40152165e-01  9.79230523e-01  1.66857615e-01  6.06723279e-02
  1.80916563e-01 -7.60552645e-01 -3.01277459e-01 -4.17362712e-02
  1.74062574e+00 -1.36267334e-01 -3.31193469e-02 -2.82620676e-02
 -2.71528989e-01 -1.73435509e-01 -1.85956001e-01 -6.15883954e-02
  4.15342361e-01 -1.33295789e-01 -9.73394573e-01 -1.42296922e+00
  1.11226980e-02 -6.48887813e-01 -5.59289455e-02 -9.34372365e-01
 -3.20469499e-01  1.71822205e-01 -3.72805476e-01 -1.12383872e-01
 -1.82882831e-01  7.76977718e-01 -4.01029468e-01  4.71335590e-01
  6.27876967e-02  1.55258179e-02  9.98044372e-01 -2.24709749e+00
 -1.66378126e-01  4.33711410e-01 -3.36138129e-01 -6.40719175e-01
 -3.67246747e-01 -7.96032310e-01  6.48426056e-01 -9.42266643e-01
 -1.04082751e+00  7.30441930e-03 -3.89569491e-01  1.47294855e+00
 -7.89180517e-01 -4.36671704e-01 -5.43994963e-01 -5.21494597e-02
 -1.26271176e+00 -7.26314485e-01 -1.92389399e-01  5.17222643e-01
  6.87981725e-01  5.96668839e-01 -1.68401611e+00  5.07986784e-01
 -2.20345091e-02 -4.52393144e-01  1.23454340e-01  7.45882928e-01
  3.60483646e-01  7.12965071e-01  1.17536747e+00  4.84972596e-01
  8.31876397e-01  1.12832159e-01 -5.01047611e-01  1.13193977e+00
 -2.07402274e-01  6.30153298e-01 -7.69594014e-02 -2.62613058e-01
  5.37480652e-01  7.01635540e-01 -3.63881975e-01  6.86224580e-01
  1.05129576e+00  8.88192594e-01 -8.48925829e-01 -8.82286578e-02
  5.01420915e-01 -2.86752075e-01 -3.25413257e-01 -2.72722095e-01
 -4.60710317e-01  1.91521466e+00  1.54720652e+00  1.39547616e-01
 -1.23197943e-01 -1.62960351e+00 -3.06767553e-01 -1.03407121e+00
 -9.68941152e-02 -1.37072957e+00  2.17509329e-01  3.37919682e-01
 -8.65780339e-02 -8.87138367e-01 -5.31756341e-01  6.07614458e-01
 -1.52500010e+00 -6.54680490e-01 -1.09921885e+00  3.09683889e-01
  9.32154894e-01 -7.96648264e-01  1.09819002e-01 -9.36193824e-01
  1.27858591e+00 -1.13009691e-01 -1.56532098e-02 -1.94033533e-01
  8.13754141e-01  7.27848411e-01  1.37440950e-01 -1.28356433e+00
  5.93122900e-01 -4.10506845e-01  6.62912726e-01  2.60262042e-01
  4.77744848e-01 -7.30178475e-01 -3.93511020e-02  5.23803949e-01]",0
24,[*]C(C)(C[*])C(=O)[O-],[*]CC[N+][*],2650,9520,8.5,400,57,0.0,1,2,9,3.59245283018868,1,0,0,10.243472222222222,10.243472222222222,0.0532407407407407,-0.7986111111111109,0.4502538575862794,23.5,85.082,80.04199999999999,85.02950297991,34.0,2.5,3.0,3.0,1.6668127273868607,3.9084966379068455,100.21143267166842,6.784457050376174,3.5236033621142737,3.5236033621142737,3.504035844753885,1.5118016810571369,1.5118016810571369,1.0677875644551755,1.0677875644551755,0.348461712529338,0.348461712529338,0.0,0.0,-0.53,38.3366927298978,2.610921480426842,0.600159264681777,0.2950914053210928,36.78983322325914,35.63575031240701,9.901064578912528,5.969305287951849,19.76538044554264,0.0,0.0,5.106527394840706,5.969305287951849,4.794537184071822,6.923737199690624,0.0,12.841643245852016,40.13,5.969305287951849,9.901064578912528,5.917906046161393,6.923737199690624,0.0,0.0,6.923737199690624,0.0,0.2098148148148149,10.243472222222222,10.243472222222222,0.0,-1.0902777777777777,0.0,0.0,2.810185185185185,0.0,0.75,6.0,2.0,0.0,0.0,2.0,4.0,2.0,0.0,-0.5682,18.181,1.0,0.0,1.0,1.0,1.0,1.0,0.0,0.0,0.0,0.0,4.166666666666666,4.166666666666666,0.4131944444444444,0.4131944444444444,0.4134068917016045,14.666666666666666,42.06099999999999,38.029,42.03382554808999,16.0,2.0,2.6666666666666665,3.6666666666666665,3.6666666666666665,1.4056390622295665,2.19060968716425,15.119415478763749,4.121320343559642,1.8614271578730528,1.8614271578730528,2.414213562373095,0.8162277660168378,0.8162277660168378,0.2236067977499789,0.2236067977499789,0.0,0.0,0.0,0.0,-0.04,11.245112497836532,0.72512600755025,0.2061650840029218,0.0008163265306122,20.444083839238875,19.202161082765382,0.0,0.0,5.733667477162185,0.0,6.923737199690624,6.544756405912575,0.0,5.733667477162185,6.544756405912575,0.0,0.0,0.0,0.0,6.923737199690624,14.1,0.0,0.0,0.0,0.0,13.4684936056032,0.0,0.0,5.733667477162185,1.1076388888888888,0.0,0.0,4.166666666666666,0.0,0.0,0.0,2.7256944444444446,0.0,1.0,3.0,1.0,0.0,0.0,0.0,3.0,2.0,0.0,0.0226999999999999,11.808000000000002,0.0,0.0,0.0,0.0,0.0,0.0,1.0,0.0,0.0,0.0,0.0,0.0,[*]CC([*])(C)C(=O)[O-],[*]C[N+]C[*],"[ 7.49274790e-01  3.35424781e-01  4.55891341e-01 -1.09221423e+00
 -6.25216782e-01  3.14305499e-02 -1.89206481e-01 -9.25612390e-01
 -2.35249296e-01  1.36610961e+00  8.83861855e-02 -7.13659585e-01
  8.14221084e-01 -6.92512333e-01 -5.14061689e-01 -1.33080852e+00
 -1.47874510e+00 -1.03471792e+00 -6.12177968e-01  2.09805042e-01
  5.51994801e-01 -3.05551559e-01  4.35497522e-01  7.36454964e-01
 -6.94340706e-01  1.29001057e+00  2.37998891e+00 -4.05347496e-01
 -6.00476742e-01  7.56517649e-01 -2.95091867e-01 -4.40703213e-01
 -2.38245353e-01 -1.06833398e+00  5.43902814e-01  2.87487179e-01
  1.05013542e-01  7.71469295e-01  2.95419157e-01  2.99429774e-01
 -1.54818922e-01  9.55972448e-02  1.18825090e+00  1.62336457e+00
  2.11596087e-01  1.97126698e+00  7.42778480e-01  1.40871525e-01
 -2.52242148e-01 -5.88141322e-01 -8.30902278e-01 -5.11340201e-02
 -4.66348320e-01 -3.61824811e-01 -5.98171353e-01 -3.63103032e-01
  2.47532055e-01  5.11704028e-01 -7.26159394e-01  1.30475163e-01
 -9.32137072e-01  1.43789789e-02  4.87203658e-01 -6.09903224e-02
 -5.22938311e-01 -2.59041160e-01 -3.10223382e-02  1.33649796e-01
 -4.49149907e-01 -9.90190208e-01 -4.37130392e-01 -8.20998698e-02
 -1.41018599e-01  2.47300267e-01 -1.07266307e+00 -3.37361068e-01
 -3.82067502e-01 -3.48674297e-01  2.41132863e-02 -3.69367570e-01
  4.26380429e-03 -3.68784666e-01  2.93142378e-01  3.39492798e-01
  1.76544249e-01  7.48980865e-02  3.78351748e-01  1.43084496e-01
 -7.50767514e-02  6.98696852e-01 -1.23164153e+00  1.54972628e-01
  1.30712831e+00  4.13169146e-01 -7.62161970e-01  6.20638654e-02
  6.53732941e-02  3.98433149e-01  3.35860610e-01  2.57231444e-01
  5.09362817e-01  2.24197790e-01 -1.09119499e+00  9.36800539e-01
  7.53451943e-01 -1.23084819e+00  9.08430457e-01 -8.67207110e-01
 -4.80619073e-01  4.63999063e-01 -5.08662164e-01  2.84325276e-02
  8.96979451e-01  2.75238305e-01  6.04319394e-01  7.04479277e-01
 -1.92388758e-01  5.88916123e-01 -1.65896252e-01  1.25128731e-01
 -5.41119277e-01  5.95371544e-01 -4.40301627e-01 -9.53436732e-01
 -8.70644271e-01 -7.01563358e-02  5.19006014e-01 -8.48310441e-02
 -4.53820378e-01 -7.63373524e-02 -2.50903994e-01  1.05273589e-01
 -7.83522904e-04 -5.48577607e-01 -1.58988476e+00  4.16692108e-01
  4.86379087e-01 -6.73893452e-01 -2.14246154e-01 -8.94058764e-01
 -1.69562221e-01  1.62465900e-01  4.72447537e-02 -9.45844769e-01
  3.12819541e-01  4.59828615e-01  1.81325778e-01  5.45694053e-01
  5.22985049e-02 -2.90770084e-01  1.11780930e+00 -6.53702319e-01
  8.88752520e-01 -5.18661022e-01  2.26448655e-01  4.19900529e-02
  2.09506735e-01 -9.99619067e-01 -5.97911179e-01  2.40267485e-01
  3.84019047e-01  1.01165771e-01 -1.29132763e-01  1.37262657e-01
  2.43125573e-01  6.61093593e-02  7.34124482e-01  6.55801445e-02
  8.67221475e-01  1.02447104e+00  1.94548965e-01  4.92215395e-01
  2.58256465e-01  7.06858218e-01  4.08109426e-01  1.43596029e+00
 -2.34669849e-01 -2.20608890e-01 -9.00353014e-01 -1.68292020e-02
 -5.18259466e-01  9.73584116e-01  6.35090172e-01 -3.21039736e-01
  1.96893781e-01  1.36441048e-02  5.94366267e-02  6.31835938e-01
 -6.74691439e-01  2.92127788e-01 -1.58445194e-01  4.75977540e-01
 -1.05258442e-01 -2.61095129e-02 -3.47841859e-01 -1.38431609e+00
  2.30988905e-01  2.42584631e-01  2.42318988e-01  8.21007431e-01
  3.47805738e-01 -5.93114078e-01  6.15051806e-01 -1.13383365e+00
 -1.02469993e+00 -2.10129380e-01  5.13058305e-01 -4.32122946e-02
 -8.96828771e-01 -5.06239772e-01  2.97274590e-02 -1.87300277e+00
  9.58072007e-01 -7.87090957e-01 -5.90321839e-01  1.57090092e+00
 -1.52412921e-01  1.07509518e+00 -2.78278589e-01  6.61327541e-01
 -4.37102556e-01  6.07341051e-01  1.74592510e-01 -8.32812190e-01
  7.96080351e-01 -5.79209208e-01 -2.50138134e-01  8.92362118e-01
 -2.45963167e-02 -1.42872378e-01 -1.42276669e+00  1.69364798e+00
  6.29426658e-01 -5.70318513e-02  1.35555339e+00  7.65864253e-01
  4.97816533e-01  1.59259066e-02 -5.13777614e-01 -9.02717590e-01
 -1.13018739e+00  3.83352101e-01 -4.77341488e-02 -3.79710466e-01
 -4.47504103e-01 -1.09895110e+00 -3.86139631e-01  1.03090264e-01
  8.51628721e-01  2.24349573e-01 -3.13555300e-02  1.22573696e-01
  4.94108871e-02  6.98103666e-01  3.02277476e-01  1.66599587e-01
 -3.08436722e-01 -4.66002375e-01  1.62361014e+00 -2.62132585e-01
  5.79887815e-02 -6.79709196e-01  4.46500778e-01 -7.97002465e-02
 -8.20023119e-02  1.22393526e-01 -2.83097059e-01  4.32255983e-01
 -1.04199953e-01 -1.23305070e+00 -3.06826502e-01  3.86385806e-02
 -5.26868701e-01  2.08499730e-01 -1.37608588e-01 -2.77598381e-01
  1.16459966e+00  3.82706597e-02 -1.96235068e-02 -8.02532017e-01
  5.66025376e-01 -4.30100381e-01  1.32197094e+00  6.55819237e-01
 -1.05254024e-01 -6.85315967e-01  2.16215566e-01  5.93630016e-01
  2.85155267e-01  3.85740906e-01 -5.23835123e-01  3.65415752e-01
  1.48793125e+00 -3.41312021e-01  8.37343931e-02  3.88410576e-02
  1.16101551e+00 -8.25121999e-01  2.77617723e-02  7.33939037e-02
 -4.48615134e-01 -3.60707045e-01  2.16005355e-01 -1.82437807e-01
  2.44415596e-01 -5.28269887e-01  8.22483182e-01 -5.70847653e-02
  8.29918385e-01 -1.71355367e-01 -1.51496232e-01  4.65150774e-01
  3.33200365e-01  1.27273887e-01  9.12838519e-01 -1.40352994e-01
 -2.76168674e-01 -5.63478529e-01  1.85518518e-01  6.18515849e-01
  9.07797396e-01  5.58707714e-01  6.54310524e-01 -9.68789756e-01
 -6.15588129e-02 -2.76184026e-02  2.73121327e-01 -3.54086995e-01
  4.74624962e-01  1.37339443e-01 -3.33838254e-01 -4.54894483e-01
 -4.43201482e-01  4.87415552e-01  6.92939878e-01  7.76845098e-01
  2.34562084e-01 -1.71094164e-01  6.52617574e-01 -7.15576172e-01
 -3.63845557e-01  1.07632124e+00 -2.44740129e-01 -1.39437407e-01
  1.62900817e+00  1.14459256e-02  9.56065774e-01  2.93038279e-01
  3.91988426e-01  3.39301564e-02 -6.13436103e-01 -7.80028582e-01
  2.32236609e-01  1.24575007e+00 -7.12414160e-02  6.11095548e-01
  4.77192504e-03 -1.05789937e-01  2.36828491e-01  5.28803527e-01
  4.67312008e-01 -1.94977492e-01 -9.55596268e-01 -6.81563795e-01
  4.23343569e-01 -2.96947718e-01 -3.69488955e-01 -2.89484084e-01
 -4.30452943e-01 -1.37250312e-02  2.62498766e-01 -5.61480105e-01
  5.62621891e-01 -4.18706477e-01 -8.56468499e-01  5.93134239e-02
 -1.00340411e-01 -7.35716164e-01  1.38378620e-01 -6.84343696e-01
  2.17011675e-01 -4.22011822e-01 -4.02174950e-01 -2.10074112e-01
 -6.50949299e-01  8.00443947e-01 -1.05892392e-02 -5.88889062e-01
 -3.27951312e-02 -9.57627073e-02 -4.11157161e-01  1.26788989e-01
 -4.45752770e-01 -3.34704220e-01 -6.30857348e-01  7.39717126e-01
  3.73316854e-01  1.94936663e-01  8.15797508e-01  7.57897347e-02
  2.51457661e-01  7.87429273e-01 -5.90912402e-02  8.01935017e-01
 -5.09869382e-02 -3.16675752e-01 -8.06985676e-01  3.75884295e-01
 -1.02298295e+00  2.55849570e-01  2.58157365e-02  1.62940547e-01
  3.08816880e-01 -8.00899506e-01  1.81837904e+00 -6.99088693e-01
 -2.37569124e-01 -3.24667641e-03 -4.07583922e-01 -2.53018081e-01
  1.05101004e-01  7.78838634e-01  7.80924141e-01  3.96106571e-01
  4.07956630e-01 -2.10249022e-01  4.17130977e-01 -3.68258469e-02
  2.39590809e-01 -1.32325947e-01 -1.05014598e+00 -3.78439307e-01
  1.21962957e-01  9.12429273e-01 -5.16304731e-01 -4.10982370e-01
  1.13879271e-01 -7.30947316e-01 -1.19410682e+00 -8.46092477e-02
 -4.51732308e-01  3.39796931e-01  1.79029241e-01 -3.18569988e-01
 -4.01548207e-01  1.05452193e-02 -9.81033444e-02  2.65956130e-02
 -1.16055489e+00 -2.66568363e-01 -4.17371392e-01 -2.27321759e-01
 -7.98538566e-01 -2.68420726e-01 -7.56898522e-02 -1.46671772e+00
 -3.53073359e-01  7.68439353e-01  5.23869157e-01 -1.45392466e+00
 -7.55149201e-02 -2.53495097e-01 -6.51691973e-01  1.01998317e+00
  1.75246254e-01  2.19446480e-01 -8.75575662e-01  6.49622753e-02
 -2.21772552e-01  6.31361604e-01  1.11363959e+00  8.29166234e-01
 -9.94006217e-01  5.85105002e-01  1.62860320e-03  6.57095253e-01
 -6.60761952e-01  4.83092368e-01  2.10053355e-01  1.93984300e-01
  1.08389914e+00 -2.88248777e-01  2.90296733e-01  6.75145447e-01
  6.10232018e-02 -5.08173525e-01 -1.05302072e+00  4.84012961e-01
 -1.34737328e-01 -1.63434446e-01 -1.95996463e-01 -1.06526923e+00
 -8.11576009e-01 -3.66595089e-01 -1.52673945e-02 -1.13481522e-01
  6.21918961e-02  6.84323311e-02 -7.70469382e-02 -6.34581506e-01
  2.21770406e-01  7.27311909e-01 -3.06834489e-01  1.09503961e+00
 -6.35234714e-02  7.48488754e-02  3.62029821e-01 -1.14483583e+00
  3.36602688e-01 -3.94898474e-01 -4.43032160e-02 -2.25445300e-01
 -9.30737793e-01  4.10731554e-01  3.46095145e-01 -8.76426399e-01
 -7.85481334e-01 -9.14595544e-01 -4.12273765e-01  5.75143516e-01
 -7.46130526e-01  4.76899326e-01 -7.44161129e-01 -6.33583188e-01
 -7.63390839e-01 -8.95849407e-01 -5.26674464e-02  3.77323836e-01
  6.89602196e-02  8.11982453e-01 -1.31613028e+00  7.27658644e-02
 -1.96165428e-01  6.04341328e-01  2.99889833e-01 -1.47399947e-01
  2.67245054e-01  6.23204529e-01  1.50411510e+00  6.07940815e-02
  2.72842020e-01  4.67290968e-01 -6.77232504e-01  5.37263155e-01
 -2.76431590e-01  6.60036445e-01 -5.24141677e-02  3.49252112e-02
  1.12972081e-01  2.25270927e-01 -1.09064952e-01  3.46314520e-01
  7.54533410e-01  7.83834755e-01 -4.25179332e-01  5.52726567e-01
 -1.95189342e-01 -5.99463761e-01 -3.58343661e-01 -2.30281323e-01
  2.36615911e-01  4.99656409e-01  1.68579209e+00 -1.51982561e-01
 -5.63962042e-01 -1.29549968e+00 -2.81212598e-01 -2.55549937e-01
  4.69508678e-01  1.41729280e-01 -5.26430964e-01  2.20184013e-01
 -2.16536090e-01 -9.31372881e-01 -9.69826996e-01  4.32354122e-01
 -1.06032109e+00 -5.03427327e-01 -8.87604475e-01  4.38566148e-01
  1.47396326e+00 -1.03932881e+00  6.63527369e-01 -9.93533015e-01
  1.08747959e+00 -9.77717102e-01 -1.65758193e-01 -4.72277105e-02
  1.20034409e+00  2.41741404e-01  3.70389432e-01 -1.49647415e+00
  6.98196530e-01 -5.78175962e-01  4.05572444e-01 -6.85069382e-01
  1.34073234e+00 -3.75742733e-01 -1.80194214e-01  3.50243032e-01]","[ 2.73681909e-01  1.66004568e-01 -7.44565070e-01 -1.47705269e+00
 -1.09840822e+00 -1.53690919e-01 -1.29248112e-01  2.95904994e-01
 -9.16356027e-01  1.40345776e+00  1.00063539e+00 -6.83065832e-01
  1.30242276e+00 -2.33746576e+00 -9.75994170e-01 -7.89787889e-01
 -1.79506803e+00 -1.28128958e+00  2.09810168e-01  1.29709288e-01
  4.47607398e-01 -6.85392797e-01  7.80511856e-01  1.21133173e+00
 -3.64384532e-01  1.07354224e+00  2.32574058e+00 -1.55821651e-01
 -2.85600513e-01  3.01326066e-01 -6.34632647e-01  1.65162787e-01
  2.81757385e-01 -3.74723703e-01 -2.95077354e-01  7.01536298e-01
 -2.88844388e-02  2.32678980e-01  2.16173112e-01  5.24862707e-01
 -7.30150580e-01 -4.09290910e-01  1.78005755e+00  1.10312033e+00
 -5.30989515e-03  1.62341702e+00  1.30315197e+00 -9.47976291e-01
  1.85765088e-01  1.49317771e-01 -2.13005602e-01 -6.93675578e-01
 -4.48695384e-03 -4.57031608e-01 -9.96706784e-01 -1.11750238e-01
  4.97595131e-01  4.26965803e-01 -1.49265635e+00  2.89656907e-01
 -2.73807108e-01  8.54427159e-01  1.49728537e+00  9.41296890e-02
 -1.70012251e-01  1.05805194e+00  2.47816041e-01  8.55847076e-02
 -2.41706241e-02  3.27099591e-01 -2.99327344e-01 -2.87228137e-01
 -5.82702875e-01 -5.94702363e-01 -1.03217173e+00 -8.13124239e-01
 -5.35450697e-01 -1.03322685e+00  6.12907767e-01  1.13398790e+00
 -7.18036070e-02  1.90137476e-01  6.24559581e-01  4.69076455e-01
  6.27078772e-01  3.44742835e-01 -3.45153689e-01  1.32870555e+00
 -1.61258459e-01 -1.77030429e-01 -1.69568908e+00  1.72073066e-01
  1.15088892e+00  2.67995209e-01 -1.30087376e-01 -2.35246912e-01
 -9.75930631e-01 -2.02227771e-01  8.58478367e-01  6.41340375e-01
 -3.02943230e-01  1.06876230e+00 -6.70137048e-01  1.55068052e+00
  1.39273751e+00 -1.45554578e+00  8.48026991e-01 -9.02008832e-01
 -3.14056218e-01 -8.90919007e-03  1.89570412e-02  6.20763719e-01
  5.67845762e-01  6.88580513e-01  3.47115725e-01  9.87522900e-01
  1.26554236e-01  9.42884982e-01 -9.06472266e-01  4.57331955e-01
  5.71125150e-02  1.78218889e+00 -1.16092294e-01 -9.70406473e-01
  2.32247129e-01 -1.08961582e-01  4.84424561e-01 -1.63584903e-01
 -2.28719175e-01 -3.77911866e-01  1.91282615e-01 -4.40858275e-01
  4.58004832e-01  2.03468651e-01 -7.51598001e-01  7.42124140e-01
  2.11840153e-01 -1.47817540e+00 -5.86319506e-01 -7.08758950e-01
 -5.41633785e-01  5.09984553e-01  3.28427345e-01 -5.58312654e-01
 -3.01396579e-01  4.69190210e-01  4.12009209e-01  4.86853629e-01
  8.65669027e-02 -4.84711647e-01 -1.38688656e-02 -9.07068998e-02
  7.71938503e-01 -4.51887012e-01 -2.65402257e-01  3.44309598e-01
  8.11073661e-01 -7.00493395e-01 -3.49895090e-01  4.73346151e-02
  9.45539415e-01  3.90116870e-01 -1.22340433e-02  9.33209777e-01
  5.38321495e-01  2.30738390e-02  4.50798392e-01  5.45543730e-01
  6.47279382e-01  1.34209245e-01 -6.69469893e-01 -5.51479518e-01
 -9.10929501e-01  8.97117376e-01  7.78002381e-01  7.29684412e-01
 -4.76152264e-03 -2.28286073e-01 -1.80614281e+00 -2.43098214e-01
 -4.10343200e-01  1.65494692e+00 -1.41513258e-01  4.32345904e-02
  2.63454169e-01 -4.78654593e-01  6.30516946e-01  1.35365450e+00
  1.63908258e-01  1.05160549e-01  6.00636341e-02  3.30597907e-01
 -1.11334272e-01  8.60361159e-01 -1.12372410e+00 -1.36552715e+00
 -9.46494460e-01 -6.26207352e-01 -5.15764892e-01  5.79680920e-01
  4.80724514e-01 -1.80933341e-01  8.24896619e-02 -9.76777613e-01
 -5.42914391e-01 -7.89315462e-01  8.83481205e-01  1.10133314e+00
  2.32755274e-01  8.09302405e-02 -7.54249543e-02 -1.47234833e+00
  7.46453345e-01 -1.42875111e+00  4.53871906e-01  1.72359610e+00
 -4.06082766e-03  1.19332123e+00 -8.32867801e-01  6.88086867e-01
  1.37741864e-01  7.88703918e-01  2.78975209e-03 -7.97479689e-01
 -4.38524857e-02  1.13093853e-01 -3.82264405e-01  1.38396609e+00
  6.05312407e-01  1.89717621e-01 -1.87994957e-01  3.21862578e+00
  1.55959547e+00 -5.84481001e-01  1.94749379e+00  5.90261579e-01
 -4.26900893e-01 -1.12351143e+00 -8.85746777e-02 -1.66987240e-01
 -9.51994538e-01  9.89240885e-01 -1.71200693e-01  1.32246166e-01
  5.89776099e-01 -1.25525105e+00  1.01031929e-01 -5.00966609e-01
  1.41644366e-02 -1.63523331e-01  4.52505380e-01  1.33390218e-01
 -6.45448789e-02  3.77991378e-01 -9.04772580e-01 -5.44584334e-01
 -3.49354029e-01 -1.97096571e-01  1.93875515e+00  1.68814957e-01
 -2.22165152e-01  4.48715463e-02 -7.38904104e-02  1.40951602e-02
  1.02817461e-01  1.50721657e+00 -1.24952972e+00  6.83633089e-01
 -4.31086749e-01 -9.22964275e-01 -1.24245316e-01 -4.44169819e-01
  6.44836053e-02  1.13626456e+00  1.71797186e-01  1.07042398e-02
  2.86911428e-01  5.32820761e-01 -3.44686478e-01 -1.07940471e+00
  1.37402907e-01 -1.80691803e+00  1.57622218e+00  8.19589794e-01
 -6.37324572e-01 -1.95334256e-01 -8.80328774e-01  7.41711080e-01
  4.09598909e-02  8.34153175e-01 -4.57031339e-01  2.83941716e-01
  1.10020137e+00 -3.37292314e-01  6.80264905e-02 -1.90589011e-01
  4.87536073e-01 -1.26242483e+00 -5.79993546e-01 -4.71906066e-01
 -5.36747038e-01 -3.78981888e-01 -1.34510770e-01 -4.72808868e-01
  9.65812728e-02 -2.18814477e-01  1.01008964e+00  5.89304030e-01
  5.38034260e-01  8.42455402e-02 -1.40532881e-01  7.70158917e-02
 -7.12736309e-01  3.12387049e-01  7.75598586e-01 -1.94695726e-01
  2.33821779e-01 -2.17562497e-01 -7.44840980e-01  5.53765059e-01
  8.96856844e-01  5.78018725e-01  6.23112261e-01 -5.88956356e-01
  1.32804468e-01  7.09370058e-03  2.32104346e-01  4.71894622e-01
  1.46003708e-01 -2.01706111e-01  1.21953443e-01 -2.07336560e-01
 -7.48902500e-01 -1.27280247e+00  4.56761748e-01  1.68301880e+00
 -1.00462787e-01 -3.45182627e-01  1.17211230e-01 -1.85488552e-01
 -1.44460499e+00  3.66658300e-01 -7.31594324e-01 -8.15469101e-02
  8.85279655e-01  2.86490023e-02  5.78202724e-01  1.48835093e-01
  6.08137071e-01  1.35164604e-01 -5.97466230e-01 -1.76421344e+00
 -3.54768366e-01  2.15320006e-01 -7.04477549e-01  2.93117404e-01
 -6.49666369e-01  2.69496471e-01  1.15424120e+00 -1.98677883e-01
  7.46418774e-01  4.54378814e-01 -1.85189176e+00  3.57578620e-02
  2.35214412e-01 -4.34334457e-01 -1.24479449e+00 -4.68029976e-01
 -1.04268217e+00  4.54844862e-01  7.26285696e-01 -1.08133495e+00
  1.99147046e-01 -2.84403861e-02 -1.07138276e+00 -3.95400703e-01
  6.98548928e-02 -8.70623410e-01  1.54038906e-01 -5.60017645e-01
 -3.75669263e-02 -7.81353354e-01 -7.31090486e-01 -3.41077209e-01
 -4.64152217e-01  6.60407245e-01  2.21335888e-01 -2.39996284e-01
 -6.66767597e-01  2.04499543e-01 -9.10416782e-01 -2.94663727e-01
 -1.17032087e+00  1.64180085e-01 -8.27566922e-01  6.99705660e-01
  1.33685246e-01  1.41605005e-01  3.46421391e-01  1.11059928e+00
  2.52072841e-01  1.55291784e+00  2.43351758e-01  1.04081237e+00
 -2.76770592e-01 -1.19162232e-01 -4.60011601e-01  1.34364569e+00
 -9.52273130e-01  4.80686158e-01  4.06600356e-01  2.80897468e-01
  9.98292208e-01 -1.31541288e+00  9.41959441e-01  2.02116687e-02
  3.70601773e-01 -1.12893559e-01  4.61780250e-01 -2.28449151e-01
  5.85418820e-01  3.94479007e-01  4.59744960e-01  6.36963010e-01
 -1.59505323e-01  1.00677061e+00  9.86175179e-01 -6.47877678e-02
  1.49050981e-01 -5.52432239e-01 -1.06719267e+00 -7.53977180e-01
 -7.81509995e-01  1.15565598e+00 -7.30940580e-01 -1.53717887e+00
  5.50783157e-01 -9.11858559e-01 -8.98802519e-01  5.36069512e-01
 -1.07712102e+00  3.14948589e-01 -8.60910773e-01 -9.96511221e-01
 -2.39814848e-01 -4.29458141e-01  6.79418385e-01  9.86803651e-01
 -1.04657805e+00  9.67387035e-02  2.55706422e-02  6.05388701e-01
 -6.60483122e-01 -2.04639211e-01  4.15904880e-01 -1.35647511e+00
 -9.27955091e-01 -5.36052465e-01  7.45387852e-01 -2.18400240e+00
  7.69201517e-01  3.20852995e-01 -1.20287740e+00  8.35670292e-01
  2.94883221e-01  2.71465987e-01 -7.08536088e-01 -1.06249952e+00
 -1.07689381e+00  7.60423899e-01 -1.21171467e-01  5.39052308e-01
  2.40152165e-01  9.79230523e-01  1.66857615e-01  6.06723279e-02
  1.80916563e-01 -7.60552645e-01 -3.01277459e-01 -4.17362712e-02
  1.74062574e+00 -1.36267334e-01 -3.31193469e-02 -2.82620676e-02
 -2.71528989e-01 -1.73435509e-01 -1.85956001e-01 -6.15883954e-02
  4.15342361e-01 -1.33295789e-01 -9.73394573e-01 -1.42296922e+00
  1.11226980e-02 -6.48887813e-01 -5.59289455e-02 -9.34372365e-01
 -3.20469499e-01  1.71822205e-01 -3.72805476e-01 -1.12383872e-01
 -1.82882831e-01  7.76977718e-01 -4.01029468e-01  4.71335590e-01
  6.27876967e-02  1.55258179e-02  9.98044372e-01 -2.24709749e+00
 -1.66378126e-01  4.33711410e-01 -3.36138129e-01 -6.40719175e-01
 -3.67246747e-01 -7.96032310e-01  6.48426056e-01 -9.42266643e-01
 -1.04082751e+00  7.30441930e-03 -3.89569491e-01  1.47294855e+00
 -7.89180517e-01 -4.36671704e-01 -5.43994963e-01 -5.21494597e-02
 -1.26271176e+00 -7.26314485e-01 -1.92389399e-01  5.17222643e-01
  6.87981725e-01  5.96668839e-01 -1.68401611e+00  5.07986784e-01
 -2.20345091e-02 -4.52393144e-01  1.23454340e-01  7.45882928e-01
  3.60483646e-01  7.12965071e-01  1.17536747e+00  4.84972596e-01
  8.31876397e-01  1.12832159e-01 -5.01047611e-01  1.13193977e+00
 -2.07402274e-01  6.30153298e-01 -7.69594014e-02 -2.62613058e-01
  5.37480652e-01  7.01635540e-01 -3.63881975e-01  6.86224580e-01
  1.05129576e+00  8.88192594e-01 -8.48925829e-01 -8.82286578e-02
  5.01420915e-01 -2.86752075e-01 -3.25413257e-01 -2.72722095e-01
 -4.60710317e-01  1.91521466e+00  1.54720652e+00  1.39547616e-01
 -1.23197943e-01 -1.62960351e+00 -3.06767553e-01 -1.03407121e+00
 -9.68941152e-02 -1.37072957e+00  2.17509329e-01  3.37919682e-01
 -8.65780339e-02 -8.87138367e-01 -5.31756341e-01  6.07614458e-01
 -1.52500010e+00 -6.54680490e-01 -1.09921885e+00  3.09683889e-01
  9.32154894e-01 -7.96648264e-01  1.09819002e-01 -9.36193824e-01
  1.27858591e+00 -1.13009691e-01 -1.56532098e-02 -1.94033533e-01
  8.13754141e-01  7.27848411e-01  1.37440950e-01 -1.28356433e+00
  5.93122900e-01 -4.10506845e-01  6.62912726e-01  2.60262042e-01
  4.77744848e-01 -7.30178475e-01 -3.93511020e-02  5.23803949e-01]",0
25,[*]C(C)(C[*])C(=O)[O-],[*]CC[N+][*],2650,9520,8.5,100,70,0.0,1,2,9,3.59245283018868,1,0,0,10.243472222222222,10.243472222222222,0.0532407407407407,-0.7986111111111109,0.4502538575862794,23.5,85.082,80.04199999999999,85.02950297991,34.0,2.5,3.0,3.0,1.6668127273868607,3.9084966379068455,100.21143267166842,6.784457050376174,3.5236033621142737,3.5236033621142737,3.504035844753885,1.5118016810571369,1.5118016810571369,1.0677875644551755,1.0677875644551755,0.348461712529338,0.348461712529338,0.0,0.0,-0.53,38.3366927298978,2.610921480426842,0.600159264681777,0.2950914053210928,36.78983322325914,35.63575031240701,9.901064578912528,5.969305287951849,19.76538044554264,0.0,0.0,5.106527394840706,5.969305287951849,4.794537184071822,6.923737199690624,0.0,12.841643245852016,40.13,5.969305287951849,9.901064578912528,5.917906046161393,6.923737199690624,0.0,0.0,6.923737199690624,0.0,0.2098148148148149,10.243472222222222,10.243472222222222,0.0,-1.0902777777777777,0.0,0.0,2.810185185185185,0.0,0.75,6.0,2.0,0.0,0.0,2.0,4.0,2.0,0.0,-0.5682,18.181,1.0,0.0,1.0,1.0,1.0,1.0,0.0,0.0,0.0,0.0,4.166666666666666,4.166666666666666,0.4131944444444444,0.4131944444444444,0.4134068917016045,14.666666666666666,42.06099999999999,38.029,42.03382554808999,16.0,2.0,2.6666666666666665,3.6666666666666665,3.6666666666666665,1.4056390622295665,2.19060968716425,15.119415478763749,4.121320343559642,1.8614271578730528,1.8614271578730528,2.414213562373095,0.8162277660168378,0.8162277660168378,0.2236067977499789,0.2236067977499789,0.0,0.0,0.0,0.0,-0.04,11.245112497836532,0.72512600755025,0.2061650840029218,0.0008163265306122,20.444083839238875,19.202161082765382,0.0,0.0,5.733667477162185,0.0,6.923737199690624,6.544756405912575,0.0,5.733667477162185,6.544756405912575,0.0,0.0,0.0,0.0,6.923737199690624,14.1,0.0,0.0,0.0,0.0,13.4684936056032,0.0,0.0,5.733667477162185,1.1076388888888888,0.0,0.0,4.166666666666666,0.0,0.0,0.0,2.7256944444444446,0.0,1.0,3.0,1.0,0.0,0.0,0.0,3.0,2.0,0.0,0.0226999999999999,11.808000000000002,0.0,0.0,0.0,0.0,0.0,0.0,1.0,0.0,0.0,0.0,0.0,0.0,[*]CC([*])(C)C(=O)[O-],[*]C[N+]C[*],"[ 7.49274790e-01  3.35424781e-01  4.55891341e-01 -1.09221423e+00
 -6.25216782e-01  3.14305499e-02 -1.89206481e-01 -9.25612390e-01
 -2.35249296e-01  1.36610961e+00  8.83861855e-02 -7.13659585e-01
  8.14221084e-01 -6.92512333e-01 -5.14061689e-01 -1.33080852e+00
 -1.47874510e+00 -1.03471792e+00 -6.12177968e-01  2.09805042e-01
  5.51994801e-01 -3.05551559e-01  4.35497522e-01  7.36454964e-01
 -6.94340706e-01  1.29001057e+00  2.37998891e+00 -4.05347496e-01
 -6.00476742e-01  7.56517649e-01 -2.95091867e-01 -4.40703213e-01
 -2.38245353e-01 -1.06833398e+00  5.43902814e-01  2.87487179e-01
  1.05013542e-01  7.71469295e-01  2.95419157e-01  2.99429774e-01
 -1.54818922e-01  9.55972448e-02  1.18825090e+00  1.62336457e+00
  2.11596087e-01  1.97126698e+00  7.42778480e-01  1.40871525e-01
 -2.52242148e-01 -5.88141322e-01 -8.30902278e-01 -5.11340201e-02
 -4.66348320e-01 -3.61824811e-01 -5.98171353e-01 -3.63103032e-01
  2.47532055e-01  5.11704028e-01 -7.26159394e-01  1.30475163e-01
 -9.32137072e-01  1.43789789e-02  4.87203658e-01 -6.09903224e-02
 -5.22938311e-01 -2.59041160e-01 -3.10223382e-02  1.33649796e-01
 -4.49149907e-01 -9.90190208e-01 -4.37130392e-01 -8.20998698e-02
 -1.41018599e-01  2.47300267e-01 -1.07266307e+00 -3.37361068e-01
 -3.82067502e-01 -3.48674297e-01  2.41132863e-02 -3.69367570e-01
  4.26380429e-03 -3.68784666e-01  2.93142378e-01  3.39492798e-01
  1.76544249e-01  7.48980865e-02  3.78351748e-01  1.43084496e-01
 -7.50767514e-02  6.98696852e-01 -1.23164153e+00  1.54972628e-01
  1.30712831e+00  4.13169146e-01 -7.62161970e-01  6.20638654e-02
  6.53732941e-02  3.98433149e-01  3.35860610e-01  2.57231444e-01
  5.09362817e-01  2.24197790e-01 -1.09119499e+00  9.36800539e-01
  7.53451943e-01 -1.23084819e+00  9.08430457e-01 -8.67207110e-01
 -4.80619073e-01  4.63999063e-01 -5.08662164e-01  2.84325276e-02
  8.96979451e-01  2.75238305e-01  6.04319394e-01  7.04479277e-01
 -1.92388758e-01  5.88916123e-01 -1.65896252e-01  1.25128731e-01
 -5.41119277e-01  5.95371544e-01 -4.40301627e-01 -9.53436732e-01
 -8.70644271e-01 -7.01563358e-02  5.19006014e-01 -8.48310441e-02
 -4.53820378e-01 -7.63373524e-02 -2.50903994e-01  1.05273589e-01
 -7.83522904e-04 -5.48577607e-01 -1.58988476e+00  4.16692108e-01
  4.86379087e-01 -6.73893452e-01 -2.14246154e-01 -8.94058764e-01
 -1.69562221e-01  1.62465900e-01  4.72447537e-02 -9.45844769e-01
  3.12819541e-01  4.59828615e-01  1.81325778e-01  5.45694053e-01
  5.22985049e-02 -2.90770084e-01  1.11780930e+00 -6.53702319e-01
  8.88752520e-01 -5.18661022e-01  2.26448655e-01  4.19900529e-02
  2.09506735e-01 -9.99619067e-01 -5.97911179e-01  2.40267485e-01
  3.84019047e-01  1.01165771e-01 -1.29132763e-01  1.37262657e-01
  2.43125573e-01  6.61093593e-02  7.34124482e-01  6.55801445e-02
  8.67221475e-01  1.02447104e+00  1.94548965e-01  4.92215395e-01
  2.58256465e-01  7.06858218e-01  4.08109426e-01  1.43596029e+00
 -2.34669849e-01 -2.20608890e-01 -9.00353014e-01 -1.68292020e-02
 -5.18259466e-01  9.73584116e-01  6.35090172e-01 -3.21039736e-01
  1.96893781e-01  1.36441048e-02  5.94366267e-02  6.31835938e-01
 -6.74691439e-01  2.92127788e-01 -1.58445194e-01  4.75977540e-01
 -1.05258442e-01 -2.61095129e-02 -3.47841859e-01 -1.38431609e+00
  2.30988905e-01  2.42584631e-01  2.42318988e-01  8.21007431e-01
  3.47805738e-01 -5.93114078e-01  6.15051806e-01 -1.13383365e+00
 -1.02469993e+00 -2.10129380e-01  5.13058305e-01 -4.32122946e-02
 -8.96828771e-01 -5.06239772e-01  2.97274590e-02 -1.87300277e+00
  9.58072007e-01 -7.87090957e-01 -5.90321839e-01  1.57090092e+00
 -1.52412921e-01  1.07509518e+00 -2.78278589e-01  6.61327541e-01
 -4.37102556e-01  6.07341051e-01  1.74592510e-01 -8.32812190e-01
  7.96080351e-01 -5.79209208e-01 -2.50138134e-01  8.92362118e-01
 -2.45963167e-02 -1.42872378e-01 -1.42276669e+00  1.69364798e+00
  6.29426658e-01 -5.70318513e-02  1.35555339e+00  7.65864253e-01
  4.97816533e-01  1.59259066e-02 -5.13777614e-01 -9.02717590e-01
 -1.13018739e+00  3.83352101e-01 -4.77341488e-02 -3.79710466e-01
 -4.47504103e-01 -1.09895110e+00 -3.86139631e-01  1.03090264e-01
  8.51628721e-01  2.24349573e-01 -3.13555300e-02  1.22573696e-01
  4.94108871e-02  6.98103666e-01  3.02277476e-01  1.66599587e-01
 -3.08436722e-01 -4.66002375e-01  1.62361014e+00 -2.62132585e-01
  5.79887815e-02 -6.79709196e-01  4.46500778e-01 -7.97002465e-02
 -8.20023119e-02  1.22393526e-01 -2.83097059e-01  4.32255983e-01
 -1.04199953e-01 -1.23305070e+00 -3.06826502e-01  3.86385806e-02
 -5.26868701e-01  2.08499730e-01 -1.37608588e-01 -2.77598381e-01
  1.16459966e+00  3.82706597e-02 -1.96235068e-02 -8.02532017e-01
  5.66025376e-01 -4.30100381e-01  1.32197094e+00  6.55819237e-01
 -1.05254024e-01 -6.85315967e-01  2.16215566e-01  5.93630016e-01
  2.85155267e-01  3.85740906e-01 -5.23835123e-01  3.65415752e-01
  1.48793125e+00 -3.41312021e-01  8.37343931e-02  3.88410576e-02
  1.16101551e+00 -8.25121999e-01  2.77617723e-02  7.33939037e-02
 -4.48615134e-01 -3.60707045e-01  2.16005355e-01 -1.82437807e-01
  2.44415596e-01 -5.28269887e-01  8.22483182e-01 -5.70847653e-02
  8.29918385e-01 -1.71355367e-01 -1.51496232e-01  4.65150774e-01
  3.33200365e-01  1.27273887e-01  9.12838519e-01 -1.40352994e-01
 -2.76168674e-01 -5.63478529e-01  1.85518518e-01  6.18515849e-01
  9.07797396e-01  5.58707714e-01  6.54310524e-01 -9.68789756e-01
 -6.15588129e-02 -2.76184026e-02  2.73121327e-01 -3.54086995e-01
  4.74624962e-01  1.37339443e-01 -3.33838254e-01 -4.54894483e-01
 -4.43201482e-01  4.87415552e-01  6.92939878e-01  7.76845098e-01
  2.34562084e-01 -1.71094164e-01  6.52617574e-01 -7.15576172e-01
 -3.63845557e-01  1.07632124e+00 -2.44740129e-01 -1.39437407e-01
  1.62900817e+00  1.14459256e-02  9.56065774e-01  2.93038279e-01
  3.91988426e-01  3.39301564e-02 -6.13436103e-01 -7.80028582e-01
  2.32236609e-01  1.24575007e+00 -7.12414160e-02  6.11095548e-01
  4.77192504e-03 -1.05789937e-01  2.36828491e-01  5.28803527e-01
  4.67312008e-01 -1.94977492e-01 -9.55596268e-01 -6.81563795e-01
  4.23343569e-01 -2.96947718e-01 -3.69488955e-01 -2.89484084e-01
 -4.30452943e-01 -1.37250312e-02  2.62498766e-01 -5.61480105e-01
  5.62621891e-01 -4.18706477e-01 -8.56468499e-01  5.93134239e-02
 -1.00340411e-01 -7.35716164e-01  1.38378620e-01 -6.84343696e-01
  2.17011675e-01 -4.22011822e-01 -4.02174950e-01 -2.10074112e-01
 -6.50949299e-01  8.00443947e-01 -1.05892392e-02 -5.88889062e-01
 -3.27951312e-02 -9.57627073e-02 -4.11157161e-01  1.26788989e-01
 -4.45752770e-01 -3.34704220e-01 -6.30857348e-01  7.39717126e-01
  3.73316854e-01  1.94936663e-01  8.15797508e-01  7.57897347e-02
  2.51457661e-01  7.87429273e-01 -5.90912402e-02  8.01935017e-01
 -5.09869382e-02 -3.16675752e-01 -8.06985676e-01  3.75884295e-01
 -1.02298295e+00  2.55849570e-01  2.58157365e-02  1.62940547e-01
  3.08816880e-01 -8.00899506e-01  1.81837904e+00 -6.99088693e-01
 -2.37569124e-01 -3.24667641e-03 -4.07583922e-01 -2.53018081e-01
  1.05101004e-01  7.78838634e-01  7.80924141e-01  3.96106571e-01
  4.07956630e-01 -2.10249022e-01  4.17130977e-01 -3.68258469e-02
  2.39590809e-01 -1.32325947e-01 -1.05014598e+00 -3.78439307e-01
  1.21962957e-01  9.12429273e-01 -5.16304731e-01 -4.10982370e-01
  1.13879271e-01 -7.30947316e-01 -1.19410682e+00 -8.46092477e-02
 -4.51732308e-01  3.39796931e-01  1.79029241e-01 -3.18569988e-01
 -4.01548207e-01  1.05452193e-02 -9.81033444e-02  2.65956130e-02
 -1.16055489e+00 -2.66568363e-01 -4.17371392e-01 -2.27321759e-01
 -7.98538566e-01 -2.68420726e-01 -7.56898522e-02 -1.46671772e+00
 -3.53073359e-01  7.68439353e-01  5.23869157e-01 -1.45392466e+00
 -7.55149201e-02 -2.53495097e-01 -6.51691973e-01  1.01998317e+00
  1.75246254e-01  2.19446480e-01 -8.75575662e-01  6.49622753e-02
 -2.21772552e-01  6.31361604e-01  1.11363959e+00  8.29166234e-01
 -9.94006217e-01  5.85105002e-01  1.62860320e-03  6.57095253e-01
 -6.60761952e-01  4.83092368e-01  2.10053355e-01  1.93984300e-01
  1.08389914e+00 -2.88248777e-01  2.90296733e-01  6.75145447e-01
  6.10232018e-02 -5.08173525e-01 -1.05302072e+00  4.84012961e-01
 -1.34737328e-01 -1.63434446e-01 -1.95996463e-01 -1.06526923e+00
 -8.11576009e-01 -3.66595089e-01 -1.52673945e-02 -1.13481522e-01
  6.21918961e-02  6.84323311e-02 -7.70469382e-02 -6.34581506e-01
  2.21770406e-01  7.27311909e-01 -3.06834489e-01  1.09503961e+00
 -6.35234714e-02  7.48488754e-02  3.62029821e-01 -1.14483583e+00
  3.36602688e-01 -3.94898474e-01 -4.43032160e-02 -2.25445300e-01
 -9.30737793e-01  4.10731554e-01  3.46095145e-01 -8.76426399e-01
 -7.85481334e-01 -9.14595544e-01 -4.12273765e-01  5.75143516e-01
 -7.46130526e-01  4.76899326e-01 -7.44161129e-01 -6.33583188e-01
 -7.63390839e-01 -8.95849407e-01 -5.26674464e-02  3.77323836e-01
  6.89602196e-02  8.11982453e-01 -1.31613028e+00  7.27658644e-02
 -1.96165428e-01  6.04341328e-01  2.99889833e-01 -1.47399947e-01
  2.67245054e-01  6.23204529e-01  1.50411510e+00  6.07940815e-02
  2.72842020e-01  4.67290968e-01 -6.77232504e-01  5.37263155e-01
 -2.76431590e-01  6.60036445e-01 -5.24141677e-02  3.49252112e-02
  1.12972081e-01  2.25270927e-01 -1.09064952e-01  3.46314520e-01
  7.54533410e-01  7.83834755e-01 -4.25179332e-01  5.52726567e-01
 -1.95189342e-01 -5.99463761e-01 -3.58343661e-01 -2.30281323e-01
  2.36615911e-01  4.99656409e-01  1.68579209e+00 -1.51982561e-01
 -5.63962042e-01 -1.29549968e+00 -2.81212598e-01 -2.55549937e-01
  4.69508678e-01  1.41729280e-01 -5.26430964e-01  2.20184013e-01
 -2.16536090e-01 -9.31372881e-01 -9.69826996e-01  4.32354122e-01
 -1.06032109e+00 -5.03427327e-01 -8.87604475e-01  4.38566148e-01
  1.47396326e+00 -1.03932881e+00  6.63527369e-01 -9.93533015e-01
  1.08747959e+00 -9.77717102e-01 -1.65758193e-01 -4.72277105e-02
  1.20034409e+00  2.41741404e-01  3.70389432e-01 -1.49647415e+00
  6.98196530e-01 -5.78175962e-01  4.05572444e-01 -6.85069382e-01
  1.34073234e+00 -3.75742733e-01 -1.80194214e-01  3.50243032e-01]","[ 2.73681909e-01  1.66004568e-01 -7.44565070e-01 -1.47705269e+00
 -1.09840822e+00 -1.53690919e-01 -1.29248112e-01  2.95904994e-01
 -9.16356027e-01  1.40345776e+00  1.00063539e+00 -6.83065832e-01
  1.30242276e+00 -2.33746576e+00 -9.75994170e-01 -7.89787889e-01
 -1.79506803e+00 -1.28128958e+00  2.09810168e-01  1.29709288e-01
  4.47607398e-01 -6.85392797e-01  7.80511856e-01  1.21133173e+00
 -3.64384532e-01  1.07354224e+00  2.32574058e+00 -1.55821651e-01
 -2.85600513e-01  3.01326066e-01 -6.34632647e-01  1.65162787e-01
  2.81757385e-01 -3.74723703e-01 -2.95077354e-01  7.01536298e-01
 -2.88844388e-02  2.32678980e-01  2.16173112e-01  5.24862707e-01
 -7.30150580e-01 -4.09290910e-01  1.78005755e+00  1.10312033e+00
 -5.30989515e-03  1.62341702e+00  1.30315197e+00 -9.47976291e-01
  1.85765088e-01  1.49317771e-01 -2.13005602e-01 -6.93675578e-01
 -4.48695384e-03 -4.57031608e-01 -9.96706784e-01 -1.11750238e-01
  4.97595131e-01  4.26965803e-01 -1.49265635e+00  2.89656907e-01
 -2.73807108e-01  8.54427159e-01  1.49728537e+00  9.41296890e-02
 -1.70012251e-01  1.05805194e+00  2.47816041e-01  8.55847076e-02
 -2.41706241e-02  3.27099591e-01 -2.99327344e-01 -2.87228137e-01
 -5.82702875e-01 -5.94702363e-01 -1.03217173e+00 -8.13124239e-01
 -5.35450697e-01 -1.03322685e+00  6.12907767e-01  1.13398790e+00
 -7.18036070e-02  1.90137476e-01  6.24559581e-01  4.69076455e-01
  6.27078772e-01  3.44742835e-01 -3.45153689e-01  1.32870555e+00
 -1.61258459e-01 -1.77030429e-01 -1.69568908e+00  1.72073066e-01
  1.15088892e+00  2.67995209e-01 -1.30087376e-01 -2.35246912e-01
 -9.75930631e-01 -2.02227771e-01  8.58478367e-01  6.41340375e-01
 -3.02943230e-01  1.06876230e+00 -6.70137048e-01  1.55068052e+00
  1.39273751e+00 -1.45554578e+00  8.48026991e-01 -9.02008832e-01
 -3.14056218e-01 -8.90919007e-03  1.89570412e-02  6.20763719e-01
  5.67845762e-01  6.88580513e-01  3.47115725e-01  9.87522900e-01
  1.26554236e-01  9.42884982e-01 -9.06472266e-01  4.57331955e-01
  5.71125150e-02  1.78218889e+00 -1.16092294e-01 -9.70406473e-01
  2.32247129e-01 -1.08961582e-01  4.84424561e-01 -1.63584903e-01
 -2.28719175e-01 -3.77911866e-01  1.91282615e-01 -4.40858275e-01
  4.58004832e-01  2.03468651e-01 -7.51598001e-01  7.42124140e-01
  2.11840153e-01 -1.47817540e+00 -5.86319506e-01 -7.08758950e-01
 -5.41633785e-01  5.09984553e-01  3.28427345e-01 -5.58312654e-01
 -3.01396579e-01  4.69190210e-01  4.12009209e-01  4.86853629e-01
  8.65669027e-02 -4.84711647e-01 -1.38688656e-02 -9.07068998e-02
  7.71938503e-01 -4.51887012e-01 -2.65402257e-01  3.44309598e-01
  8.11073661e-01 -7.00493395e-01 -3.49895090e-01  4.73346151e-02
  9.45539415e-01  3.90116870e-01 -1.22340433e-02  9.33209777e-01
  5.38321495e-01  2.30738390e-02  4.50798392e-01  5.45543730e-01
  6.47279382e-01  1.34209245e-01 -6.69469893e-01 -5.51479518e-01
 -9.10929501e-01  8.97117376e-01  7.78002381e-01  7.29684412e-01
 -4.76152264e-03 -2.28286073e-01 -1.80614281e+00 -2.43098214e-01
 -4.10343200e-01  1.65494692e+00 -1.41513258e-01  4.32345904e-02
  2.63454169e-01 -4.78654593e-01  6.30516946e-01  1.35365450e+00
  1.63908258e-01  1.05160549e-01  6.00636341e-02  3.30597907e-01
 -1.11334272e-01  8.60361159e-01 -1.12372410e+00 -1.36552715e+00
 -9.46494460e-01 -6.26207352e-01 -5.15764892e-01  5.79680920e-01
  4.80724514e-01 -1.80933341e-01  8.24896619e-02 -9.76777613e-01
 -5.42914391e-01 -7.89315462e-01  8.83481205e-01  1.10133314e+00
  2.32755274e-01  8.09302405e-02 -7.54249543e-02 -1.47234833e+00
  7.46453345e-01 -1.42875111e+00  4.53871906e-01  1.72359610e+00
 -4.06082766e-03  1.19332123e+00 -8.32867801e-01  6.88086867e-01
  1.37741864e-01  7.88703918e-01  2.78975209e-03 -7.97479689e-01
 -4.38524857e-02  1.13093853e-01 -3.82264405e-01  1.38396609e+00
  6.05312407e-01  1.89717621e-01 -1.87994957e-01  3.21862578e+00
  1.55959547e+00 -5.84481001e-01  1.94749379e+00  5.90261579e-01
 -4.26900893e-01 -1.12351143e+00 -8.85746777e-02 -1.66987240e-01
 -9.51994538e-01  9.89240885e-01 -1.71200693e-01  1.32246166e-01
  5.89776099e-01 -1.25525105e+00  1.01031929e-01 -5.00966609e-01
  1.41644366e-02 -1.63523331e-01  4.52505380e-01  1.33390218e-01
 -6.45448789e-02  3.77991378e-01 -9.04772580e-01 -5.44584334e-01
 -3.49354029e-01 -1.97096571e-01  1.93875515e+00  1.68814957e-01
 -2.22165152e-01  4.48715463e-02 -7.38904104e-02  1.40951602e-02
  1.02817461e-01  1.50721657e+00 -1.24952972e+00  6.83633089e-01
 -4.31086749e-01 -9.22964275e-01 -1.24245316e-01 -4.44169819e-01
  6.44836053e-02  1.13626456e+00  1.71797186e-01  1.07042398e-02
  2.86911428e-01  5.32820761e-01 -3.44686478e-01 -1.07940471e+00
  1.37402907e-01 -1.80691803e+00  1.57622218e+00  8.19589794e-01
 -6.37324572e-01 -1.95334256e-01 -8.80328774e-01  7.41711080e-01
  4.09598909e-02  8.34153175e-01 -4.57031339e-01  2.83941716e-01
  1.10020137e+00 -3.37292314e-01  6.80264905e-02 -1.90589011e-01
  4.87536073e-01 -1.26242483e+00 -5.79993546e-01 -4.71906066e-01
 -5.36747038e-01 -3.78981888e-01 -1.34510770e-01 -4.72808868e-01
  9.65812728e-02 -2.18814477e-01  1.01008964e+00  5.89304030e-01
  5.38034260e-01  8.42455402e-02 -1.40532881e-01  7.70158917e-02
 -7.12736309e-01  3.12387049e-01  7.75598586e-01 -1.94695726e-01
  2.33821779e-01 -2.17562497e-01 -7.44840980e-01  5.53765059e-01
  8.96856844e-01  5.78018725e-01  6.23112261e-01 -5.88956356e-01
  1.32804468e-01  7.09370058e-03  2.32104346e-01  4.71894622e-01
  1.46003708e-01 -2.01706111e-01  1.21953443e-01 -2.07336560e-01
 -7.48902500e-01 -1.27280247e+00  4.56761748e-01  1.68301880e+00
 -1.00462787e-01 -3.45182627e-01  1.17211230e-01 -1.85488552e-01
 -1.44460499e+00  3.66658300e-01 -7.31594324e-01 -8.15469101e-02
  8.85279655e-01  2.86490023e-02  5.78202724e-01  1.48835093e-01
  6.08137071e-01  1.35164604e-01 -5.97466230e-01 -1.76421344e+00
 -3.54768366e-01  2.15320006e-01 -7.04477549e-01  2.93117404e-01
 -6.49666369e-01  2.69496471e-01  1.15424120e+00 -1.98677883e-01
  7.46418774e-01  4.54378814e-01 -1.85189176e+00  3.57578620e-02
  2.35214412e-01 -4.34334457e-01 -1.24479449e+00 -4.68029976e-01
 -1.04268217e+00  4.54844862e-01  7.26285696e-01 -1.08133495e+00
  1.99147046e-01 -2.84403861e-02 -1.07138276e+00 -3.95400703e-01
  6.98548928e-02 -8.70623410e-01  1.54038906e-01 -5.60017645e-01
 -3.75669263e-02 -7.81353354e-01 -7.31090486e-01 -3.41077209e-01
 -4.64152217e-01  6.60407245e-01  2.21335888e-01 -2.39996284e-01
 -6.66767597e-01  2.04499543e-01 -9.10416782e-01 -2.94663727e-01
 -1.17032087e+00  1.64180085e-01 -8.27566922e-01  6.99705660e-01
  1.33685246e-01  1.41605005e-01  3.46421391e-01  1.11059928e+00
  2.52072841e-01  1.55291784e+00  2.43351758e-01  1.04081237e+00
 -2.76770592e-01 -1.19162232e-01 -4.60011601e-01  1.34364569e+00
 -9.52273130e-01  4.80686158e-01  4.06600356e-01  2.80897468e-01
  9.98292208e-01 -1.31541288e+00  9.41959441e-01  2.02116687e-02
  3.70601773e-01 -1.12893559e-01  4.61780250e-01 -2.28449151e-01
  5.85418820e-01  3.94479007e-01  4.59744960e-01  6.36963010e-01
 -1.59505323e-01  1.00677061e+00  9.86175179e-01 -6.47877678e-02
  1.49050981e-01 -5.52432239e-01 -1.06719267e+00 -7.53977180e-01
 -7.81509995e-01  1.15565598e+00 -7.30940580e-01 -1.53717887e+00
  5.50783157e-01 -9.11858559e-01 -8.98802519e-01  5.36069512e-01
 -1.07712102e+00  3.14948589e-01 -8.60910773e-01 -9.96511221e-01
 -2.39814848e-01 -4.29458141e-01  6.79418385e-01  9.86803651e-01
 -1.04657805e+00  9.67387035e-02  2.55706422e-02  6.05388701e-01
 -6.60483122e-01 -2.04639211e-01  4.15904880e-01 -1.35647511e+00
 -9.27955091e-01 -5.36052465e-01  7.45387852e-01 -2.18400240e+00
  7.69201517e-01  3.20852995e-01 -1.20287740e+00  8.35670292e-01
  2.94883221e-01  2.71465987e-01 -7.08536088e-01 -1.06249952e+00
 -1.07689381e+00  7.60423899e-01 -1.21171467e-01  5.39052308e-01
  2.40152165e-01  9.79230523e-01  1.66857615e-01  6.06723279e-02
  1.80916563e-01 -7.60552645e-01 -3.01277459e-01 -4.17362712e-02
  1.74062574e+00 -1.36267334e-01 -3.31193469e-02 -2.82620676e-02
 -2.71528989e-01 -1.73435509e-01 -1.85956001e-01 -6.15883954e-02
  4.15342361e-01 -1.33295789e-01 -9.73394573e-01 -1.42296922e+00
  1.11226980e-02 -6.48887813e-01 -5.59289455e-02 -9.34372365e-01
 -3.20469499e-01  1.71822205e-01 -3.72805476e-01 -1.12383872e-01
 -1.82882831e-01  7.76977718e-01 -4.01029468e-01  4.71335590e-01
  6.27876967e-02  1.55258179e-02  9.98044372e-01 -2.24709749e+00
 -1.66378126e-01  4.33711410e-01 -3.36138129e-01 -6.40719175e-01
 -3.67246747e-01 -7.96032310e-01  6.48426056e-01 -9.42266643e-01
 -1.04082751e+00  7.30441930e-03 -3.89569491e-01  1.47294855e+00
 -7.89180517e-01 -4.36671704e-01 -5.43994963e-01 -5.21494597e-02
 -1.26271176e+00 -7.26314485e-01 -1.92389399e-01  5.17222643e-01
  6.87981725e-01  5.96668839e-01 -1.68401611e+00  5.07986784e-01
 -2.20345091e-02 -4.52393144e-01  1.23454340e-01  7.45882928e-01
  3.60483646e-01  7.12965071e-01  1.17536747e+00  4.84972596e-01
  8.31876397e-01  1.12832159e-01 -5.01047611e-01  1.13193977e+00
 -2.07402274e-01  6.30153298e-01 -7.69594014e-02 -2.62613058e-01
  5.37480652e-01  7.01635540e-01 -3.63881975e-01  6.86224580e-01
  1.05129576e+00  8.88192594e-01 -8.48925829e-01 -8.82286578e-02
  5.01420915e-01 -2.86752075e-01 -3.25413257e-01 -2.72722095e-01
 -4.60710317e-01  1.91521466e+00  1.54720652e+00  1.39547616e-01
 -1.23197943e-01 -1.62960351e+00 -3.06767553e-01 -1.03407121e+00
 -9.68941152e-02 -1.37072957e+00  2.17509329e-01  3.37919682e-01
 -8.65780339e-02 -8.87138367e-01 -5.31756341e-01  6.07614458e-01
 -1.52500010e+00 -6.54680490e-01 -1.09921885e+00  3.09683889e-01
  9.32154894e-01 -7.96648264e-01  1.09819002e-01 -9.36193824e-01
  1.27858591e+00 -1.13009691e-01 -1.56532098e-02 -1.94033533e-01
  8.13754141e-01  7.27848411e-01  1.37440950e-01 -1.28356433e+00
  5.93122900e-01 -4.10506845e-01  6.62912726e-01  2.60262042e-01
  4.77744848e-01 -7.30178475e-01 -3.93511020e-02  5.23803949e-01]",1
26,[*]C(C)(C[*])C(=O)[O-],[*]CC[N+][*],2650,9520,8.5,5,90,0.0,1,2,9,3.59245283018868,1,0,0,10.243472222222222,10.243472222222222,0.0532407407407407,-0.7986111111111109,0.4502538575862794,23.5,85.082,80.04199999999999,85.02950297991,34.0,2.5,3.0,3.0,1.6668127273868607,3.9084966379068455,100.21143267166842,6.784457050376174,3.5236033621142737,3.5236033621142737,3.504035844753885,1.5118016810571369,1.5118016810571369,1.0677875644551755,1.0677875644551755,0.348461712529338,0.348461712529338,0.0,0.0,-0.53,38.3366927298978,2.610921480426842,0.600159264681777,0.2950914053210928,36.78983322325914,35.63575031240701,9.901064578912528,5.969305287951849,19.76538044554264,0.0,0.0,5.106527394840706,5.969305287951849,4.794537184071822,6.923737199690624,0.0,12.841643245852016,40.13,5.969305287951849,9.901064578912528,5.917906046161393,6.923737199690624,0.0,0.0,6.923737199690624,0.0,0.2098148148148149,10.243472222222222,10.243472222222222,0.0,-1.0902777777777777,0.0,0.0,2.810185185185185,0.0,0.75,6.0,2.0,0.0,0.0,2.0,4.0,2.0,0.0,-0.5682,18.181,1.0,0.0,1.0,1.0,1.0,1.0,0.0,0.0,0.0,0.0,4.166666666666666,4.166666666666666,0.4131944444444444,0.4131944444444444,0.4134068917016045,14.666666666666666,42.06099999999999,38.029,42.03382554808999,16.0,2.0,2.6666666666666665,3.6666666666666665,3.6666666666666665,1.4056390622295665,2.19060968716425,15.119415478763749,4.121320343559642,1.8614271578730528,1.8614271578730528,2.414213562373095,0.8162277660168378,0.8162277660168378,0.2236067977499789,0.2236067977499789,0.0,0.0,0.0,0.0,-0.04,11.245112497836532,0.72512600755025,0.2061650840029218,0.0008163265306122,20.444083839238875,19.202161082765382,0.0,0.0,5.733667477162185,0.0,6.923737199690624,6.544756405912575,0.0,5.733667477162185,6.544756405912575,0.0,0.0,0.0,0.0,6.923737199690624,14.1,0.0,0.0,0.0,0.0,13.4684936056032,0.0,0.0,5.733667477162185,1.1076388888888888,0.0,0.0,4.166666666666666,0.0,0.0,0.0,2.7256944444444446,0.0,1.0,3.0,1.0,0.0,0.0,0.0,3.0,2.0,0.0,0.0226999999999999,11.808000000000002,0.0,0.0,0.0,0.0,0.0,0.0,1.0,0.0,0.0,0.0,0.0,0.0,[*]CC([*])(C)C(=O)[O-],[*]C[N+]C[*],"[ 7.49274790e-01  3.35424781e-01  4.55891341e-01 -1.09221423e+00
 -6.25216782e-01  3.14305499e-02 -1.89206481e-01 -9.25612390e-01
 -2.35249296e-01  1.36610961e+00  8.83861855e-02 -7.13659585e-01
  8.14221084e-01 -6.92512333e-01 -5.14061689e-01 -1.33080852e+00
 -1.47874510e+00 -1.03471792e+00 -6.12177968e-01  2.09805042e-01
  5.51994801e-01 -3.05551559e-01  4.35497522e-01  7.36454964e-01
 -6.94340706e-01  1.29001057e+00  2.37998891e+00 -4.05347496e-01
 -6.00476742e-01  7.56517649e-01 -2.95091867e-01 -4.40703213e-01
 -2.38245353e-01 -1.06833398e+00  5.43902814e-01  2.87487179e-01
  1.05013542e-01  7.71469295e-01  2.95419157e-01  2.99429774e-01
 -1.54818922e-01  9.55972448e-02  1.18825090e+00  1.62336457e+00
  2.11596087e-01  1.97126698e+00  7.42778480e-01  1.40871525e-01
 -2.52242148e-01 -5.88141322e-01 -8.30902278e-01 -5.11340201e-02
 -4.66348320e-01 -3.61824811e-01 -5.98171353e-01 -3.63103032e-01
  2.47532055e-01  5.11704028e-01 -7.26159394e-01  1.30475163e-01
 -9.32137072e-01  1.43789789e-02  4.87203658e-01 -6.09903224e-02
 -5.22938311e-01 -2.59041160e-01 -3.10223382e-02  1.33649796e-01
 -4.49149907e-01 -9.90190208e-01 -4.37130392e-01 -8.20998698e-02
 -1.41018599e-01  2.47300267e-01 -1.07266307e+00 -3.37361068e-01
 -3.82067502e-01 -3.48674297e-01  2.41132863e-02 -3.69367570e-01
  4.26380429e-03 -3.68784666e-01  2.93142378e-01  3.39492798e-01
  1.76544249e-01  7.48980865e-02  3.78351748e-01  1.43084496e-01
 -7.50767514e-02  6.98696852e-01 -1.23164153e+00  1.54972628e-01
  1.30712831e+00  4.13169146e-01 -7.62161970e-01  6.20638654e-02
  6.53732941e-02  3.98433149e-01  3.35860610e-01  2.57231444e-01
  5.09362817e-01  2.24197790e-01 -1.09119499e+00  9.36800539e-01
  7.53451943e-01 -1.23084819e+00  9.08430457e-01 -8.67207110e-01
 -4.80619073e-01  4.63999063e-01 -5.08662164e-01  2.84325276e-02
  8.96979451e-01  2.75238305e-01  6.04319394e-01  7.04479277e-01
 -1.92388758e-01  5.88916123e-01 -1.65896252e-01  1.25128731e-01
 -5.41119277e-01  5.95371544e-01 -4.40301627e-01 -9.53436732e-01
 -8.70644271e-01 -7.01563358e-02  5.19006014e-01 -8.48310441e-02
 -4.53820378e-01 -7.63373524e-02 -2.50903994e-01  1.05273589e-01
 -7.83522904e-04 -5.48577607e-01 -1.58988476e+00  4.16692108e-01
  4.86379087e-01 -6.73893452e-01 -2.14246154e-01 -8.94058764e-01
 -1.69562221e-01  1.62465900e-01  4.72447537e-02 -9.45844769e-01
  3.12819541e-01  4.59828615e-01  1.81325778e-01  5.45694053e-01
  5.22985049e-02 -2.90770084e-01  1.11780930e+00 -6.53702319e-01
  8.88752520e-01 -5.18661022e-01  2.26448655e-01  4.19900529e-02
  2.09506735e-01 -9.99619067e-01 -5.97911179e-01  2.40267485e-01
  3.84019047e-01  1.01165771e-01 -1.29132763e-01  1.37262657e-01
  2.43125573e-01  6.61093593e-02  7.34124482e-01  6.55801445e-02
  8.67221475e-01  1.02447104e+00  1.94548965e-01  4.92215395e-01
  2.58256465e-01  7.06858218e-01  4.08109426e-01  1.43596029e+00
 -2.34669849e-01 -2.20608890e-01 -9.00353014e-01 -1.68292020e-02
 -5.18259466e-01  9.73584116e-01  6.35090172e-01 -3.21039736e-01
  1.96893781e-01  1.36441048e-02  5.94366267e-02  6.31835938e-01
 -6.74691439e-01  2.92127788e-01 -1.58445194e-01  4.75977540e-01
 -1.05258442e-01 -2.61095129e-02 -3.47841859e-01 -1.38431609e+00
  2.30988905e-01  2.42584631e-01  2.42318988e-01  8.21007431e-01
  3.47805738e-01 -5.93114078e-01  6.15051806e-01 -1.13383365e+00
 -1.02469993e+00 -2.10129380e-01  5.13058305e-01 -4.32122946e-02
 -8.96828771e-01 -5.06239772e-01  2.97274590e-02 -1.87300277e+00
  9.58072007e-01 -7.87090957e-01 -5.90321839e-01  1.57090092e+00
 -1.52412921e-01  1.07509518e+00 -2.78278589e-01  6.61327541e-01
 -4.37102556e-01  6.07341051e-01  1.74592510e-01 -8.32812190e-01
  7.96080351e-01 -5.79209208e-01 -2.50138134e-01  8.92362118e-01
 -2.45963167e-02 -1.42872378e-01 -1.42276669e+00  1.69364798e+00
  6.29426658e-01 -5.70318513e-02  1.35555339e+00  7.65864253e-01
  4.97816533e-01  1.59259066e-02 -5.13777614e-01 -9.02717590e-01
 -1.13018739e+00  3.83352101e-01 -4.77341488e-02 -3.79710466e-01
 -4.47504103e-01 -1.09895110e+00 -3.86139631e-01  1.03090264e-01
  8.51628721e-01  2.24349573e-01 -3.13555300e-02  1.22573696e-01
  4.94108871e-02  6.98103666e-01  3.02277476e-01  1.66599587e-01
 -3.08436722e-01 -4.66002375e-01  1.62361014e+00 -2.62132585e-01
  5.79887815e-02 -6.79709196e-01  4.46500778e-01 -7.97002465e-02
 -8.20023119e-02  1.22393526e-01 -2.83097059e-01  4.32255983e-01
 -1.04199953e-01 -1.23305070e+00 -3.06826502e-01  3.86385806e-02
 -5.26868701e-01  2.08499730e-01 -1.37608588e-01 -2.77598381e-01
  1.16459966e+00  3.82706597e-02 -1.96235068e-02 -8.02532017e-01
  5.66025376e-01 -4.30100381e-01  1.32197094e+00  6.55819237e-01
 -1.05254024e-01 -6.85315967e-01  2.16215566e-01  5.93630016e-01
  2.85155267e-01  3.85740906e-01 -5.23835123e-01  3.65415752e-01
  1.48793125e+00 -3.41312021e-01  8.37343931e-02  3.88410576e-02
  1.16101551e+00 -8.25121999e-01  2.77617723e-02  7.33939037e-02
 -4.48615134e-01 -3.60707045e-01  2.16005355e-01 -1.82437807e-01
  2.44415596e-01 -5.28269887e-01  8.22483182e-01 -5.70847653e-02
  8.29918385e-01 -1.71355367e-01 -1.51496232e-01  4.65150774e-01
  3.33200365e-01  1.27273887e-01  9.12838519e-01 -1.40352994e-01
 -2.76168674e-01 -5.63478529e-01  1.85518518e-01  6.18515849e-01
  9.07797396e-01  5.58707714e-01  6.54310524e-01 -9.68789756e-01
 -6.15588129e-02 -2.76184026e-02  2.73121327e-01 -3.54086995e-01
  4.74624962e-01  1.37339443e-01 -3.33838254e-01 -4.54894483e-01
 -4.43201482e-01  4.87415552e-01  6.92939878e-01  7.76845098e-01
  2.34562084e-01 -1.71094164e-01  6.52617574e-01 -7.15576172e-01
 -3.63845557e-01  1.07632124e+00 -2.44740129e-01 -1.39437407e-01
  1.62900817e+00  1.14459256e-02  9.56065774e-01  2.93038279e-01
  3.91988426e-01  3.39301564e-02 -6.13436103e-01 -7.80028582e-01
  2.32236609e-01  1.24575007e+00 -7.12414160e-02  6.11095548e-01
  4.77192504e-03 -1.05789937e-01  2.36828491e-01  5.28803527e-01
  4.67312008e-01 -1.94977492e-01 -9.55596268e-01 -6.81563795e-01
  4.23343569e-01 -2.96947718e-01 -3.69488955e-01 -2.89484084e-01
 -4.30452943e-01 -1.37250312e-02  2.62498766e-01 -5.61480105e-01
  5.62621891e-01 -4.18706477e-01 -8.56468499e-01  5.93134239e-02
 -1.00340411e-01 -7.35716164e-01  1.38378620e-01 -6.84343696e-01
  2.17011675e-01 -4.22011822e-01 -4.02174950e-01 -2.10074112e-01
 -6.50949299e-01  8.00443947e-01 -1.05892392e-02 -5.88889062e-01
 -3.27951312e-02 -9.57627073e-02 -4.11157161e-01  1.26788989e-01
 -4.45752770e-01 -3.34704220e-01 -6.30857348e-01  7.39717126e-01
  3.73316854e-01  1.94936663e-01  8.15797508e-01  7.57897347e-02
  2.51457661e-01  7.87429273e-01 -5.90912402e-02  8.01935017e-01
 -5.09869382e-02 -3.16675752e-01 -8.06985676e-01  3.75884295e-01
 -1.02298295e+00  2.55849570e-01  2.58157365e-02  1.62940547e-01
  3.08816880e-01 -8.00899506e-01  1.81837904e+00 -6.99088693e-01
 -2.37569124e-01 -3.24667641e-03 -4.07583922e-01 -2.53018081e-01
  1.05101004e-01  7.78838634e-01  7.80924141e-01  3.96106571e-01
  4.07956630e-01 -2.10249022e-01  4.17130977e-01 -3.68258469e-02
  2.39590809e-01 -1.32325947e-01 -1.05014598e+00 -3.78439307e-01
  1.21962957e-01  9.12429273e-01 -5.16304731e-01 -4.10982370e-01
  1.13879271e-01 -7.30947316e-01 -1.19410682e+00 -8.46092477e-02
 -4.51732308e-01  3.39796931e-01  1.79029241e-01 -3.18569988e-01
 -4.01548207e-01  1.05452193e-02 -9.81033444e-02  2.65956130e-02
 -1.16055489e+00 -2.66568363e-01 -4.17371392e-01 -2.27321759e-01
 -7.98538566e-01 -2.68420726e-01 -7.56898522e-02 -1.46671772e+00
 -3.53073359e-01  7.68439353e-01  5.23869157e-01 -1.45392466e+00
 -7.55149201e-02 -2.53495097e-01 -6.51691973e-01  1.01998317e+00
  1.75246254e-01  2.19446480e-01 -8.75575662e-01  6.49622753e-02
 -2.21772552e-01  6.31361604e-01  1.11363959e+00  8.29166234e-01
 -9.94006217e-01  5.85105002e-01  1.62860320e-03  6.57095253e-01
 -6.60761952e-01  4.83092368e-01  2.10053355e-01  1.93984300e-01
  1.08389914e+00 -2.88248777e-01  2.90296733e-01  6.75145447e-01
  6.10232018e-02 -5.08173525e-01 -1.05302072e+00  4.84012961e-01
 -1.34737328e-01 -1.63434446e-01 -1.95996463e-01 -1.06526923e+00
 -8.11576009e-01 -3.66595089e-01 -1.52673945e-02 -1.13481522e-01
  6.21918961e-02  6.84323311e-02 -7.70469382e-02 -6.34581506e-01
  2.21770406e-01  7.27311909e-01 -3.06834489e-01  1.09503961e+00
 -6.35234714e-02  7.48488754e-02  3.62029821e-01 -1.14483583e+00
  3.36602688e-01 -3.94898474e-01 -4.43032160e-02 -2.25445300e-01
 -9.30737793e-01  4.10731554e-01  3.46095145e-01 -8.76426399e-01
 -7.85481334e-01 -9.14595544e-01 -4.12273765e-01  5.75143516e-01
 -7.46130526e-01  4.76899326e-01 -7.44161129e-01 -6.33583188e-01
 -7.63390839e-01 -8.95849407e-01 -5.26674464e-02  3.77323836e-01
  6.89602196e-02  8.11982453e-01 -1.31613028e+00  7.27658644e-02
 -1.96165428e-01  6.04341328e-01  2.99889833e-01 -1.47399947e-01
  2.67245054e-01  6.23204529e-01  1.50411510e+00  6.07940815e-02
  2.72842020e-01  4.67290968e-01 -6.77232504e-01  5.37263155e-01
 -2.76431590e-01  6.60036445e-01 -5.24141677e-02  3.49252112e-02
  1.12972081e-01  2.25270927e-01 -1.09064952e-01  3.46314520e-01
  7.54533410e-01  7.83834755e-01 -4.25179332e-01  5.52726567e-01
 -1.95189342e-01 -5.99463761e-01 -3.58343661e-01 -2.30281323e-01
  2.36615911e-01  4.99656409e-01  1.68579209e+00 -1.51982561e-01
 -5.63962042e-01 -1.29549968e+00 -2.81212598e-01 -2.55549937e-01
  4.69508678e-01  1.41729280e-01 -5.26430964e-01  2.20184013e-01
 -2.16536090e-01 -9.31372881e-01 -9.69826996e-01  4.32354122e-01
 -1.06032109e+00 -5.03427327e-01 -8.87604475e-01  4.38566148e-01
  1.47396326e+00 -1.03932881e+00  6.63527369e-01 -9.93533015e-01
  1.08747959e+00 -9.77717102e-01 -1.65758193e-01 -4.72277105e-02
  1.20034409e+00  2.41741404e-01  3.70389432e-01 -1.49647415e+00
  6.98196530e-01 -5.78175962e-01  4.05572444e-01 -6.85069382e-01
  1.34073234e+00 -3.75742733e-01 -1.80194214e-01  3.50243032e-01]","[ 2.73681909e-01  1.66004568e-01 -7.44565070e-01 -1.47705269e+00
 -1.09840822e+00 -1.53690919e-01 -1.29248112e-01  2.95904994e-01
 -9.16356027e-01  1.40345776e+00  1.00063539e+00 -6.83065832e-01
  1.30242276e+00 -2.33746576e+00 -9.75994170e-01 -7.89787889e-01
 -1.79506803e+00 -1.28128958e+00  2.09810168e-01  1.29709288e-01
  4.47607398e-01 -6.85392797e-01  7.80511856e-01  1.21133173e+00
 -3.64384532e-01  1.07354224e+00  2.32574058e+00 -1.55821651e-01
 -2.85600513e-01  3.01326066e-01 -6.34632647e-01  1.65162787e-01
  2.81757385e-01 -3.74723703e-01 -2.95077354e-01  7.01536298e-01
 -2.88844388e-02  2.32678980e-01  2.16173112e-01  5.24862707e-01
 -7.30150580e-01 -4.09290910e-01  1.78005755e+00  1.10312033e+00
 -5.30989515e-03  1.62341702e+00  1.30315197e+00 -9.47976291e-01
  1.85765088e-01  1.49317771e-01 -2.13005602e-01 -6.93675578e-01
 -4.48695384e-03 -4.57031608e-01 -9.96706784e-01 -1.11750238e-01
  4.97595131e-01  4.26965803e-01 -1.49265635e+00  2.89656907e-01
 -2.73807108e-01  8.54427159e-01  1.49728537e+00  9.41296890e-02
 -1.70012251e-01  1.05805194e+00  2.47816041e-01  8.55847076e-02
 -2.41706241e-02  3.27099591e-01 -2.99327344e-01 -2.87228137e-01
 -5.82702875e-01 -5.94702363e-01 -1.03217173e+00 -8.13124239e-01
 -5.35450697e-01 -1.03322685e+00  6.12907767e-01  1.13398790e+00
 -7.18036070e-02  1.90137476e-01  6.24559581e-01  4.69076455e-01
  6.27078772e-01  3.44742835e-01 -3.45153689e-01  1.32870555e+00
 -1.61258459e-01 -1.77030429e-01 -1.69568908e+00  1.72073066e-01
  1.15088892e+00  2.67995209e-01 -1.30087376e-01 -2.35246912e-01
 -9.75930631e-01 -2.02227771e-01  8.58478367e-01  6.41340375e-01
 -3.02943230e-01  1.06876230e+00 -6.70137048e-01  1.55068052e+00
  1.39273751e+00 -1.45554578e+00  8.48026991e-01 -9.02008832e-01
 -3.14056218e-01 -8.90919007e-03  1.89570412e-02  6.20763719e-01
  5.67845762e-01  6.88580513e-01  3.47115725e-01  9.87522900e-01
  1.26554236e-01  9.42884982e-01 -9.06472266e-01  4.57331955e-01
  5.71125150e-02  1.78218889e+00 -1.16092294e-01 -9.70406473e-01
  2.32247129e-01 -1.08961582e-01  4.84424561e-01 -1.63584903e-01
 -2.28719175e-01 -3.77911866e-01  1.91282615e-01 -4.40858275e-01
  4.58004832e-01  2.03468651e-01 -7.51598001e-01  7.42124140e-01
  2.11840153e-01 -1.47817540e+00 -5.86319506e-01 -7.08758950e-01
 -5.41633785e-01  5.09984553e-01  3.28427345e-01 -5.58312654e-01
 -3.01396579e-01  4.69190210e-01  4.12009209e-01  4.86853629e-01
  8.65669027e-02 -4.84711647e-01 -1.38688656e-02 -9.07068998e-02
  7.71938503e-01 -4.51887012e-01 -2.65402257e-01  3.44309598e-01
  8.11073661e-01 -7.00493395e-01 -3.49895090e-01  4.73346151e-02
  9.45539415e-01  3.90116870e-01 -1.22340433e-02  9.33209777e-01
  5.38321495e-01  2.30738390e-02  4.50798392e-01  5.45543730e-01
  6.47279382e-01  1.34209245e-01 -6.69469893e-01 -5.51479518e-01
 -9.10929501e-01  8.97117376e-01  7.78002381e-01  7.29684412e-01
 -4.76152264e-03 -2.28286073e-01 -1.80614281e+00 -2.43098214e-01
 -4.10343200e-01  1.65494692e+00 -1.41513258e-01  4.32345904e-02
  2.63454169e-01 -4.78654593e-01  6.30516946e-01  1.35365450e+00
  1.63908258e-01  1.05160549e-01  6.00636341e-02  3.30597907e-01
 -1.11334272e-01  8.60361159e-01 -1.12372410e+00 -1.36552715e+00
 -9.46494460e-01 -6.26207352e-01 -5.15764892e-01  5.79680920e-01
  4.80724514e-01 -1.80933341e-01  8.24896619e-02 -9.76777613e-01
 -5.42914391e-01 -7.89315462e-01  8.83481205e-01  1.10133314e+00
  2.32755274e-01  8.09302405e-02 -7.54249543e-02 -1.47234833e+00
  7.46453345e-01 -1.42875111e+00  4.53871906e-01  1.72359610e+00
 -4.06082766e-03  1.19332123e+00 -8.32867801e-01  6.88086867e-01
  1.37741864e-01  7.88703918e-01  2.78975209e-03 -7.97479689e-01
 -4.38524857e-02  1.13093853e-01 -3.82264405e-01  1.38396609e+00
  6.05312407e-01  1.89717621e-01 -1.87994957e-01  3.21862578e+00
  1.55959547e+00 -5.84481001e-01  1.94749379e+00  5.90261579e-01
 -4.26900893e-01 -1.12351143e+00 -8.85746777e-02 -1.66987240e-01
 -9.51994538e-01  9.89240885e-01 -1.71200693e-01  1.32246166e-01
  5.89776099e-01 -1.25525105e+00  1.01031929e-01 -5.00966609e-01
  1.41644366e-02 -1.63523331e-01  4.52505380e-01  1.33390218e-01
 -6.45448789e-02  3.77991378e-01 -9.04772580e-01 -5.44584334e-01
 -3.49354029e-01 -1.97096571e-01  1.93875515e+00  1.68814957e-01
 -2.22165152e-01  4.48715463e-02 -7.38904104e-02  1.40951602e-02
  1.02817461e-01  1.50721657e+00 -1.24952972e+00  6.83633089e-01
 -4.31086749e-01 -9.22964275e-01 -1.24245316e-01 -4.44169819e-01
  6.44836053e-02  1.13626456e+00  1.71797186e-01  1.07042398e-02
  2.86911428e-01  5.32820761e-01 -3.44686478e-01 -1.07940471e+00
  1.37402907e-01 -1.80691803e+00  1.57622218e+00  8.19589794e-01
 -6.37324572e-01 -1.95334256e-01 -8.80328774e-01  7.41711080e-01
  4.09598909e-02  8.34153175e-01 -4.57031339e-01  2.83941716e-01
  1.10020137e+00 -3.37292314e-01  6.80264905e-02 -1.90589011e-01
  4.87536073e-01 -1.26242483e+00 -5.79993546e-01 -4.71906066e-01
 -5.36747038e-01 -3.78981888e-01 -1.34510770e-01 -4.72808868e-01
  9.65812728e-02 -2.18814477e-01  1.01008964e+00  5.89304030e-01
  5.38034260e-01  8.42455402e-02 -1.40532881e-01  7.70158917e-02
 -7.12736309e-01  3.12387049e-01  7.75598586e-01 -1.94695726e-01
  2.33821779e-01 -2.17562497e-01 -7.44840980e-01  5.53765059e-01
  8.96856844e-01  5.78018725e-01  6.23112261e-01 -5.88956356e-01
  1.32804468e-01  7.09370058e-03  2.32104346e-01  4.71894622e-01
  1.46003708e-01 -2.01706111e-01  1.21953443e-01 -2.07336560e-01
 -7.48902500e-01 -1.27280247e+00  4.56761748e-01  1.68301880e+00
 -1.00462787e-01 -3.45182627e-01  1.17211230e-01 -1.85488552e-01
 -1.44460499e+00  3.66658300e-01 -7.31594324e-01 -8.15469101e-02
  8.85279655e-01  2.86490023e-02  5.78202724e-01  1.48835093e-01
  6.08137071e-01  1.35164604e-01 -5.97466230e-01 -1.76421344e+00
 -3.54768366e-01  2.15320006e-01 -7.04477549e-01  2.93117404e-01
 -6.49666369e-01  2.69496471e-01  1.15424120e+00 -1.98677883e-01
  7.46418774e-01  4.54378814e-01 -1.85189176e+00  3.57578620e-02
  2.35214412e-01 -4.34334457e-01 -1.24479449e+00 -4.68029976e-01
 -1.04268217e+00  4.54844862e-01  7.26285696e-01 -1.08133495e+00
  1.99147046e-01 -2.84403861e-02 -1.07138276e+00 -3.95400703e-01
  6.98548928e-02 -8.70623410e-01  1.54038906e-01 -5.60017645e-01
 -3.75669263e-02 -7.81353354e-01 -7.31090486e-01 -3.41077209e-01
 -4.64152217e-01  6.60407245e-01  2.21335888e-01 -2.39996284e-01
 -6.66767597e-01  2.04499543e-01 -9.10416782e-01 -2.94663727e-01
 -1.17032087e+00  1.64180085e-01 -8.27566922e-01  6.99705660e-01
  1.33685246e-01  1.41605005e-01  3.46421391e-01  1.11059928e+00
  2.52072841e-01  1.55291784e+00  2.43351758e-01  1.04081237e+00
 -2.76770592e-01 -1.19162232e-01 -4.60011601e-01  1.34364569e+00
 -9.52273130e-01  4.80686158e-01  4.06600356e-01  2.80897468e-01
  9.98292208e-01 -1.31541288e+00  9.41959441e-01  2.02116687e-02
  3.70601773e-01 -1.12893559e-01  4.61780250e-01 -2.28449151e-01
  5.85418820e-01  3.94479007e-01  4.59744960e-01  6.36963010e-01
 -1.59505323e-01  1.00677061e+00  9.86175179e-01 -6.47877678e-02
  1.49050981e-01 -5.52432239e-01 -1.06719267e+00 -7.53977180e-01
 -7.81509995e-01  1.15565598e+00 -7.30940580e-01 -1.53717887e+00
  5.50783157e-01 -9.11858559e-01 -8.98802519e-01  5.36069512e-01
 -1.07712102e+00  3.14948589e-01 -8.60910773e-01 -9.96511221e-01
 -2.39814848e-01 -4.29458141e-01  6.79418385e-01  9.86803651e-01
 -1.04657805e+00  9.67387035e-02  2.55706422e-02  6.05388701e-01
 -6.60483122e-01 -2.04639211e-01  4.15904880e-01 -1.35647511e+00
 -9.27955091e-01 -5.36052465e-01  7.45387852e-01 -2.18400240e+00
  7.69201517e-01  3.20852995e-01 -1.20287740e+00  8.35670292e-01
  2.94883221e-01  2.71465987e-01 -7.08536088e-01 -1.06249952e+00
 -1.07689381e+00  7.60423899e-01 -1.21171467e-01  5.39052308e-01
  2.40152165e-01  9.79230523e-01  1.66857615e-01  6.06723279e-02
  1.80916563e-01 -7.60552645e-01 -3.01277459e-01 -4.17362712e-02
  1.74062574e+00 -1.36267334e-01 -3.31193469e-02 -2.82620676e-02
 -2.71528989e-01 -1.73435509e-01 -1.85956001e-01 -6.15883954e-02
  4.15342361e-01 -1.33295789e-01 -9.73394573e-01 -1.42296922e+00
  1.11226980e-02 -6.48887813e-01 -5.59289455e-02 -9.34372365e-01
 -3.20469499e-01  1.71822205e-01 -3.72805476e-01 -1.12383872e-01
 -1.82882831e-01  7.76977718e-01 -4.01029468e-01  4.71335590e-01
  6.27876967e-02  1.55258179e-02  9.98044372e-01 -2.24709749e+00
 -1.66378126e-01  4.33711410e-01 -3.36138129e-01 -6.40719175e-01
 -3.67246747e-01 -7.96032310e-01  6.48426056e-01 -9.42266643e-01
 -1.04082751e+00  7.30441930e-03 -3.89569491e-01  1.47294855e+00
 -7.89180517e-01 -4.36671704e-01 -5.43994963e-01 -5.21494597e-02
 -1.26271176e+00 -7.26314485e-01 -1.92389399e-01  5.17222643e-01
  6.87981725e-01  5.96668839e-01 -1.68401611e+00  5.07986784e-01
 -2.20345091e-02 -4.52393144e-01  1.23454340e-01  7.45882928e-01
  3.60483646e-01  7.12965071e-01  1.17536747e+00  4.84972596e-01
  8.31876397e-01  1.12832159e-01 -5.01047611e-01  1.13193977e+00
 -2.07402274e-01  6.30153298e-01 -7.69594014e-02 -2.62613058e-01
  5.37480652e-01  7.01635540e-01 -3.63881975e-01  6.86224580e-01
  1.05129576e+00  8.88192594e-01 -8.48925829e-01 -8.82286578e-02
  5.01420915e-01 -2.86752075e-01 -3.25413257e-01 -2.72722095e-01
 -4.60710317e-01  1.91521466e+00  1.54720652e+00  1.39547616e-01
 -1.23197943e-01 -1.62960351e+00 -3.06767553e-01 -1.03407121e+00
 -9.68941152e-02 -1.37072957e+00  2.17509329e-01  3.37919682e-01
 -8.65780339e-02 -8.87138367e-01 -5.31756341e-01  6.07614458e-01
 -1.52500010e+00 -6.54680490e-01 -1.09921885e+00  3.09683889e-01
  9.32154894e-01 -7.96648264e-01  1.09819002e-01 -9.36193824e-01
  1.27858591e+00 -1.13009691e-01 -1.56532098e-02 -1.94033533e-01
  8.13754141e-01  7.27848411e-01  1.37440950e-01 -1.28356433e+00
  5.93122900e-01 -4.10506845e-01  6.62912726e-01  2.60262042e-01
  4.77744848e-01 -7.30178475e-01 -3.93511020e-02  5.23803949e-01]",1
