,PA,PC,PA_DP,PC_DP,PC_pH,NaCl,phi,Vetv_block,Vetvl_liof,PA_idx,PC_idx,eps,eps1,eps2,eps3,PA_MaxAbsEStateIndex,PA_MaxEStateIndex,PA_MinAbsEStateIndex,PA_MinEStateIndex,PA_qed,PA_SPS,PA_MolWt,PA_HeavyAtomMolWt,PA_ExactMolWt,PA_NumValenceElectrons,PA_FpDensityMorgan1,PA_FpDensityMorgan2,PA_FpDensityMorgan3,PA_AvgIpc,PA_BalabanJ,PA_BertzCT,PA_Chi0,PA_Chi0n,PA_Chi0v,PA_Chi1,PA_Chi1n,PA_Chi1v,PA_Chi2n,PA_Chi2v,PA_Chi3n,PA_Chi3v,PA_Chi4n,PA_Chi4v,PA_HallKierAlpha,PA_Ipc,PA_Kappa1,PA_Kappa2,PA_Kappa3,PA_LabuteASA,PA_PEOE_VSA14,PA_SMR_VSA1,PA_SMR_VSA10,PA_SMR_VSA5,PA_SMR_VSA6,PA_SMR_VSA7,PA_SlogP_VSA1,PA_SlogP_VSA2,PA_SlogP_VSA3,PA_SlogP_VSA5,PA_SlogP_VSA6,PA_SlogP_VSA7,PA_TPSA,PA_EState_VSA1,PA_EState_VSA10,PA_EState_VSA2,PA_EState_VSA4,PA_EState_VSA5,PA_EState_VSA6,PA_EState_VSA7,PA_EState_VSA8,PA_VSA_EState1,PA_VSA_EState2,PA_VSA_EState3,PA_VSA_EState4,PA_VSA_EState5,PA_VSA_EState6,PA_VSA_EState7,PA_VSA_EState8,PA_VSA_EState9,PA_FractionCSP3,PA_HeavyAtomCount,PA_NOCount,PA_NumAromaticHeterocycles,PA_NumAromaticRings,PA_NumHAcceptors,PA_NumHeteroatoms,PA_NumRotatableBonds,PA_RingCount,PA_MolLogP,PA_MolMR,PA_fr_Al_COO,PA_fr_Ar_N,PA_fr_COO,PA_fr_COO2,PA_fr_C_O,PA_fr_C_O_noCOO,PA_fr_NH0,PA_fr_aryl_methyl,PA_fr_pyridine,PA_fr_quatN,PС_MaxAbsEStateIndex,PС_MaxEStateIndex,PС_MinAbsEStateIndex,PС_MinEStateIndex,PС_qed,PС_SPS,PС_MolWt,PС_HeavyAtomMolWt,PС_ExactMolWt,PС_NumValenceElectrons,PС_NumRadicalElectrons,PС_FpDensityMorgan1,PС_FpDensityMorgan2,PС_FpDensityMorgan3,PС_AvgIpc,PС_BalabanJ,PС_BertzCT,PС_Chi0,PС_Chi0n,PС_Chi0v,PС_Chi1,PС_Chi1n,PС_Chi1v,PС_Chi2n,PС_Chi2v,PС_Chi3n,PС_Chi3v,PС_Chi4n,PС_Chi4v,PС_HallKierAlpha,PС_Ipc,PС_Kappa1,PС_Kappa2,PС_Kappa3,PС_LabuteASA,PС_PEOE_VSA14,PС_SMR_VSA1,PС_SMR_VSA10,PС_SMR_VSA3,PС_SMR_VSA4,PС_SMR_VSA5,PС_SMR_VSA6,PС_SMR_VSA7,PС_SlogP_VSA1,PС_SlogP_VSA2,PС_SlogP_VSA3,PС_SlogP_VSA4,PС_SlogP_VSA5,PС_SlogP_VSA6,PС_SlogP_VSA7,PС_TPSA,PС_EState_VSA1,PС_EState_VSA10,PС_EState_VSA2,PС_EState_VSA4,PС_EState_VSA5,PС_EState_VSA6,PС_EState_VSA7,PС_EState_VSA8,PС_VSA_EState1,PС_VSA_EState2,PС_VSA_EState3,PС_VSA_EState4,PС_VSA_EState5,PС_VSA_EState6,PС_VSA_EState7,PС_VSA_EState8,PС_VSA_EState9,PС_FractionCSP3,PС_HeavyAtomCount,PС_NOCount,PС_NumAromaticHeterocycles,PС_NumAromaticRings,PС_NumHAcceptors,PС_NumHeteroatoms,PС_NumRotatableBonds,PС_RingCount,PС_MolLogP,PС_MolMR,PС_fr_Al_COO,PС_fr_Ar_N,PС_fr_COO,PС_fr_COO2,PС_fr_C_O,PС_fr_C_O_noCOO,PС_fr_NH0,PС_fr_Ndealkylation1,PС_fr_aryl_methyl,PС_fr_pyridine,PС_fr_quatN,PС_fr_unbrch_alkane,PA_canon,PC_canon,PA_embed,PC_embed,label
119,[*]C(C[*])C(=O)[O-],[*]CC([*])c1cc[n+](CC)cc1,45000,290,7.0,100,41,0.5,0,1,3,0.0064444444444444,0,1,0,9.921712962962964,9.921712962962964,0.0370370370370369,-0.7824074074074072,0.4204227437702691,19.2,71.055,68.031,71.01385291591001,28.0,2.6,3.2,3.2,1.6457113704075783,3.34341705895396,73.33515884998701,5.861807319565799,2.6009536313038994,2.6009536313038994,3.1807392125526213,1.1051717155225391,1.1051717155225391,0.5231597389607807,0.5231597389607807,0.1666666666666666,0.1666666666666666,0.0,0.0,-0.53,27.977093296928835,1.798837033645378,0.5057254621854761,0.2506048614847814,30.42489110886254,29.21492868948101,9.901064578912528,5.969305287951849,13.344558822616634,0.0,0.0,5.106527394840706,5.969305287951849,4.794537184071822,0.0,0.0,13.344558822616634,40.13,5.969305287951849,9.901064578912528,6.4208216229260096,6.923737199690624,0.0,0.0,0.0,0.0,0.3533333333333333,9.921712962962964,9.921712962962964,0.0,-0.7824074074074072,0.0,0.0694444444444444,1.0162037037037035,0.0,0.6666666666666666,5.0,2.0,0.0,0.0,2.0,4.0,2.0,0.0,-0.9583000000000002,13.564000000000002,1.0,0.0,1.0,1.0,1.0,1.0,0.0,0.0,0.0,0.0,2.3224074074074075,2.3224074074074075,0.5284301776266063,0.5284301776266063,0.5521406753358277,15.7,134.202,122.10599999999998,134.09642580409,52.0,0.0,1.7,2.4,2.9,2.167053352545513,2.770446815269876,232.78878061771368,8.974691494688164,6.248178503821182,6.248178503821182,5.774386907679233,3.4806726876126763,3.4806726876126763,2.166047211752171,2.166047211752171,1.5177731138680297,1.5177731138680297,0.8157553743075044,0.8157553743075044,-0.8500000000000001,606.7749387127436,4.888623338494641,2.080926843886177,0.919449804078233,62.32079104462523,61.47002484785755,4.567099647791355,0.0,0.0,0.0,26.813052428219837,0.0,30.08987277184637,4.567099647791355,0.0,6.544756405912575,0.0,18.90801031431363,24.52642128014937,6.923737199690624,3.88,0.0,0.0,0.0,12.965578028838586,0.0,12.48718869138762,0.0,36.01725812763135,3.383179406021668,0.0,0.0,1.6200925925925929,0.0,4.644814814814815,5.496394557823129,4.855518628747795,0.0,0.4444444444444444,10.0,1.0,1.0,1.0,0.0,3.0,3.0,1.0,1.552,39.859000000000016,0.0,1.0,0.0,0.0,0.0,0.0,1.0,0.0,1.0,1.0,0.0,0.0,[*]CC([*])C(=O)[O-],[*]CC([*])c1cc[n+](CC)cc1,"[ 5.50952554e-01  6.67746007e-01  3.77917290e-01 -1.17441809e+00
 -6.69968367e-01 -1.58297330e-01 -6.72284961e-02 -5.28121531e-01
 -2.75267303e-01  1.55845845e+00  2.68392377e-02 -5.55266798e-01
  7.93385267e-01 -1.03456473e+00 -6.35627568e-01 -1.03876030e+00
 -1.70346820e+00 -1.30036497e+00 -2.25371301e-01 -1.41964734e-01
  1.05430499e-01 -2.92812109e-01  3.19773614e-01  7.72576690e-01
 -6.40112102e-01  1.28019118e+00  2.42774200e+00 -4.54006344e-01
 -9.02524412e-01  9.79506493e-01 -3.34828138e-01 -3.03650469e-01
 -1.33218363e-01 -9.41639364e-01  7.83632636e-01  4.23074663e-01
 -1.73241779e-01  3.54419112e-01  3.47581238e-01 -3.20249461e-02
 -5.87040186e-01 -6.94137141e-02  1.36469281e+00  1.50850272e+00
 -7.08109001e-04  1.40314758e+00  8.37898135e-01  2.30026972e-02
 -1.28918486e-02 -4.91764814e-01 -3.88111532e-01 -8.54103506e-01
 -3.39003444e-01 -8.56086552e-01 -6.32213116e-01 -4.84038144e-01
 -2.89928913e-03  8.45237494e-01 -9.35304523e-01 -3.63467872e-01
 -6.73271000e-01 -1.05482444e-01  8.11104894e-01 -1.71648502e-01
 -3.46295953e-01  9.68204662e-02  7.82802626e-02  6.15729988e-01
 -1.28915578e-01 -8.80074680e-01 -1.10793412e-01 -2.32655019e-01
 -2.76402205e-01  4.76215333e-02 -5.37703753e-01 -4.57626283e-01
 -5.56176007e-01 -5.34456968e-01  4.31151748e-01 -4.61292788e-02
  3.29330802e-01 -1.57692686e-01  6.79725409e-01  7.64999747e-01
  2.28698909e-01  4.99854833e-01  1.03707455e-01  4.23821568e-01
 -1.18584305e-01  5.51582500e-02 -1.27232492e+00  9.25469279e-01
  1.17828858e+00  5.55050254e-01 -6.01640403e-01  1.85598596e-03
 -5.06517231e-01  3.62108380e-01 -1.25593603e-01  2.64763713e-01
  1.74772024e-01  3.16496044e-01 -1.01321959e+00  8.26404274e-01
  1.10871613e+00 -1.15284944e+00  1.07645226e+00 -9.01291013e-01
 -5.09613574e-01  6.92212641e-01 -6.20536089e-01 -2.36807078e-01
  1.11608577e+00  5.01168847e-01  5.16830027e-01  4.75949496e-01
 -6.68551743e-01  4.93257880e-01  2.93971598e-01  4.70821112e-02
 -3.74763817e-01  1.12406266e+00 -1.71836525e-01 -9.83554304e-01
 -3.04760039e-01 -8.03640932e-02  4.01249915e-01 -2.37712353e-01
 -3.63715082e-01 -4.04603444e-02 -6.94833323e-02 -2.84978569e-01
 -1.37553036e-01 -6.40389100e-02 -1.30503821e+00  6.43750072e-01
  8.66559386e-01 -6.59701407e-01 -2.93511987e-01 -5.99394381e-01
 -1.37480929e-01  3.21428955e-01 -4.59521860e-02 -7.53167152e-01
 -2.05593005e-01  1.92969292e-01  1.47321537e-01  6.28412962e-01
  3.42511177e-01 -7.05951214e-01  4.42748845e-01 -4.32425022e-01
  1.24913609e+00 -4.02215600e-01  3.81262302e-01  6.94990575e-01
  3.94117445e-01 -8.92814755e-01 -1.08931231e+00  4.76228297e-01
  1.24987923e-01  6.95637167e-02  7.04857886e-01  3.86546522e-01
  4.89218652e-01  1.67667687e-01  6.18894100e-01  4.35397118e-01
  6.26206696e-01  8.39248419e-01  2.65890479e-01 -2.82257199e-02
  2.12427139e-01  7.49804258e-01  7.74736702e-01  1.29185498e+00
 -4.25994545e-02 -1.65944263e-01 -9.42873001e-01 -1.42539650e-01
 -5.09615064e-01  9.65403438e-01  8.34682345e-01 -5.18386602e-01
  3.53891730e-01  6.41801357e-02  5.08618951e-01  1.01894891e+00
 -3.28530014e-01 -3.32997628e-02 -1.80441827e-01  2.35096931e-01
 -2.55989581e-01 -2.09291473e-01 -1.47133321e-01 -1.64968276e+00
 -1.69284850e-01  6.07510209e-02  6.21947587e-01  7.29369700e-01
  5.99946022e-01 -6.74916565e-01  1.23031831e+00 -1.28958249e+00
 -6.64112449e-01 -3.67776453e-01  1.31455690e-01  3.78233433e-01
 -8.40135753e-01 -3.63106400e-01 -2.50634134e-01 -2.10742283e+00
  6.89093709e-01 -9.02974844e-01 -4.02772009e-01  1.54137588e+00
 -2.07992017e-01  9.06994522e-01 -5.44871032e-01  3.85305762e-01
 -8.09826478e-02  6.84405208e-01  2.46060431e-01 -5.65070868e-01
  5.42701185e-01  2.30542719e-02 -1.22137517e-01  6.66289628e-01
 -1.00670137e-01  5.78732230e-02 -1.18791723e+00  2.20502615e+00
  7.74039507e-01  3.79953198e-02  1.60000706e+00  1.23174655e+00
  2.83441335e-01 -3.15214992e-01 -7.11687982e-01 -7.00975180e-01
 -8.20701361e-01  6.06228650e-01 -6.73054680e-02 -3.09595257e-01
 -1.70270309e-01 -1.09378815e+00 -1.88075840e-01  1.54434606e-01
  6.66516542e-01  3.04506958e-01  1.23938218e-01  3.31819475e-01
 -1.62126659e-03  4.06757772e-01 -8.66131783e-02 -5.88821769e-02
 -5.21769404e-01 -2.06430405e-01  1.92552900e+00 -2.83560157e-01
 -1.90655738e-01 -4.01817203e-01  5.80403030e-01  1.90049112e-01
  5.90409189e-02  3.97923917e-01 -4.53226894e-01  4.97723222e-01
 -3.94481063e-01 -1.30251551e+00 -3.18813235e-01 -4.60155487e-01
 -4.52672958e-01  4.28255886e-01  1.86832532e-01 -4.64421064e-01
  8.26421797e-01  8.58034790e-02  9.91345942e-02 -6.91530228e-01
  6.67168140e-01 -6.56287134e-01  1.84816062e+00  1.09426033e+00
  1.60102636e-01 -1.11405814e+00  3.91883664e-02  3.58302563e-01
 -5.41131608e-02  4.13817704e-01 -2.12963536e-01  3.07724923e-01
  1.17556334e+00 -1.34069726e-01  2.33674124e-01 -7.30481418e-03
  7.81065047e-01 -3.03012580e-01 -8.35513845e-02  5.53557932e-01
 -2.84455985e-01 -2.47817889e-01  1.89149991e-01 -1.02672207e+00
  1.32583808e-02 -2.55627990e-01  9.52539861e-01 -2.96597350e-02
  8.79282951e-01  4.27375317e-01 -1.99289754e-01  2.20845848e-01
  1.33380175e-01  1.14704527e-01  9.84668970e-01 -2.11234868e-01
 -4.05843139e-01 -7.67308354e-01  3.14330757e-02  3.86560559e-01
  1.19929647e+00  5.36592305e-01  5.09199142e-01 -1.36162627e+00
 -1.05296448e-01 -5.59449345e-02 -3.80162150e-02 -6.26801491e-01
  1.86362505e-01 -1.73844025e-01 -6.50287032e-01 -3.45541984e-01
 -7.34303296e-01  7.24383742e-02  1.10383463e+00  1.14996636e+00
  4.15981650e-01  2.12344471e-02  3.46782468e-02 -6.53821528e-01
 -5.01247168e-01  1.01878500e+00 -5.11385202e-01  5.93827702e-02
  1.42465687e+00  8.32590798e-04  8.78591835e-01  5.78436792e-01
  7.18320012e-01  5.57367444e-01 -5.57254732e-01 -1.31244791e+00
  7.39392415e-02  1.02208316e+00 -1.73512977e-02  8.59655023e-01
 -3.99190225e-02 -2.82223940e-01  3.95490587e-01  4.02262717e-01
  8.03426445e-01 -2.58965492e-01 -1.23902738e+00 -9.40800786e-01
  1.62803307e-01 -1.82705402e-01 -1.00059152e+00 -5.43330550e-01
 -6.58766031e-01 -2.29741275e-01  1.80671170e-01 -1.29144430e-01
  3.56926799e-01 -8.86848867e-02 -9.70983922e-01  2.64483422e-01
  1.72349140e-01 -7.12217987e-01 -8.57104957e-02 -3.92155677e-01
  1.69065610e-01 -3.40923727e-01 -2.67417639e-01 -1.58317521e-01
 -6.08656704e-01  1.02118409e+00 -2.54552245e-01 -9.51778710e-01
 -2.65829086e-01 -5.54043390e-02 -5.34137547e-01  7.80924261e-02
 -4.31904018e-01 -2.93715656e-01 -5.59636712e-01  7.50055850e-01
  5.42586446e-01  5.21332622e-01  7.41369128e-01 -2.03372106e-01
 -2.98140310e-02  1.17485476e+00 -6.42839670e-01  9.09768820e-01
 -2.86733925e-01 -6.71667278e-01 -7.02754200e-01  5.18063009e-01
 -7.03846872e-01  8.45564783e-01  2.22889528e-01  5.72806001e-02
  7.29165733e-01 -1.03616178e+00  1.58585691e+00 -4.93727475e-01
 -3.07119966e-01  9.14265960e-02 -6.41273111e-02 -5.38270436e-02
  3.15355629e-01  1.19199312e+00  6.83415830e-01  1.33915111e-01
  1.16254874e-01  3.87908012e-01  8.34312201e-01 -1.76378161e-01
  4.98694271e-01 -4.02371407e-01 -7.95837879e-01 -3.92245412e-01
 -7.62568772e-01  1.17841554e+00 -8.50370944e-01 -8.19937170e-01
 -1.17226891e-01 -8.34619522e-01 -1.40142596e+00  3.41342449e-01
 -1.18009889e+00  1.72452241e-01  7.37082437e-02 -3.43734443e-01
 -5.56558371e-01 -1.20999336e-01  6.78034663e-01 -1.69035867e-02
 -9.26296234e-01 -5.40798724e-01 -1.40218958e-01 -3.94925140e-02
 -8.04703236e-01 -9.95787308e-02 -2.03307927e-01 -1.50647974e+00
 -1.90729693e-01  4.01281953e-01  8.01624775e-01 -1.31860971e+00
  2.80246615e-01 -1.09216804e-02 -8.86645317e-01  8.60824645e-01
  5.10790169e-01  2.27465048e-01 -6.09495401e-01  1.30400555e-02
 -5.35382628e-02  5.99121809e-01  9.75840449e-01  7.68029451e-01
 -1.04766703e+00  1.87973067e-01  7.01478198e-02  4.77244973e-01
 -6.52137339e-01  7.09963962e-02 -4.24877740e-02  3.11902642e-01
  1.14879143e+00 -1.62646145e-01  2.15660229e-01  2.38919973e-01
  1.27243221e-01 -2.14758724e-01 -8.41916800e-01  1.32479280e-01
  2.49055177e-01 -3.80854696e-01 -2.53900200e-01 -1.52146888e+00
 -4.27862376e-01 -3.30217481e-01 -1.65427983e-01 -5.02607748e-02
  5.20032287e-01 -1.33780479e-01 -2.27504417e-01 -2.93135196e-01
 -2.25837648e-01  5.58377504e-01 -2.53188342e-01  1.02464998e+00
  3.18368047e-01  2.15202257e-01 -1.98995262e-01 -1.44416893e+00
  5.02204970e-02 -2.66076565e-01 -1.08973151e-02 -2.40284443e-01
 -5.64793527e-01  6.28166497e-02  3.36367339e-01 -8.57639432e-01
 -8.62743378e-01 -5.27694464e-01 -5.19397497e-01  8.48357737e-01
 -9.25135195e-01 -8.00738484e-02 -1.99941337e-01 -4.17113543e-01
 -7.53359854e-01 -9.31248963e-01 -3.05604845e-01  3.69783878e-01
 -1.04227677e-01  1.14021158e+00 -1.58956695e+00 -1.72336042e-01
  3.25673372e-01  7.78758302e-02 -3.53107870e-01  5.87968975e-02
  1.47149250e-01  8.21567714e-01  9.81274366e-01  5.93652308e-01
  5.79920053e-01  7.66876757e-01 -7.82622874e-01  4.46217418e-01
 -2.69964069e-01  4.41214263e-01 -1.92598388e-01 -4.10362273e-01
  5.84180020e-02  1.81740105e-01 -1.81846797e-01  3.85951310e-01
  8.06822419e-01  6.49897575e-01 -7.08981693e-01  1.09895403e-02
  5.91275170e-02 -7.26420283e-01 -3.29815060e-01 -2.90464878e-01
  3.73225480e-01  7.54145861e-01  1.66838729e+00 -2.18773857e-01
 -7.01609969e-01 -1.36749840e+00 -3.00247729e-01 -5.03675103e-01
  8.70439291e-01 -4.03018713e-01 -9.52010870e-01  1.99213073e-01
 -9.88790244e-02 -1.30468071e+00 -5.96089602e-01  2.54472584e-01
 -1.41453886e+00 -2.63562888e-01 -5.13353407e-01  7.11600557e-02
  1.20021462e+00 -1.73822570e+00  7.00591266e-01 -8.52419317e-01
  1.40644157e+00 -9.30212319e-01  1.71362936e-01 -3.40986192e-01
  1.11099374e+00  3.32399905e-01  3.70734811e-01 -1.41833186e+00
  7.56462216e-01 -4.55584586e-01  4.26305503e-01 -6.59897864e-01
  1.24169588e+00 -3.52406174e-01 -1.76326826e-01  4.58189696e-01]","[ 2.58754939e-01  7.65666783e-01 -4.65707630e-01 -4.36065912e-01
 -1.02154410e+00  3.74384910e-01  2.53483087e-01  4.09017712e-01
 -6.94044456e-02  6.88503325e-01 -5.28746426e-01  9.49705672e-03
  1.22118175e+00 -1.29630601e+00 -8.81272554e-01 -1.36076915e+00
 -7.82842219e-01 -6.90891325e-01 -7.81432152e-01  7.17344582e-01
  1.65111768e+00 -2.14252546e-01  7.42859602e-01  8.88970852e-01
  9.16712806e-02  6.13837898e-01  2.14042950e+00 -4.88709062e-01
 -3.48345608e-01  6.08429551e-01 -7.47659430e-02  1.67858288e-01
  2.20460221e-01 -8.66752043e-02  5.38115680e-01  3.48620623e-01
 -4.05876786e-01  2.07969666e-01  3.64317708e-02 -1.68470338e-01
 -1.19797252e-01 -3.29685718e-04  1.09635150e+00  8.61720383e-01
  3.81253630e-01  3.06869358e-01  8.60960782e-01 -5.03717922e-02
  5.55247486e-01 -2.21602872e-01  3.81490827e-01  1.78490713e-01
 -3.82163048e-01 -5.39982021e-01 -2.26499572e-01  2.35104397e-01
  5.11031091e-01  1.36317283e-01 -1.01213396e+00  7.63465106e-01
 -7.91656673e-01  6.24221146e-01 -5.04378676e-02  1.83643326e-01
 -2.18661264e-01  7.73185909e-01  6.97015703e-01 -8.37078318e-02
 -1.59653902e-01 -3.47926170e-01 -3.12480479e-01 -4.70926136e-01
 -1.22260191e-01 -1.11529268e-01 -5.80355048e-01 -4.57529038e-01
  1.04305685e-01 -5.60658038e-01 -5.75476885e-02  2.07826346e-02
  5.11998355e-01 -4.07395922e-02 -8.57271776e-02  8.07722390e-01
  1.25639126e-01 -2.27841973e-01  1.99368715e-01  3.94466549e-01
 -2.29423419e-01  6.56251252e-01 -1.39102936e+00 -2.48177513e-01
  1.02561653e+00  1.63333565e-01 -7.41358042e-01  4.11552817e-01
 -6.56937659e-01  8.11281383e-01  1.32502774e-02 -8.95606503e-02
 -8.85221139e-02  8.10027122e-01 -1.39308321e+00  1.41229165e+00
  1.47527564e+00 -5.27085662e-01  2.02385023e-01 -1.41935205e+00
 -2.88261324e-01  4.54457074e-01 -1.46575600e-01 -8.69578123e-02
  7.32687950e-01 -6.16145432e-01  1.34594366e-01  6.39876187e-01
 -1.44258842e-01  2.16147140e-01 -2.23000154e-01  6.38989031e-01
 -4.11915869e-01  3.50595713e-01  5.70650995e-01 -8.09123695e-01
 -4.94646877e-01 -4.51880284e-02 -1.54170379e-01  3.72843176e-01
 -1.84427261e-01 -4.46734615e-02  1.41228944e-01 -3.13785821e-01
 -1.36994436e-01 -2.44505003e-01 -1.35662365e+00  5.76085364e-03
  1.65453315e-01 -5.28535903e-01 -1.37860805e-01 -6.12922132e-01
 -4.81841946e-03  1.16985954e-01  5.10767877e-01 -5.25469959e-01
  3.92412357e-02  3.49685192e-01 -6.66919053e-02 -2.74920493e-01
  6.00411296e-02 -3.49984258e-01  7.61600062e-02 -2.26685509e-01
  8.62072706e-01 -4.64118570e-01 -2.94663697e-01  5.15659273e-01
  1.72863439e-01 -9.21992779e-01 -9.47336614e-01 -2.89100736e-01
  2.59418692e-02  1.51202843e-01 -7.73630664e-02  3.85801084e-02
  2.93126196e-01 -3.53437036e-01 -1.18852735e-01  5.98323166e-01
  1.07211065e+00  1.25569713e+00  2.15441491e-02 -2.15563297e-01
 -7.10687578e-01  1.29834712e+00  8.37024391e-01  1.38366830e+00
 -2.41990876e-03 -3.08258146e-01 -1.00147593e+00  3.74590397e-01
  3.18077542e-02  1.06435704e+00  6.53108656e-02 -3.44478697e-01
  4.10884619e-04  4.46341187e-01 -2.23740339e-02  3.45368236e-01
 -1.59559309e-01  2.95039713e-01  4.16525990e-01  2.51234889e-01
  1.53080240e-01 -5.57194650e-01 -4.55134362e-01 -9.01373684e-01
 -1.24181308e-01 -3.51409823e-01 -2.22094998e-01  4.69337195e-01
  3.66864018e-02 -9.05083597e-01  4.72788185e-01 -8.23253930e-01
 -7.69597828e-01 -1.41294524e-01 -5.41748941e-01 -1.59614399e-01
 -3.31402093e-01  1.56573012e-01 -6.26872480e-01 -1.08016205e+00
  6.74879372e-01 -2.28904560e-01 -3.66408229e-01  9.52807426e-01
 -2.49409720e-01  6.31160557e-01 -2.16425419e-01  7.80879796e-01
 -5.31057753e-02  2.12950587e-01  2.08714247e-01 -3.76456939e-02
  1.02227533e+00  2.05922544e-01  4.96548325e-01  1.14875138e+00
 -1.47142842e-01  1.44781128e-01 -1.00707434e-01  1.95989263e+00
  5.88235199e-01  2.39680350e-01  1.08087635e+00  8.00363198e-02
 -4.00677443e-01 -8.46993923e-01 -3.01950455e-01 -4.92810518e-01
 -9.30117428e-01  9.02858555e-01 -2.92300373e-01 -1.44224569e-01
  4.48532671e-01 -7.70175755e-01 -9.61511359e-02 -9.23241436e-01
  6.88463748e-02  2.13101104e-01  3.51493865e-01  7.25903213e-02
  8.29195008e-02  3.10883552e-01 -3.06551903e-01  6.26678407e-01
  1.16759121e-01 -3.19817029e-02  9.86835957e-01  2.12960601e-01
 -1.87608883e-01 -4.39048260e-01 -3.93611670e-01  3.14746238e-02
  4.67132837e-01  5.91510355e-01 -5.82304895e-01 -3.08005631e-01
 -3.97076577e-01 -1.61111081e+00 -6.18716002e-01  9.36848521e-02
 -2.64846057e-01  3.04639369e-01 -2.97773540e-01  2.59679228e-01
  8.37306738e-01  3.94203186e-01 -8.16127777e-01 -1.10288668e+00
  1.83305308e-01 -2.00568721e-01  1.48652220e+00  1.16011453e+00
 -2.86318362e-02 -5.29603899e-01  3.83966208e-01  7.54229307e-01
  7.64074996e-02  3.81459713e-01 -3.68279248e-01  3.44247609e-01
  2.45934680e-01  7.71982253e-01 -1.27560392e-01  5.86078055e-02
  1.93814218e+00 -1.06247580e+00 -5.15270948e-01 -6.02204442e-01
 -1.91837952e-01  1.38955191e-01  5.88956475e-03 -2.56706387e-01
  6.63230121e-01  3.49048585e-01  5.71135342e-01  7.18370378e-01
 -1.42920511e-02  1.72898695e-01  6.89943075e-01  1.69781840e-03
 -3.96998338e-02  7.82621205e-01  7.13594913e-01 -3.70173663e-01
 -5.42735076e-03 -8.73017013e-01 -4.07721192e-01 -2.67813742e-01
  7.90600777e-01  4.62941319e-01  5.06024420e-01 -8.13354015e-01
  3.29493552e-01  2.80005783e-01 -1.17573768e-01  3.97675186e-01
  1.45187899e-01 -8.07157829e-02 -7.78619200e-02 -9.61248457e-01
  6.81790113e-02 -6.57359958e-02  9.75333154e-01  1.91977775e+00
 -3.26742262e-01  7.42301112e-03  2.52164411e-03 -4.06822801e-01
 -9.29980457e-01  8.28021824e-01 -3.20083089e-02  1.52232334e-01
  4.19183105e-01  4.04705971e-01  1.15119231e+00 -1.91186130e-01
 -1.26877546e-01 -1.48641035e-01 -3.43369275e-01 -1.19184506e+00
 -2.82330811e-01  1.25802338e+00 -2.45547876e-01 -8.44457448e-02
 -5.24645150e-01  2.47254089e-01  4.11571175e-01  2.63517380e-01
 -8.29683170e-02  2.00176358e-01 -1.07659066e+00 -4.29665715e-01
  1.15340889e+00  1.80977825e-02 -6.42389894e-01  1.35355279e-01
  4.07437468e-03  2.60230094e-01 -5.03543727e-02 -8.82178068e-01
 -2.46009305e-01 -1.16771936e+00 -3.78451586e-01 -7.65593290e-01
 -4.00647074e-01 -1.21218868e-01 -8.26268017e-01 -3.02382022e-01
 -5.00344252e-03 -1.06858885e+00 -3.26659828e-01 -2.16492906e-01
 -3.30358028e-01  2.30187774e-01 -1.79770425e-01 -9.02734339e-01
 -7.41476953e-01 -6.15338869e-02 -9.38126519e-02  1.94314957e-01
 -2.89056301e-01  8.90308917e-01  3.91442508e-01  6.97327435e-01
  7.45553672e-01  4.24382836e-01 -3.27737331e-01  5.80936432e-01
 -1.24678463e-02  9.26483929e-01 -3.51582199e-01  1.77305654e-01
  1.70948878e-01  4.45365123e-02  1.28183261e-01  3.41375679e-01
 -5.32822609e-01 -4.74269688e-02  4.22098309e-01  9.11723912e-01
  8.00791025e-01 -6.36188805e-01  8.95480737e-02 -8.06500256e-01
 -4.49507117e-01 -1.71611205e-01 -5.80729425e-01 -1.74753711e-01
  3.67258549e-01 -1.01258963e-01  3.10842961e-01 -5.60998805e-02
  2.71947473e-01  4.78378147e-01  8.30143690e-01  4.15337592e-01
 -1.45673469e-01 -7.29671180e-01 -5.47645152e-01 -9.97540951e-01
 -8.99102926e-01  5.54789960e-01 -2.95613915e-01 -7.16665268e-01
  2.14029267e-01 -1.01798892e+00 -9.23852921e-01  7.91428983e-02
 -9.04280901e-01  6.19130284e-02  1.51161209e-01 -2.35187531e-01
 -3.37493032e-01 -1.02911043e+00 -9.89820734e-02  9.27680433e-01
 -3.10963392e-01 -2.72858471e-01  1.63475215e-01  2.96460211e-01
  4.45687979e-01  1.95598766e-01 -3.05731595e-01  6.93182573e-02
 -3.21123272e-01  5.95443428e-01  5.48458576e-01 -2.00317121e+00
  6.79128945e-01  4.56946820e-01 -7.14092970e-01  3.14033777e-02
 -6.99467063e-02  8.38553488e-01 -1.02953374e+00  4.51370209e-01
 -5.72017729e-01  7.34556675e-01  6.52249217e-01  5.14868200e-01
 -4.01160747e-01  4.57474798e-01  2.88481891e-01 -8.71608034e-02
  1.11201353e-01 -9.85160887e-01  2.93618321e-01 -3.79842997e-01
  8.51307884e-02 -5.13610363e-01 -4.46230084e-01  1.90197393e-01
 -2.25161240e-01  2.27955058e-01 -1.24368936e-01 -6.23004377e-01
 -1.21121533e-01 -4.17960078e-01  1.72031224e-02 -9.25355911e-01
  1.97996378e-01 -9.37604904e-02 -8.29413414e-01 -8.01442146e-01
  9.10189077e-02  1.93399265e-01 -6.44582450e-01 -7.51188278e-01
 -3.33442926e-01  2.49328986e-01 -7.26612434e-02  1.05746686e+00
  8.82225409e-02 -4.86976236e-01  1.60925579e+00 -7.45107889e-01
  1.58774313e-02 -1.61246493e-01  7.17768967e-02 -5.85627973e-01
 -2.52059549e-01 -4.42534357e-01  2.18473479e-01 -8.10688913e-01
 -9.37299252e-01 -5.24647534e-01 -2.10442737e-01  5.20700634e-01
 -9.27391708e-01 -5.11770666e-01 -7.26313531e-01 -3.05953294e-01
 -7.26748466e-01 -1.29627538e+00  1.06564254e-01  5.24497032e-01
  3.93341690e-01  6.82094276e-01 -3.47765595e-01  2.02958107e-01
 -9.43305120e-02 -6.87422931e-01  6.86987817e-01  2.45795906e-01
  3.44973117e-01  9.67409134e-01  1.50813806e+00  3.60267907e-01
 -5.07872105e-01  4.62053381e-02 -5.79474270e-01  6.78498089e-01
 -6.48347318e-01  4.99527693e-01 -1.12642586e-01  9.04823542e-02
  8.42202723e-01  5.29779196e-01 -4.15849477e-01  6.08234823e-01
  7.51701653e-01  1.28312588e+00 -5.83781183e-01  2.36583486e-01
  4.46787387e-01 -3.08433235e-01 -2.31035069e-01  7.70932138e-02
  9.77844521e-02  1.07979155e+00  1.03480005e+00 -2.42791072e-01
 -2.93547481e-01 -9.94999707e-01  6.03366315e-01 -2.94181198e-04
  8.74860764e-01 -1.30845034e+00  1.74097955e-01  8.38625208e-02
 -8.89260590e-01 -1.20076764e+00 -5.70772111e-01  3.23102623e-01
 -1.04073751e+00 -8.27366650e-01  2.95840353e-02  5.12552619e-01
  6.87260330e-01 -7.78497756e-01 -3.96597475e-01 -4.32368070e-01
  3.85459930e-01 -1.70074224e-01  1.80485800e-01  3.28782350e-01
  7.54682243e-01 -1.78295150e-01 -6.10124528e-01 -1.08846831e+00
 -2.02196494e-01 -3.63281816e-01 -1.63538814e-01 -5.32768428e-01
  2.83494651e-01 -3.79056066e-01 -8.27098917e-03  1.01834345e+00]",0
121,[*]C(C[*])C(=O)[O-],[*]CC([*])c1cc[n+](CC)cc1,500,570,7.0,100,40,0.5,0,1,3,1.14,1,0,0,9.921712962962964,9.921712962962964,0.0370370370370369,-0.7824074074074072,0.4204227437702691,19.2,71.055,68.031,71.01385291591001,28.0,2.6,3.2,3.2,1.6457113704075783,3.34341705895396,73.33515884998701,5.861807319565799,2.6009536313038994,2.6009536313038994,3.1807392125526213,1.1051717155225391,1.1051717155225391,0.5231597389607807,0.5231597389607807,0.1666666666666666,0.1666666666666666,0.0,0.0,-0.53,27.977093296928835,1.798837033645378,0.5057254621854761,0.2506048614847814,30.42489110886254,29.21492868948101,9.901064578912528,5.969305287951849,13.344558822616634,0.0,0.0,5.106527394840706,5.969305287951849,4.794537184071822,0.0,0.0,13.344558822616634,40.13,5.969305287951849,9.901064578912528,6.4208216229260096,6.923737199690624,0.0,0.0,0.0,0.0,0.3533333333333333,9.921712962962964,9.921712962962964,0.0,-0.7824074074074072,0.0,0.0694444444444444,1.0162037037037035,0.0,0.6666666666666666,5.0,2.0,0.0,0.0,2.0,4.0,2.0,0.0,-0.9583000000000002,13.564000000000002,1.0,0.0,1.0,1.0,1.0,1.0,0.0,0.0,0.0,0.0,2.3224074074074075,2.3224074074074075,0.5284301776266063,0.5284301776266063,0.5521406753358277,15.7,134.202,122.10599999999998,134.09642580409,52.0,0.0,1.7,2.4,2.9,2.167053352545513,2.770446815269876,232.78878061771368,8.974691494688164,6.248178503821182,6.248178503821182,5.774386907679233,3.4806726876126763,3.4806726876126763,2.166047211752171,2.166047211752171,1.5177731138680297,1.5177731138680297,0.8157553743075044,0.8157553743075044,-0.8500000000000001,606.7749387127436,4.888623338494641,2.080926843886177,0.919449804078233,62.32079104462523,61.47002484785755,4.567099647791355,0.0,0.0,0.0,26.813052428219837,0.0,30.08987277184637,4.567099647791355,0.0,6.544756405912575,0.0,18.90801031431363,24.52642128014937,6.923737199690624,3.88,0.0,0.0,0.0,12.965578028838586,0.0,12.48718869138762,0.0,36.01725812763135,3.383179406021668,0.0,0.0,1.6200925925925929,0.0,4.644814814814815,5.496394557823129,4.855518628747795,0.0,0.4444444444444444,10.0,1.0,1.0,1.0,0.0,3.0,3.0,1.0,1.552,39.859000000000016,0.0,1.0,0.0,0.0,0.0,0.0,1.0,0.0,1.0,1.0,0.0,0.0,[*]CC([*])C(=O)[O-],[*]CC([*])c1cc[n+](CC)cc1,"[ 5.50952554e-01  6.67746007e-01  3.77917290e-01 -1.17441809e+00
 -6.69968367e-01 -1.58297330e-01 -6.72284961e-02 -5.28121531e-01
 -2.75267303e-01  1.55845845e+00  2.68392377e-02 -5.55266798e-01
  7.93385267e-01 -1.03456473e+00 -6.35627568e-01 -1.03876030e+00
 -1.70346820e+00 -1.30036497e+00 -2.25371301e-01 -1.41964734e-01
  1.05430499e-01 -2.92812109e-01  3.19773614e-01  7.72576690e-01
 -6.40112102e-01  1.28019118e+00  2.42774200e+00 -4.54006344e-01
 -9.02524412e-01  9.79506493e-01 -3.34828138e-01 -3.03650469e-01
 -1.33218363e-01 -9.41639364e-01  7.83632636e-01  4.23074663e-01
 -1.73241779e-01  3.54419112e-01  3.47581238e-01 -3.20249461e-02
 -5.87040186e-01 -6.94137141e-02  1.36469281e+00  1.50850272e+00
 -7.08109001e-04  1.40314758e+00  8.37898135e-01  2.30026972e-02
 -1.28918486e-02 -4.91764814e-01 -3.88111532e-01 -8.54103506e-01
 -3.39003444e-01 -8.56086552e-01 -6.32213116e-01 -4.84038144e-01
 -2.89928913e-03  8.45237494e-01 -9.35304523e-01 -3.63467872e-01
 -6.73271000e-01 -1.05482444e-01  8.11104894e-01 -1.71648502e-01
 -3.46295953e-01  9.68204662e-02  7.82802626e-02  6.15729988e-01
 -1.28915578e-01 -8.80074680e-01 -1.10793412e-01 -2.32655019e-01
 -2.76402205e-01  4.76215333e-02 -5.37703753e-01 -4.57626283e-01
 -5.56176007e-01 -5.34456968e-01  4.31151748e-01 -4.61292788e-02
  3.29330802e-01 -1.57692686e-01  6.79725409e-01  7.64999747e-01
  2.28698909e-01  4.99854833e-01  1.03707455e-01  4.23821568e-01
 -1.18584305e-01  5.51582500e-02 -1.27232492e+00  9.25469279e-01
  1.17828858e+00  5.55050254e-01 -6.01640403e-01  1.85598596e-03
 -5.06517231e-01  3.62108380e-01 -1.25593603e-01  2.64763713e-01
  1.74772024e-01  3.16496044e-01 -1.01321959e+00  8.26404274e-01
  1.10871613e+00 -1.15284944e+00  1.07645226e+00 -9.01291013e-01
 -5.09613574e-01  6.92212641e-01 -6.20536089e-01 -2.36807078e-01
  1.11608577e+00  5.01168847e-01  5.16830027e-01  4.75949496e-01
 -6.68551743e-01  4.93257880e-01  2.93971598e-01  4.70821112e-02
 -3.74763817e-01  1.12406266e+00 -1.71836525e-01 -9.83554304e-01
 -3.04760039e-01 -8.03640932e-02  4.01249915e-01 -2.37712353e-01
 -3.63715082e-01 -4.04603444e-02 -6.94833323e-02 -2.84978569e-01
 -1.37553036e-01 -6.40389100e-02 -1.30503821e+00  6.43750072e-01
  8.66559386e-01 -6.59701407e-01 -2.93511987e-01 -5.99394381e-01
 -1.37480929e-01  3.21428955e-01 -4.59521860e-02 -7.53167152e-01
 -2.05593005e-01  1.92969292e-01  1.47321537e-01  6.28412962e-01
  3.42511177e-01 -7.05951214e-01  4.42748845e-01 -4.32425022e-01
  1.24913609e+00 -4.02215600e-01  3.81262302e-01  6.94990575e-01
  3.94117445e-01 -8.92814755e-01 -1.08931231e+00  4.76228297e-01
  1.24987923e-01  6.95637167e-02  7.04857886e-01  3.86546522e-01
  4.89218652e-01  1.67667687e-01  6.18894100e-01  4.35397118e-01
  6.26206696e-01  8.39248419e-01  2.65890479e-01 -2.82257199e-02
  2.12427139e-01  7.49804258e-01  7.74736702e-01  1.29185498e+00
 -4.25994545e-02 -1.65944263e-01 -9.42873001e-01 -1.42539650e-01
 -5.09615064e-01  9.65403438e-01  8.34682345e-01 -5.18386602e-01
  3.53891730e-01  6.41801357e-02  5.08618951e-01  1.01894891e+00
 -3.28530014e-01 -3.32997628e-02 -1.80441827e-01  2.35096931e-01
 -2.55989581e-01 -2.09291473e-01 -1.47133321e-01 -1.64968276e+00
 -1.69284850e-01  6.07510209e-02  6.21947587e-01  7.29369700e-01
  5.99946022e-01 -6.74916565e-01  1.23031831e+00 -1.28958249e+00
 -6.64112449e-01 -3.67776453e-01  1.31455690e-01  3.78233433e-01
 -8.40135753e-01 -3.63106400e-01 -2.50634134e-01 -2.10742283e+00
  6.89093709e-01 -9.02974844e-01 -4.02772009e-01  1.54137588e+00
 -2.07992017e-01  9.06994522e-01 -5.44871032e-01  3.85305762e-01
 -8.09826478e-02  6.84405208e-01  2.46060431e-01 -5.65070868e-01
  5.42701185e-01  2.30542719e-02 -1.22137517e-01  6.66289628e-01
 -1.00670137e-01  5.78732230e-02 -1.18791723e+00  2.20502615e+00
  7.74039507e-01  3.79953198e-02  1.60000706e+00  1.23174655e+00
  2.83441335e-01 -3.15214992e-01 -7.11687982e-01 -7.00975180e-01
 -8.20701361e-01  6.06228650e-01 -6.73054680e-02 -3.09595257e-01
 -1.70270309e-01 -1.09378815e+00 -1.88075840e-01  1.54434606e-01
  6.66516542e-01  3.04506958e-01  1.23938218e-01  3.31819475e-01
 -1.62126659e-03  4.06757772e-01 -8.66131783e-02 -5.88821769e-02
 -5.21769404e-01 -2.06430405e-01  1.92552900e+00 -2.83560157e-01
 -1.90655738e-01 -4.01817203e-01  5.80403030e-01  1.90049112e-01
  5.90409189e-02  3.97923917e-01 -4.53226894e-01  4.97723222e-01
 -3.94481063e-01 -1.30251551e+00 -3.18813235e-01 -4.60155487e-01
 -4.52672958e-01  4.28255886e-01  1.86832532e-01 -4.64421064e-01
  8.26421797e-01  8.58034790e-02  9.91345942e-02 -6.91530228e-01
  6.67168140e-01 -6.56287134e-01  1.84816062e+00  1.09426033e+00
  1.60102636e-01 -1.11405814e+00  3.91883664e-02  3.58302563e-01
 -5.41131608e-02  4.13817704e-01 -2.12963536e-01  3.07724923e-01
  1.17556334e+00 -1.34069726e-01  2.33674124e-01 -7.30481418e-03
  7.81065047e-01 -3.03012580e-01 -8.35513845e-02  5.53557932e-01
 -2.84455985e-01 -2.47817889e-01  1.89149991e-01 -1.02672207e+00
  1.32583808e-02 -2.55627990e-01  9.52539861e-01 -2.96597350e-02
  8.79282951e-01  4.27375317e-01 -1.99289754e-01  2.20845848e-01
  1.33380175e-01  1.14704527e-01  9.84668970e-01 -2.11234868e-01
 -4.05843139e-01 -7.67308354e-01  3.14330757e-02  3.86560559e-01
  1.19929647e+00  5.36592305e-01  5.09199142e-01 -1.36162627e+00
 -1.05296448e-01 -5.59449345e-02 -3.80162150e-02 -6.26801491e-01
  1.86362505e-01 -1.73844025e-01 -6.50287032e-01 -3.45541984e-01
 -7.34303296e-01  7.24383742e-02  1.10383463e+00  1.14996636e+00
  4.15981650e-01  2.12344471e-02  3.46782468e-02 -6.53821528e-01
 -5.01247168e-01  1.01878500e+00 -5.11385202e-01  5.93827702e-02
  1.42465687e+00  8.32590798e-04  8.78591835e-01  5.78436792e-01
  7.18320012e-01  5.57367444e-01 -5.57254732e-01 -1.31244791e+00
  7.39392415e-02  1.02208316e+00 -1.73512977e-02  8.59655023e-01
 -3.99190225e-02 -2.82223940e-01  3.95490587e-01  4.02262717e-01
  8.03426445e-01 -2.58965492e-01 -1.23902738e+00 -9.40800786e-01
  1.62803307e-01 -1.82705402e-01 -1.00059152e+00 -5.43330550e-01
 -6.58766031e-01 -2.29741275e-01  1.80671170e-01 -1.29144430e-01
  3.56926799e-01 -8.86848867e-02 -9.70983922e-01  2.64483422e-01
  1.72349140e-01 -7.12217987e-01 -8.57104957e-02 -3.92155677e-01
  1.69065610e-01 -3.40923727e-01 -2.67417639e-01 -1.58317521e-01
 -6.08656704e-01  1.02118409e+00 -2.54552245e-01 -9.51778710e-01
 -2.65829086e-01 -5.54043390e-02 -5.34137547e-01  7.80924261e-02
 -4.31904018e-01 -2.93715656e-01 -5.59636712e-01  7.50055850e-01
  5.42586446e-01  5.21332622e-01  7.41369128e-01 -2.03372106e-01
 -2.98140310e-02  1.17485476e+00 -6.42839670e-01  9.09768820e-01
 -2.86733925e-01 -6.71667278e-01 -7.02754200e-01  5.18063009e-01
 -7.03846872e-01  8.45564783e-01  2.22889528e-01  5.72806001e-02
  7.29165733e-01 -1.03616178e+00  1.58585691e+00 -4.93727475e-01
 -3.07119966e-01  9.14265960e-02 -6.41273111e-02 -5.38270436e-02
  3.15355629e-01  1.19199312e+00  6.83415830e-01  1.33915111e-01
  1.16254874e-01  3.87908012e-01  8.34312201e-01 -1.76378161e-01
  4.98694271e-01 -4.02371407e-01 -7.95837879e-01 -3.92245412e-01
 -7.62568772e-01  1.17841554e+00 -8.50370944e-01 -8.19937170e-01
 -1.17226891e-01 -8.34619522e-01 -1.40142596e+00  3.41342449e-01
 -1.18009889e+00  1.72452241e-01  7.37082437e-02 -3.43734443e-01
 -5.56558371e-01 -1.20999336e-01  6.78034663e-01 -1.69035867e-02
 -9.26296234e-01 -5.40798724e-01 -1.40218958e-01 -3.94925140e-02
 -8.04703236e-01 -9.95787308e-02 -2.03307927e-01 -1.50647974e+00
 -1.90729693e-01  4.01281953e-01  8.01624775e-01 -1.31860971e+00
  2.80246615e-01 -1.09216804e-02 -8.86645317e-01  8.60824645e-01
  5.10790169e-01  2.27465048e-01 -6.09495401e-01  1.30400555e-02
 -5.35382628e-02  5.99121809e-01  9.75840449e-01  7.68029451e-01
 -1.04766703e+00  1.87973067e-01  7.01478198e-02  4.77244973e-01
 -6.52137339e-01  7.09963962e-02 -4.24877740e-02  3.11902642e-01
  1.14879143e+00 -1.62646145e-01  2.15660229e-01  2.38919973e-01
  1.27243221e-01 -2.14758724e-01 -8.41916800e-01  1.32479280e-01
  2.49055177e-01 -3.80854696e-01 -2.53900200e-01 -1.52146888e+00
 -4.27862376e-01 -3.30217481e-01 -1.65427983e-01 -5.02607748e-02
  5.20032287e-01 -1.33780479e-01 -2.27504417e-01 -2.93135196e-01
 -2.25837648e-01  5.58377504e-01 -2.53188342e-01  1.02464998e+00
  3.18368047e-01  2.15202257e-01 -1.98995262e-01 -1.44416893e+00
  5.02204970e-02 -2.66076565e-01 -1.08973151e-02 -2.40284443e-01
 -5.64793527e-01  6.28166497e-02  3.36367339e-01 -8.57639432e-01
 -8.62743378e-01 -5.27694464e-01 -5.19397497e-01  8.48357737e-01
 -9.25135195e-01 -8.00738484e-02 -1.99941337e-01 -4.17113543e-01
 -7.53359854e-01 -9.31248963e-01 -3.05604845e-01  3.69783878e-01
 -1.04227677e-01  1.14021158e+00 -1.58956695e+00 -1.72336042e-01
  3.25673372e-01  7.78758302e-02 -3.53107870e-01  5.87968975e-02
  1.47149250e-01  8.21567714e-01  9.81274366e-01  5.93652308e-01
  5.79920053e-01  7.66876757e-01 -7.82622874e-01  4.46217418e-01
 -2.69964069e-01  4.41214263e-01 -1.92598388e-01 -4.10362273e-01
  5.84180020e-02  1.81740105e-01 -1.81846797e-01  3.85951310e-01
  8.06822419e-01  6.49897575e-01 -7.08981693e-01  1.09895403e-02
  5.91275170e-02 -7.26420283e-01 -3.29815060e-01 -2.90464878e-01
  3.73225480e-01  7.54145861e-01  1.66838729e+00 -2.18773857e-01
 -7.01609969e-01 -1.36749840e+00 -3.00247729e-01 -5.03675103e-01
  8.70439291e-01 -4.03018713e-01 -9.52010870e-01  1.99213073e-01
 -9.88790244e-02 -1.30468071e+00 -5.96089602e-01  2.54472584e-01
 -1.41453886e+00 -2.63562888e-01 -5.13353407e-01  7.11600557e-02
  1.20021462e+00 -1.73822570e+00  7.00591266e-01 -8.52419317e-01
  1.40644157e+00 -9.30212319e-01  1.71362936e-01 -3.40986192e-01
  1.11099374e+00  3.32399905e-01  3.70734811e-01 -1.41833186e+00
  7.56462216e-01 -4.55584586e-01  4.26305503e-01 -6.59897864e-01
  1.24169588e+00 -3.52406174e-01 -1.76326826e-01  4.58189696e-01]","[ 2.58754939e-01  7.65666783e-01 -4.65707630e-01 -4.36065912e-01
 -1.02154410e+00  3.74384910e-01  2.53483087e-01  4.09017712e-01
 -6.94044456e-02  6.88503325e-01 -5.28746426e-01  9.49705672e-03
  1.22118175e+00 -1.29630601e+00 -8.81272554e-01 -1.36076915e+00
 -7.82842219e-01 -6.90891325e-01 -7.81432152e-01  7.17344582e-01
  1.65111768e+00 -2.14252546e-01  7.42859602e-01  8.88970852e-01
  9.16712806e-02  6.13837898e-01  2.14042950e+00 -4.88709062e-01
 -3.48345608e-01  6.08429551e-01 -7.47659430e-02  1.67858288e-01
  2.20460221e-01 -8.66752043e-02  5.38115680e-01  3.48620623e-01
 -4.05876786e-01  2.07969666e-01  3.64317708e-02 -1.68470338e-01
 -1.19797252e-01 -3.29685718e-04  1.09635150e+00  8.61720383e-01
  3.81253630e-01  3.06869358e-01  8.60960782e-01 -5.03717922e-02
  5.55247486e-01 -2.21602872e-01  3.81490827e-01  1.78490713e-01
 -3.82163048e-01 -5.39982021e-01 -2.26499572e-01  2.35104397e-01
  5.11031091e-01  1.36317283e-01 -1.01213396e+00  7.63465106e-01
 -7.91656673e-01  6.24221146e-01 -5.04378676e-02  1.83643326e-01
 -2.18661264e-01  7.73185909e-01  6.97015703e-01 -8.37078318e-02
 -1.59653902e-01 -3.47926170e-01 -3.12480479e-01 -4.70926136e-01
 -1.22260191e-01 -1.11529268e-01 -5.80355048e-01 -4.57529038e-01
  1.04305685e-01 -5.60658038e-01 -5.75476885e-02  2.07826346e-02
  5.11998355e-01 -4.07395922e-02 -8.57271776e-02  8.07722390e-01
  1.25639126e-01 -2.27841973e-01  1.99368715e-01  3.94466549e-01
 -2.29423419e-01  6.56251252e-01 -1.39102936e+00 -2.48177513e-01
  1.02561653e+00  1.63333565e-01 -7.41358042e-01  4.11552817e-01
 -6.56937659e-01  8.11281383e-01  1.32502774e-02 -8.95606503e-02
 -8.85221139e-02  8.10027122e-01 -1.39308321e+00  1.41229165e+00
  1.47527564e+00 -5.27085662e-01  2.02385023e-01 -1.41935205e+00
 -2.88261324e-01  4.54457074e-01 -1.46575600e-01 -8.69578123e-02
  7.32687950e-01 -6.16145432e-01  1.34594366e-01  6.39876187e-01
 -1.44258842e-01  2.16147140e-01 -2.23000154e-01  6.38989031e-01
 -4.11915869e-01  3.50595713e-01  5.70650995e-01 -8.09123695e-01
 -4.94646877e-01 -4.51880284e-02 -1.54170379e-01  3.72843176e-01
 -1.84427261e-01 -4.46734615e-02  1.41228944e-01 -3.13785821e-01
 -1.36994436e-01 -2.44505003e-01 -1.35662365e+00  5.76085364e-03
  1.65453315e-01 -5.28535903e-01 -1.37860805e-01 -6.12922132e-01
 -4.81841946e-03  1.16985954e-01  5.10767877e-01 -5.25469959e-01
  3.92412357e-02  3.49685192e-01 -6.66919053e-02 -2.74920493e-01
  6.00411296e-02 -3.49984258e-01  7.61600062e-02 -2.26685509e-01
  8.62072706e-01 -4.64118570e-01 -2.94663697e-01  5.15659273e-01
  1.72863439e-01 -9.21992779e-01 -9.47336614e-01 -2.89100736e-01
  2.59418692e-02  1.51202843e-01 -7.73630664e-02  3.85801084e-02
  2.93126196e-01 -3.53437036e-01 -1.18852735e-01  5.98323166e-01
  1.07211065e+00  1.25569713e+00  2.15441491e-02 -2.15563297e-01
 -7.10687578e-01  1.29834712e+00  8.37024391e-01  1.38366830e+00
 -2.41990876e-03 -3.08258146e-01 -1.00147593e+00  3.74590397e-01
  3.18077542e-02  1.06435704e+00  6.53108656e-02 -3.44478697e-01
  4.10884619e-04  4.46341187e-01 -2.23740339e-02  3.45368236e-01
 -1.59559309e-01  2.95039713e-01  4.16525990e-01  2.51234889e-01
  1.53080240e-01 -5.57194650e-01 -4.55134362e-01 -9.01373684e-01
 -1.24181308e-01 -3.51409823e-01 -2.22094998e-01  4.69337195e-01
  3.66864018e-02 -9.05083597e-01  4.72788185e-01 -8.23253930e-01
 -7.69597828e-01 -1.41294524e-01 -5.41748941e-01 -1.59614399e-01
 -3.31402093e-01  1.56573012e-01 -6.26872480e-01 -1.08016205e+00
  6.74879372e-01 -2.28904560e-01 -3.66408229e-01  9.52807426e-01
 -2.49409720e-01  6.31160557e-01 -2.16425419e-01  7.80879796e-01
 -5.31057753e-02  2.12950587e-01  2.08714247e-01 -3.76456939e-02
  1.02227533e+00  2.05922544e-01  4.96548325e-01  1.14875138e+00
 -1.47142842e-01  1.44781128e-01 -1.00707434e-01  1.95989263e+00
  5.88235199e-01  2.39680350e-01  1.08087635e+00  8.00363198e-02
 -4.00677443e-01 -8.46993923e-01 -3.01950455e-01 -4.92810518e-01
 -9.30117428e-01  9.02858555e-01 -2.92300373e-01 -1.44224569e-01
  4.48532671e-01 -7.70175755e-01 -9.61511359e-02 -9.23241436e-01
  6.88463748e-02  2.13101104e-01  3.51493865e-01  7.25903213e-02
  8.29195008e-02  3.10883552e-01 -3.06551903e-01  6.26678407e-01
  1.16759121e-01 -3.19817029e-02  9.86835957e-01  2.12960601e-01
 -1.87608883e-01 -4.39048260e-01 -3.93611670e-01  3.14746238e-02
  4.67132837e-01  5.91510355e-01 -5.82304895e-01 -3.08005631e-01
 -3.97076577e-01 -1.61111081e+00 -6.18716002e-01  9.36848521e-02
 -2.64846057e-01  3.04639369e-01 -2.97773540e-01  2.59679228e-01
  8.37306738e-01  3.94203186e-01 -8.16127777e-01 -1.10288668e+00
  1.83305308e-01 -2.00568721e-01  1.48652220e+00  1.16011453e+00
 -2.86318362e-02 -5.29603899e-01  3.83966208e-01  7.54229307e-01
  7.64074996e-02  3.81459713e-01 -3.68279248e-01  3.44247609e-01
  2.45934680e-01  7.71982253e-01 -1.27560392e-01  5.86078055e-02
  1.93814218e+00 -1.06247580e+00 -5.15270948e-01 -6.02204442e-01
 -1.91837952e-01  1.38955191e-01  5.88956475e-03 -2.56706387e-01
  6.63230121e-01  3.49048585e-01  5.71135342e-01  7.18370378e-01
 -1.42920511e-02  1.72898695e-01  6.89943075e-01  1.69781840e-03
 -3.96998338e-02  7.82621205e-01  7.13594913e-01 -3.70173663e-01
 -5.42735076e-03 -8.73017013e-01 -4.07721192e-01 -2.67813742e-01
  7.90600777e-01  4.62941319e-01  5.06024420e-01 -8.13354015e-01
  3.29493552e-01  2.80005783e-01 -1.17573768e-01  3.97675186e-01
  1.45187899e-01 -8.07157829e-02 -7.78619200e-02 -9.61248457e-01
  6.81790113e-02 -6.57359958e-02  9.75333154e-01  1.91977775e+00
 -3.26742262e-01  7.42301112e-03  2.52164411e-03 -4.06822801e-01
 -9.29980457e-01  8.28021824e-01 -3.20083089e-02  1.52232334e-01
  4.19183105e-01  4.04705971e-01  1.15119231e+00 -1.91186130e-01
 -1.26877546e-01 -1.48641035e-01 -3.43369275e-01 -1.19184506e+00
 -2.82330811e-01  1.25802338e+00 -2.45547876e-01 -8.44457448e-02
 -5.24645150e-01  2.47254089e-01  4.11571175e-01  2.63517380e-01
 -8.29683170e-02  2.00176358e-01 -1.07659066e+00 -4.29665715e-01
  1.15340889e+00  1.80977825e-02 -6.42389894e-01  1.35355279e-01
  4.07437468e-03  2.60230094e-01 -5.03543727e-02 -8.82178068e-01
 -2.46009305e-01 -1.16771936e+00 -3.78451586e-01 -7.65593290e-01
 -4.00647074e-01 -1.21218868e-01 -8.26268017e-01 -3.02382022e-01
 -5.00344252e-03 -1.06858885e+00 -3.26659828e-01 -2.16492906e-01
 -3.30358028e-01  2.30187774e-01 -1.79770425e-01 -9.02734339e-01
 -7.41476953e-01 -6.15338869e-02 -9.38126519e-02  1.94314957e-01
 -2.89056301e-01  8.90308917e-01  3.91442508e-01  6.97327435e-01
  7.45553672e-01  4.24382836e-01 -3.27737331e-01  5.80936432e-01
 -1.24678463e-02  9.26483929e-01 -3.51582199e-01  1.77305654e-01
  1.70948878e-01  4.45365123e-02  1.28183261e-01  3.41375679e-01
 -5.32822609e-01 -4.74269688e-02  4.22098309e-01  9.11723912e-01
  8.00791025e-01 -6.36188805e-01  8.95480737e-02 -8.06500256e-01
 -4.49507117e-01 -1.71611205e-01 -5.80729425e-01 -1.74753711e-01
  3.67258549e-01 -1.01258963e-01  3.10842961e-01 -5.60998805e-02
  2.71947473e-01  4.78378147e-01  8.30143690e-01  4.15337592e-01
 -1.45673469e-01 -7.29671180e-01 -5.47645152e-01 -9.97540951e-01
 -8.99102926e-01  5.54789960e-01 -2.95613915e-01 -7.16665268e-01
  2.14029267e-01 -1.01798892e+00 -9.23852921e-01  7.91428983e-02
 -9.04280901e-01  6.19130284e-02  1.51161209e-01 -2.35187531e-01
 -3.37493032e-01 -1.02911043e+00 -9.89820734e-02  9.27680433e-01
 -3.10963392e-01 -2.72858471e-01  1.63475215e-01  2.96460211e-01
  4.45687979e-01  1.95598766e-01 -3.05731595e-01  6.93182573e-02
 -3.21123272e-01  5.95443428e-01  5.48458576e-01 -2.00317121e+00
  6.79128945e-01  4.56946820e-01 -7.14092970e-01  3.14033777e-02
 -6.99467063e-02  8.38553488e-01 -1.02953374e+00  4.51370209e-01
 -5.72017729e-01  7.34556675e-01  6.52249217e-01  5.14868200e-01
 -4.01160747e-01  4.57474798e-01  2.88481891e-01 -8.71608034e-02
  1.11201353e-01 -9.85160887e-01  2.93618321e-01 -3.79842997e-01
  8.51307884e-02 -5.13610363e-01 -4.46230084e-01  1.90197393e-01
 -2.25161240e-01  2.27955058e-01 -1.24368936e-01 -6.23004377e-01
 -1.21121533e-01 -4.17960078e-01  1.72031224e-02 -9.25355911e-01
  1.97996378e-01 -9.37604904e-02 -8.29413414e-01 -8.01442146e-01
  9.10189077e-02  1.93399265e-01 -6.44582450e-01 -7.51188278e-01
 -3.33442926e-01  2.49328986e-01 -7.26612434e-02  1.05746686e+00
  8.82225409e-02 -4.86976236e-01  1.60925579e+00 -7.45107889e-01
  1.58774313e-02 -1.61246493e-01  7.17768967e-02 -5.85627973e-01
 -2.52059549e-01 -4.42534357e-01  2.18473479e-01 -8.10688913e-01
 -9.37299252e-01 -5.24647534e-01 -2.10442737e-01  5.20700634e-01
 -9.27391708e-01 -5.11770666e-01 -7.26313531e-01 -3.05953294e-01
 -7.26748466e-01 -1.29627538e+00  1.06564254e-01  5.24497032e-01
  3.93341690e-01  6.82094276e-01 -3.47765595e-01  2.02958107e-01
 -9.43305120e-02 -6.87422931e-01  6.86987817e-01  2.45795906e-01
  3.44973117e-01  9.67409134e-01  1.50813806e+00  3.60267907e-01
 -5.07872105e-01  4.62053381e-02 -5.79474270e-01  6.78498089e-01
 -6.48347318e-01  4.99527693e-01 -1.12642586e-01  9.04823542e-02
  8.42202723e-01  5.29779196e-01 -4.15849477e-01  6.08234823e-01
  7.51701653e-01  1.28312588e+00 -5.83781183e-01  2.36583486e-01
  4.46787387e-01 -3.08433235e-01 -2.31035069e-01  7.70932138e-02
  9.77844521e-02  1.07979155e+00  1.03480005e+00 -2.42791072e-01
 -2.93547481e-01 -9.94999707e-01  6.03366315e-01 -2.94181198e-04
  8.74860764e-01 -1.30845034e+00  1.74097955e-01  8.38625208e-02
 -8.89260590e-01 -1.20076764e+00 -5.70772111e-01  3.23102623e-01
 -1.04073751e+00 -8.27366650e-01  2.95840353e-02  5.12552619e-01
  6.87260330e-01 -7.78497756e-01 -3.96597475e-01 -4.32368070e-01
  3.85459930e-01 -1.70074224e-01  1.80485800e-01  3.28782350e-01
  7.54682243e-01 -1.78295150e-01 -6.10124528e-01 -1.08846831e+00
 -2.02196494e-01 -3.63281816e-01 -1.63538814e-01 -5.32768428e-01
  2.83494651e-01 -3.79056066e-01 -8.27098917e-03  1.01834345e+00]",0
122,[*]C(C[*])C(=O)[O-],[*]CC([*])c1cc[n+](CC)cc1,800,570,7.0,100,40,0.5,0,1,3,0.7125,0,1,0,9.921712962962964,9.921712962962964,0.0370370370370369,-0.7824074074074072,0.4204227437702691,19.2,71.055,68.031,71.01385291591001,28.0,2.6,3.2,3.2,1.6457113704075783,3.34341705895396,73.33515884998701,5.861807319565799,2.6009536313038994,2.6009536313038994,3.1807392125526213,1.1051717155225391,1.1051717155225391,0.5231597389607807,0.5231597389607807,0.1666666666666666,0.1666666666666666,0.0,0.0,-0.53,27.977093296928835,1.798837033645378,0.5057254621854761,0.2506048614847814,30.42489110886254,29.21492868948101,9.901064578912528,5.969305287951849,13.344558822616634,0.0,0.0,5.106527394840706,5.969305287951849,4.794537184071822,0.0,0.0,13.344558822616634,40.13,5.969305287951849,9.901064578912528,6.4208216229260096,6.923737199690624,0.0,0.0,0.0,0.0,0.3533333333333333,9.921712962962964,9.921712962962964,0.0,-0.7824074074074072,0.0,0.0694444444444444,1.0162037037037035,0.0,0.6666666666666666,5.0,2.0,0.0,0.0,2.0,4.0,2.0,0.0,-0.9583000000000002,13.564000000000002,1.0,0.0,1.0,1.0,1.0,1.0,0.0,0.0,0.0,0.0,2.3224074074074075,2.3224074074074075,0.5284301776266063,0.5284301776266063,0.5521406753358277,15.7,134.202,122.10599999999998,134.09642580409,52.0,0.0,1.7,2.4,2.9,2.167053352545513,2.770446815269876,232.78878061771368,8.974691494688164,6.248178503821182,6.248178503821182,5.774386907679233,3.4806726876126763,3.4806726876126763,2.166047211752171,2.166047211752171,1.5177731138680297,1.5177731138680297,0.8157553743075044,0.8157553743075044,-0.8500000000000001,606.7749387127436,4.888623338494641,2.080926843886177,0.919449804078233,62.32079104462523,61.47002484785755,4.567099647791355,0.0,0.0,0.0,26.813052428219837,0.0,30.08987277184637,4.567099647791355,0.0,6.544756405912575,0.0,18.90801031431363,24.52642128014937,6.923737199690624,3.88,0.0,0.0,0.0,12.965578028838586,0.0,12.48718869138762,0.0,36.01725812763135,3.383179406021668,0.0,0.0,1.6200925925925929,0.0,4.644814814814815,5.496394557823129,4.855518628747795,0.0,0.4444444444444444,10.0,1.0,1.0,1.0,0.0,3.0,3.0,1.0,1.552,39.859000000000016,0.0,1.0,0.0,0.0,0.0,0.0,1.0,0.0,1.0,1.0,0.0,0.0,[*]CC([*])C(=O)[O-],[*]CC([*])c1cc[n+](CC)cc1,"[ 5.50952554e-01  6.67746007e-01  3.77917290e-01 -1.17441809e+00
 -6.69968367e-01 -1.58297330e-01 -6.72284961e-02 -5.28121531e-01
 -2.75267303e-01  1.55845845e+00  2.68392377e-02 -5.55266798e-01
  7.93385267e-01 -1.03456473e+00 -6.35627568e-01 -1.03876030e+00
 -1.70346820e+00 -1.30036497e+00 -2.25371301e-01 -1.41964734e-01
  1.05430499e-01 -2.92812109e-01  3.19773614e-01  7.72576690e-01
 -6.40112102e-01  1.28019118e+00  2.42774200e+00 -4.54006344e-01
 -9.02524412e-01  9.79506493e-01 -3.34828138e-01 -3.03650469e-01
 -1.33218363e-01 -9.41639364e-01  7.83632636e-01  4.23074663e-01
 -1.73241779e-01  3.54419112e-01  3.47581238e-01 -3.20249461e-02
 -5.87040186e-01 -6.94137141e-02  1.36469281e+00  1.50850272e+00
 -7.08109001e-04  1.40314758e+00  8.37898135e-01  2.30026972e-02
 -1.28918486e-02 -4.91764814e-01 -3.88111532e-01 -8.54103506e-01
 -3.39003444e-01 -8.56086552e-01 -6.32213116e-01 -4.84038144e-01
 -2.89928913e-03  8.45237494e-01 -9.35304523e-01 -3.63467872e-01
 -6.73271000e-01 -1.05482444e-01  8.11104894e-01 -1.71648502e-01
 -3.46295953e-01  9.68204662e-02  7.82802626e-02  6.15729988e-01
 -1.28915578e-01 -8.80074680e-01 -1.10793412e-01 -2.32655019e-01
 -2.76402205e-01  4.76215333e-02 -5.37703753e-01 -4.57626283e-01
 -5.56176007e-01 -5.34456968e-01  4.31151748e-01 -4.61292788e-02
  3.29330802e-01 -1.57692686e-01  6.79725409e-01  7.64999747e-01
  2.28698909e-01  4.99854833e-01  1.03707455e-01  4.23821568e-01
 -1.18584305e-01  5.51582500e-02 -1.27232492e+00  9.25469279e-01
  1.17828858e+00  5.55050254e-01 -6.01640403e-01  1.85598596e-03
 -5.06517231e-01  3.62108380e-01 -1.25593603e-01  2.64763713e-01
  1.74772024e-01  3.16496044e-01 -1.01321959e+00  8.26404274e-01
  1.10871613e+00 -1.15284944e+00  1.07645226e+00 -9.01291013e-01
 -5.09613574e-01  6.92212641e-01 -6.20536089e-01 -2.36807078e-01
  1.11608577e+00  5.01168847e-01  5.16830027e-01  4.75949496e-01
 -6.68551743e-01  4.93257880e-01  2.93971598e-01  4.70821112e-02
 -3.74763817e-01  1.12406266e+00 -1.71836525e-01 -9.83554304e-01
 -3.04760039e-01 -8.03640932e-02  4.01249915e-01 -2.37712353e-01
 -3.63715082e-01 -4.04603444e-02 -6.94833323e-02 -2.84978569e-01
 -1.37553036e-01 -6.40389100e-02 -1.30503821e+00  6.43750072e-01
  8.66559386e-01 -6.59701407e-01 -2.93511987e-01 -5.99394381e-01
 -1.37480929e-01  3.21428955e-01 -4.59521860e-02 -7.53167152e-01
 -2.05593005e-01  1.92969292e-01  1.47321537e-01  6.28412962e-01
  3.42511177e-01 -7.05951214e-01  4.42748845e-01 -4.32425022e-01
  1.24913609e+00 -4.02215600e-01  3.81262302e-01  6.94990575e-01
  3.94117445e-01 -8.92814755e-01 -1.08931231e+00  4.76228297e-01
  1.24987923e-01  6.95637167e-02  7.04857886e-01  3.86546522e-01
  4.89218652e-01  1.67667687e-01  6.18894100e-01  4.35397118e-01
  6.26206696e-01  8.39248419e-01  2.65890479e-01 -2.82257199e-02
  2.12427139e-01  7.49804258e-01  7.74736702e-01  1.29185498e+00
 -4.25994545e-02 -1.65944263e-01 -9.42873001e-01 -1.42539650e-01
 -5.09615064e-01  9.65403438e-01  8.34682345e-01 -5.18386602e-01
  3.53891730e-01  6.41801357e-02  5.08618951e-01  1.01894891e+00
 -3.28530014e-01 -3.32997628e-02 -1.80441827e-01  2.35096931e-01
 -2.55989581e-01 -2.09291473e-01 -1.47133321e-01 -1.64968276e+00
 -1.69284850e-01  6.07510209e-02  6.21947587e-01  7.29369700e-01
  5.99946022e-01 -6.74916565e-01  1.23031831e+00 -1.28958249e+00
 -6.64112449e-01 -3.67776453e-01  1.31455690e-01  3.78233433e-01
 -8.40135753e-01 -3.63106400e-01 -2.50634134e-01 -2.10742283e+00
  6.89093709e-01 -9.02974844e-01 -4.02772009e-01  1.54137588e+00
 -2.07992017e-01  9.06994522e-01 -5.44871032e-01  3.85305762e-01
 -8.09826478e-02  6.84405208e-01  2.46060431e-01 -5.65070868e-01
  5.42701185e-01  2.30542719e-02 -1.22137517e-01  6.66289628e-01
 -1.00670137e-01  5.78732230e-02 -1.18791723e+00  2.20502615e+00
  7.74039507e-01  3.79953198e-02  1.60000706e+00  1.23174655e+00
  2.83441335e-01 -3.15214992e-01 -7.11687982e-01 -7.00975180e-01
 -8.20701361e-01  6.06228650e-01 -6.73054680e-02 -3.09595257e-01
 -1.70270309e-01 -1.09378815e+00 -1.88075840e-01  1.54434606e-01
  6.66516542e-01  3.04506958e-01  1.23938218e-01  3.31819475e-01
 -1.62126659e-03  4.06757772e-01 -8.66131783e-02 -5.88821769e-02
 -5.21769404e-01 -2.06430405e-01  1.92552900e+00 -2.83560157e-01
 -1.90655738e-01 -4.01817203e-01  5.80403030e-01  1.90049112e-01
  5.90409189e-02  3.97923917e-01 -4.53226894e-01  4.97723222e-01
 -3.94481063e-01 -1.30251551e+00 -3.18813235e-01 -4.60155487e-01
 -4.52672958e-01  4.28255886e-01  1.86832532e-01 -4.64421064e-01
  8.26421797e-01  8.58034790e-02  9.91345942e-02 -6.91530228e-01
  6.67168140e-01 -6.56287134e-01  1.84816062e+00  1.09426033e+00
  1.60102636e-01 -1.11405814e+00  3.91883664e-02  3.58302563e-01
 -5.41131608e-02  4.13817704e-01 -2.12963536e-01  3.07724923e-01
  1.17556334e+00 -1.34069726e-01  2.33674124e-01 -7.30481418e-03
  7.81065047e-01 -3.03012580e-01 -8.35513845e-02  5.53557932e-01
 -2.84455985e-01 -2.47817889e-01  1.89149991e-01 -1.02672207e+00
  1.32583808e-02 -2.55627990e-01  9.52539861e-01 -2.96597350e-02
  8.79282951e-01  4.27375317e-01 -1.99289754e-01  2.20845848e-01
  1.33380175e-01  1.14704527e-01  9.84668970e-01 -2.11234868e-01
 -4.05843139e-01 -7.67308354e-01  3.14330757e-02  3.86560559e-01
  1.19929647e+00  5.36592305e-01  5.09199142e-01 -1.36162627e+00
 -1.05296448e-01 -5.59449345e-02 -3.80162150e-02 -6.26801491e-01
  1.86362505e-01 -1.73844025e-01 -6.50287032e-01 -3.45541984e-01
 -7.34303296e-01  7.24383742e-02  1.10383463e+00  1.14996636e+00
  4.15981650e-01  2.12344471e-02  3.46782468e-02 -6.53821528e-01
 -5.01247168e-01  1.01878500e+00 -5.11385202e-01  5.93827702e-02
  1.42465687e+00  8.32590798e-04  8.78591835e-01  5.78436792e-01
  7.18320012e-01  5.57367444e-01 -5.57254732e-01 -1.31244791e+00
  7.39392415e-02  1.02208316e+00 -1.73512977e-02  8.59655023e-01
 -3.99190225e-02 -2.82223940e-01  3.95490587e-01  4.02262717e-01
  8.03426445e-01 -2.58965492e-01 -1.23902738e+00 -9.40800786e-01
  1.62803307e-01 -1.82705402e-01 -1.00059152e+00 -5.43330550e-01
 -6.58766031e-01 -2.29741275e-01  1.80671170e-01 -1.29144430e-01
  3.56926799e-01 -8.86848867e-02 -9.70983922e-01  2.64483422e-01
  1.72349140e-01 -7.12217987e-01 -8.57104957e-02 -3.92155677e-01
  1.69065610e-01 -3.40923727e-01 -2.67417639e-01 -1.58317521e-01
 -6.08656704e-01  1.02118409e+00 -2.54552245e-01 -9.51778710e-01
 -2.65829086e-01 -5.54043390e-02 -5.34137547e-01  7.80924261e-02
 -4.31904018e-01 -2.93715656e-01 -5.59636712e-01  7.50055850e-01
  5.42586446e-01  5.21332622e-01  7.41369128e-01 -2.03372106e-01
 -2.98140310e-02  1.17485476e+00 -6.42839670e-01  9.09768820e-01
 -2.86733925e-01 -6.71667278e-01 -7.02754200e-01  5.18063009e-01
 -7.03846872e-01  8.45564783e-01  2.22889528e-01  5.72806001e-02
  7.29165733e-01 -1.03616178e+00  1.58585691e+00 -4.93727475e-01
 -3.07119966e-01  9.14265960e-02 -6.41273111e-02 -5.38270436e-02
  3.15355629e-01  1.19199312e+00  6.83415830e-01  1.33915111e-01
  1.16254874e-01  3.87908012e-01  8.34312201e-01 -1.76378161e-01
  4.98694271e-01 -4.02371407e-01 -7.95837879e-01 -3.92245412e-01
 -7.62568772e-01  1.17841554e+00 -8.50370944e-01 -8.19937170e-01
 -1.17226891e-01 -8.34619522e-01 -1.40142596e+00  3.41342449e-01
 -1.18009889e+00  1.72452241e-01  7.37082437e-02 -3.43734443e-01
 -5.56558371e-01 -1.20999336e-01  6.78034663e-01 -1.69035867e-02
 -9.26296234e-01 -5.40798724e-01 -1.40218958e-01 -3.94925140e-02
 -8.04703236e-01 -9.95787308e-02 -2.03307927e-01 -1.50647974e+00
 -1.90729693e-01  4.01281953e-01  8.01624775e-01 -1.31860971e+00
  2.80246615e-01 -1.09216804e-02 -8.86645317e-01  8.60824645e-01
  5.10790169e-01  2.27465048e-01 -6.09495401e-01  1.30400555e-02
 -5.35382628e-02  5.99121809e-01  9.75840449e-01  7.68029451e-01
 -1.04766703e+00  1.87973067e-01  7.01478198e-02  4.77244973e-01
 -6.52137339e-01  7.09963962e-02 -4.24877740e-02  3.11902642e-01
  1.14879143e+00 -1.62646145e-01  2.15660229e-01  2.38919973e-01
  1.27243221e-01 -2.14758724e-01 -8.41916800e-01  1.32479280e-01
  2.49055177e-01 -3.80854696e-01 -2.53900200e-01 -1.52146888e+00
 -4.27862376e-01 -3.30217481e-01 -1.65427983e-01 -5.02607748e-02
  5.20032287e-01 -1.33780479e-01 -2.27504417e-01 -2.93135196e-01
 -2.25837648e-01  5.58377504e-01 -2.53188342e-01  1.02464998e+00
  3.18368047e-01  2.15202257e-01 -1.98995262e-01 -1.44416893e+00
  5.02204970e-02 -2.66076565e-01 -1.08973151e-02 -2.40284443e-01
 -5.64793527e-01  6.28166497e-02  3.36367339e-01 -8.57639432e-01
 -8.62743378e-01 -5.27694464e-01 -5.19397497e-01  8.48357737e-01
 -9.25135195e-01 -8.00738484e-02 -1.99941337e-01 -4.17113543e-01
 -7.53359854e-01 -9.31248963e-01 -3.05604845e-01  3.69783878e-01
 -1.04227677e-01  1.14021158e+00 -1.58956695e+00 -1.72336042e-01
  3.25673372e-01  7.78758302e-02 -3.53107870e-01  5.87968975e-02
  1.47149250e-01  8.21567714e-01  9.81274366e-01  5.93652308e-01
  5.79920053e-01  7.66876757e-01 -7.82622874e-01  4.46217418e-01
 -2.69964069e-01  4.41214263e-01 -1.92598388e-01 -4.10362273e-01
  5.84180020e-02  1.81740105e-01 -1.81846797e-01  3.85951310e-01
  8.06822419e-01  6.49897575e-01 -7.08981693e-01  1.09895403e-02
  5.91275170e-02 -7.26420283e-01 -3.29815060e-01 -2.90464878e-01
  3.73225480e-01  7.54145861e-01  1.66838729e+00 -2.18773857e-01
 -7.01609969e-01 -1.36749840e+00 -3.00247729e-01 -5.03675103e-01
  8.70439291e-01 -4.03018713e-01 -9.52010870e-01  1.99213073e-01
 -9.88790244e-02 -1.30468071e+00 -5.96089602e-01  2.54472584e-01
 -1.41453886e+00 -2.63562888e-01 -5.13353407e-01  7.11600557e-02
  1.20021462e+00 -1.73822570e+00  7.00591266e-01 -8.52419317e-01
  1.40644157e+00 -9.30212319e-01  1.71362936e-01 -3.40986192e-01
  1.11099374e+00  3.32399905e-01  3.70734811e-01 -1.41833186e+00
  7.56462216e-01 -4.55584586e-01  4.26305503e-01 -6.59897864e-01
  1.24169588e+00 -3.52406174e-01 -1.76326826e-01  4.58189696e-01]","[ 2.58754939e-01  7.65666783e-01 -4.65707630e-01 -4.36065912e-01
 -1.02154410e+00  3.74384910e-01  2.53483087e-01  4.09017712e-01
 -6.94044456e-02  6.88503325e-01 -5.28746426e-01  9.49705672e-03
  1.22118175e+00 -1.29630601e+00 -8.81272554e-01 -1.36076915e+00
 -7.82842219e-01 -6.90891325e-01 -7.81432152e-01  7.17344582e-01
  1.65111768e+00 -2.14252546e-01  7.42859602e-01  8.88970852e-01
  9.16712806e-02  6.13837898e-01  2.14042950e+00 -4.88709062e-01
 -3.48345608e-01  6.08429551e-01 -7.47659430e-02  1.67858288e-01
  2.20460221e-01 -8.66752043e-02  5.38115680e-01  3.48620623e-01
 -4.05876786e-01  2.07969666e-01  3.64317708e-02 -1.68470338e-01
 -1.19797252e-01 -3.29685718e-04  1.09635150e+00  8.61720383e-01
  3.81253630e-01  3.06869358e-01  8.60960782e-01 -5.03717922e-02
  5.55247486e-01 -2.21602872e-01  3.81490827e-01  1.78490713e-01
 -3.82163048e-01 -5.39982021e-01 -2.26499572e-01  2.35104397e-01
  5.11031091e-01  1.36317283e-01 -1.01213396e+00  7.63465106e-01
 -7.91656673e-01  6.24221146e-01 -5.04378676e-02  1.83643326e-01
 -2.18661264e-01  7.73185909e-01  6.97015703e-01 -8.37078318e-02
 -1.59653902e-01 -3.47926170e-01 -3.12480479e-01 -4.70926136e-01
 -1.22260191e-01 -1.11529268e-01 -5.80355048e-01 -4.57529038e-01
  1.04305685e-01 -5.60658038e-01 -5.75476885e-02  2.07826346e-02
  5.11998355e-01 -4.07395922e-02 -8.57271776e-02  8.07722390e-01
  1.25639126e-01 -2.27841973e-01  1.99368715e-01  3.94466549e-01
 -2.29423419e-01  6.56251252e-01 -1.39102936e+00 -2.48177513e-01
  1.02561653e+00  1.63333565e-01 -7.41358042e-01  4.11552817e-01
 -6.56937659e-01  8.11281383e-01  1.32502774e-02 -8.95606503e-02
 -8.85221139e-02  8.10027122e-01 -1.39308321e+00  1.41229165e+00
  1.47527564e+00 -5.27085662e-01  2.02385023e-01 -1.41935205e+00
 -2.88261324e-01  4.54457074e-01 -1.46575600e-01 -8.69578123e-02
  7.32687950e-01 -6.16145432e-01  1.34594366e-01  6.39876187e-01
 -1.44258842e-01  2.16147140e-01 -2.23000154e-01  6.38989031e-01
 -4.11915869e-01  3.50595713e-01  5.70650995e-01 -8.09123695e-01
 -4.94646877e-01 -4.51880284e-02 -1.54170379e-01  3.72843176e-01
 -1.84427261e-01 -4.46734615e-02  1.41228944e-01 -3.13785821e-01
 -1.36994436e-01 -2.44505003e-01 -1.35662365e+00  5.76085364e-03
  1.65453315e-01 -5.28535903e-01 -1.37860805e-01 -6.12922132e-01
 -4.81841946e-03  1.16985954e-01  5.10767877e-01 -5.25469959e-01
  3.92412357e-02  3.49685192e-01 -6.66919053e-02 -2.74920493e-01
  6.00411296e-02 -3.49984258e-01  7.61600062e-02 -2.26685509e-01
  8.62072706e-01 -4.64118570e-01 -2.94663697e-01  5.15659273e-01
  1.72863439e-01 -9.21992779e-01 -9.47336614e-01 -2.89100736e-01
  2.59418692e-02  1.51202843e-01 -7.73630664e-02  3.85801084e-02
  2.93126196e-01 -3.53437036e-01 -1.18852735e-01  5.98323166e-01
  1.07211065e+00  1.25569713e+00  2.15441491e-02 -2.15563297e-01
 -7.10687578e-01  1.29834712e+00  8.37024391e-01  1.38366830e+00
 -2.41990876e-03 -3.08258146e-01 -1.00147593e+00  3.74590397e-01
  3.18077542e-02  1.06435704e+00  6.53108656e-02 -3.44478697e-01
  4.10884619e-04  4.46341187e-01 -2.23740339e-02  3.45368236e-01
 -1.59559309e-01  2.95039713e-01  4.16525990e-01  2.51234889e-01
  1.53080240e-01 -5.57194650e-01 -4.55134362e-01 -9.01373684e-01
 -1.24181308e-01 -3.51409823e-01 -2.22094998e-01  4.69337195e-01
  3.66864018e-02 -9.05083597e-01  4.72788185e-01 -8.23253930e-01
 -7.69597828e-01 -1.41294524e-01 -5.41748941e-01 -1.59614399e-01
 -3.31402093e-01  1.56573012e-01 -6.26872480e-01 -1.08016205e+00
  6.74879372e-01 -2.28904560e-01 -3.66408229e-01  9.52807426e-01
 -2.49409720e-01  6.31160557e-01 -2.16425419e-01  7.80879796e-01
 -5.31057753e-02  2.12950587e-01  2.08714247e-01 -3.76456939e-02
  1.02227533e+00  2.05922544e-01  4.96548325e-01  1.14875138e+00
 -1.47142842e-01  1.44781128e-01 -1.00707434e-01  1.95989263e+00
  5.88235199e-01  2.39680350e-01  1.08087635e+00  8.00363198e-02
 -4.00677443e-01 -8.46993923e-01 -3.01950455e-01 -4.92810518e-01
 -9.30117428e-01  9.02858555e-01 -2.92300373e-01 -1.44224569e-01
  4.48532671e-01 -7.70175755e-01 -9.61511359e-02 -9.23241436e-01
  6.88463748e-02  2.13101104e-01  3.51493865e-01  7.25903213e-02
  8.29195008e-02  3.10883552e-01 -3.06551903e-01  6.26678407e-01
  1.16759121e-01 -3.19817029e-02  9.86835957e-01  2.12960601e-01
 -1.87608883e-01 -4.39048260e-01 -3.93611670e-01  3.14746238e-02
  4.67132837e-01  5.91510355e-01 -5.82304895e-01 -3.08005631e-01
 -3.97076577e-01 -1.61111081e+00 -6.18716002e-01  9.36848521e-02
 -2.64846057e-01  3.04639369e-01 -2.97773540e-01  2.59679228e-01
  8.37306738e-01  3.94203186e-01 -8.16127777e-01 -1.10288668e+00
  1.83305308e-01 -2.00568721e-01  1.48652220e+00  1.16011453e+00
 -2.86318362e-02 -5.29603899e-01  3.83966208e-01  7.54229307e-01
  7.64074996e-02  3.81459713e-01 -3.68279248e-01  3.44247609e-01
  2.45934680e-01  7.71982253e-01 -1.27560392e-01  5.86078055e-02
  1.93814218e+00 -1.06247580e+00 -5.15270948e-01 -6.02204442e-01
 -1.91837952e-01  1.38955191e-01  5.88956475e-03 -2.56706387e-01
  6.63230121e-01  3.49048585e-01  5.71135342e-01  7.18370378e-01
 -1.42920511e-02  1.72898695e-01  6.89943075e-01  1.69781840e-03
 -3.96998338e-02  7.82621205e-01  7.13594913e-01 -3.70173663e-01
 -5.42735076e-03 -8.73017013e-01 -4.07721192e-01 -2.67813742e-01
  7.90600777e-01  4.62941319e-01  5.06024420e-01 -8.13354015e-01
  3.29493552e-01  2.80005783e-01 -1.17573768e-01  3.97675186e-01
  1.45187899e-01 -8.07157829e-02 -7.78619200e-02 -9.61248457e-01
  6.81790113e-02 -6.57359958e-02  9.75333154e-01  1.91977775e+00
 -3.26742262e-01  7.42301112e-03  2.52164411e-03 -4.06822801e-01
 -9.29980457e-01  8.28021824e-01 -3.20083089e-02  1.52232334e-01
  4.19183105e-01  4.04705971e-01  1.15119231e+00 -1.91186130e-01
 -1.26877546e-01 -1.48641035e-01 -3.43369275e-01 -1.19184506e+00
 -2.82330811e-01  1.25802338e+00 -2.45547876e-01 -8.44457448e-02
 -5.24645150e-01  2.47254089e-01  4.11571175e-01  2.63517380e-01
 -8.29683170e-02  2.00176358e-01 -1.07659066e+00 -4.29665715e-01
  1.15340889e+00  1.80977825e-02 -6.42389894e-01  1.35355279e-01
  4.07437468e-03  2.60230094e-01 -5.03543727e-02 -8.82178068e-01
 -2.46009305e-01 -1.16771936e+00 -3.78451586e-01 -7.65593290e-01
 -4.00647074e-01 -1.21218868e-01 -8.26268017e-01 -3.02382022e-01
 -5.00344252e-03 -1.06858885e+00 -3.26659828e-01 -2.16492906e-01
 -3.30358028e-01  2.30187774e-01 -1.79770425e-01 -9.02734339e-01
 -7.41476953e-01 -6.15338869e-02 -9.38126519e-02  1.94314957e-01
 -2.89056301e-01  8.90308917e-01  3.91442508e-01  6.97327435e-01
  7.45553672e-01  4.24382836e-01 -3.27737331e-01  5.80936432e-01
 -1.24678463e-02  9.26483929e-01 -3.51582199e-01  1.77305654e-01
  1.70948878e-01  4.45365123e-02  1.28183261e-01  3.41375679e-01
 -5.32822609e-01 -4.74269688e-02  4.22098309e-01  9.11723912e-01
  8.00791025e-01 -6.36188805e-01  8.95480737e-02 -8.06500256e-01
 -4.49507117e-01 -1.71611205e-01 -5.80729425e-01 -1.74753711e-01
  3.67258549e-01 -1.01258963e-01  3.10842961e-01 -5.60998805e-02
  2.71947473e-01  4.78378147e-01  8.30143690e-01  4.15337592e-01
 -1.45673469e-01 -7.29671180e-01 -5.47645152e-01 -9.97540951e-01
 -8.99102926e-01  5.54789960e-01 -2.95613915e-01 -7.16665268e-01
  2.14029267e-01 -1.01798892e+00 -9.23852921e-01  7.91428983e-02
 -9.04280901e-01  6.19130284e-02  1.51161209e-01 -2.35187531e-01
 -3.37493032e-01 -1.02911043e+00 -9.89820734e-02  9.27680433e-01
 -3.10963392e-01 -2.72858471e-01  1.63475215e-01  2.96460211e-01
  4.45687979e-01  1.95598766e-01 -3.05731595e-01  6.93182573e-02
 -3.21123272e-01  5.95443428e-01  5.48458576e-01 -2.00317121e+00
  6.79128945e-01  4.56946820e-01 -7.14092970e-01  3.14033777e-02
 -6.99467063e-02  8.38553488e-01 -1.02953374e+00  4.51370209e-01
 -5.72017729e-01  7.34556675e-01  6.52249217e-01  5.14868200e-01
 -4.01160747e-01  4.57474798e-01  2.88481891e-01 -8.71608034e-02
  1.11201353e-01 -9.85160887e-01  2.93618321e-01 -3.79842997e-01
  8.51307884e-02 -5.13610363e-01 -4.46230084e-01  1.90197393e-01
 -2.25161240e-01  2.27955058e-01 -1.24368936e-01 -6.23004377e-01
 -1.21121533e-01 -4.17960078e-01  1.72031224e-02 -9.25355911e-01
  1.97996378e-01 -9.37604904e-02 -8.29413414e-01 -8.01442146e-01
  9.10189077e-02  1.93399265e-01 -6.44582450e-01 -7.51188278e-01
 -3.33442926e-01  2.49328986e-01 -7.26612434e-02  1.05746686e+00
  8.82225409e-02 -4.86976236e-01  1.60925579e+00 -7.45107889e-01
  1.58774313e-02 -1.61246493e-01  7.17768967e-02 -5.85627973e-01
 -2.52059549e-01 -4.42534357e-01  2.18473479e-01 -8.10688913e-01
 -9.37299252e-01 -5.24647534e-01 -2.10442737e-01  5.20700634e-01
 -9.27391708e-01 -5.11770666e-01 -7.26313531e-01 -3.05953294e-01
 -7.26748466e-01 -1.29627538e+00  1.06564254e-01  5.24497032e-01
  3.93341690e-01  6.82094276e-01 -3.47765595e-01  2.02958107e-01
 -9.43305120e-02 -6.87422931e-01  6.86987817e-01  2.45795906e-01
  3.44973117e-01  9.67409134e-01  1.50813806e+00  3.60267907e-01
 -5.07872105e-01  4.62053381e-02 -5.79474270e-01  6.78498089e-01
 -6.48347318e-01  4.99527693e-01 -1.12642586e-01  9.04823542e-02
  8.42202723e-01  5.29779196e-01 -4.15849477e-01  6.08234823e-01
  7.51701653e-01  1.28312588e+00 -5.83781183e-01  2.36583486e-01
  4.46787387e-01 -3.08433235e-01 -2.31035069e-01  7.70932138e-02
  9.77844521e-02  1.07979155e+00  1.03480005e+00 -2.42791072e-01
 -2.93547481e-01 -9.94999707e-01  6.03366315e-01 -2.94181198e-04
  8.74860764e-01 -1.30845034e+00  1.74097955e-01  8.38625208e-02
 -8.89260590e-01 -1.20076764e+00 -5.70772111e-01  3.23102623e-01
 -1.04073751e+00 -8.27366650e-01  2.95840353e-02  5.12552619e-01
  6.87260330e-01 -7.78497756e-01 -3.96597475e-01 -4.32368070e-01
  3.85459930e-01 -1.70074224e-01  1.80485800e-01  3.28782350e-01
  7.54682243e-01 -1.78295150e-01 -6.10124528e-01 -1.08846831e+00
 -2.02196494e-01 -3.63281816e-01 -1.63538814e-01 -5.32768428e-01
  2.83494651e-01 -3.79056066e-01 -8.27098917e-03  1.01834345e+00]",0
123,[*]C(C[*])C(=O)[O-],[*]CC([*])c1cc[n+](CC)cc1,2100,570,7.0,100,42,0.5,0,1,3,0.2714285714285714,0,1,0,9.921712962962964,9.921712962962964,0.0370370370370369,-0.7824074074074072,0.4204227437702691,19.2,71.055,68.031,71.01385291591001,28.0,2.6,3.2,3.2,1.6457113704075783,3.34341705895396,73.33515884998701,5.861807319565799,2.6009536313038994,2.6009536313038994,3.1807392125526213,1.1051717155225391,1.1051717155225391,0.5231597389607807,0.5231597389607807,0.1666666666666666,0.1666666666666666,0.0,0.0,-0.53,27.977093296928835,1.798837033645378,0.5057254621854761,0.2506048614847814,30.42489110886254,29.21492868948101,9.901064578912528,5.969305287951849,13.344558822616634,0.0,0.0,5.106527394840706,5.969305287951849,4.794537184071822,0.0,0.0,13.344558822616634,40.13,5.969305287951849,9.901064578912528,6.4208216229260096,6.923737199690624,0.0,0.0,0.0,0.0,0.3533333333333333,9.921712962962964,9.921712962962964,0.0,-0.7824074074074072,0.0,0.0694444444444444,1.0162037037037035,0.0,0.6666666666666666,5.0,2.0,0.0,0.0,2.0,4.0,2.0,0.0,-0.9583000000000002,13.564000000000002,1.0,0.0,1.0,1.0,1.0,1.0,0.0,0.0,0.0,0.0,2.3224074074074075,2.3224074074074075,0.5284301776266063,0.5284301776266063,0.5521406753358277,15.7,134.202,122.10599999999998,134.09642580409,52.0,0.0,1.7,2.4,2.9,2.167053352545513,2.770446815269876,232.78878061771368,8.974691494688164,6.248178503821182,6.248178503821182,5.774386907679233,3.4806726876126763,3.4806726876126763,2.166047211752171,2.166047211752171,1.5177731138680297,1.5177731138680297,0.8157553743075044,0.8157553743075044,-0.8500000000000001,606.7749387127436,4.888623338494641,2.080926843886177,0.919449804078233,62.32079104462523,61.47002484785755,4.567099647791355,0.0,0.0,0.0,26.813052428219837,0.0,30.08987277184637,4.567099647791355,0.0,6.544756405912575,0.0,18.90801031431363,24.52642128014937,6.923737199690624,3.88,0.0,0.0,0.0,12.965578028838586,0.0,12.48718869138762,0.0,36.01725812763135,3.383179406021668,0.0,0.0,1.6200925925925929,0.0,4.644814814814815,5.496394557823129,4.855518628747795,0.0,0.4444444444444444,10.0,1.0,1.0,1.0,0.0,3.0,3.0,1.0,1.552,39.859000000000016,0.0,1.0,0.0,0.0,0.0,0.0,1.0,0.0,1.0,1.0,0.0,0.0,[*]CC([*])C(=O)[O-],[*]CC([*])c1cc[n+](CC)cc1,"[ 5.50952554e-01  6.67746007e-01  3.77917290e-01 -1.17441809e+00
 -6.69968367e-01 -1.58297330e-01 -6.72284961e-02 -5.28121531e-01
 -2.75267303e-01  1.55845845e+00  2.68392377e-02 -5.55266798e-01
  7.93385267e-01 -1.03456473e+00 -6.35627568e-01 -1.03876030e+00
 -1.70346820e+00 -1.30036497e+00 -2.25371301e-01 -1.41964734e-01
  1.05430499e-01 -2.92812109e-01  3.19773614e-01  7.72576690e-01
 -6.40112102e-01  1.28019118e+00  2.42774200e+00 -4.54006344e-01
 -9.02524412e-01  9.79506493e-01 -3.34828138e-01 -3.03650469e-01
 -1.33218363e-01 -9.41639364e-01  7.83632636e-01  4.23074663e-01
 -1.73241779e-01  3.54419112e-01  3.47581238e-01 -3.20249461e-02
 -5.87040186e-01 -6.94137141e-02  1.36469281e+00  1.50850272e+00
 -7.08109001e-04  1.40314758e+00  8.37898135e-01  2.30026972e-02
 -1.28918486e-02 -4.91764814e-01 -3.88111532e-01 -8.54103506e-01
 -3.39003444e-01 -8.56086552e-01 -6.32213116e-01 -4.84038144e-01
 -2.89928913e-03  8.45237494e-01 -9.35304523e-01 -3.63467872e-01
 -6.73271000e-01 -1.05482444e-01  8.11104894e-01 -1.71648502e-01
 -3.46295953e-01  9.68204662e-02  7.82802626e-02  6.15729988e-01
 -1.28915578e-01 -8.80074680e-01 -1.10793412e-01 -2.32655019e-01
 -2.76402205e-01  4.76215333e-02 -5.37703753e-01 -4.57626283e-01
 -5.56176007e-01 -5.34456968e-01  4.31151748e-01 -4.61292788e-02
  3.29330802e-01 -1.57692686e-01  6.79725409e-01  7.64999747e-01
  2.28698909e-01  4.99854833e-01  1.03707455e-01  4.23821568e-01
 -1.18584305e-01  5.51582500e-02 -1.27232492e+00  9.25469279e-01
  1.17828858e+00  5.55050254e-01 -6.01640403e-01  1.85598596e-03
 -5.06517231e-01  3.62108380e-01 -1.25593603e-01  2.64763713e-01
  1.74772024e-01  3.16496044e-01 -1.01321959e+00  8.26404274e-01
  1.10871613e+00 -1.15284944e+00  1.07645226e+00 -9.01291013e-01
 -5.09613574e-01  6.92212641e-01 -6.20536089e-01 -2.36807078e-01
  1.11608577e+00  5.01168847e-01  5.16830027e-01  4.75949496e-01
 -6.68551743e-01  4.93257880e-01  2.93971598e-01  4.70821112e-02
 -3.74763817e-01  1.12406266e+00 -1.71836525e-01 -9.83554304e-01
 -3.04760039e-01 -8.03640932e-02  4.01249915e-01 -2.37712353e-01
 -3.63715082e-01 -4.04603444e-02 -6.94833323e-02 -2.84978569e-01
 -1.37553036e-01 -6.40389100e-02 -1.30503821e+00  6.43750072e-01
  8.66559386e-01 -6.59701407e-01 -2.93511987e-01 -5.99394381e-01
 -1.37480929e-01  3.21428955e-01 -4.59521860e-02 -7.53167152e-01
 -2.05593005e-01  1.92969292e-01  1.47321537e-01  6.28412962e-01
  3.42511177e-01 -7.05951214e-01  4.42748845e-01 -4.32425022e-01
  1.24913609e+00 -4.02215600e-01  3.81262302e-01  6.94990575e-01
  3.94117445e-01 -8.92814755e-01 -1.08931231e+00  4.76228297e-01
  1.24987923e-01  6.95637167e-02  7.04857886e-01  3.86546522e-01
  4.89218652e-01  1.67667687e-01  6.18894100e-01  4.35397118e-01
  6.26206696e-01  8.39248419e-01  2.65890479e-01 -2.82257199e-02
  2.12427139e-01  7.49804258e-01  7.74736702e-01  1.29185498e+00
 -4.25994545e-02 -1.65944263e-01 -9.42873001e-01 -1.42539650e-01
 -5.09615064e-01  9.65403438e-01  8.34682345e-01 -5.18386602e-01
  3.53891730e-01  6.41801357e-02  5.08618951e-01  1.01894891e+00
 -3.28530014e-01 -3.32997628e-02 -1.80441827e-01  2.35096931e-01
 -2.55989581e-01 -2.09291473e-01 -1.47133321e-01 -1.64968276e+00
 -1.69284850e-01  6.07510209e-02  6.21947587e-01  7.29369700e-01
  5.99946022e-01 -6.74916565e-01  1.23031831e+00 -1.28958249e+00
 -6.64112449e-01 -3.67776453e-01  1.31455690e-01  3.78233433e-01
 -8.40135753e-01 -3.63106400e-01 -2.50634134e-01 -2.10742283e+00
  6.89093709e-01 -9.02974844e-01 -4.02772009e-01  1.54137588e+00
 -2.07992017e-01  9.06994522e-01 -5.44871032e-01  3.85305762e-01
 -8.09826478e-02  6.84405208e-01  2.46060431e-01 -5.65070868e-01
  5.42701185e-01  2.30542719e-02 -1.22137517e-01  6.66289628e-01
 -1.00670137e-01  5.78732230e-02 -1.18791723e+00  2.20502615e+00
  7.74039507e-01  3.79953198e-02  1.60000706e+00  1.23174655e+00
  2.83441335e-01 -3.15214992e-01 -7.11687982e-01 -7.00975180e-01
 -8.20701361e-01  6.06228650e-01 -6.73054680e-02 -3.09595257e-01
 -1.70270309e-01 -1.09378815e+00 -1.88075840e-01  1.54434606e-01
  6.66516542e-01  3.04506958e-01  1.23938218e-01  3.31819475e-01
 -1.62126659e-03  4.06757772e-01 -8.66131783e-02 -5.88821769e-02
 -5.21769404e-01 -2.06430405e-01  1.92552900e+00 -2.83560157e-01
 -1.90655738e-01 -4.01817203e-01  5.80403030e-01  1.90049112e-01
  5.90409189e-02  3.97923917e-01 -4.53226894e-01  4.97723222e-01
 -3.94481063e-01 -1.30251551e+00 -3.18813235e-01 -4.60155487e-01
 -4.52672958e-01  4.28255886e-01  1.86832532e-01 -4.64421064e-01
  8.26421797e-01  8.58034790e-02  9.91345942e-02 -6.91530228e-01
  6.67168140e-01 -6.56287134e-01  1.84816062e+00  1.09426033e+00
  1.60102636e-01 -1.11405814e+00  3.91883664e-02  3.58302563e-01
 -5.41131608e-02  4.13817704e-01 -2.12963536e-01  3.07724923e-01
  1.17556334e+00 -1.34069726e-01  2.33674124e-01 -7.30481418e-03
  7.81065047e-01 -3.03012580e-01 -8.35513845e-02  5.53557932e-01
 -2.84455985e-01 -2.47817889e-01  1.89149991e-01 -1.02672207e+00
  1.32583808e-02 -2.55627990e-01  9.52539861e-01 -2.96597350e-02
  8.79282951e-01  4.27375317e-01 -1.99289754e-01  2.20845848e-01
  1.33380175e-01  1.14704527e-01  9.84668970e-01 -2.11234868e-01
 -4.05843139e-01 -7.67308354e-01  3.14330757e-02  3.86560559e-01
  1.19929647e+00  5.36592305e-01  5.09199142e-01 -1.36162627e+00
 -1.05296448e-01 -5.59449345e-02 -3.80162150e-02 -6.26801491e-01
  1.86362505e-01 -1.73844025e-01 -6.50287032e-01 -3.45541984e-01
 -7.34303296e-01  7.24383742e-02  1.10383463e+00  1.14996636e+00
  4.15981650e-01  2.12344471e-02  3.46782468e-02 -6.53821528e-01
 -5.01247168e-01  1.01878500e+00 -5.11385202e-01  5.93827702e-02
  1.42465687e+00  8.32590798e-04  8.78591835e-01  5.78436792e-01
  7.18320012e-01  5.57367444e-01 -5.57254732e-01 -1.31244791e+00
  7.39392415e-02  1.02208316e+00 -1.73512977e-02  8.59655023e-01
 -3.99190225e-02 -2.82223940e-01  3.95490587e-01  4.02262717e-01
  8.03426445e-01 -2.58965492e-01 -1.23902738e+00 -9.40800786e-01
  1.62803307e-01 -1.82705402e-01 -1.00059152e+00 -5.43330550e-01
 -6.58766031e-01 -2.29741275e-01  1.80671170e-01 -1.29144430e-01
  3.56926799e-01 -8.86848867e-02 -9.70983922e-01  2.64483422e-01
  1.72349140e-01 -7.12217987e-01 -8.57104957e-02 -3.92155677e-01
  1.69065610e-01 -3.40923727e-01 -2.67417639e-01 -1.58317521e-01
 -6.08656704e-01  1.02118409e+00 -2.54552245e-01 -9.51778710e-01
 -2.65829086e-01 -5.54043390e-02 -5.34137547e-01  7.80924261e-02
 -4.31904018e-01 -2.93715656e-01 -5.59636712e-01  7.50055850e-01
  5.42586446e-01  5.21332622e-01  7.41369128e-01 -2.03372106e-01
 -2.98140310e-02  1.17485476e+00 -6.42839670e-01  9.09768820e-01
 -2.86733925e-01 -6.71667278e-01 -7.02754200e-01  5.18063009e-01
 -7.03846872e-01  8.45564783e-01  2.22889528e-01  5.72806001e-02
  7.29165733e-01 -1.03616178e+00  1.58585691e+00 -4.93727475e-01
 -3.07119966e-01  9.14265960e-02 -6.41273111e-02 -5.38270436e-02
  3.15355629e-01  1.19199312e+00  6.83415830e-01  1.33915111e-01
  1.16254874e-01  3.87908012e-01  8.34312201e-01 -1.76378161e-01
  4.98694271e-01 -4.02371407e-01 -7.95837879e-01 -3.92245412e-01
 -7.62568772e-01  1.17841554e+00 -8.50370944e-01 -8.19937170e-01
 -1.17226891e-01 -8.34619522e-01 -1.40142596e+00  3.41342449e-01
 -1.18009889e+00  1.72452241e-01  7.37082437e-02 -3.43734443e-01
 -5.56558371e-01 -1.20999336e-01  6.78034663e-01 -1.69035867e-02
 -9.26296234e-01 -5.40798724e-01 -1.40218958e-01 -3.94925140e-02
 -8.04703236e-01 -9.95787308e-02 -2.03307927e-01 -1.50647974e+00
 -1.90729693e-01  4.01281953e-01  8.01624775e-01 -1.31860971e+00
  2.80246615e-01 -1.09216804e-02 -8.86645317e-01  8.60824645e-01
  5.10790169e-01  2.27465048e-01 -6.09495401e-01  1.30400555e-02
 -5.35382628e-02  5.99121809e-01  9.75840449e-01  7.68029451e-01
 -1.04766703e+00  1.87973067e-01  7.01478198e-02  4.77244973e-01
 -6.52137339e-01  7.09963962e-02 -4.24877740e-02  3.11902642e-01
  1.14879143e+00 -1.62646145e-01  2.15660229e-01  2.38919973e-01
  1.27243221e-01 -2.14758724e-01 -8.41916800e-01  1.32479280e-01
  2.49055177e-01 -3.80854696e-01 -2.53900200e-01 -1.52146888e+00
 -4.27862376e-01 -3.30217481e-01 -1.65427983e-01 -5.02607748e-02
  5.20032287e-01 -1.33780479e-01 -2.27504417e-01 -2.93135196e-01
 -2.25837648e-01  5.58377504e-01 -2.53188342e-01  1.02464998e+00
  3.18368047e-01  2.15202257e-01 -1.98995262e-01 -1.44416893e+00
  5.02204970e-02 -2.66076565e-01 -1.08973151e-02 -2.40284443e-01
 -5.64793527e-01  6.28166497e-02  3.36367339e-01 -8.57639432e-01
 -8.62743378e-01 -5.27694464e-01 -5.19397497e-01  8.48357737e-01
 -9.25135195e-01 -8.00738484e-02 -1.99941337e-01 -4.17113543e-01
 -7.53359854e-01 -9.31248963e-01 -3.05604845e-01  3.69783878e-01
 -1.04227677e-01  1.14021158e+00 -1.58956695e+00 -1.72336042e-01
  3.25673372e-01  7.78758302e-02 -3.53107870e-01  5.87968975e-02
  1.47149250e-01  8.21567714e-01  9.81274366e-01  5.93652308e-01
  5.79920053e-01  7.66876757e-01 -7.82622874e-01  4.46217418e-01
 -2.69964069e-01  4.41214263e-01 -1.92598388e-01 -4.10362273e-01
  5.84180020e-02  1.81740105e-01 -1.81846797e-01  3.85951310e-01
  8.06822419e-01  6.49897575e-01 -7.08981693e-01  1.09895403e-02
  5.91275170e-02 -7.26420283e-01 -3.29815060e-01 -2.90464878e-01
  3.73225480e-01  7.54145861e-01  1.66838729e+00 -2.18773857e-01
 -7.01609969e-01 -1.36749840e+00 -3.00247729e-01 -5.03675103e-01
  8.70439291e-01 -4.03018713e-01 -9.52010870e-01  1.99213073e-01
 -9.88790244e-02 -1.30468071e+00 -5.96089602e-01  2.54472584e-01
 -1.41453886e+00 -2.63562888e-01 -5.13353407e-01  7.11600557e-02
  1.20021462e+00 -1.73822570e+00  7.00591266e-01 -8.52419317e-01
  1.40644157e+00 -9.30212319e-01  1.71362936e-01 -3.40986192e-01
  1.11099374e+00  3.32399905e-01  3.70734811e-01 -1.41833186e+00
  7.56462216e-01 -4.55584586e-01  4.26305503e-01 -6.59897864e-01
  1.24169588e+00 -3.52406174e-01 -1.76326826e-01  4.58189696e-01]","[ 2.58754939e-01  7.65666783e-01 -4.65707630e-01 -4.36065912e-01
 -1.02154410e+00  3.74384910e-01  2.53483087e-01  4.09017712e-01
 -6.94044456e-02  6.88503325e-01 -5.28746426e-01  9.49705672e-03
  1.22118175e+00 -1.29630601e+00 -8.81272554e-01 -1.36076915e+00
 -7.82842219e-01 -6.90891325e-01 -7.81432152e-01  7.17344582e-01
  1.65111768e+00 -2.14252546e-01  7.42859602e-01  8.88970852e-01
  9.16712806e-02  6.13837898e-01  2.14042950e+00 -4.88709062e-01
 -3.48345608e-01  6.08429551e-01 -7.47659430e-02  1.67858288e-01
  2.20460221e-01 -8.66752043e-02  5.38115680e-01  3.48620623e-01
 -4.05876786e-01  2.07969666e-01  3.64317708e-02 -1.68470338e-01
 -1.19797252e-01 -3.29685718e-04  1.09635150e+00  8.61720383e-01
  3.81253630e-01  3.06869358e-01  8.60960782e-01 -5.03717922e-02
  5.55247486e-01 -2.21602872e-01  3.81490827e-01  1.78490713e-01
 -3.82163048e-01 -5.39982021e-01 -2.26499572e-01  2.35104397e-01
  5.11031091e-01  1.36317283e-01 -1.01213396e+00  7.63465106e-01
 -7.91656673e-01  6.24221146e-01 -5.04378676e-02  1.83643326e-01
 -2.18661264e-01  7.73185909e-01  6.97015703e-01 -8.37078318e-02
 -1.59653902e-01 -3.47926170e-01 -3.12480479e-01 -4.70926136e-01
 -1.22260191e-01 -1.11529268e-01 -5.80355048e-01 -4.57529038e-01
  1.04305685e-01 -5.60658038e-01 -5.75476885e-02  2.07826346e-02
  5.11998355e-01 -4.07395922e-02 -8.57271776e-02  8.07722390e-01
  1.25639126e-01 -2.27841973e-01  1.99368715e-01  3.94466549e-01
 -2.29423419e-01  6.56251252e-01 -1.39102936e+00 -2.48177513e-01
  1.02561653e+00  1.63333565e-01 -7.41358042e-01  4.11552817e-01
 -6.56937659e-01  8.11281383e-01  1.32502774e-02 -8.95606503e-02
 -8.85221139e-02  8.10027122e-01 -1.39308321e+00  1.41229165e+00
  1.47527564e+00 -5.27085662e-01  2.02385023e-01 -1.41935205e+00
 -2.88261324e-01  4.54457074e-01 -1.46575600e-01 -8.69578123e-02
  7.32687950e-01 -6.16145432e-01  1.34594366e-01  6.39876187e-01
 -1.44258842e-01  2.16147140e-01 -2.23000154e-01  6.38989031e-01
 -4.11915869e-01  3.50595713e-01  5.70650995e-01 -8.09123695e-01
 -4.94646877e-01 -4.51880284e-02 -1.54170379e-01  3.72843176e-01
 -1.84427261e-01 -4.46734615e-02  1.41228944e-01 -3.13785821e-01
 -1.36994436e-01 -2.44505003e-01 -1.35662365e+00  5.76085364e-03
  1.65453315e-01 -5.28535903e-01 -1.37860805e-01 -6.12922132e-01
 -4.81841946e-03  1.16985954e-01  5.10767877e-01 -5.25469959e-01
  3.92412357e-02  3.49685192e-01 -6.66919053e-02 -2.74920493e-01
  6.00411296e-02 -3.49984258e-01  7.61600062e-02 -2.26685509e-01
  8.62072706e-01 -4.64118570e-01 -2.94663697e-01  5.15659273e-01
  1.72863439e-01 -9.21992779e-01 -9.47336614e-01 -2.89100736e-01
  2.59418692e-02  1.51202843e-01 -7.73630664e-02  3.85801084e-02
  2.93126196e-01 -3.53437036e-01 -1.18852735e-01  5.98323166e-01
  1.07211065e+00  1.25569713e+00  2.15441491e-02 -2.15563297e-01
 -7.10687578e-01  1.29834712e+00  8.37024391e-01  1.38366830e+00
 -2.41990876e-03 -3.08258146e-01 -1.00147593e+00  3.74590397e-01
  3.18077542e-02  1.06435704e+00  6.53108656e-02 -3.44478697e-01
  4.10884619e-04  4.46341187e-01 -2.23740339e-02  3.45368236e-01
 -1.59559309e-01  2.95039713e-01  4.16525990e-01  2.51234889e-01
  1.53080240e-01 -5.57194650e-01 -4.55134362e-01 -9.01373684e-01
 -1.24181308e-01 -3.51409823e-01 -2.22094998e-01  4.69337195e-01
  3.66864018e-02 -9.05083597e-01  4.72788185e-01 -8.23253930e-01
 -7.69597828e-01 -1.41294524e-01 -5.41748941e-01 -1.59614399e-01
 -3.31402093e-01  1.56573012e-01 -6.26872480e-01 -1.08016205e+00
  6.74879372e-01 -2.28904560e-01 -3.66408229e-01  9.52807426e-01
 -2.49409720e-01  6.31160557e-01 -2.16425419e-01  7.80879796e-01
 -5.31057753e-02  2.12950587e-01  2.08714247e-01 -3.76456939e-02
  1.02227533e+00  2.05922544e-01  4.96548325e-01  1.14875138e+00
 -1.47142842e-01  1.44781128e-01 -1.00707434e-01  1.95989263e+00
  5.88235199e-01  2.39680350e-01  1.08087635e+00  8.00363198e-02
 -4.00677443e-01 -8.46993923e-01 -3.01950455e-01 -4.92810518e-01
 -9.30117428e-01  9.02858555e-01 -2.92300373e-01 -1.44224569e-01
  4.48532671e-01 -7.70175755e-01 -9.61511359e-02 -9.23241436e-01
  6.88463748e-02  2.13101104e-01  3.51493865e-01  7.25903213e-02
  8.29195008e-02  3.10883552e-01 -3.06551903e-01  6.26678407e-01
  1.16759121e-01 -3.19817029e-02  9.86835957e-01  2.12960601e-01
 -1.87608883e-01 -4.39048260e-01 -3.93611670e-01  3.14746238e-02
  4.67132837e-01  5.91510355e-01 -5.82304895e-01 -3.08005631e-01
 -3.97076577e-01 -1.61111081e+00 -6.18716002e-01  9.36848521e-02
 -2.64846057e-01  3.04639369e-01 -2.97773540e-01  2.59679228e-01
  8.37306738e-01  3.94203186e-01 -8.16127777e-01 -1.10288668e+00
  1.83305308e-01 -2.00568721e-01  1.48652220e+00  1.16011453e+00
 -2.86318362e-02 -5.29603899e-01  3.83966208e-01  7.54229307e-01
  7.64074996e-02  3.81459713e-01 -3.68279248e-01  3.44247609e-01
  2.45934680e-01  7.71982253e-01 -1.27560392e-01  5.86078055e-02
  1.93814218e+00 -1.06247580e+00 -5.15270948e-01 -6.02204442e-01
 -1.91837952e-01  1.38955191e-01  5.88956475e-03 -2.56706387e-01
  6.63230121e-01  3.49048585e-01  5.71135342e-01  7.18370378e-01
 -1.42920511e-02  1.72898695e-01  6.89943075e-01  1.69781840e-03
 -3.96998338e-02  7.82621205e-01  7.13594913e-01 -3.70173663e-01
 -5.42735076e-03 -8.73017013e-01 -4.07721192e-01 -2.67813742e-01
  7.90600777e-01  4.62941319e-01  5.06024420e-01 -8.13354015e-01
  3.29493552e-01  2.80005783e-01 -1.17573768e-01  3.97675186e-01
  1.45187899e-01 -8.07157829e-02 -7.78619200e-02 -9.61248457e-01
  6.81790113e-02 -6.57359958e-02  9.75333154e-01  1.91977775e+00
 -3.26742262e-01  7.42301112e-03  2.52164411e-03 -4.06822801e-01
 -9.29980457e-01  8.28021824e-01 -3.20083089e-02  1.52232334e-01
  4.19183105e-01  4.04705971e-01  1.15119231e+00 -1.91186130e-01
 -1.26877546e-01 -1.48641035e-01 -3.43369275e-01 -1.19184506e+00
 -2.82330811e-01  1.25802338e+00 -2.45547876e-01 -8.44457448e-02
 -5.24645150e-01  2.47254089e-01  4.11571175e-01  2.63517380e-01
 -8.29683170e-02  2.00176358e-01 -1.07659066e+00 -4.29665715e-01
  1.15340889e+00  1.80977825e-02 -6.42389894e-01  1.35355279e-01
  4.07437468e-03  2.60230094e-01 -5.03543727e-02 -8.82178068e-01
 -2.46009305e-01 -1.16771936e+00 -3.78451586e-01 -7.65593290e-01
 -4.00647074e-01 -1.21218868e-01 -8.26268017e-01 -3.02382022e-01
 -5.00344252e-03 -1.06858885e+00 -3.26659828e-01 -2.16492906e-01
 -3.30358028e-01  2.30187774e-01 -1.79770425e-01 -9.02734339e-01
 -7.41476953e-01 -6.15338869e-02 -9.38126519e-02  1.94314957e-01
 -2.89056301e-01  8.90308917e-01  3.91442508e-01  6.97327435e-01
  7.45553672e-01  4.24382836e-01 -3.27737331e-01  5.80936432e-01
 -1.24678463e-02  9.26483929e-01 -3.51582199e-01  1.77305654e-01
  1.70948878e-01  4.45365123e-02  1.28183261e-01  3.41375679e-01
 -5.32822609e-01 -4.74269688e-02  4.22098309e-01  9.11723912e-01
  8.00791025e-01 -6.36188805e-01  8.95480737e-02 -8.06500256e-01
 -4.49507117e-01 -1.71611205e-01 -5.80729425e-01 -1.74753711e-01
  3.67258549e-01 -1.01258963e-01  3.10842961e-01 -5.60998805e-02
  2.71947473e-01  4.78378147e-01  8.30143690e-01  4.15337592e-01
 -1.45673469e-01 -7.29671180e-01 -5.47645152e-01 -9.97540951e-01
 -8.99102926e-01  5.54789960e-01 -2.95613915e-01 -7.16665268e-01
  2.14029267e-01 -1.01798892e+00 -9.23852921e-01  7.91428983e-02
 -9.04280901e-01  6.19130284e-02  1.51161209e-01 -2.35187531e-01
 -3.37493032e-01 -1.02911043e+00 -9.89820734e-02  9.27680433e-01
 -3.10963392e-01 -2.72858471e-01  1.63475215e-01  2.96460211e-01
  4.45687979e-01  1.95598766e-01 -3.05731595e-01  6.93182573e-02
 -3.21123272e-01  5.95443428e-01  5.48458576e-01 -2.00317121e+00
  6.79128945e-01  4.56946820e-01 -7.14092970e-01  3.14033777e-02
 -6.99467063e-02  8.38553488e-01 -1.02953374e+00  4.51370209e-01
 -5.72017729e-01  7.34556675e-01  6.52249217e-01  5.14868200e-01
 -4.01160747e-01  4.57474798e-01  2.88481891e-01 -8.71608034e-02
  1.11201353e-01 -9.85160887e-01  2.93618321e-01 -3.79842997e-01
  8.51307884e-02 -5.13610363e-01 -4.46230084e-01  1.90197393e-01
 -2.25161240e-01  2.27955058e-01 -1.24368936e-01 -6.23004377e-01
 -1.21121533e-01 -4.17960078e-01  1.72031224e-02 -9.25355911e-01
  1.97996378e-01 -9.37604904e-02 -8.29413414e-01 -8.01442146e-01
  9.10189077e-02  1.93399265e-01 -6.44582450e-01 -7.51188278e-01
 -3.33442926e-01  2.49328986e-01 -7.26612434e-02  1.05746686e+00
  8.82225409e-02 -4.86976236e-01  1.60925579e+00 -7.45107889e-01
  1.58774313e-02 -1.61246493e-01  7.17768967e-02 -5.85627973e-01
 -2.52059549e-01 -4.42534357e-01  2.18473479e-01 -8.10688913e-01
 -9.37299252e-01 -5.24647534e-01 -2.10442737e-01  5.20700634e-01
 -9.27391708e-01 -5.11770666e-01 -7.26313531e-01 -3.05953294e-01
 -7.26748466e-01 -1.29627538e+00  1.06564254e-01  5.24497032e-01
  3.93341690e-01  6.82094276e-01 -3.47765595e-01  2.02958107e-01
 -9.43305120e-02 -6.87422931e-01  6.86987817e-01  2.45795906e-01
  3.44973117e-01  9.67409134e-01  1.50813806e+00  3.60267907e-01
 -5.07872105e-01  4.62053381e-02 -5.79474270e-01  6.78498089e-01
 -6.48347318e-01  4.99527693e-01 -1.12642586e-01  9.04823542e-02
  8.42202723e-01  5.29779196e-01 -4.15849477e-01  6.08234823e-01
  7.51701653e-01  1.28312588e+00 -5.83781183e-01  2.36583486e-01
  4.46787387e-01 -3.08433235e-01 -2.31035069e-01  7.70932138e-02
  9.77844521e-02  1.07979155e+00  1.03480005e+00 -2.42791072e-01
 -2.93547481e-01 -9.94999707e-01  6.03366315e-01 -2.94181198e-04
  8.74860764e-01 -1.30845034e+00  1.74097955e-01  8.38625208e-02
 -8.89260590e-01 -1.20076764e+00 -5.70772111e-01  3.23102623e-01
 -1.04073751e+00 -8.27366650e-01  2.95840353e-02  5.12552619e-01
  6.87260330e-01 -7.78497756e-01 -3.96597475e-01 -4.32368070e-01
  3.85459930e-01 -1.70074224e-01  1.80485800e-01  3.28782350e-01
  7.54682243e-01 -1.78295150e-01 -6.10124528e-01 -1.08846831e+00
 -2.02196494e-01 -3.63281816e-01 -1.63538814e-01 -5.32768428e-01
  2.83494651e-01 -3.79056066e-01 -8.27098917e-03  1.01834345e+00]",0
124,[*]C(C[*])C(=O)[O-],[*]CC([*])c1cc[n+](CC)cc1,500,570,7.0,50,45,0.5,0,1,3,1.14,1,0,0,9.921712962962964,9.921712962962964,0.0370370370370369,-0.7824074074074072,0.4204227437702691,19.2,71.055,68.031,71.01385291591001,28.0,2.6,3.2,3.2,1.6457113704075783,3.34341705895396,73.33515884998701,5.861807319565799,2.6009536313038994,2.6009536313038994,3.1807392125526213,1.1051717155225391,1.1051717155225391,0.5231597389607807,0.5231597389607807,0.1666666666666666,0.1666666666666666,0.0,0.0,-0.53,27.977093296928835,1.798837033645378,0.5057254621854761,0.2506048614847814,30.42489110886254,29.21492868948101,9.901064578912528,5.969305287951849,13.344558822616634,0.0,0.0,5.106527394840706,5.969305287951849,4.794537184071822,0.0,0.0,13.344558822616634,40.13,5.969305287951849,9.901064578912528,6.4208216229260096,6.923737199690624,0.0,0.0,0.0,0.0,0.3533333333333333,9.921712962962964,9.921712962962964,0.0,-0.7824074074074072,0.0,0.0694444444444444,1.0162037037037035,0.0,0.6666666666666666,5.0,2.0,0.0,0.0,2.0,4.0,2.0,0.0,-0.9583000000000002,13.564000000000002,1.0,0.0,1.0,1.0,1.0,1.0,0.0,0.0,0.0,0.0,2.3224074074074075,2.3224074074074075,0.5284301776266063,0.5284301776266063,0.5521406753358277,15.7,134.202,122.10599999999998,134.09642580409,52.0,0.0,1.7,2.4,2.9,2.167053352545513,2.770446815269876,232.78878061771368,8.974691494688164,6.248178503821182,6.248178503821182,5.774386907679233,3.4806726876126763,3.4806726876126763,2.166047211752171,2.166047211752171,1.5177731138680297,1.5177731138680297,0.8157553743075044,0.8157553743075044,-0.8500000000000001,606.7749387127436,4.888623338494641,2.080926843886177,0.919449804078233,62.32079104462523,61.47002484785755,4.567099647791355,0.0,0.0,0.0,26.813052428219837,0.0,30.08987277184637,4.567099647791355,0.0,6.544756405912575,0.0,18.90801031431363,24.52642128014937,6.923737199690624,3.88,0.0,0.0,0.0,12.965578028838586,0.0,12.48718869138762,0.0,36.01725812763135,3.383179406021668,0.0,0.0,1.6200925925925929,0.0,4.644814814814815,5.496394557823129,4.855518628747795,0.0,0.4444444444444444,10.0,1.0,1.0,1.0,0.0,3.0,3.0,1.0,1.552,39.859000000000016,0.0,1.0,0.0,0.0,0.0,0.0,1.0,0.0,1.0,1.0,0.0,0.0,[*]CC([*])C(=O)[O-],[*]CC([*])c1cc[n+](CC)cc1,"[ 5.50952554e-01  6.67746007e-01  3.77917290e-01 -1.17441809e+00
 -6.69968367e-01 -1.58297330e-01 -6.72284961e-02 -5.28121531e-01
 -2.75267303e-01  1.55845845e+00  2.68392377e-02 -5.55266798e-01
  7.93385267e-01 -1.03456473e+00 -6.35627568e-01 -1.03876030e+00
 -1.70346820e+00 -1.30036497e+00 -2.25371301e-01 -1.41964734e-01
  1.05430499e-01 -2.92812109e-01  3.19773614e-01  7.72576690e-01
 -6.40112102e-01  1.28019118e+00  2.42774200e+00 -4.54006344e-01
 -9.02524412e-01  9.79506493e-01 -3.34828138e-01 -3.03650469e-01
 -1.33218363e-01 -9.41639364e-01  7.83632636e-01  4.23074663e-01
 -1.73241779e-01  3.54419112e-01  3.47581238e-01 -3.20249461e-02
 -5.87040186e-01 -6.94137141e-02  1.36469281e+00  1.50850272e+00
 -7.08109001e-04  1.40314758e+00  8.37898135e-01  2.30026972e-02
 -1.28918486e-02 -4.91764814e-01 -3.88111532e-01 -8.54103506e-01
 -3.39003444e-01 -8.56086552e-01 -6.32213116e-01 -4.84038144e-01
 -2.89928913e-03  8.45237494e-01 -9.35304523e-01 -3.63467872e-01
 -6.73271000e-01 -1.05482444e-01  8.11104894e-01 -1.71648502e-01
 -3.46295953e-01  9.68204662e-02  7.82802626e-02  6.15729988e-01
 -1.28915578e-01 -8.80074680e-01 -1.10793412e-01 -2.32655019e-01
 -2.76402205e-01  4.76215333e-02 -5.37703753e-01 -4.57626283e-01
 -5.56176007e-01 -5.34456968e-01  4.31151748e-01 -4.61292788e-02
  3.29330802e-01 -1.57692686e-01  6.79725409e-01  7.64999747e-01
  2.28698909e-01  4.99854833e-01  1.03707455e-01  4.23821568e-01
 -1.18584305e-01  5.51582500e-02 -1.27232492e+00  9.25469279e-01
  1.17828858e+00  5.55050254e-01 -6.01640403e-01  1.85598596e-03
 -5.06517231e-01  3.62108380e-01 -1.25593603e-01  2.64763713e-01
  1.74772024e-01  3.16496044e-01 -1.01321959e+00  8.26404274e-01
  1.10871613e+00 -1.15284944e+00  1.07645226e+00 -9.01291013e-01
 -5.09613574e-01  6.92212641e-01 -6.20536089e-01 -2.36807078e-01
  1.11608577e+00  5.01168847e-01  5.16830027e-01  4.75949496e-01
 -6.68551743e-01  4.93257880e-01  2.93971598e-01  4.70821112e-02
 -3.74763817e-01  1.12406266e+00 -1.71836525e-01 -9.83554304e-01
 -3.04760039e-01 -8.03640932e-02  4.01249915e-01 -2.37712353e-01
 -3.63715082e-01 -4.04603444e-02 -6.94833323e-02 -2.84978569e-01
 -1.37553036e-01 -6.40389100e-02 -1.30503821e+00  6.43750072e-01
  8.66559386e-01 -6.59701407e-01 -2.93511987e-01 -5.99394381e-01
 -1.37480929e-01  3.21428955e-01 -4.59521860e-02 -7.53167152e-01
 -2.05593005e-01  1.92969292e-01  1.47321537e-01  6.28412962e-01
  3.42511177e-01 -7.05951214e-01  4.42748845e-01 -4.32425022e-01
  1.24913609e+00 -4.02215600e-01  3.81262302e-01  6.94990575e-01
  3.94117445e-01 -8.92814755e-01 -1.08931231e+00  4.76228297e-01
  1.24987923e-01  6.95637167e-02  7.04857886e-01  3.86546522e-01
  4.89218652e-01  1.67667687e-01  6.18894100e-01  4.35397118e-01
  6.26206696e-01  8.39248419e-01  2.65890479e-01 -2.82257199e-02
  2.12427139e-01  7.49804258e-01  7.74736702e-01  1.29185498e+00
 -4.25994545e-02 -1.65944263e-01 -9.42873001e-01 -1.42539650e-01
 -5.09615064e-01  9.65403438e-01  8.34682345e-01 -5.18386602e-01
  3.53891730e-01  6.41801357e-02  5.08618951e-01  1.01894891e+00
 -3.28530014e-01 -3.32997628e-02 -1.80441827e-01  2.35096931e-01
 -2.55989581e-01 -2.09291473e-01 -1.47133321e-01 -1.64968276e+00
 -1.69284850e-01  6.07510209e-02  6.21947587e-01  7.29369700e-01
  5.99946022e-01 -6.74916565e-01  1.23031831e+00 -1.28958249e+00
 -6.64112449e-01 -3.67776453e-01  1.31455690e-01  3.78233433e-01
 -8.40135753e-01 -3.63106400e-01 -2.50634134e-01 -2.10742283e+00
  6.89093709e-01 -9.02974844e-01 -4.02772009e-01  1.54137588e+00
 -2.07992017e-01  9.06994522e-01 -5.44871032e-01  3.85305762e-01
 -8.09826478e-02  6.84405208e-01  2.46060431e-01 -5.65070868e-01
  5.42701185e-01  2.30542719e-02 -1.22137517e-01  6.66289628e-01
 -1.00670137e-01  5.78732230e-02 -1.18791723e+00  2.20502615e+00
  7.74039507e-01  3.79953198e-02  1.60000706e+00  1.23174655e+00
  2.83441335e-01 -3.15214992e-01 -7.11687982e-01 -7.00975180e-01
 -8.20701361e-01  6.06228650e-01 -6.73054680e-02 -3.09595257e-01
 -1.70270309e-01 -1.09378815e+00 -1.88075840e-01  1.54434606e-01
  6.66516542e-01  3.04506958e-01  1.23938218e-01  3.31819475e-01
 -1.62126659e-03  4.06757772e-01 -8.66131783e-02 -5.88821769e-02
 -5.21769404e-01 -2.06430405e-01  1.92552900e+00 -2.83560157e-01
 -1.90655738e-01 -4.01817203e-01  5.80403030e-01  1.90049112e-01
  5.90409189e-02  3.97923917e-01 -4.53226894e-01  4.97723222e-01
 -3.94481063e-01 -1.30251551e+00 -3.18813235e-01 -4.60155487e-01
 -4.52672958e-01  4.28255886e-01  1.86832532e-01 -4.64421064e-01
  8.26421797e-01  8.58034790e-02  9.91345942e-02 -6.91530228e-01
  6.67168140e-01 -6.56287134e-01  1.84816062e+00  1.09426033e+00
  1.60102636e-01 -1.11405814e+00  3.91883664e-02  3.58302563e-01
 -5.41131608e-02  4.13817704e-01 -2.12963536e-01  3.07724923e-01
  1.17556334e+00 -1.34069726e-01  2.33674124e-01 -7.30481418e-03
  7.81065047e-01 -3.03012580e-01 -8.35513845e-02  5.53557932e-01
 -2.84455985e-01 -2.47817889e-01  1.89149991e-01 -1.02672207e+00
  1.32583808e-02 -2.55627990e-01  9.52539861e-01 -2.96597350e-02
  8.79282951e-01  4.27375317e-01 -1.99289754e-01  2.20845848e-01
  1.33380175e-01  1.14704527e-01  9.84668970e-01 -2.11234868e-01
 -4.05843139e-01 -7.67308354e-01  3.14330757e-02  3.86560559e-01
  1.19929647e+00  5.36592305e-01  5.09199142e-01 -1.36162627e+00
 -1.05296448e-01 -5.59449345e-02 -3.80162150e-02 -6.26801491e-01
  1.86362505e-01 -1.73844025e-01 -6.50287032e-01 -3.45541984e-01
 -7.34303296e-01  7.24383742e-02  1.10383463e+00  1.14996636e+00
  4.15981650e-01  2.12344471e-02  3.46782468e-02 -6.53821528e-01
 -5.01247168e-01  1.01878500e+00 -5.11385202e-01  5.93827702e-02
  1.42465687e+00  8.32590798e-04  8.78591835e-01  5.78436792e-01
  7.18320012e-01  5.57367444e-01 -5.57254732e-01 -1.31244791e+00
  7.39392415e-02  1.02208316e+00 -1.73512977e-02  8.59655023e-01
 -3.99190225e-02 -2.82223940e-01  3.95490587e-01  4.02262717e-01
  8.03426445e-01 -2.58965492e-01 -1.23902738e+00 -9.40800786e-01
  1.62803307e-01 -1.82705402e-01 -1.00059152e+00 -5.43330550e-01
 -6.58766031e-01 -2.29741275e-01  1.80671170e-01 -1.29144430e-01
  3.56926799e-01 -8.86848867e-02 -9.70983922e-01  2.64483422e-01
  1.72349140e-01 -7.12217987e-01 -8.57104957e-02 -3.92155677e-01
  1.69065610e-01 -3.40923727e-01 -2.67417639e-01 -1.58317521e-01
 -6.08656704e-01  1.02118409e+00 -2.54552245e-01 -9.51778710e-01
 -2.65829086e-01 -5.54043390e-02 -5.34137547e-01  7.80924261e-02
 -4.31904018e-01 -2.93715656e-01 -5.59636712e-01  7.50055850e-01
  5.42586446e-01  5.21332622e-01  7.41369128e-01 -2.03372106e-01
 -2.98140310e-02  1.17485476e+00 -6.42839670e-01  9.09768820e-01
 -2.86733925e-01 -6.71667278e-01 -7.02754200e-01  5.18063009e-01
 -7.03846872e-01  8.45564783e-01  2.22889528e-01  5.72806001e-02
  7.29165733e-01 -1.03616178e+00  1.58585691e+00 -4.93727475e-01
 -3.07119966e-01  9.14265960e-02 -6.41273111e-02 -5.38270436e-02
  3.15355629e-01  1.19199312e+00  6.83415830e-01  1.33915111e-01
  1.16254874e-01  3.87908012e-01  8.34312201e-01 -1.76378161e-01
  4.98694271e-01 -4.02371407e-01 -7.95837879e-01 -3.92245412e-01
 -7.62568772e-01  1.17841554e+00 -8.50370944e-01 -8.19937170e-01
 -1.17226891e-01 -8.34619522e-01 -1.40142596e+00  3.41342449e-01
 -1.18009889e+00  1.72452241e-01  7.37082437e-02 -3.43734443e-01
 -5.56558371e-01 -1.20999336e-01  6.78034663e-01 -1.69035867e-02
 -9.26296234e-01 -5.40798724e-01 -1.40218958e-01 -3.94925140e-02
 -8.04703236e-01 -9.95787308e-02 -2.03307927e-01 -1.50647974e+00
 -1.90729693e-01  4.01281953e-01  8.01624775e-01 -1.31860971e+00
  2.80246615e-01 -1.09216804e-02 -8.86645317e-01  8.60824645e-01
  5.10790169e-01  2.27465048e-01 -6.09495401e-01  1.30400555e-02
 -5.35382628e-02  5.99121809e-01  9.75840449e-01  7.68029451e-01
 -1.04766703e+00  1.87973067e-01  7.01478198e-02  4.77244973e-01
 -6.52137339e-01  7.09963962e-02 -4.24877740e-02  3.11902642e-01
  1.14879143e+00 -1.62646145e-01  2.15660229e-01  2.38919973e-01
  1.27243221e-01 -2.14758724e-01 -8.41916800e-01  1.32479280e-01
  2.49055177e-01 -3.80854696e-01 -2.53900200e-01 -1.52146888e+00
 -4.27862376e-01 -3.30217481e-01 -1.65427983e-01 -5.02607748e-02
  5.20032287e-01 -1.33780479e-01 -2.27504417e-01 -2.93135196e-01
 -2.25837648e-01  5.58377504e-01 -2.53188342e-01  1.02464998e+00
  3.18368047e-01  2.15202257e-01 -1.98995262e-01 -1.44416893e+00
  5.02204970e-02 -2.66076565e-01 -1.08973151e-02 -2.40284443e-01
 -5.64793527e-01  6.28166497e-02  3.36367339e-01 -8.57639432e-01
 -8.62743378e-01 -5.27694464e-01 -5.19397497e-01  8.48357737e-01
 -9.25135195e-01 -8.00738484e-02 -1.99941337e-01 -4.17113543e-01
 -7.53359854e-01 -9.31248963e-01 -3.05604845e-01  3.69783878e-01
 -1.04227677e-01  1.14021158e+00 -1.58956695e+00 -1.72336042e-01
  3.25673372e-01  7.78758302e-02 -3.53107870e-01  5.87968975e-02
  1.47149250e-01  8.21567714e-01  9.81274366e-01  5.93652308e-01
  5.79920053e-01  7.66876757e-01 -7.82622874e-01  4.46217418e-01
 -2.69964069e-01  4.41214263e-01 -1.92598388e-01 -4.10362273e-01
  5.84180020e-02  1.81740105e-01 -1.81846797e-01  3.85951310e-01
  8.06822419e-01  6.49897575e-01 -7.08981693e-01  1.09895403e-02
  5.91275170e-02 -7.26420283e-01 -3.29815060e-01 -2.90464878e-01
  3.73225480e-01  7.54145861e-01  1.66838729e+00 -2.18773857e-01
 -7.01609969e-01 -1.36749840e+00 -3.00247729e-01 -5.03675103e-01
  8.70439291e-01 -4.03018713e-01 -9.52010870e-01  1.99213073e-01
 -9.88790244e-02 -1.30468071e+00 -5.96089602e-01  2.54472584e-01
 -1.41453886e+00 -2.63562888e-01 -5.13353407e-01  7.11600557e-02
  1.20021462e+00 -1.73822570e+00  7.00591266e-01 -8.52419317e-01
  1.40644157e+00 -9.30212319e-01  1.71362936e-01 -3.40986192e-01
  1.11099374e+00  3.32399905e-01  3.70734811e-01 -1.41833186e+00
  7.56462216e-01 -4.55584586e-01  4.26305503e-01 -6.59897864e-01
  1.24169588e+00 -3.52406174e-01 -1.76326826e-01  4.58189696e-01]","[ 2.58754939e-01  7.65666783e-01 -4.65707630e-01 -4.36065912e-01
 -1.02154410e+00  3.74384910e-01  2.53483087e-01  4.09017712e-01
 -6.94044456e-02  6.88503325e-01 -5.28746426e-01  9.49705672e-03
  1.22118175e+00 -1.29630601e+00 -8.81272554e-01 -1.36076915e+00
 -7.82842219e-01 -6.90891325e-01 -7.81432152e-01  7.17344582e-01
  1.65111768e+00 -2.14252546e-01  7.42859602e-01  8.88970852e-01
  9.16712806e-02  6.13837898e-01  2.14042950e+00 -4.88709062e-01
 -3.48345608e-01  6.08429551e-01 -7.47659430e-02  1.67858288e-01
  2.20460221e-01 -8.66752043e-02  5.38115680e-01  3.48620623e-01
 -4.05876786e-01  2.07969666e-01  3.64317708e-02 -1.68470338e-01
 -1.19797252e-01 -3.29685718e-04  1.09635150e+00  8.61720383e-01
  3.81253630e-01  3.06869358e-01  8.60960782e-01 -5.03717922e-02
  5.55247486e-01 -2.21602872e-01  3.81490827e-01  1.78490713e-01
 -3.82163048e-01 -5.39982021e-01 -2.26499572e-01  2.35104397e-01
  5.11031091e-01  1.36317283e-01 -1.01213396e+00  7.63465106e-01
 -7.91656673e-01  6.24221146e-01 -5.04378676e-02  1.83643326e-01
 -2.18661264e-01  7.73185909e-01  6.97015703e-01 -8.37078318e-02
 -1.59653902e-01 -3.47926170e-01 -3.12480479e-01 -4.70926136e-01
 -1.22260191e-01 -1.11529268e-01 -5.80355048e-01 -4.57529038e-01
  1.04305685e-01 -5.60658038e-01 -5.75476885e-02  2.07826346e-02
  5.11998355e-01 -4.07395922e-02 -8.57271776e-02  8.07722390e-01
  1.25639126e-01 -2.27841973e-01  1.99368715e-01  3.94466549e-01
 -2.29423419e-01  6.56251252e-01 -1.39102936e+00 -2.48177513e-01
  1.02561653e+00  1.63333565e-01 -7.41358042e-01  4.11552817e-01
 -6.56937659e-01  8.11281383e-01  1.32502774e-02 -8.95606503e-02
 -8.85221139e-02  8.10027122e-01 -1.39308321e+00  1.41229165e+00
  1.47527564e+00 -5.27085662e-01  2.02385023e-01 -1.41935205e+00
 -2.88261324e-01  4.54457074e-01 -1.46575600e-01 -8.69578123e-02
  7.32687950e-01 -6.16145432e-01  1.34594366e-01  6.39876187e-01
 -1.44258842e-01  2.16147140e-01 -2.23000154e-01  6.38989031e-01
 -4.11915869e-01  3.50595713e-01  5.70650995e-01 -8.09123695e-01
 -4.94646877e-01 -4.51880284e-02 -1.54170379e-01  3.72843176e-01
 -1.84427261e-01 -4.46734615e-02  1.41228944e-01 -3.13785821e-01
 -1.36994436e-01 -2.44505003e-01 -1.35662365e+00  5.76085364e-03
  1.65453315e-01 -5.28535903e-01 -1.37860805e-01 -6.12922132e-01
 -4.81841946e-03  1.16985954e-01  5.10767877e-01 -5.25469959e-01
  3.92412357e-02  3.49685192e-01 -6.66919053e-02 -2.74920493e-01
  6.00411296e-02 -3.49984258e-01  7.61600062e-02 -2.26685509e-01
  8.62072706e-01 -4.64118570e-01 -2.94663697e-01  5.15659273e-01
  1.72863439e-01 -9.21992779e-01 -9.47336614e-01 -2.89100736e-01
  2.59418692e-02  1.51202843e-01 -7.73630664e-02  3.85801084e-02
  2.93126196e-01 -3.53437036e-01 -1.18852735e-01  5.98323166e-01
  1.07211065e+00  1.25569713e+00  2.15441491e-02 -2.15563297e-01
 -7.10687578e-01  1.29834712e+00  8.37024391e-01  1.38366830e+00
 -2.41990876e-03 -3.08258146e-01 -1.00147593e+00  3.74590397e-01
  3.18077542e-02  1.06435704e+00  6.53108656e-02 -3.44478697e-01
  4.10884619e-04  4.46341187e-01 -2.23740339e-02  3.45368236e-01
 -1.59559309e-01  2.95039713e-01  4.16525990e-01  2.51234889e-01
  1.53080240e-01 -5.57194650e-01 -4.55134362e-01 -9.01373684e-01
 -1.24181308e-01 -3.51409823e-01 -2.22094998e-01  4.69337195e-01
  3.66864018e-02 -9.05083597e-01  4.72788185e-01 -8.23253930e-01
 -7.69597828e-01 -1.41294524e-01 -5.41748941e-01 -1.59614399e-01
 -3.31402093e-01  1.56573012e-01 -6.26872480e-01 -1.08016205e+00
  6.74879372e-01 -2.28904560e-01 -3.66408229e-01  9.52807426e-01
 -2.49409720e-01  6.31160557e-01 -2.16425419e-01  7.80879796e-01
 -5.31057753e-02  2.12950587e-01  2.08714247e-01 -3.76456939e-02
  1.02227533e+00  2.05922544e-01  4.96548325e-01  1.14875138e+00
 -1.47142842e-01  1.44781128e-01 -1.00707434e-01  1.95989263e+00
  5.88235199e-01  2.39680350e-01  1.08087635e+00  8.00363198e-02
 -4.00677443e-01 -8.46993923e-01 -3.01950455e-01 -4.92810518e-01
 -9.30117428e-01  9.02858555e-01 -2.92300373e-01 -1.44224569e-01
  4.48532671e-01 -7.70175755e-01 -9.61511359e-02 -9.23241436e-01
  6.88463748e-02  2.13101104e-01  3.51493865e-01  7.25903213e-02
  8.29195008e-02  3.10883552e-01 -3.06551903e-01  6.26678407e-01
  1.16759121e-01 -3.19817029e-02  9.86835957e-01  2.12960601e-01
 -1.87608883e-01 -4.39048260e-01 -3.93611670e-01  3.14746238e-02
  4.67132837e-01  5.91510355e-01 -5.82304895e-01 -3.08005631e-01
 -3.97076577e-01 -1.61111081e+00 -6.18716002e-01  9.36848521e-02
 -2.64846057e-01  3.04639369e-01 -2.97773540e-01  2.59679228e-01
  8.37306738e-01  3.94203186e-01 -8.16127777e-01 -1.10288668e+00
  1.83305308e-01 -2.00568721e-01  1.48652220e+00  1.16011453e+00
 -2.86318362e-02 -5.29603899e-01  3.83966208e-01  7.54229307e-01
  7.64074996e-02  3.81459713e-01 -3.68279248e-01  3.44247609e-01
  2.45934680e-01  7.71982253e-01 -1.27560392e-01  5.86078055e-02
  1.93814218e+00 -1.06247580e+00 -5.15270948e-01 -6.02204442e-01
 -1.91837952e-01  1.38955191e-01  5.88956475e-03 -2.56706387e-01
  6.63230121e-01  3.49048585e-01  5.71135342e-01  7.18370378e-01
 -1.42920511e-02  1.72898695e-01  6.89943075e-01  1.69781840e-03
 -3.96998338e-02  7.82621205e-01  7.13594913e-01 -3.70173663e-01
 -5.42735076e-03 -8.73017013e-01 -4.07721192e-01 -2.67813742e-01
  7.90600777e-01  4.62941319e-01  5.06024420e-01 -8.13354015e-01
  3.29493552e-01  2.80005783e-01 -1.17573768e-01  3.97675186e-01
  1.45187899e-01 -8.07157829e-02 -7.78619200e-02 -9.61248457e-01
  6.81790113e-02 -6.57359958e-02  9.75333154e-01  1.91977775e+00
 -3.26742262e-01  7.42301112e-03  2.52164411e-03 -4.06822801e-01
 -9.29980457e-01  8.28021824e-01 -3.20083089e-02  1.52232334e-01
  4.19183105e-01  4.04705971e-01  1.15119231e+00 -1.91186130e-01
 -1.26877546e-01 -1.48641035e-01 -3.43369275e-01 -1.19184506e+00
 -2.82330811e-01  1.25802338e+00 -2.45547876e-01 -8.44457448e-02
 -5.24645150e-01  2.47254089e-01  4.11571175e-01  2.63517380e-01
 -8.29683170e-02  2.00176358e-01 -1.07659066e+00 -4.29665715e-01
  1.15340889e+00  1.80977825e-02 -6.42389894e-01  1.35355279e-01
  4.07437468e-03  2.60230094e-01 -5.03543727e-02 -8.82178068e-01
 -2.46009305e-01 -1.16771936e+00 -3.78451586e-01 -7.65593290e-01
 -4.00647074e-01 -1.21218868e-01 -8.26268017e-01 -3.02382022e-01
 -5.00344252e-03 -1.06858885e+00 -3.26659828e-01 -2.16492906e-01
 -3.30358028e-01  2.30187774e-01 -1.79770425e-01 -9.02734339e-01
 -7.41476953e-01 -6.15338869e-02 -9.38126519e-02  1.94314957e-01
 -2.89056301e-01  8.90308917e-01  3.91442508e-01  6.97327435e-01
  7.45553672e-01  4.24382836e-01 -3.27737331e-01  5.80936432e-01
 -1.24678463e-02  9.26483929e-01 -3.51582199e-01  1.77305654e-01
  1.70948878e-01  4.45365123e-02  1.28183261e-01  3.41375679e-01
 -5.32822609e-01 -4.74269688e-02  4.22098309e-01  9.11723912e-01
  8.00791025e-01 -6.36188805e-01  8.95480737e-02 -8.06500256e-01
 -4.49507117e-01 -1.71611205e-01 -5.80729425e-01 -1.74753711e-01
  3.67258549e-01 -1.01258963e-01  3.10842961e-01 -5.60998805e-02
  2.71947473e-01  4.78378147e-01  8.30143690e-01  4.15337592e-01
 -1.45673469e-01 -7.29671180e-01 -5.47645152e-01 -9.97540951e-01
 -8.99102926e-01  5.54789960e-01 -2.95613915e-01 -7.16665268e-01
  2.14029267e-01 -1.01798892e+00 -9.23852921e-01  7.91428983e-02
 -9.04280901e-01  6.19130284e-02  1.51161209e-01 -2.35187531e-01
 -3.37493032e-01 -1.02911043e+00 -9.89820734e-02  9.27680433e-01
 -3.10963392e-01 -2.72858471e-01  1.63475215e-01  2.96460211e-01
  4.45687979e-01  1.95598766e-01 -3.05731595e-01  6.93182573e-02
 -3.21123272e-01  5.95443428e-01  5.48458576e-01 -2.00317121e+00
  6.79128945e-01  4.56946820e-01 -7.14092970e-01  3.14033777e-02
 -6.99467063e-02  8.38553488e-01 -1.02953374e+00  4.51370209e-01
 -5.72017729e-01  7.34556675e-01  6.52249217e-01  5.14868200e-01
 -4.01160747e-01  4.57474798e-01  2.88481891e-01 -8.71608034e-02
  1.11201353e-01 -9.85160887e-01  2.93618321e-01 -3.79842997e-01
  8.51307884e-02 -5.13610363e-01 -4.46230084e-01  1.90197393e-01
 -2.25161240e-01  2.27955058e-01 -1.24368936e-01 -6.23004377e-01
 -1.21121533e-01 -4.17960078e-01  1.72031224e-02 -9.25355911e-01
  1.97996378e-01 -9.37604904e-02 -8.29413414e-01 -8.01442146e-01
  9.10189077e-02  1.93399265e-01 -6.44582450e-01 -7.51188278e-01
 -3.33442926e-01  2.49328986e-01 -7.26612434e-02  1.05746686e+00
  8.82225409e-02 -4.86976236e-01  1.60925579e+00 -7.45107889e-01
  1.58774313e-02 -1.61246493e-01  7.17768967e-02 -5.85627973e-01
 -2.52059549e-01 -4.42534357e-01  2.18473479e-01 -8.10688913e-01
 -9.37299252e-01 -5.24647534e-01 -2.10442737e-01  5.20700634e-01
 -9.27391708e-01 -5.11770666e-01 -7.26313531e-01 -3.05953294e-01
 -7.26748466e-01 -1.29627538e+00  1.06564254e-01  5.24497032e-01
  3.93341690e-01  6.82094276e-01 -3.47765595e-01  2.02958107e-01
 -9.43305120e-02 -6.87422931e-01  6.86987817e-01  2.45795906e-01
  3.44973117e-01  9.67409134e-01  1.50813806e+00  3.60267907e-01
 -5.07872105e-01  4.62053381e-02 -5.79474270e-01  6.78498089e-01
 -6.48347318e-01  4.99527693e-01 -1.12642586e-01  9.04823542e-02
  8.42202723e-01  5.29779196e-01 -4.15849477e-01  6.08234823e-01
  7.51701653e-01  1.28312588e+00 -5.83781183e-01  2.36583486e-01
  4.46787387e-01 -3.08433235e-01 -2.31035069e-01  7.70932138e-02
  9.77844521e-02  1.07979155e+00  1.03480005e+00 -2.42791072e-01
 -2.93547481e-01 -9.94999707e-01  6.03366315e-01 -2.94181198e-04
  8.74860764e-01 -1.30845034e+00  1.74097955e-01  8.38625208e-02
 -8.89260590e-01 -1.20076764e+00 -5.70772111e-01  3.23102623e-01
 -1.04073751e+00 -8.27366650e-01  2.95840353e-02  5.12552619e-01
  6.87260330e-01 -7.78497756e-01 -3.96597475e-01 -4.32368070e-01
  3.85459930e-01 -1.70074224e-01  1.80485800e-01  3.28782350e-01
  7.54682243e-01 -1.78295150e-01 -6.10124528e-01 -1.08846831e+00
 -2.02196494e-01 -3.63281816e-01 -1.63538814e-01 -5.32768428e-01
  2.83494651e-01 -3.79056066e-01 -8.27098917e-03  1.01834345e+00]",0
125,[*]C(C[*])C(=O)[O-],[*]CC([*])c1cc[n+](CC)cc1,800,570,7.0,50,43,0.5,0,1,3,0.7125,0,1,0,9.921712962962964,9.921712962962964,0.0370370370370369,-0.7824074074074072,0.4204227437702691,19.2,71.055,68.031,71.01385291591001,28.0,2.6,3.2,3.2,1.6457113704075783,3.34341705895396,73.33515884998701,5.861807319565799,2.6009536313038994,2.6009536313038994,3.1807392125526213,1.1051717155225391,1.1051717155225391,0.5231597389607807,0.5231597389607807,0.1666666666666666,0.1666666666666666,0.0,0.0,-0.53,27.977093296928835,1.798837033645378,0.5057254621854761,0.2506048614847814,30.42489110886254,29.21492868948101,9.901064578912528,5.969305287951849,13.344558822616634,0.0,0.0,5.106527394840706,5.969305287951849,4.794537184071822,0.0,0.0,13.344558822616634,40.13,5.969305287951849,9.901064578912528,6.4208216229260096,6.923737199690624,0.0,0.0,0.0,0.0,0.3533333333333333,9.921712962962964,9.921712962962964,0.0,-0.7824074074074072,0.0,0.0694444444444444,1.0162037037037035,0.0,0.6666666666666666,5.0,2.0,0.0,0.0,2.0,4.0,2.0,0.0,-0.9583000000000002,13.564000000000002,1.0,0.0,1.0,1.0,1.0,1.0,0.0,0.0,0.0,0.0,2.3224074074074075,2.3224074074074075,0.5284301776266063,0.5284301776266063,0.5521406753358277,15.7,134.202,122.10599999999998,134.09642580409,52.0,0.0,1.7,2.4,2.9,2.167053352545513,2.770446815269876,232.78878061771368,8.974691494688164,6.248178503821182,6.248178503821182,5.774386907679233,3.4806726876126763,3.4806726876126763,2.166047211752171,2.166047211752171,1.5177731138680297,1.5177731138680297,0.8157553743075044,0.8157553743075044,-0.8500000000000001,606.7749387127436,4.888623338494641,2.080926843886177,0.919449804078233,62.32079104462523,61.47002484785755,4.567099647791355,0.0,0.0,0.0,26.813052428219837,0.0,30.08987277184637,4.567099647791355,0.0,6.544756405912575,0.0,18.90801031431363,24.52642128014937,6.923737199690624,3.88,0.0,0.0,0.0,12.965578028838586,0.0,12.48718869138762,0.0,36.01725812763135,3.383179406021668,0.0,0.0,1.6200925925925929,0.0,4.644814814814815,5.496394557823129,4.855518628747795,0.0,0.4444444444444444,10.0,1.0,1.0,1.0,0.0,3.0,3.0,1.0,1.552,39.859000000000016,0.0,1.0,0.0,0.0,0.0,0.0,1.0,0.0,1.0,1.0,0.0,0.0,[*]CC([*])C(=O)[O-],[*]CC([*])c1cc[n+](CC)cc1,"[ 5.50952554e-01  6.67746007e-01  3.77917290e-01 -1.17441809e+00
 -6.69968367e-01 -1.58297330e-01 -6.72284961e-02 -5.28121531e-01
 -2.75267303e-01  1.55845845e+00  2.68392377e-02 -5.55266798e-01
  7.93385267e-01 -1.03456473e+00 -6.35627568e-01 -1.03876030e+00
 -1.70346820e+00 -1.30036497e+00 -2.25371301e-01 -1.41964734e-01
  1.05430499e-01 -2.92812109e-01  3.19773614e-01  7.72576690e-01
 -6.40112102e-01  1.28019118e+00  2.42774200e+00 -4.54006344e-01
 -9.02524412e-01  9.79506493e-01 -3.34828138e-01 -3.03650469e-01
 -1.33218363e-01 -9.41639364e-01  7.83632636e-01  4.23074663e-01
 -1.73241779e-01  3.54419112e-01  3.47581238e-01 -3.20249461e-02
 -5.87040186e-01 -6.94137141e-02  1.36469281e+00  1.50850272e+00
 -7.08109001e-04  1.40314758e+00  8.37898135e-01  2.30026972e-02
 -1.28918486e-02 -4.91764814e-01 -3.88111532e-01 -8.54103506e-01
 -3.39003444e-01 -8.56086552e-01 -6.32213116e-01 -4.84038144e-01
 -2.89928913e-03  8.45237494e-01 -9.35304523e-01 -3.63467872e-01
 -6.73271000e-01 -1.05482444e-01  8.11104894e-01 -1.71648502e-01
 -3.46295953e-01  9.68204662e-02  7.82802626e-02  6.15729988e-01
 -1.28915578e-01 -8.80074680e-01 -1.10793412e-01 -2.32655019e-01
 -2.76402205e-01  4.76215333e-02 -5.37703753e-01 -4.57626283e-01
 -5.56176007e-01 -5.34456968e-01  4.31151748e-01 -4.61292788e-02
  3.29330802e-01 -1.57692686e-01  6.79725409e-01  7.64999747e-01
  2.28698909e-01  4.99854833e-01  1.03707455e-01  4.23821568e-01
 -1.18584305e-01  5.51582500e-02 -1.27232492e+00  9.25469279e-01
  1.17828858e+00  5.55050254e-01 -6.01640403e-01  1.85598596e-03
 -5.06517231e-01  3.62108380e-01 -1.25593603e-01  2.64763713e-01
  1.74772024e-01  3.16496044e-01 -1.01321959e+00  8.26404274e-01
  1.10871613e+00 -1.15284944e+00  1.07645226e+00 -9.01291013e-01
 -5.09613574e-01  6.92212641e-01 -6.20536089e-01 -2.36807078e-01
  1.11608577e+00  5.01168847e-01  5.16830027e-01  4.75949496e-01
 -6.68551743e-01  4.93257880e-01  2.93971598e-01  4.70821112e-02
 -3.74763817e-01  1.12406266e+00 -1.71836525e-01 -9.83554304e-01
 -3.04760039e-01 -8.03640932e-02  4.01249915e-01 -2.37712353e-01
 -3.63715082e-01 -4.04603444e-02 -6.94833323e-02 -2.84978569e-01
 -1.37553036e-01 -6.40389100e-02 -1.30503821e+00  6.43750072e-01
  8.66559386e-01 -6.59701407e-01 -2.93511987e-01 -5.99394381e-01
 -1.37480929e-01  3.21428955e-01 -4.59521860e-02 -7.53167152e-01
 -2.05593005e-01  1.92969292e-01  1.47321537e-01  6.28412962e-01
  3.42511177e-01 -7.05951214e-01  4.42748845e-01 -4.32425022e-01
  1.24913609e+00 -4.02215600e-01  3.81262302e-01  6.94990575e-01
  3.94117445e-01 -8.92814755e-01 -1.08931231e+00  4.76228297e-01
  1.24987923e-01  6.95637167e-02  7.04857886e-01  3.86546522e-01
  4.89218652e-01  1.67667687e-01  6.18894100e-01  4.35397118e-01
  6.26206696e-01  8.39248419e-01  2.65890479e-01 -2.82257199e-02
  2.12427139e-01  7.49804258e-01  7.74736702e-01  1.29185498e+00
 -4.25994545e-02 -1.65944263e-01 -9.42873001e-01 -1.42539650e-01
 -5.09615064e-01  9.65403438e-01  8.34682345e-01 -5.18386602e-01
  3.53891730e-01  6.41801357e-02  5.08618951e-01  1.01894891e+00
 -3.28530014e-01 -3.32997628e-02 -1.80441827e-01  2.35096931e-01
 -2.55989581e-01 -2.09291473e-01 -1.47133321e-01 -1.64968276e+00
 -1.69284850e-01  6.07510209e-02  6.21947587e-01  7.29369700e-01
  5.99946022e-01 -6.74916565e-01  1.23031831e+00 -1.28958249e+00
 -6.64112449e-01 -3.67776453e-01  1.31455690e-01  3.78233433e-01
 -8.40135753e-01 -3.63106400e-01 -2.50634134e-01 -2.10742283e+00
  6.89093709e-01 -9.02974844e-01 -4.02772009e-01  1.54137588e+00
 -2.07992017e-01  9.06994522e-01 -5.44871032e-01  3.85305762e-01
 -8.09826478e-02  6.84405208e-01  2.46060431e-01 -5.65070868e-01
  5.42701185e-01  2.30542719e-02 -1.22137517e-01  6.66289628e-01
 -1.00670137e-01  5.78732230e-02 -1.18791723e+00  2.20502615e+00
  7.74039507e-01  3.79953198e-02  1.60000706e+00  1.23174655e+00
  2.83441335e-01 -3.15214992e-01 -7.11687982e-01 -7.00975180e-01
 -8.20701361e-01  6.06228650e-01 -6.73054680e-02 -3.09595257e-01
 -1.70270309e-01 -1.09378815e+00 -1.88075840e-01  1.54434606e-01
  6.66516542e-01  3.04506958e-01  1.23938218e-01  3.31819475e-01
 -1.62126659e-03  4.06757772e-01 -8.66131783e-02 -5.88821769e-02
 -5.21769404e-01 -2.06430405e-01  1.92552900e+00 -2.83560157e-01
 -1.90655738e-01 -4.01817203e-01  5.80403030e-01  1.90049112e-01
  5.90409189e-02  3.97923917e-01 -4.53226894e-01  4.97723222e-01
 -3.94481063e-01 -1.30251551e+00 -3.18813235e-01 -4.60155487e-01
 -4.52672958e-01  4.28255886e-01  1.86832532e-01 -4.64421064e-01
  8.26421797e-01  8.58034790e-02  9.91345942e-02 -6.91530228e-01
  6.67168140e-01 -6.56287134e-01  1.84816062e+00  1.09426033e+00
  1.60102636e-01 -1.11405814e+00  3.91883664e-02  3.58302563e-01
 -5.41131608e-02  4.13817704e-01 -2.12963536e-01  3.07724923e-01
  1.17556334e+00 -1.34069726e-01  2.33674124e-01 -7.30481418e-03
  7.81065047e-01 -3.03012580e-01 -8.35513845e-02  5.53557932e-01
 -2.84455985e-01 -2.47817889e-01  1.89149991e-01 -1.02672207e+00
  1.32583808e-02 -2.55627990e-01  9.52539861e-01 -2.96597350e-02
  8.79282951e-01  4.27375317e-01 -1.99289754e-01  2.20845848e-01
  1.33380175e-01  1.14704527e-01  9.84668970e-01 -2.11234868e-01
 -4.05843139e-01 -7.67308354e-01  3.14330757e-02  3.86560559e-01
  1.19929647e+00  5.36592305e-01  5.09199142e-01 -1.36162627e+00
 -1.05296448e-01 -5.59449345e-02 -3.80162150e-02 -6.26801491e-01
  1.86362505e-01 -1.73844025e-01 -6.50287032e-01 -3.45541984e-01
 -7.34303296e-01  7.24383742e-02  1.10383463e+00  1.14996636e+00
  4.15981650e-01  2.12344471e-02  3.46782468e-02 -6.53821528e-01
 -5.01247168e-01  1.01878500e+00 -5.11385202e-01  5.93827702e-02
  1.42465687e+00  8.32590798e-04  8.78591835e-01  5.78436792e-01
  7.18320012e-01  5.57367444e-01 -5.57254732e-01 -1.31244791e+00
  7.39392415e-02  1.02208316e+00 -1.73512977e-02  8.59655023e-01
 -3.99190225e-02 -2.82223940e-01  3.95490587e-01  4.02262717e-01
  8.03426445e-01 -2.58965492e-01 -1.23902738e+00 -9.40800786e-01
  1.62803307e-01 -1.82705402e-01 -1.00059152e+00 -5.43330550e-01
 -6.58766031e-01 -2.29741275e-01  1.80671170e-01 -1.29144430e-01
  3.56926799e-01 -8.86848867e-02 -9.70983922e-01  2.64483422e-01
  1.72349140e-01 -7.12217987e-01 -8.57104957e-02 -3.92155677e-01
  1.69065610e-01 -3.40923727e-01 -2.67417639e-01 -1.58317521e-01
 -6.08656704e-01  1.02118409e+00 -2.54552245e-01 -9.51778710e-01
 -2.65829086e-01 -5.54043390e-02 -5.34137547e-01  7.80924261e-02
 -4.31904018e-01 -2.93715656e-01 -5.59636712e-01  7.50055850e-01
  5.42586446e-01  5.21332622e-01  7.41369128e-01 -2.03372106e-01
 -2.98140310e-02  1.17485476e+00 -6.42839670e-01  9.09768820e-01
 -2.86733925e-01 -6.71667278e-01 -7.02754200e-01  5.18063009e-01
 -7.03846872e-01  8.45564783e-01  2.22889528e-01  5.72806001e-02
  7.29165733e-01 -1.03616178e+00  1.58585691e+00 -4.93727475e-01
 -3.07119966e-01  9.14265960e-02 -6.41273111e-02 -5.38270436e-02
  3.15355629e-01  1.19199312e+00  6.83415830e-01  1.33915111e-01
  1.16254874e-01  3.87908012e-01  8.34312201e-01 -1.76378161e-01
  4.98694271e-01 -4.02371407e-01 -7.95837879e-01 -3.92245412e-01
 -7.62568772e-01  1.17841554e+00 -8.50370944e-01 -8.19937170e-01
 -1.17226891e-01 -8.34619522e-01 -1.40142596e+00  3.41342449e-01
 -1.18009889e+00  1.72452241e-01  7.37082437e-02 -3.43734443e-01
 -5.56558371e-01 -1.20999336e-01  6.78034663e-01 -1.69035867e-02
 -9.26296234e-01 -5.40798724e-01 -1.40218958e-01 -3.94925140e-02
 -8.04703236e-01 -9.95787308e-02 -2.03307927e-01 -1.50647974e+00
 -1.90729693e-01  4.01281953e-01  8.01624775e-01 -1.31860971e+00
  2.80246615e-01 -1.09216804e-02 -8.86645317e-01  8.60824645e-01
  5.10790169e-01  2.27465048e-01 -6.09495401e-01  1.30400555e-02
 -5.35382628e-02  5.99121809e-01  9.75840449e-01  7.68029451e-01
 -1.04766703e+00  1.87973067e-01  7.01478198e-02  4.77244973e-01
 -6.52137339e-01  7.09963962e-02 -4.24877740e-02  3.11902642e-01
  1.14879143e+00 -1.62646145e-01  2.15660229e-01  2.38919973e-01
  1.27243221e-01 -2.14758724e-01 -8.41916800e-01  1.32479280e-01
  2.49055177e-01 -3.80854696e-01 -2.53900200e-01 -1.52146888e+00
 -4.27862376e-01 -3.30217481e-01 -1.65427983e-01 -5.02607748e-02
  5.20032287e-01 -1.33780479e-01 -2.27504417e-01 -2.93135196e-01
 -2.25837648e-01  5.58377504e-01 -2.53188342e-01  1.02464998e+00
  3.18368047e-01  2.15202257e-01 -1.98995262e-01 -1.44416893e+00
  5.02204970e-02 -2.66076565e-01 -1.08973151e-02 -2.40284443e-01
 -5.64793527e-01  6.28166497e-02  3.36367339e-01 -8.57639432e-01
 -8.62743378e-01 -5.27694464e-01 -5.19397497e-01  8.48357737e-01
 -9.25135195e-01 -8.00738484e-02 -1.99941337e-01 -4.17113543e-01
 -7.53359854e-01 -9.31248963e-01 -3.05604845e-01  3.69783878e-01
 -1.04227677e-01  1.14021158e+00 -1.58956695e+00 -1.72336042e-01
  3.25673372e-01  7.78758302e-02 -3.53107870e-01  5.87968975e-02
  1.47149250e-01  8.21567714e-01  9.81274366e-01  5.93652308e-01
  5.79920053e-01  7.66876757e-01 -7.82622874e-01  4.46217418e-01
 -2.69964069e-01  4.41214263e-01 -1.92598388e-01 -4.10362273e-01
  5.84180020e-02  1.81740105e-01 -1.81846797e-01  3.85951310e-01
  8.06822419e-01  6.49897575e-01 -7.08981693e-01  1.09895403e-02
  5.91275170e-02 -7.26420283e-01 -3.29815060e-01 -2.90464878e-01
  3.73225480e-01  7.54145861e-01  1.66838729e+00 -2.18773857e-01
 -7.01609969e-01 -1.36749840e+00 -3.00247729e-01 -5.03675103e-01
  8.70439291e-01 -4.03018713e-01 -9.52010870e-01  1.99213073e-01
 -9.88790244e-02 -1.30468071e+00 -5.96089602e-01  2.54472584e-01
 -1.41453886e+00 -2.63562888e-01 -5.13353407e-01  7.11600557e-02
  1.20021462e+00 -1.73822570e+00  7.00591266e-01 -8.52419317e-01
  1.40644157e+00 -9.30212319e-01  1.71362936e-01 -3.40986192e-01
  1.11099374e+00  3.32399905e-01  3.70734811e-01 -1.41833186e+00
  7.56462216e-01 -4.55584586e-01  4.26305503e-01 -6.59897864e-01
  1.24169588e+00 -3.52406174e-01 -1.76326826e-01  4.58189696e-01]","[ 2.58754939e-01  7.65666783e-01 -4.65707630e-01 -4.36065912e-01
 -1.02154410e+00  3.74384910e-01  2.53483087e-01  4.09017712e-01
 -6.94044456e-02  6.88503325e-01 -5.28746426e-01  9.49705672e-03
  1.22118175e+00 -1.29630601e+00 -8.81272554e-01 -1.36076915e+00
 -7.82842219e-01 -6.90891325e-01 -7.81432152e-01  7.17344582e-01
  1.65111768e+00 -2.14252546e-01  7.42859602e-01  8.88970852e-01
  9.16712806e-02  6.13837898e-01  2.14042950e+00 -4.88709062e-01
 -3.48345608e-01  6.08429551e-01 -7.47659430e-02  1.67858288e-01
  2.20460221e-01 -8.66752043e-02  5.38115680e-01  3.48620623e-01
 -4.05876786e-01  2.07969666e-01  3.64317708e-02 -1.68470338e-01
 -1.19797252e-01 -3.29685718e-04  1.09635150e+00  8.61720383e-01
  3.81253630e-01  3.06869358e-01  8.60960782e-01 -5.03717922e-02
  5.55247486e-01 -2.21602872e-01  3.81490827e-01  1.78490713e-01
 -3.82163048e-01 -5.39982021e-01 -2.26499572e-01  2.35104397e-01
  5.11031091e-01  1.36317283e-01 -1.01213396e+00  7.63465106e-01
 -7.91656673e-01  6.24221146e-01 -5.04378676e-02  1.83643326e-01
 -2.18661264e-01  7.73185909e-01  6.97015703e-01 -8.37078318e-02
 -1.59653902e-01 -3.47926170e-01 -3.12480479e-01 -4.70926136e-01
 -1.22260191e-01 -1.11529268e-01 -5.80355048e-01 -4.57529038e-01
  1.04305685e-01 -5.60658038e-01 -5.75476885e-02  2.07826346e-02
  5.11998355e-01 -4.07395922e-02 -8.57271776e-02  8.07722390e-01
  1.25639126e-01 -2.27841973e-01  1.99368715e-01  3.94466549e-01
 -2.29423419e-01  6.56251252e-01 -1.39102936e+00 -2.48177513e-01
  1.02561653e+00  1.63333565e-01 -7.41358042e-01  4.11552817e-01
 -6.56937659e-01  8.11281383e-01  1.32502774e-02 -8.95606503e-02
 -8.85221139e-02  8.10027122e-01 -1.39308321e+00  1.41229165e+00
  1.47527564e+00 -5.27085662e-01  2.02385023e-01 -1.41935205e+00
 -2.88261324e-01  4.54457074e-01 -1.46575600e-01 -8.69578123e-02
  7.32687950e-01 -6.16145432e-01  1.34594366e-01  6.39876187e-01
 -1.44258842e-01  2.16147140e-01 -2.23000154e-01  6.38989031e-01
 -4.11915869e-01  3.50595713e-01  5.70650995e-01 -8.09123695e-01
 -4.94646877e-01 -4.51880284e-02 -1.54170379e-01  3.72843176e-01
 -1.84427261e-01 -4.46734615e-02  1.41228944e-01 -3.13785821e-01
 -1.36994436e-01 -2.44505003e-01 -1.35662365e+00  5.76085364e-03
  1.65453315e-01 -5.28535903e-01 -1.37860805e-01 -6.12922132e-01
 -4.81841946e-03  1.16985954e-01  5.10767877e-01 -5.25469959e-01
  3.92412357e-02  3.49685192e-01 -6.66919053e-02 -2.74920493e-01
  6.00411296e-02 -3.49984258e-01  7.61600062e-02 -2.26685509e-01
  8.62072706e-01 -4.64118570e-01 -2.94663697e-01  5.15659273e-01
  1.72863439e-01 -9.21992779e-01 -9.47336614e-01 -2.89100736e-01
  2.59418692e-02  1.51202843e-01 -7.73630664e-02  3.85801084e-02
  2.93126196e-01 -3.53437036e-01 -1.18852735e-01  5.98323166e-01
  1.07211065e+00  1.25569713e+00  2.15441491e-02 -2.15563297e-01
 -7.10687578e-01  1.29834712e+00  8.37024391e-01  1.38366830e+00
 -2.41990876e-03 -3.08258146e-01 -1.00147593e+00  3.74590397e-01
  3.18077542e-02  1.06435704e+00  6.53108656e-02 -3.44478697e-01
  4.10884619e-04  4.46341187e-01 -2.23740339e-02  3.45368236e-01
 -1.59559309e-01  2.95039713e-01  4.16525990e-01  2.51234889e-01
  1.53080240e-01 -5.57194650e-01 -4.55134362e-01 -9.01373684e-01
 -1.24181308e-01 -3.51409823e-01 -2.22094998e-01  4.69337195e-01
  3.66864018e-02 -9.05083597e-01  4.72788185e-01 -8.23253930e-01
 -7.69597828e-01 -1.41294524e-01 -5.41748941e-01 -1.59614399e-01
 -3.31402093e-01  1.56573012e-01 -6.26872480e-01 -1.08016205e+00
  6.74879372e-01 -2.28904560e-01 -3.66408229e-01  9.52807426e-01
 -2.49409720e-01  6.31160557e-01 -2.16425419e-01  7.80879796e-01
 -5.31057753e-02  2.12950587e-01  2.08714247e-01 -3.76456939e-02
  1.02227533e+00  2.05922544e-01  4.96548325e-01  1.14875138e+00
 -1.47142842e-01  1.44781128e-01 -1.00707434e-01  1.95989263e+00
  5.88235199e-01  2.39680350e-01  1.08087635e+00  8.00363198e-02
 -4.00677443e-01 -8.46993923e-01 -3.01950455e-01 -4.92810518e-01
 -9.30117428e-01  9.02858555e-01 -2.92300373e-01 -1.44224569e-01
  4.48532671e-01 -7.70175755e-01 -9.61511359e-02 -9.23241436e-01
  6.88463748e-02  2.13101104e-01  3.51493865e-01  7.25903213e-02
  8.29195008e-02  3.10883552e-01 -3.06551903e-01  6.26678407e-01
  1.16759121e-01 -3.19817029e-02  9.86835957e-01  2.12960601e-01
 -1.87608883e-01 -4.39048260e-01 -3.93611670e-01  3.14746238e-02
  4.67132837e-01  5.91510355e-01 -5.82304895e-01 -3.08005631e-01
 -3.97076577e-01 -1.61111081e+00 -6.18716002e-01  9.36848521e-02
 -2.64846057e-01  3.04639369e-01 -2.97773540e-01  2.59679228e-01
  8.37306738e-01  3.94203186e-01 -8.16127777e-01 -1.10288668e+00
  1.83305308e-01 -2.00568721e-01  1.48652220e+00  1.16011453e+00
 -2.86318362e-02 -5.29603899e-01  3.83966208e-01  7.54229307e-01
  7.64074996e-02  3.81459713e-01 -3.68279248e-01  3.44247609e-01
  2.45934680e-01  7.71982253e-01 -1.27560392e-01  5.86078055e-02
  1.93814218e+00 -1.06247580e+00 -5.15270948e-01 -6.02204442e-01
 -1.91837952e-01  1.38955191e-01  5.88956475e-03 -2.56706387e-01
  6.63230121e-01  3.49048585e-01  5.71135342e-01  7.18370378e-01
 -1.42920511e-02  1.72898695e-01  6.89943075e-01  1.69781840e-03
 -3.96998338e-02  7.82621205e-01  7.13594913e-01 -3.70173663e-01
 -5.42735076e-03 -8.73017013e-01 -4.07721192e-01 -2.67813742e-01
  7.90600777e-01  4.62941319e-01  5.06024420e-01 -8.13354015e-01
  3.29493552e-01  2.80005783e-01 -1.17573768e-01  3.97675186e-01
  1.45187899e-01 -8.07157829e-02 -7.78619200e-02 -9.61248457e-01
  6.81790113e-02 -6.57359958e-02  9.75333154e-01  1.91977775e+00
 -3.26742262e-01  7.42301112e-03  2.52164411e-03 -4.06822801e-01
 -9.29980457e-01  8.28021824e-01 -3.20083089e-02  1.52232334e-01
  4.19183105e-01  4.04705971e-01  1.15119231e+00 -1.91186130e-01
 -1.26877546e-01 -1.48641035e-01 -3.43369275e-01 -1.19184506e+00
 -2.82330811e-01  1.25802338e+00 -2.45547876e-01 -8.44457448e-02
 -5.24645150e-01  2.47254089e-01  4.11571175e-01  2.63517380e-01
 -8.29683170e-02  2.00176358e-01 -1.07659066e+00 -4.29665715e-01
  1.15340889e+00  1.80977825e-02 -6.42389894e-01  1.35355279e-01
  4.07437468e-03  2.60230094e-01 -5.03543727e-02 -8.82178068e-01
 -2.46009305e-01 -1.16771936e+00 -3.78451586e-01 -7.65593290e-01
 -4.00647074e-01 -1.21218868e-01 -8.26268017e-01 -3.02382022e-01
 -5.00344252e-03 -1.06858885e+00 -3.26659828e-01 -2.16492906e-01
 -3.30358028e-01  2.30187774e-01 -1.79770425e-01 -9.02734339e-01
 -7.41476953e-01 -6.15338869e-02 -9.38126519e-02  1.94314957e-01
 -2.89056301e-01  8.90308917e-01  3.91442508e-01  6.97327435e-01
  7.45553672e-01  4.24382836e-01 -3.27737331e-01  5.80936432e-01
 -1.24678463e-02  9.26483929e-01 -3.51582199e-01  1.77305654e-01
  1.70948878e-01  4.45365123e-02  1.28183261e-01  3.41375679e-01
 -5.32822609e-01 -4.74269688e-02  4.22098309e-01  9.11723912e-01
  8.00791025e-01 -6.36188805e-01  8.95480737e-02 -8.06500256e-01
 -4.49507117e-01 -1.71611205e-01 -5.80729425e-01 -1.74753711e-01
  3.67258549e-01 -1.01258963e-01  3.10842961e-01 -5.60998805e-02
  2.71947473e-01  4.78378147e-01  8.30143690e-01  4.15337592e-01
 -1.45673469e-01 -7.29671180e-01 -5.47645152e-01 -9.97540951e-01
 -8.99102926e-01  5.54789960e-01 -2.95613915e-01 -7.16665268e-01
  2.14029267e-01 -1.01798892e+00 -9.23852921e-01  7.91428983e-02
 -9.04280901e-01  6.19130284e-02  1.51161209e-01 -2.35187531e-01
 -3.37493032e-01 -1.02911043e+00 -9.89820734e-02  9.27680433e-01
 -3.10963392e-01 -2.72858471e-01  1.63475215e-01  2.96460211e-01
  4.45687979e-01  1.95598766e-01 -3.05731595e-01  6.93182573e-02
 -3.21123272e-01  5.95443428e-01  5.48458576e-01 -2.00317121e+00
  6.79128945e-01  4.56946820e-01 -7.14092970e-01  3.14033777e-02
 -6.99467063e-02  8.38553488e-01 -1.02953374e+00  4.51370209e-01
 -5.72017729e-01  7.34556675e-01  6.52249217e-01  5.14868200e-01
 -4.01160747e-01  4.57474798e-01  2.88481891e-01 -8.71608034e-02
  1.11201353e-01 -9.85160887e-01  2.93618321e-01 -3.79842997e-01
  8.51307884e-02 -5.13610363e-01 -4.46230084e-01  1.90197393e-01
 -2.25161240e-01  2.27955058e-01 -1.24368936e-01 -6.23004377e-01
 -1.21121533e-01 -4.17960078e-01  1.72031224e-02 -9.25355911e-01
  1.97996378e-01 -9.37604904e-02 -8.29413414e-01 -8.01442146e-01
  9.10189077e-02  1.93399265e-01 -6.44582450e-01 -7.51188278e-01
 -3.33442926e-01  2.49328986e-01 -7.26612434e-02  1.05746686e+00
  8.82225409e-02 -4.86976236e-01  1.60925579e+00 -7.45107889e-01
  1.58774313e-02 -1.61246493e-01  7.17768967e-02 -5.85627973e-01
 -2.52059549e-01 -4.42534357e-01  2.18473479e-01 -8.10688913e-01
 -9.37299252e-01 -5.24647534e-01 -2.10442737e-01  5.20700634e-01
 -9.27391708e-01 -5.11770666e-01 -7.26313531e-01 -3.05953294e-01
 -7.26748466e-01 -1.29627538e+00  1.06564254e-01  5.24497032e-01
  3.93341690e-01  6.82094276e-01 -3.47765595e-01  2.02958107e-01
 -9.43305120e-02 -6.87422931e-01  6.86987817e-01  2.45795906e-01
  3.44973117e-01  9.67409134e-01  1.50813806e+00  3.60267907e-01
 -5.07872105e-01  4.62053381e-02 -5.79474270e-01  6.78498089e-01
 -6.48347318e-01  4.99527693e-01 -1.12642586e-01  9.04823542e-02
  8.42202723e-01  5.29779196e-01 -4.15849477e-01  6.08234823e-01
  7.51701653e-01  1.28312588e+00 -5.83781183e-01  2.36583486e-01
  4.46787387e-01 -3.08433235e-01 -2.31035069e-01  7.70932138e-02
  9.77844521e-02  1.07979155e+00  1.03480005e+00 -2.42791072e-01
 -2.93547481e-01 -9.94999707e-01  6.03366315e-01 -2.94181198e-04
  8.74860764e-01 -1.30845034e+00  1.74097955e-01  8.38625208e-02
 -8.89260590e-01 -1.20076764e+00 -5.70772111e-01  3.23102623e-01
 -1.04073751e+00 -8.27366650e-01  2.95840353e-02  5.12552619e-01
  6.87260330e-01 -7.78497756e-01 -3.96597475e-01 -4.32368070e-01
  3.85459930e-01 -1.70074224e-01  1.80485800e-01  3.28782350e-01
  7.54682243e-01 -1.78295150e-01 -6.10124528e-01 -1.08846831e+00
 -2.02196494e-01 -3.63281816e-01 -1.63538814e-01 -5.32768428e-01
  2.83494651e-01 -3.79056066e-01 -8.27098917e-03  1.01834345e+00]",0
126,[*]C(C[*])C(=O)[O-],[*]CC([*])c1cc[n+](CC)cc1,2100,570,7.0,50,41,0.5,0,1,3,0.2714285714285714,0,1,0,9.921712962962964,9.921712962962964,0.0370370370370369,-0.7824074074074072,0.4204227437702691,19.2,71.055,68.031,71.01385291591001,28.0,2.6,3.2,3.2,1.6457113704075783,3.34341705895396,73.33515884998701,5.861807319565799,2.6009536313038994,2.6009536313038994,3.1807392125526213,1.1051717155225391,1.1051717155225391,0.5231597389607807,0.5231597389607807,0.1666666666666666,0.1666666666666666,0.0,0.0,-0.53,27.977093296928835,1.798837033645378,0.5057254621854761,0.2506048614847814,30.42489110886254,29.21492868948101,9.901064578912528,5.969305287951849,13.344558822616634,0.0,0.0,5.106527394840706,5.969305287951849,4.794537184071822,0.0,0.0,13.344558822616634,40.13,5.969305287951849,9.901064578912528,6.4208216229260096,6.923737199690624,0.0,0.0,0.0,0.0,0.3533333333333333,9.921712962962964,9.921712962962964,0.0,-0.7824074074074072,0.0,0.0694444444444444,1.0162037037037035,0.0,0.6666666666666666,5.0,2.0,0.0,0.0,2.0,4.0,2.0,0.0,-0.9583000000000002,13.564000000000002,1.0,0.0,1.0,1.0,1.0,1.0,0.0,0.0,0.0,0.0,2.3224074074074075,2.3224074074074075,0.5284301776266063,0.5284301776266063,0.5521406753358277,15.7,134.202,122.10599999999998,134.09642580409,52.0,0.0,1.7,2.4,2.9,2.167053352545513,2.770446815269876,232.78878061771368,8.974691494688164,6.248178503821182,6.248178503821182,5.774386907679233,3.4806726876126763,3.4806726876126763,2.166047211752171,2.166047211752171,1.5177731138680297,1.5177731138680297,0.8157553743075044,0.8157553743075044,-0.8500000000000001,606.7749387127436,4.888623338494641,2.080926843886177,0.919449804078233,62.32079104462523,61.47002484785755,4.567099647791355,0.0,0.0,0.0,26.813052428219837,0.0,30.08987277184637,4.567099647791355,0.0,6.544756405912575,0.0,18.90801031431363,24.52642128014937,6.923737199690624,3.88,0.0,0.0,0.0,12.965578028838586,0.0,12.48718869138762,0.0,36.01725812763135,3.383179406021668,0.0,0.0,1.6200925925925929,0.0,4.644814814814815,5.496394557823129,4.855518628747795,0.0,0.4444444444444444,10.0,1.0,1.0,1.0,0.0,3.0,3.0,1.0,1.552,39.859000000000016,0.0,1.0,0.0,0.0,0.0,0.0,1.0,0.0,1.0,1.0,0.0,0.0,[*]CC([*])C(=O)[O-],[*]CC([*])c1cc[n+](CC)cc1,"[ 5.50952554e-01  6.67746007e-01  3.77917290e-01 -1.17441809e+00
 -6.69968367e-01 -1.58297330e-01 -6.72284961e-02 -5.28121531e-01
 -2.75267303e-01  1.55845845e+00  2.68392377e-02 -5.55266798e-01
  7.93385267e-01 -1.03456473e+00 -6.35627568e-01 -1.03876030e+00
 -1.70346820e+00 -1.30036497e+00 -2.25371301e-01 -1.41964734e-01
  1.05430499e-01 -2.92812109e-01  3.19773614e-01  7.72576690e-01
 -6.40112102e-01  1.28019118e+00  2.42774200e+00 -4.54006344e-01
 -9.02524412e-01  9.79506493e-01 -3.34828138e-01 -3.03650469e-01
 -1.33218363e-01 -9.41639364e-01  7.83632636e-01  4.23074663e-01
 -1.73241779e-01  3.54419112e-01  3.47581238e-01 -3.20249461e-02
 -5.87040186e-01 -6.94137141e-02  1.36469281e+00  1.50850272e+00
 -7.08109001e-04  1.40314758e+00  8.37898135e-01  2.30026972e-02
 -1.28918486e-02 -4.91764814e-01 -3.88111532e-01 -8.54103506e-01
 -3.39003444e-01 -8.56086552e-01 -6.32213116e-01 -4.84038144e-01
 -2.89928913e-03  8.45237494e-01 -9.35304523e-01 -3.63467872e-01
 -6.73271000e-01 -1.05482444e-01  8.11104894e-01 -1.71648502e-01
 -3.46295953e-01  9.68204662e-02  7.82802626e-02  6.15729988e-01
 -1.28915578e-01 -8.80074680e-01 -1.10793412e-01 -2.32655019e-01
 -2.76402205e-01  4.76215333e-02 -5.37703753e-01 -4.57626283e-01
 -5.56176007e-01 -5.34456968e-01  4.31151748e-01 -4.61292788e-02
  3.29330802e-01 -1.57692686e-01  6.79725409e-01  7.64999747e-01
  2.28698909e-01  4.99854833e-01  1.03707455e-01  4.23821568e-01
 -1.18584305e-01  5.51582500e-02 -1.27232492e+00  9.25469279e-01
  1.17828858e+00  5.55050254e-01 -6.01640403e-01  1.85598596e-03
 -5.06517231e-01  3.62108380e-01 -1.25593603e-01  2.64763713e-01
  1.74772024e-01  3.16496044e-01 -1.01321959e+00  8.26404274e-01
  1.10871613e+00 -1.15284944e+00  1.07645226e+00 -9.01291013e-01
 -5.09613574e-01  6.92212641e-01 -6.20536089e-01 -2.36807078e-01
  1.11608577e+00  5.01168847e-01  5.16830027e-01  4.75949496e-01
 -6.68551743e-01  4.93257880e-01  2.93971598e-01  4.70821112e-02
 -3.74763817e-01  1.12406266e+00 -1.71836525e-01 -9.83554304e-01
 -3.04760039e-01 -8.03640932e-02  4.01249915e-01 -2.37712353e-01
 -3.63715082e-01 -4.04603444e-02 -6.94833323e-02 -2.84978569e-01
 -1.37553036e-01 -6.40389100e-02 -1.30503821e+00  6.43750072e-01
  8.66559386e-01 -6.59701407e-01 -2.93511987e-01 -5.99394381e-01
 -1.37480929e-01  3.21428955e-01 -4.59521860e-02 -7.53167152e-01
 -2.05593005e-01  1.92969292e-01  1.47321537e-01  6.28412962e-01
  3.42511177e-01 -7.05951214e-01  4.42748845e-01 -4.32425022e-01
  1.24913609e+00 -4.02215600e-01  3.81262302e-01  6.94990575e-01
  3.94117445e-01 -8.92814755e-01 -1.08931231e+00  4.76228297e-01
  1.24987923e-01  6.95637167e-02  7.04857886e-01  3.86546522e-01
  4.89218652e-01  1.67667687e-01  6.18894100e-01  4.35397118e-01
  6.26206696e-01  8.39248419e-01  2.65890479e-01 -2.82257199e-02
  2.12427139e-01  7.49804258e-01  7.74736702e-01  1.29185498e+00
 -4.25994545e-02 -1.65944263e-01 -9.42873001e-01 -1.42539650e-01
 -5.09615064e-01  9.65403438e-01  8.34682345e-01 -5.18386602e-01
  3.53891730e-01  6.41801357e-02  5.08618951e-01  1.01894891e+00
 -3.28530014e-01 -3.32997628e-02 -1.80441827e-01  2.35096931e-01
 -2.55989581e-01 -2.09291473e-01 -1.47133321e-01 -1.64968276e+00
 -1.69284850e-01  6.07510209e-02  6.21947587e-01  7.29369700e-01
  5.99946022e-01 -6.74916565e-01  1.23031831e+00 -1.28958249e+00
 -6.64112449e-01 -3.67776453e-01  1.31455690e-01  3.78233433e-01
 -8.40135753e-01 -3.63106400e-01 -2.50634134e-01 -2.10742283e+00
  6.89093709e-01 -9.02974844e-01 -4.02772009e-01  1.54137588e+00
 -2.07992017e-01  9.06994522e-01 -5.44871032e-01  3.85305762e-01
 -8.09826478e-02  6.84405208e-01  2.46060431e-01 -5.65070868e-01
  5.42701185e-01  2.30542719e-02 -1.22137517e-01  6.66289628e-01
 -1.00670137e-01  5.78732230e-02 -1.18791723e+00  2.20502615e+00
  7.74039507e-01  3.79953198e-02  1.60000706e+00  1.23174655e+00
  2.83441335e-01 -3.15214992e-01 -7.11687982e-01 -7.00975180e-01
 -8.20701361e-01  6.06228650e-01 -6.73054680e-02 -3.09595257e-01
 -1.70270309e-01 -1.09378815e+00 -1.88075840e-01  1.54434606e-01
  6.66516542e-01  3.04506958e-01  1.23938218e-01  3.31819475e-01
 -1.62126659e-03  4.06757772e-01 -8.66131783e-02 -5.88821769e-02
 -5.21769404e-01 -2.06430405e-01  1.92552900e+00 -2.83560157e-01
 -1.90655738e-01 -4.01817203e-01  5.80403030e-01  1.90049112e-01
  5.90409189e-02  3.97923917e-01 -4.53226894e-01  4.97723222e-01
 -3.94481063e-01 -1.30251551e+00 -3.18813235e-01 -4.60155487e-01
 -4.52672958e-01  4.28255886e-01  1.86832532e-01 -4.64421064e-01
  8.26421797e-01  8.58034790e-02  9.91345942e-02 -6.91530228e-01
  6.67168140e-01 -6.56287134e-01  1.84816062e+00  1.09426033e+00
  1.60102636e-01 -1.11405814e+00  3.91883664e-02  3.58302563e-01
 -5.41131608e-02  4.13817704e-01 -2.12963536e-01  3.07724923e-01
  1.17556334e+00 -1.34069726e-01  2.33674124e-01 -7.30481418e-03
  7.81065047e-01 -3.03012580e-01 -8.35513845e-02  5.53557932e-01
 -2.84455985e-01 -2.47817889e-01  1.89149991e-01 -1.02672207e+00
  1.32583808e-02 -2.55627990e-01  9.52539861e-01 -2.96597350e-02
  8.79282951e-01  4.27375317e-01 -1.99289754e-01  2.20845848e-01
  1.33380175e-01  1.14704527e-01  9.84668970e-01 -2.11234868e-01
 -4.05843139e-01 -7.67308354e-01  3.14330757e-02  3.86560559e-01
  1.19929647e+00  5.36592305e-01  5.09199142e-01 -1.36162627e+00
 -1.05296448e-01 -5.59449345e-02 -3.80162150e-02 -6.26801491e-01
  1.86362505e-01 -1.73844025e-01 -6.50287032e-01 -3.45541984e-01
 -7.34303296e-01  7.24383742e-02  1.10383463e+00  1.14996636e+00
  4.15981650e-01  2.12344471e-02  3.46782468e-02 -6.53821528e-01
 -5.01247168e-01  1.01878500e+00 -5.11385202e-01  5.93827702e-02
  1.42465687e+00  8.32590798e-04  8.78591835e-01  5.78436792e-01
  7.18320012e-01  5.57367444e-01 -5.57254732e-01 -1.31244791e+00
  7.39392415e-02  1.02208316e+00 -1.73512977e-02  8.59655023e-01
 -3.99190225e-02 -2.82223940e-01  3.95490587e-01  4.02262717e-01
  8.03426445e-01 -2.58965492e-01 -1.23902738e+00 -9.40800786e-01
  1.62803307e-01 -1.82705402e-01 -1.00059152e+00 -5.43330550e-01
 -6.58766031e-01 -2.29741275e-01  1.80671170e-01 -1.29144430e-01
  3.56926799e-01 -8.86848867e-02 -9.70983922e-01  2.64483422e-01
  1.72349140e-01 -7.12217987e-01 -8.57104957e-02 -3.92155677e-01
  1.69065610e-01 -3.40923727e-01 -2.67417639e-01 -1.58317521e-01
 -6.08656704e-01  1.02118409e+00 -2.54552245e-01 -9.51778710e-01
 -2.65829086e-01 -5.54043390e-02 -5.34137547e-01  7.80924261e-02
 -4.31904018e-01 -2.93715656e-01 -5.59636712e-01  7.50055850e-01
  5.42586446e-01  5.21332622e-01  7.41369128e-01 -2.03372106e-01
 -2.98140310e-02  1.17485476e+00 -6.42839670e-01  9.09768820e-01
 -2.86733925e-01 -6.71667278e-01 -7.02754200e-01  5.18063009e-01
 -7.03846872e-01  8.45564783e-01  2.22889528e-01  5.72806001e-02
  7.29165733e-01 -1.03616178e+00  1.58585691e+00 -4.93727475e-01
 -3.07119966e-01  9.14265960e-02 -6.41273111e-02 -5.38270436e-02
  3.15355629e-01  1.19199312e+00  6.83415830e-01  1.33915111e-01
  1.16254874e-01  3.87908012e-01  8.34312201e-01 -1.76378161e-01
  4.98694271e-01 -4.02371407e-01 -7.95837879e-01 -3.92245412e-01
 -7.62568772e-01  1.17841554e+00 -8.50370944e-01 -8.19937170e-01
 -1.17226891e-01 -8.34619522e-01 -1.40142596e+00  3.41342449e-01
 -1.18009889e+00  1.72452241e-01  7.37082437e-02 -3.43734443e-01
 -5.56558371e-01 -1.20999336e-01  6.78034663e-01 -1.69035867e-02
 -9.26296234e-01 -5.40798724e-01 -1.40218958e-01 -3.94925140e-02
 -8.04703236e-01 -9.95787308e-02 -2.03307927e-01 -1.50647974e+00
 -1.90729693e-01  4.01281953e-01  8.01624775e-01 -1.31860971e+00
  2.80246615e-01 -1.09216804e-02 -8.86645317e-01  8.60824645e-01
  5.10790169e-01  2.27465048e-01 -6.09495401e-01  1.30400555e-02
 -5.35382628e-02  5.99121809e-01  9.75840449e-01  7.68029451e-01
 -1.04766703e+00  1.87973067e-01  7.01478198e-02  4.77244973e-01
 -6.52137339e-01  7.09963962e-02 -4.24877740e-02  3.11902642e-01
  1.14879143e+00 -1.62646145e-01  2.15660229e-01  2.38919973e-01
  1.27243221e-01 -2.14758724e-01 -8.41916800e-01  1.32479280e-01
  2.49055177e-01 -3.80854696e-01 -2.53900200e-01 -1.52146888e+00
 -4.27862376e-01 -3.30217481e-01 -1.65427983e-01 -5.02607748e-02
  5.20032287e-01 -1.33780479e-01 -2.27504417e-01 -2.93135196e-01
 -2.25837648e-01  5.58377504e-01 -2.53188342e-01  1.02464998e+00
  3.18368047e-01  2.15202257e-01 -1.98995262e-01 -1.44416893e+00
  5.02204970e-02 -2.66076565e-01 -1.08973151e-02 -2.40284443e-01
 -5.64793527e-01  6.28166497e-02  3.36367339e-01 -8.57639432e-01
 -8.62743378e-01 -5.27694464e-01 -5.19397497e-01  8.48357737e-01
 -9.25135195e-01 -8.00738484e-02 -1.99941337e-01 -4.17113543e-01
 -7.53359854e-01 -9.31248963e-01 -3.05604845e-01  3.69783878e-01
 -1.04227677e-01  1.14021158e+00 -1.58956695e+00 -1.72336042e-01
  3.25673372e-01  7.78758302e-02 -3.53107870e-01  5.87968975e-02
  1.47149250e-01  8.21567714e-01  9.81274366e-01  5.93652308e-01
  5.79920053e-01  7.66876757e-01 -7.82622874e-01  4.46217418e-01
 -2.69964069e-01  4.41214263e-01 -1.92598388e-01 -4.10362273e-01
  5.84180020e-02  1.81740105e-01 -1.81846797e-01  3.85951310e-01
  8.06822419e-01  6.49897575e-01 -7.08981693e-01  1.09895403e-02
  5.91275170e-02 -7.26420283e-01 -3.29815060e-01 -2.90464878e-01
  3.73225480e-01  7.54145861e-01  1.66838729e+00 -2.18773857e-01
 -7.01609969e-01 -1.36749840e+00 -3.00247729e-01 -5.03675103e-01
  8.70439291e-01 -4.03018713e-01 -9.52010870e-01  1.99213073e-01
 -9.88790244e-02 -1.30468071e+00 -5.96089602e-01  2.54472584e-01
 -1.41453886e+00 -2.63562888e-01 -5.13353407e-01  7.11600557e-02
  1.20021462e+00 -1.73822570e+00  7.00591266e-01 -8.52419317e-01
  1.40644157e+00 -9.30212319e-01  1.71362936e-01 -3.40986192e-01
  1.11099374e+00  3.32399905e-01  3.70734811e-01 -1.41833186e+00
  7.56462216e-01 -4.55584586e-01  4.26305503e-01 -6.59897864e-01
  1.24169588e+00 -3.52406174e-01 -1.76326826e-01  4.58189696e-01]","[ 2.58754939e-01  7.65666783e-01 -4.65707630e-01 -4.36065912e-01
 -1.02154410e+00  3.74384910e-01  2.53483087e-01  4.09017712e-01
 -6.94044456e-02  6.88503325e-01 -5.28746426e-01  9.49705672e-03
  1.22118175e+00 -1.29630601e+00 -8.81272554e-01 -1.36076915e+00
 -7.82842219e-01 -6.90891325e-01 -7.81432152e-01  7.17344582e-01
  1.65111768e+00 -2.14252546e-01  7.42859602e-01  8.88970852e-01
  9.16712806e-02  6.13837898e-01  2.14042950e+00 -4.88709062e-01
 -3.48345608e-01  6.08429551e-01 -7.47659430e-02  1.67858288e-01
  2.20460221e-01 -8.66752043e-02  5.38115680e-01  3.48620623e-01
 -4.05876786e-01  2.07969666e-01  3.64317708e-02 -1.68470338e-01
 -1.19797252e-01 -3.29685718e-04  1.09635150e+00  8.61720383e-01
  3.81253630e-01  3.06869358e-01  8.60960782e-01 -5.03717922e-02
  5.55247486e-01 -2.21602872e-01  3.81490827e-01  1.78490713e-01
 -3.82163048e-01 -5.39982021e-01 -2.26499572e-01  2.35104397e-01
  5.11031091e-01  1.36317283e-01 -1.01213396e+00  7.63465106e-01
 -7.91656673e-01  6.24221146e-01 -5.04378676e-02  1.83643326e-01
 -2.18661264e-01  7.73185909e-01  6.97015703e-01 -8.37078318e-02
 -1.59653902e-01 -3.47926170e-01 -3.12480479e-01 -4.70926136e-01
 -1.22260191e-01 -1.11529268e-01 -5.80355048e-01 -4.57529038e-01
  1.04305685e-01 -5.60658038e-01 -5.75476885e-02  2.07826346e-02
  5.11998355e-01 -4.07395922e-02 -8.57271776e-02  8.07722390e-01
  1.25639126e-01 -2.27841973e-01  1.99368715e-01  3.94466549e-01
 -2.29423419e-01  6.56251252e-01 -1.39102936e+00 -2.48177513e-01
  1.02561653e+00  1.63333565e-01 -7.41358042e-01  4.11552817e-01
 -6.56937659e-01  8.11281383e-01  1.32502774e-02 -8.95606503e-02
 -8.85221139e-02  8.10027122e-01 -1.39308321e+00  1.41229165e+00
  1.47527564e+00 -5.27085662e-01  2.02385023e-01 -1.41935205e+00
 -2.88261324e-01  4.54457074e-01 -1.46575600e-01 -8.69578123e-02
  7.32687950e-01 -6.16145432e-01  1.34594366e-01  6.39876187e-01
 -1.44258842e-01  2.16147140e-01 -2.23000154e-01  6.38989031e-01
 -4.11915869e-01  3.50595713e-01  5.70650995e-01 -8.09123695e-01
 -4.94646877e-01 -4.51880284e-02 -1.54170379e-01  3.72843176e-01
 -1.84427261e-01 -4.46734615e-02  1.41228944e-01 -3.13785821e-01
 -1.36994436e-01 -2.44505003e-01 -1.35662365e+00  5.76085364e-03
  1.65453315e-01 -5.28535903e-01 -1.37860805e-01 -6.12922132e-01
 -4.81841946e-03  1.16985954e-01  5.10767877e-01 -5.25469959e-01
  3.92412357e-02  3.49685192e-01 -6.66919053e-02 -2.74920493e-01
  6.00411296e-02 -3.49984258e-01  7.61600062e-02 -2.26685509e-01
  8.62072706e-01 -4.64118570e-01 -2.94663697e-01  5.15659273e-01
  1.72863439e-01 -9.21992779e-01 -9.47336614e-01 -2.89100736e-01
  2.59418692e-02  1.51202843e-01 -7.73630664e-02  3.85801084e-02
  2.93126196e-01 -3.53437036e-01 -1.18852735e-01  5.98323166e-01
  1.07211065e+00  1.25569713e+00  2.15441491e-02 -2.15563297e-01
 -7.10687578e-01  1.29834712e+00  8.37024391e-01  1.38366830e+00
 -2.41990876e-03 -3.08258146e-01 -1.00147593e+00  3.74590397e-01
  3.18077542e-02  1.06435704e+00  6.53108656e-02 -3.44478697e-01
  4.10884619e-04  4.46341187e-01 -2.23740339e-02  3.45368236e-01
 -1.59559309e-01  2.95039713e-01  4.16525990e-01  2.51234889e-01
  1.53080240e-01 -5.57194650e-01 -4.55134362e-01 -9.01373684e-01
 -1.24181308e-01 -3.51409823e-01 -2.22094998e-01  4.69337195e-01
  3.66864018e-02 -9.05083597e-01  4.72788185e-01 -8.23253930e-01
 -7.69597828e-01 -1.41294524e-01 -5.41748941e-01 -1.59614399e-01
 -3.31402093e-01  1.56573012e-01 -6.26872480e-01 -1.08016205e+00
  6.74879372e-01 -2.28904560e-01 -3.66408229e-01  9.52807426e-01
 -2.49409720e-01  6.31160557e-01 -2.16425419e-01  7.80879796e-01
 -5.31057753e-02  2.12950587e-01  2.08714247e-01 -3.76456939e-02
  1.02227533e+00  2.05922544e-01  4.96548325e-01  1.14875138e+00
 -1.47142842e-01  1.44781128e-01 -1.00707434e-01  1.95989263e+00
  5.88235199e-01  2.39680350e-01  1.08087635e+00  8.00363198e-02
 -4.00677443e-01 -8.46993923e-01 -3.01950455e-01 -4.92810518e-01
 -9.30117428e-01  9.02858555e-01 -2.92300373e-01 -1.44224569e-01
  4.48532671e-01 -7.70175755e-01 -9.61511359e-02 -9.23241436e-01
  6.88463748e-02  2.13101104e-01  3.51493865e-01  7.25903213e-02
  8.29195008e-02  3.10883552e-01 -3.06551903e-01  6.26678407e-01
  1.16759121e-01 -3.19817029e-02  9.86835957e-01  2.12960601e-01
 -1.87608883e-01 -4.39048260e-01 -3.93611670e-01  3.14746238e-02
  4.67132837e-01  5.91510355e-01 -5.82304895e-01 -3.08005631e-01
 -3.97076577e-01 -1.61111081e+00 -6.18716002e-01  9.36848521e-02
 -2.64846057e-01  3.04639369e-01 -2.97773540e-01  2.59679228e-01
  8.37306738e-01  3.94203186e-01 -8.16127777e-01 -1.10288668e+00
  1.83305308e-01 -2.00568721e-01  1.48652220e+00  1.16011453e+00
 -2.86318362e-02 -5.29603899e-01  3.83966208e-01  7.54229307e-01
  7.64074996e-02  3.81459713e-01 -3.68279248e-01  3.44247609e-01
  2.45934680e-01  7.71982253e-01 -1.27560392e-01  5.86078055e-02
  1.93814218e+00 -1.06247580e+00 -5.15270948e-01 -6.02204442e-01
 -1.91837952e-01  1.38955191e-01  5.88956475e-03 -2.56706387e-01
  6.63230121e-01  3.49048585e-01  5.71135342e-01  7.18370378e-01
 -1.42920511e-02  1.72898695e-01  6.89943075e-01  1.69781840e-03
 -3.96998338e-02  7.82621205e-01  7.13594913e-01 -3.70173663e-01
 -5.42735076e-03 -8.73017013e-01 -4.07721192e-01 -2.67813742e-01
  7.90600777e-01  4.62941319e-01  5.06024420e-01 -8.13354015e-01
  3.29493552e-01  2.80005783e-01 -1.17573768e-01  3.97675186e-01
  1.45187899e-01 -8.07157829e-02 -7.78619200e-02 -9.61248457e-01
  6.81790113e-02 -6.57359958e-02  9.75333154e-01  1.91977775e+00
 -3.26742262e-01  7.42301112e-03  2.52164411e-03 -4.06822801e-01
 -9.29980457e-01  8.28021824e-01 -3.20083089e-02  1.52232334e-01
  4.19183105e-01  4.04705971e-01  1.15119231e+00 -1.91186130e-01
 -1.26877546e-01 -1.48641035e-01 -3.43369275e-01 -1.19184506e+00
 -2.82330811e-01  1.25802338e+00 -2.45547876e-01 -8.44457448e-02
 -5.24645150e-01  2.47254089e-01  4.11571175e-01  2.63517380e-01
 -8.29683170e-02  2.00176358e-01 -1.07659066e+00 -4.29665715e-01
  1.15340889e+00  1.80977825e-02 -6.42389894e-01  1.35355279e-01
  4.07437468e-03  2.60230094e-01 -5.03543727e-02 -8.82178068e-01
 -2.46009305e-01 -1.16771936e+00 -3.78451586e-01 -7.65593290e-01
 -4.00647074e-01 -1.21218868e-01 -8.26268017e-01 -3.02382022e-01
 -5.00344252e-03 -1.06858885e+00 -3.26659828e-01 -2.16492906e-01
 -3.30358028e-01  2.30187774e-01 -1.79770425e-01 -9.02734339e-01
 -7.41476953e-01 -6.15338869e-02 -9.38126519e-02  1.94314957e-01
 -2.89056301e-01  8.90308917e-01  3.91442508e-01  6.97327435e-01
  7.45553672e-01  4.24382836e-01 -3.27737331e-01  5.80936432e-01
 -1.24678463e-02  9.26483929e-01 -3.51582199e-01  1.77305654e-01
  1.70948878e-01  4.45365123e-02  1.28183261e-01  3.41375679e-01
 -5.32822609e-01 -4.74269688e-02  4.22098309e-01  9.11723912e-01
  8.00791025e-01 -6.36188805e-01  8.95480737e-02 -8.06500256e-01
 -4.49507117e-01 -1.71611205e-01 -5.80729425e-01 -1.74753711e-01
  3.67258549e-01 -1.01258963e-01  3.10842961e-01 -5.60998805e-02
  2.71947473e-01  4.78378147e-01  8.30143690e-01  4.15337592e-01
 -1.45673469e-01 -7.29671180e-01 -5.47645152e-01 -9.97540951e-01
 -8.99102926e-01  5.54789960e-01 -2.95613915e-01 -7.16665268e-01
  2.14029267e-01 -1.01798892e+00 -9.23852921e-01  7.91428983e-02
 -9.04280901e-01  6.19130284e-02  1.51161209e-01 -2.35187531e-01
 -3.37493032e-01 -1.02911043e+00 -9.89820734e-02  9.27680433e-01
 -3.10963392e-01 -2.72858471e-01  1.63475215e-01  2.96460211e-01
  4.45687979e-01  1.95598766e-01 -3.05731595e-01  6.93182573e-02
 -3.21123272e-01  5.95443428e-01  5.48458576e-01 -2.00317121e+00
  6.79128945e-01  4.56946820e-01 -7.14092970e-01  3.14033777e-02
 -6.99467063e-02  8.38553488e-01 -1.02953374e+00  4.51370209e-01
 -5.72017729e-01  7.34556675e-01  6.52249217e-01  5.14868200e-01
 -4.01160747e-01  4.57474798e-01  2.88481891e-01 -8.71608034e-02
  1.11201353e-01 -9.85160887e-01  2.93618321e-01 -3.79842997e-01
  8.51307884e-02 -5.13610363e-01 -4.46230084e-01  1.90197393e-01
 -2.25161240e-01  2.27955058e-01 -1.24368936e-01 -6.23004377e-01
 -1.21121533e-01 -4.17960078e-01  1.72031224e-02 -9.25355911e-01
  1.97996378e-01 -9.37604904e-02 -8.29413414e-01 -8.01442146e-01
  9.10189077e-02  1.93399265e-01 -6.44582450e-01 -7.51188278e-01
 -3.33442926e-01  2.49328986e-01 -7.26612434e-02  1.05746686e+00
  8.82225409e-02 -4.86976236e-01  1.60925579e+00 -7.45107889e-01
  1.58774313e-02 -1.61246493e-01  7.17768967e-02 -5.85627973e-01
 -2.52059549e-01 -4.42534357e-01  2.18473479e-01 -8.10688913e-01
 -9.37299252e-01 -5.24647534e-01 -2.10442737e-01  5.20700634e-01
 -9.27391708e-01 -5.11770666e-01 -7.26313531e-01 -3.05953294e-01
 -7.26748466e-01 -1.29627538e+00  1.06564254e-01  5.24497032e-01
  3.93341690e-01  6.82094276e-01 -3.47765595e-01  2.02958107e-01
 -9.43305120e-02 -6.87422931e-01  6.86987817e-01  2.45795906e-01
  3.44973117e-01  9.67409134e-01  1.50813806e+00  3.60267907e-01
 -5.07872105e-01  4.62053381e-02 -5.79474270e-01  6.78498089e-01
 -6.48347318e-01  4.99527693e-01 -1.12642586e-01  9.04823542e-02
  8.42202723e-01  5.29779196e-01 -4.15849477e-01  6.08234823e-01
  7.51701653e-01  1.28312588e+00 -5.83781183e-01  2.36583486e-01
  4.46787387e-01 -3.08433235e-01 -2.31035069e-01  7.70932138e-02
  9.77844521e-02  1.07979155e+00  1.03480005e+00 -2.42791072e-01
 -2.93547481e-01 -9.94999707e-01  6.03366315e-01 -2.94181198e-04
  8.74860764e-01 -1.30845034e+00  1.74097955e-01  8.38625208e-02
 -8.89260590e-01 -1.20076764e+00 -5.70772111e-01  3.23102623e-01
 -1.04073751e+00 -8.27366650e-01  2.95840353e-02  5.12552619e-01
  6.87260330e-01 -7.78497756e-01 -3.96597475e-01 -4.32368070e-01
  3.85459930e-01 -1.70074224e-01  1.80485800e-01  3.28782350e-01
  7.54682243e-01 -1.78295150e-01 -6.10124528e-01 -1.08846831e+00
 -2.02196494e-01 -3.63281816e-01 -1.63538814e-01 -5.32768428e-01
  2.83494651e-01 -3.79056066e-01 -8.27098917e-03  1.01834345e+00]",0
127,[*]C(C[*])C(=O)[O-],[*]CC([*])c1cc[n+](CC)cc1,500,570,7.0,150,40,0.5,0,1,3,1.14,1,0,0,9.921712962962964,9.921712962962964,0.0370370370370369,-0.7824074074074072,0.4204227437702691,19.2,71.055,68.031,71.01385291591001,28.0,2.6,3.2,3.2,1.6457113704075783,3.34341705895396,73.33515884998701,5.861807319565799,2.6009536313038994,2.6009536313038994,3.1807392125526213,1.1051717155225391,1.1051717155225391,0.5231597389607807,0.5231597389607807,0.1666666666666666,0.1666666666666666,0.0,0.0,-0.53,27.977093296928835,1.798837033645378,0.5057254621854761,0.2506048614847814,30.42489110886254,29.21492868948101,9.901064578912528,5.969305287951849,13.344558822616634,0.0,0.0,5.106527394840706,5.969305287951849,4.794537184071822,0.0,0.0,13.344558822616634,40.13,5.969305287951849,9.901064578912528,6.4208216229260096,6.923737199690624,0.0,0.0,0.0,0.0,0.3533333333333333,9.921712962962964,9.921712962962964,0.0,-0.7824074074074072,0.0,0.0694444444444444,1.0162037037037035,0.0,0.6666666666666666,5.0,2.0,0.0,0.0,2.0,4.0,2.0,0.0,-0.9583000000000002,13.564000000000002,1.0,0.0,1.0,1.0,1.0,1.0,0.0,0.0,0.0,0.0,2.3224074074074075,2.3224074074074075,0.5284301776266063,0.5284301776266063,0.5521406753358277,15.7,134.202,122.10599999999998,134.09642580409,52.0,0.0,1.7,2.4,2.9,2.167053352545513,2.770446815269876,232.78878061771368,8.974691494688164,6.248178503821182,6.248178503821182,5.774386907679233,3.4806726876126763,3.4806726876126763,2.166047211752171,2.166047211752171,1.5177731138680297,1.5177731138680297,0.8157553743075044,0.8157553743075044,-0.8500000000000001,606.7749387127436,4.888623338494641,2.080926843886177,0.919449804078233,62.32079104462523,61.47002484785755,4.567099647791355,0.0,0.0,0.0,26.813052428219837,0.0,30.08987277184637,4.567099647791355,0.0,6.544756405912575,0.0,18.90801031431363,24.52642128014937,6.923737199690624,3.88,0.0,0.0,0.0,12.965578028838586,0.0,12.48718869138762,0.0,36.01725812763135,3.383179406021668,0.0,0.0,1.6200925925925929,0.0,4.644814814814815,5.496394557823129,4.855518628747795,0.0,0.4444444444444444,10.0,1.0,1.0,1.0,0.0,3.0,3.0,1.0,1.552,39.859000000000016,0.0,1.0,0.0,0.0,0.0,0.0,1.0,0.0,1.0,1.0,0.0,0.0,[*]CC([*])C(=O)[O-],[*]CC([*])c1cc[n+](CC)cc1,"[ 5.50952554e-01  6.67746007e-01  3.77917290e-01 -1.17441809e+00
 -6.69968367e-01 -1.58297330e-01 -6.72284961e-02 -5.28121531e-01
 -2.75267303e-01  1.55845845e+00  2.68392377e-02 -5.55266798e-01
  7.93385267e-01 -1.03456473e+00 -6.35627568e-01 -1.03876030e+00
 -1.70346820e+00 -1.30036497e+00 -2.25371301e-01 -1.41964734e-01
  1.05430499e-01 -2.92812109e-01  3.19773614e-01  7.72576690e-01
 -6.40112102e-01  1.28019118e+00  2.42774200e+00 -4.54006344e-01
 -9.02524412e-01  9.79506493e-01 -3.34828138e-01 -3.03650469e-01
 -1.33218363e-01 -9.41639364e-01  7.83632636e-01  4.23074663e-01
 -1.73241779e-01  3.54419112e-01  3.47581238e-01 -3.20249461e-02
 -5.87040186e-01 -6.94137141e-02  1.36469281e+00  1.50850272e+00
 -7.08109001e-04  1.40314758e+00  8.37898135e-01  2.30026972e-02
 -1.28918486e-02 -4.91764814e-01 -3.88111532e-01 -8.54103506e-01
 -3.39003444e-01 -8.56086552e-01 -6.32213116e-01 -4.84038144e-01
 -2.89928913e-03  8.45237494e-01 -9.35304523e-01 -3.63467872e-01
 -6.73271000e-01 -1.05482444e-01  8.11104894e-01 -1.71648502e-01
 -3.46295953e-01  9.68204662e-02  7.82802626e-02  6.15729988e-01
 -1.28915578e-01 -8.80074680e-01 -1.10793412e-01 -2.32655019e-01
 -2.76402205e-01  4.76215333e-02 -5.37703753e-01 -4.57626283e-01
 -5.56176007e-01 -5.34456968e-01  4.31151748e-01 -4.61292788e-02
  3.29330802e-01 -1.57692686e-01  6.79725409e-01  7.64999747e-01
  2.28698909e-01  4.99854833e-01  1.03707455e-01  4.23821568e-01
 -1.18584305e-01  5.51582500e-02 -1.27232492e+00  9.25469279e-01
  1.17828858e+00  5.55050254e-01 -6.01640403e-01  1.85598596e-03
 -5.06517231e-01  3.62108380e-01 -1.25593603e-01  2.64763713e-01
  1.74772024e-01  3.16496044e-01 -1.01321959e+00  8.26404274e-01
  1.10871613e+00 -1.15284944e+00  1.07645226e+00 -9.01291013e-01
 -5.09613574e-01  6.92212641e-01 -6.20536089e-01 -2.36807078e-01
  1.11608577e+00  5.01168847e-01  5.16830027e-01  4.75949496e-01
 -6.68551743e-01  4.93257880e-01  2.93971598e-01  4.70821112e-02
 -3.74763817e-01  1.12406266e+00 -1.71836525e-01 -9.83554304e-01
 -3.04760039e-01 -8.03640932e-02  4.01249915e-01 -2.37712353e-01
 -3.63715082e-01 -4.04603444e-02 -6.94833323e-02 -2.84978569e-01
 -1.37553036e-01 -6.40389100e-02 -1.30503821e+00  6.43750072e-01
  8.66559386e-01 -6.59701407e-01 -2.93511987e-01 -5.99394381e-01
 -1.37480929e-01  3.21428955e-01 -4.59521860e-02 -7.53167152e-01
 -2.05593005e-01  1.92969292e-01  1.47321537e-01  6.28412962e-01
  3.42511177e-01 -7.05951214e-01  4.42748845e-01 -4.32425022e-01
  1.24913609e+00 -4.02215600e-01  3.81262302e-01  6.94990575e-01
  3.94117445e-01 -8.92814755e-01 -1.08931231e+00  4.76228297e-01
  1.24987923e-01  6.95637167e-02  7.04857886e-01  3.86546522e-01
  4.89218652e-01  1.67667687e-01  6.18894100e-01  4.35397118e-01
  6.26206696e-01  8.39248419e-01  2.65890479e-01 -2.82257199e-02
  2.12427139e-01  7.49804258e-01  7.74736702e-01  1.29185498e+00
 -4.25994545e-02 -1.65944263e-01 -9.42873001e-01 -1.42539650e-01
 -5.09615064e-01  9.65403438e-01  8.34682345e-01 -5.18386602e-01
  3.53891730e-01  6.41801357e-02  5.08618951e-01  1.01894891e+00
 -3.28530014e-01 -3.32997628e-02 -1.80441827e-01  2.35096931e-01
 -2.55989581e-01 -2.09291473e-01 -1.47133321e-01 -1.64968276e+00
 -1.69284850e-01  6.07510209e-02  6.21947587e-01  7.29369700e-01
  5.99946022e-01 -6.74916565e-01  1.23031831e+00 -1.28958249e+00
 -6.64112449e-01 -3.67776453e-01  1.31455690e-01  3.78233433e-01
 -8.40135753e-01 -3.63106400e-01 -2.50634134e-01 -2.10742283e+00
  6.89093709e-01 -9.02974844e-01 -4.02772009e-01  1.54137588e+00
 -2.07992017e-01  9.06994522e-01 -5.44871032e-01  3.85305762e-01
 -8.09826478e-02  6.84405208e-01  2.46060431e-01 -5.65070868e-01
  5.42701185e-01  2.30542719e-02 -1.22137517e-01  6.66289628e-01
 -1.00670137e-01  5.78732230e-02 -1.18791723e+00  2.20502615e+00
  7.74039507e-01  3.79953198e-02  1.60000706e+00  1.23174655e+00
  2.83441335e-01 -3.15214992e-01 -7.11687982e-01 -7.00975180e-01
 -8.20701361e-01  6.06228650e-01 -6.73054680e-02 -3.09595257e-01
 -1.70270309e-01 -1.09378815e+00 -1.88075840e-01  1.54434606e-01
  6.66516542e-01  3.04506958e-01  1.23938218e-01  3.31819475e-01
 -1.62126659e-03  4.06757772e-01 -8.66131783e-02 -5.88821769e-02
 -5.21769404e-01 -2.06430405e-01  1.92552900e+00 -2.83560157e-01
 -1.90655738e-01 -4.01817203e-01  5.80403030e-01  1.90049112e-01
  5.90409189e-02  3.97923917e-01 -4.53226894e-01  4.97723222e-01
 -3.94481063e-01 -1.30251551e+00 -3.18813235e-01 -4.60155487e-01
 -4.52672958e-01  4.28255886e-01  1.86832532e-01 -4.64421064e-01
  8.26421797e-01  8.58034790e-02  9.91345942e-02 -6.91530228e-01
  6.67168140e-01 -6.56287134e-01  1.84816062e+00  1.09426033e+00
  1.60102636e-01 -1.11405814e+00  3.91883664e-02  3.58302563e-01
 -5.41131608e-02  4.13817704e-01 -2.12963536e-01  3.07724923e-01
  1.17556334e+00 -1.34069726e-01  2.33674124e-01 -7.30481418e-03
  7.81065047e-01 -3.03012580e-01 -8.35513845e-02  5.53557932e-01
 -2.84455985e-01 -2.47817889e-01  1.89149991e-01 -1.02672207e+00
  1.32583808e-02 -2.55627990e-01  9.52539861e-01 -2.96597350e-02
  8.79282951e-01  4.27375317e-01 -1.99289754e-01  2.20845848e-01
  1.33380175e-01  1.14704527e-01  9.84668970e-01 -2.11234868e-01
 -4.05843139e-01 -7.67308354e-01  3.14330757e-02  3.86560559e-01
  1.19929647e+00  5.36592305e-01  5.09199142e-01 -1.36162627e+00
 -1.05296448e-01 -5.59449345e-02 -3.80162150e-02 -6.26801491e-01
  1.86362505e-01 -1.73844025e-01 -6.50287032e-01 -3.45541984e-01
 -7.34303296e-01  7.24383742e-02  1.10383463e+00  1.14996636e+00
  4.15981650e-01  2.12344471e-02  3.46782468e-02 -6.53821528e-01
 -5.01247168e-01  1.01878500e+00 -5.11385202e-01  5.93827702e-02
  1.42465687e+00  8.32590798e-04  8.78591835e-01  5.78436792e-01
  7.18320012e-01  5.57367444e-01 -5.57254732e-01 -1.31244791e+00
  7.39392415e-02  1.02208316e+00 -1.73512977e-02  8.59655023e-01
 -3.99190225e-02 -2.82223940e-01  3.95490587e-01  4.02262717e-01
  8.03426445e-01 -2.58965492e-01 -1.23902738e+00 -9.40800786e-01
  1.62803307e-01 -1.82705402e-01 -1.00059152e+00 -5.43330550e-01
 -6.58766031e-01 -2.29741275e-01  1.80671170e-01 -1.29144430e-01
  3.56926799e-01 -8.86848867e-02 -9.70983922e-01  2.64483422e-01
  1.72349140e-01 -7.12217987e-01 -8.57104957e-02 -3.92155677e-01
  1.69065610e-01 -3.40923727e-01 -2.67417639e-01 -1.58317521e-01
 -6.08656704e-01  1.02118409e+00 -2.54552245e-01 -9.51778710e-01
 -2.65829086e-01 -5.54043390e-02 -5.34137547e-01  7.80924261e-02
 -4.31904018e-01 -2.93715656e-01 -5.59636712e-01  7.50055850e-01
  5.42586446e-01  5.21332622e-01  7.41369128e-01 -2.03372106e-01
 -2.98140310e-02  1.17485476e+00 -6.42839670e-01  9.09768820e-01
 -2.86733925e-01 -6.71667278e-01 -7.02754200e-01  5.18063009e-01
 -7.03846872e-01  8.45564783e-01  2.22889528e-01  5.72806001e-02
  7.29165733e-01 -1.03616178e+00  1.58585691e+00 -4.93727475e-01
 -3.07119966e-01  9.14265960e-02 -6.41273111e-02 -5.38270436e-02
  3.15355629e-01  1.19199312e+00  6.83415830e-01  1.33915111e-01
  1.16254874e-01  3.87908012e-01  8.34312201e-01 -1.76378161e-01
  4.98694271e-01 -4.02371407e-01 -7.95837879e-01 -3.92245412e-01
 -7.62568772e-01  1.17841554e+00 -8.50370944e-01 -8.19937170e-01
 -1.17226891e-01 -8.34619522e-01 -1.40142596e+00  3.41342449e-01
 -1.18009889e+00  1.72452241e-01  7.37082437e-02 -3.43734443e-01
 -5.56558371e-01 -1.20999336e-01  6.78034663e-01 -1.69035867e-02
 -9.26296234e-01 -5.40798724e-01 -1.40218958e-01 -3.94925140e-02
 -8.04703236e-01 -9.95787308e-02 -2.03307927e-01 -1.50647974e+00
 -1.90729693e-01  4.01281953e-01  8.01624775e-01 -1.31860971e+00
  2.80246615e-01 -1.09216804e-02 -8.86645317e-01  8.60824645e-01
  5.10790169e-01  2.27465048e-01 -6.09495401e-01  1.30400555e-02
 -5.35382628e-02  5.99121809e-01  9.75840449e-01  7.68029451e-01
 -1.04766703e+00  1.87973067e-01  7.01478198e-02  4.77244973e-01
 -6.52137339e-01  7.09963962e-02 -4.24877740e-02  3.11902642e-01
  1.14879143e+00 -1.62646145e-01  2.15660229e-01  2.38919973e-01
  1.27243221e-01 -2.14758724e-01 -8.41916800e-01  1.32479280e-01
  2.49055177e-01 -3.80854696e-01 -2.53900200e-01 -1.52146888e+00
 -4.27862376e-01 -3.30217481e-01 -1.65427983e-01 -5.02607748e-02
  5.20032287e-01 -1.33780479e-01 -2.27504417e-01 -2.93135196e-01
 -2.25837648e-01  5.58377504e-01 -2.53188342e-01  1.02464998e+00
  3.18368047e-01  2.15202257e-01 -1.98995262e-01 -1.44416893e+00
  5.02204970e-02 -2.66076565e-01 -1.08973151e-02 -2.40284443e-01
 -5.64793527e-01  6.28166497e-02  3.36367339e-01 -8.57639432e-01
 -8.62743378e-01 -5.27694464e-01 -5.19397497e-01  8.48357737e-01
 -9.25135195e-01 -8.00738484e-02 -1.99941337e-01 -4.17113543e-01
 -7.53359854e-01 -9.31248963e-01 -3.05604845e-01  3.69783878e-01
 -1.04227677e-01  1.14021158e+00 -1.58956695e+00 -1.72336042e-01
  3.25673372e-01  7.78758302e-02 -3.53107870e-01  5.87968975e-02
  1.47149250e-01  8.21567714e-01  9.81274366e-01  5.93652308e-01
  5.79920053e-01  7.66876757e-01 -7.82622874e-01  4.46217418e-01
 -2.69964069e-01  4.41214263e-01 -1.92598388e-01 -4.10362273e-01
  5.84180020e-02  1.81740105e-01 -1.81846797e-01  3.85951310e-01
  8.06822419e-01  6.49897575e-01 -7.08981693e-01  1.09895403e-02
  5.91275170e-02 -7.26420283e-01 -3.29815060e-01 -2.90464878e-01
  3.73225480e-01  7.54145861e-01  1.66838729e+00 -2.18773857e-01
 -7.01609969e-01 -1.36749840e+00 -3.00247729e-01 -5.03675103e-01
  8.70439291e-01 -4.03018713e-01 -9.52010870e-01  1.99213073e-01
 -9.88790244e-02 -1.30468071e+00 -5.96089602e-01  2.54472584e-01
 -1.41453886e+00 -2.63562888e-01 -5.13353407e-01  7.11600557e-02
  1.20021462e+00 -1.73822570e+00  7.00591266e-01 -8.52419317e-01
  1.40644157e+00 -9.30212319e-01  1.71362936e-01 -3.40986192e-01
  1.11099374e+00  3.32399905e-01  3.70734811e-01 -1.41833186e+00
  7.56462216e-01 -4.55584586e-01  4.26305503e-01 -6.59897864e-01
  1.24169588e+00 -3.52406174e-01 -1.76326826e-01  4.58189696e-01]","[ 2.58754939e-01  7.65666783e-01 -4.65707630e-01 -4.36065912e-01
 -1.02154410e+00  3.74384910e-01  2.53483087e-01  4.09017712e-01
 -6.94044456e-02  6.88503325e-01 -5.28746426e-01  9.49705672e-03
  1.22118175e+00 -1.29630601e+00 -8.81272554e-01 -1.36076915e+00
 -7.82842219e-01 -6.90891325e-01 -7.81432152e-01  7.17344582e-01
  1.65111768e+00 -2.14252546e-01  7.42859602e-01  8.88970852e-01
  9.16712806e-02  6.13837898e-01  2.14042950e+00 -4.88709062e-01
 -3.48345608e-01  6.08429551e-01 -7.47659430e-02  1.67858288e-01
  2.20460221e-01 -8.66752043e-02  5.38115680e-01  3.48620623e-01
 -4.05876786e-01  2.07969666e-01  3.64317708e-02 -1.68470338e-01
 -1.19797252e-01 -3.29685718e-04  1.09635150e+00  8.61720383e-01
  3.81253630e-01  3.06869358e-01  8.60960782e-01 -5.03717922e-02
  5.55247486e-01 -2.21602872e-01  3.81490827e-01  1.78490713e-01
 -3.82163048e-01 -5.39982021e-01 -2.26499572e-01  2.35104397e-01
  5.11031091e-01  1.36317283e-01 -1.01213396e+00  7.63465106e-01
 -7.91656673e-01  6.24221146e-01 -5.04378676e-02  1.83643326e-01
 -2.18661264e-01  7.73185909e-01  6.97015703e-01 -8.37078318e-02
 -1.59653902e-01 -3.47926170e-01 -3.12480479e-01 -4.70926136e-01
 -1.22260191e-01 -1.11529268e-01 -5.80355048e-01 -4.57529038e-01
  1.04305685e-01 -5.60658038e-01 -5.75476885e-02  2.07826346e-02
  5.11998355e-01 -4.07395922e-02 -8.57271776e-02  8.07722390e-01
  1.25639126e-01 -2.27841973e-01  1.99368715e-01  3.94466549e-01
 -2.29423419e-01  6.56251252e-01 -1.39102936e+00 -2.48177513e-01
  1.02561653e+00  1.63333565e-01 -7.41358042e-01  4.11552817e-01
 -6.56937659e-01  8.11281383e-01  1.32502774e-02 -8.95606503e-02
 -8.85221139e-02  8.10027122e-01 -1.39308321e+00  1.41229165e+00
  1.47527564e+00 -5.27085662e-01  2.02385023e-01 -1.41935205e+00
 -2.88261324e-01  4.54457074e-01 -1.46575600e-01 -8.69578123e-02
  7.32687950e-01 -6.16145432e-01  1.34594366e-01  6.39876187e-01
 -1.44258842e-01  2.16147140e-01 -2.23000154e-01  6.38989031e-01
 -4.11915869e-01  3.50595713e-01  5.70650995e-01 -8.09123695e-01
 -4.94646877e-01 -4.51880284e-02 -1.54170379e-01  3.72843176e-01
 -1.84427261e-01 -4.46734615e-02  1.41228944e-01 -3.13785821e-01
 -1.36994436e-01 -2.44505003e-01 -1.35662365e+00  5.76085364e-03
  1.65453315e-01 -5.28535903e-01 -1.37860805e-01 -6.12922132e-01
 -4.81841946e-03  1.16985954e-01  5.10767877e-01 -5.25469959e-01
  3.92412357e-02  3.49685192e-01 -6.66919053e-02 -2.74920493e-01
  6.00411296e-02 -3.49984258e-01  7.61600062e-02 -2.26685509e-01
  8.62072706e-01 -4.64118570e-01 -2.94663697e-01  5.15659273e-01
  1.72863439e-01 -9.21992779e-01 -9.47336614e-01 -2.89100736e-01
  2.59418692e-02  1.51202843e-01 -7.73630664e-02  3.85801084e-02
  2.93126196e-01 -3.53437036e-01 -1.18852735e-01  5.98323166e-01
  1.07211065e+00  1.25569713e+00  2.15441491e-02 -2.15563297e-01
 -7.10687578e-01  1.29834712e+00  8.37024391e-01  1.38366830e+00
 -2.41990876e-03 -3.08258146e-01 -1.00147593e+00  3.74590397e-01
  3.18077542e-02  1.06435704e+00  6.53108656e-02 -3.44478697e-01
  4.10884619e-04  4.46341187e-01 -2.23740339e-02  3.45368236e-01
 -1.59559309e-01  2.95039713e-01  4.16525990e-01  2.51234889e-01
  1.53080240e-01 -5.57194650e-01 -4.55134362e-01 -9.01373684e-01
 -1.24181308e-01 -3.51409823e-01 -2.22094998e-01  4.69337195e-01
  3.66864018e-02 -9.05083597e-01  4.72788185e-01 -8.23253930e-01
 -7.69597828e-01 -1.41294524e-01 -5.41748941e-01 -1.59614399e-01
 -3.31402093e-01  1.56573012e-01 -6.26872480e-01 -1.08016205e+00
  6.74879372e-01 -2.28904560e-01 -3.66408229e-01  9.52807426e-01
 -2.49409720e-01  6.31160557e-01 -2.16425419e-01  7.80879796e-01
 -5.31057753e-02  2.12950587e-01  2.08714247e-01 -3.76456939e-02
  1.02227533e+00  2.05922544e-01  4.96548325e-01  1.14875138e+00
 -1.47142842e-01  1.44781128e-01 -1.00707434e-01  1.95989263e+00
  5.88235199e-01  2.39680350e-01  1.08087635e+00  8.00363198e-02
 -4.00677443e-01 -8.46993923e-01 -3.01950455e-01 -4.92810518e-01
 -9.30117428e-01  9.02858555e-01 -2.92300373e-01 -1.44224569e-01
  4.48532671e-01 -7.70175755e-01 -9.61511359e-02 -9.23241436e-01
  6.88463748e-02  2.13101104e-01  3.51493865e-01  7.25903213e-02
  8.29195008e-02  3.10883552e-01 -3.06551903e-01  6.26678407e-01
  1.16759121e-01 -3.19817029e-02  9.86835957e-01  2.12960601e-01
 -1.87608883e-01 -4.39048260e-01 -3.93611670e-01  3.14746238e-02
  4.67132837e-01  5.91510355e-01 -5.82304895e-01 -3.08005631e-01
 -3.97076577e-01 -1.61111081e+00 -6.18716002e-01  9.36848521e-02
 -2.64846057e-01  3.04639369e-01 -2.97773540e-01  2.59679228e-01
  8.37306738e-01  3.94203186e-01 -8.16127777e-01 -1.10288668e+00
  1.83305308e-01 -2.00568721e-01  1.48652220e+00  1.16011453e+00
 -2.86318362e-02 -5.29603899e-01  3.83966208e-01  7.54229307e-01
  7.64074996e-02  3.81459713e-01 -3.68279248e-01  3.44247609e-01
  2.45934680e-01  7.71982253e-01 -1.27560392e-01  5.86078055e-02
  1.93814218e+00 -1.06247580e+00 -5.15270948e-01 -6.02204442e-01
 -1.91837952e-01  1.38955191e-01  5.88956475e-03 -2.56706387e-01
  6.63230121e-01  3.49048585e-01  5.71135342e-01  7.18370378e-01
 -1.42920511e-02  1.72898695e-01  6.89943075e-01  1.69781840e-03
 -3.96998338e-02  7.82621205e-01  7.13594913e-01 -3.70173663e-01
 -5.42735076e-03 -8.73017013e-01 -4.07721192e-01 -2.67813742e-01
  7.90600777e-01  4.62941319e-01  5.06024420e-01 -8.13354015e-01
  3.29493552e-01  2.80005783e-01 -1.17573768e-01  3.97675186e-01
  1.45187899e-01 -8.07157829e-02 -7.78619200e-02 -9.61248457e-01
  6.81790113e-02 -6.57359958e-02  9.75333154e-01  1.91977775e+00
 -3.26742262e-01  7.42301112e-03  2.52164411e-03 -4.06822801e-01
 -9.29980457e-01  8.28021824e-01 -3.20083089e-02  1.52232334e-01
  4.19183105e-01  4.04705971e-01  1.15119231e+00 -1.91186130e-01
 -1.26877546e-01 -1.48641035e-01 -3.43369275e-01 -1.19184506e+00
 -2.82330811e-01  1.25802338e+00 -2.45547876e-01 -8.44457448e-02
 -5.24645150e-01  2.47254089e-01  4.11571175e-01  2.63517380e-01
 -8.29683170e-02  2.00176358e-01 -1.07659066e+00 -4.29665715e-01
  1.15340889e+00  1.80977825e-02 -6.42389894e-01  1.35355279e-01
  4.07437468e-03  2.60230094e-01 -5.03543727e-02 -8.82178068e-01
 -2.46009305e-01 -1.16771936e+00 -3.78451586e-01 -7.65593290e-01
 -4.00647074e-01 -1.21218868e-01 -8.26268017e-01 -3.02382022e-01
 -5.00344252e-03 -1.06858885e+00 -3.26659828e-01 -2.16492906e-01
 -3.30358028e-01  2.30187774e-01 -1.79770425e-01 -9.02734339e-01
 -7.41476953e-01 -6.15338869e-02 -9.38126519e-02  1.94314957e-01
 -2.89056301e-01  8.90308917e-01  3.91442508e-01  6.97327435e-01
  7.45553672e-01  4.24382836e-01 -3.27737331e-01  5.80936432e-01
 -1.24678463e-02  9.26483929e-01 -3.51582199e-01  1.77305654e-01
  1.70948878e-01  4.45365123e-02  1.28183261e-01  3.41375679e-01
 -5.32822609e-01 -4.74269688e-02  4.22098309e-01  9.11723912e-01
  8.00791025e-01 -6.36188805e-01  8.95480737e-02 -8.06500256e-01
 -4.49507117e-01 -1.71611205e-01 -5.80729425e-01 -1.74753711e-01
  3.67258549e-01 -1.01258963e-01  3.10842961e-01 -5.60998805e-02
  2.71947473e-01  4.78378147e-01  8.30143690e-01  4.15337592e-01
 -1.45673469e-01 -7.29671180e-01 -5.47645152e-01 -9.97540951e-01
 -8.99102926e-01  5.54789960e-01 -2.95613915e-01 -7.16665268e-01
  2.14029267e-01 -1.01798892e+00 -9.23852921e-01  7.91428983e-02
 -9.04280901e-01  6.19130284e-02  1.51161209e-01 -2.35187531e-01
 -3.37493032e-01 -1.02911043e+00 -9.89820734e-02  9.27680433e-01
 -3.10963392e-01 -2.72858471e-01  1.63475215e-01  2.96460211e-01
  4.45687979e-01  1.95598766e-01 -3.05731595e-01  6.93182573e-02
 -3.21123272e-01  5.95443428e-01  5.48458576e-01 -2.00317121e+00
  6.79128945e-01  4.56946820e-01 -7.14092970e-01  3.14033777e-02
 -6.99467063e-02  8.38553488e-01 -1.02953374e+00  4.51370209e-01
 -5.72017729e-01  7.34556675e-01  6.52249217e-01  5.14868200e-01
 -4.01160747e-01  4.57474798e-01  2.88481891e-01 -8.71608034e-02
  1.11201353e-01 -9.85160887e-01  2.93618321e-01 -3.79842997e-01
  8.51307884e-02 -5.13610363e-01 -4.46230084e-01  1.90197393e-01
 -2.25161240e-01  2.27955058e-01 -1.24368936e-01 -6.23004377e-01
 -1.21121533e-01 -4.17960078e-01  1.72031224e-02 -9.25355911e-01
  1.97996378e-01 -9.37604904e-02 -8.29413414e-01 -8.01442146e-01
  9.10189077e-02  1.93399265e-01 -6.44582450e-01 -7.51188278e-01
 -3.33442926e-01  2.49328986e-01 -7.26612434e-02  1.05746686e+00
  8.82225409e-02 -4.86976236e-01  1.60925579e+00 -7.45107889e-01
  1.58774313e-02 -1.61246493e-01  7.17768967e-02 -5.85627973e-01
 -2.52059549e-01 -4.42534357e-01  2.18473479e-01 -8.10688913e-01
 -9.37299252e-01 -5.24647534e-01 -2.10442737e-01  5.20700634e-01
 -9.27391708e-01 -5.11770666e-01 -7.26313531e-01 -3.05953294e-01
 -7.26748466e-01 -1.29627538e+00  1.06564254e-01  5.24497032e-01
  3.93341690e-01  6.82094276e-01 -3.47765595e-01  2.02958107e-01
 -9.43305120e-02 -6.87422931e-01  6.86987817e-01  2.45795906e-01
  3.44973117e-01  9.67409134e-01  1.50813806e+00  3.60267907e-01
 -5.07872105e-01  4.62053381e-02 -5.79474270e-01  6.78498089e-01
 -6.48347318e-01  4.99527693e-01 -1.12642586e-01  9.04823542e-02
  8.42202723e-01  5.29779196e-01 -4.15849477e-01  6.08234823e-01
  7.51701653e-01  1.28312588e+00 -5.83781183e-01  2.36583486e-01
  4.46787387e-01 -3.08433235e-01 -2.31035069e-01  7.70932138e-02
  9.77844521e-02  1.07979155e+00  1.03480005e+00 -2.42791072e-01
 -2.93547481e-01 -9.94999707e-01  6.03366315e-01 -2.94181198e-04
  8.74860764e-01 -1.30845034e+00  1.74097955e-01  8.38625208e-02
 -8.89260590e-01 -1.20076764e+00 -5.70772111e-01  3.23102623e-01
 -1.04073751e+00 -8.27366650e-01  2.95840353e-02  5.12552619e-01
  6.87260330e-01 -7.78497756e-01 -3.96597475e-01 -4.32368070e-01
  3.85459930e-01 -1.70074224e-01  1.80485800e-01  3.28782350e-01
  7.54682243e-01 -1.78295150e-01 -6.10124528e-01 -1.08846831e+00
 -2.02196494e-01 -3.63281816e-01 -1.63538814e-01 -5.32768428e-01
  2.83494651e-01 -3.79056066e-01 -8.27098917e-03  1.01834345e+00]",0
128,[*]C(C[*])C(=O)[O-],[*]CC([*])c1cc[n+](CC)cc1,800,570,7.0,150,33,0.5,0,1,3,0.7125,0,1,0,9.921712962962964,9.921712962962964,0.0370370370370369,-0.7824074074074072,0.4204227437702691,19.2,71.055,68.031,71.01385291591001,28.0,2.6,3.2,3.2,1.6457113704075783,3.34341705895396,73.33515884998701,5.861807319565799,2.6009536313038994,2.6009536313038994,3.1807392125526213,1.1051717155225391,1.1051717155225391,0.5231597389607807,0.5231597389607807,0.1666666666666666,0.1666666666666666,0.0,0.0,-0.53,27.977093296928835,1.798837033645378,0.5057254621854761,0.2506048614847814,30.42489110886254,29.21492868948101,9.901064578912528,5.969305287951849,13.344558822616634,0.0,0.0,5.106527394840706,5.969305287951849,4.794537184071822,0.0,0.0,13.344558822616634,40.13,5.969305287951849,9.901064578912528,6.4208216229260096,6.923737199690624,0.0,0.0,0.0,0.0,0.3533333333333333,9.921712962962964,9.921712962962964,0.0,-0.7824074074074072,0.0,0.0694444444444444,1.0162037037037035,0.0,0.6666666666666666,5.0,2.0,0.0,0.0,2.0,4.0,2.0,0.0,-0.9583000000000002,13.564000000000002,1.0,0.0,1.0,1.0,1.0,1.0,0.0,0.0,0.0,0.0,2.3224074074074075,2.3224074074074075,0.5284301776266063,0.5284301776266063,0.5521406753358277,15.7,134.202,122.10599999999998,134.09642580409,52.0,0.0,1.7,2.4,2.9,2.167053352545513,2.770446815269876,232.78878061771368,8.974691494688164,6.248178503821182,6.248178503821182,5.774386907679233,3.4806726876126763,3.4806726876126763,2.166047211752171,2.166047211752171,1.5177731138680297,1.5177731138680297,0.8157553743075044,0.8157553743075044,-0.8500000000000001,606.7749387127436,4.888623338494641,2.080926843886177,0.919449804078233,62.32079104462523,61.47002484785755,4.567099647791355,0.0,0.0,0.0,26.813052428219837,0.0,30.08987277184637,4.567099647791355,0.0,6.544756405912575,0.0,18.90801031431363,24.52642128014937,6.923737199690624,3.88,0.0,0.0,0.0,12.965578028838586,0.0,12.48718869138762,0.0,36.01725812763135,3.383179406021668,0.0,0.0,1.6200925925925929,0.0,4.644814814814815,5.496394557823129,4.855518628747795,0.0,0.4444444444444444,10.0,1.0,1.0,1.0,0.0,3.0,3.0,1.0,1.552,39.859000000000016,0.0,1.0,0.0,0.0,0.0,0.0,1.0,0.0,1.0,1.0,0.0,0.0,[*]CC([*])C(=O)[O-],[*]CC([*])c1cc[n+](CC)cc1,"[ 5.50952554e-01  6.67746007e-01  3.77917290e-01 -1.17441809e+00
 -6.69968367e-01 -1.58297330e-01 -6.72284961e-02 -5.28121531e-01
 -2.75267303e-01  1.55845845e+00  2.68392377e-02 -5.55266798e-01
  7.93385267e-01 -1.03456473e+00 -6.35627568e-01 -1.03876030e+00
 -1.70346820e+00 -1.30036497e+00 -2.25371301e-01 -1.41964734e-01
  1.05430499e-01 -2.92812109e-01  3.19773614e-01  7.72576690e-01
 -6.40112102e-01  1.28019118e+00  2.42774200e+00 -4.54006344e-01
 -9.02524412e-01  9.79506493e-01 -3.34828138e-01 -3.03650469e-01
 -1.33218363e-01 -9.41639364e-01  7.83632636e-01  4.23074663e-01
 -1.73241779e-01  3.54419112e-01  3.47581238e-01 -3.20249461e-02
 -5.87040186e-01 -6.94137141e-02  1.36469281e+00  1.50850272e+00
 -7.08109001e-04  1.40314758e+00  8.37898135e-01  2.30026972e-02
 -1.28918486e-02 -4.91764814e-01 -3.88111532e-01 -8.54103506e-01
 -3.39003444e-01 -8.56086552e-01 -6.32213116e-01 -4.84038144e-01
 -2.89928913e-03  8.45237494e-01 -9.35304523e-01 -3.63467872e-01
 -6.73271000e-01 -1.05482444e-01  8.11104894e-01 -1.71648502e-01
 -3.46295953e-01  9.68204662e-02  7.82802626e-02  6.15729988e-01
 -1.28915578e-01 -8.80074680e-01 -1.10793412e-01 -2.32655019e-01
 -2.76402205e-01  4.76215333e-02 -5.37703753e-01 -4.57626283e-01
 -5.56176007e-01 -5.34456968e-01  4.31151748e-01 -4.61292788e-02
  3.29330802e-01 -1.57692686e-01  6.79725409e-01  7.64999747e-01
  2.28698909e-01  4.99854833e-01  1.03707455e-01  4.23821568e-01
 -1.18584305e-01  5.51582500e-02 -1.27232492e+00  9.25469279e-01
  1.17828858e+00  5.55050254e-01 -6.01640403e-01  1.85598596e-03
 -5.06517231e-01  3.62108380e-01 -1.25593603e-01  2.64763713e-01
  1.74772024e-01  3.16496044e-01 -1.01321959e+00  8.26404274e-01
  1.10871613e+00 -1.15284944e+00  1.07645226e+00 -9.01291013e-01
 -5.09613574e-01  6.92212641e-01 -6.20536089e-01 -2.36807078e-01
  1.11608577e+00  5.01168847e-01  5.16830027e-01  4.75949496e-01
 -6.68551743e-01  4.93257880e-01  2.93971598e-01  4.70821112e-02
 -3.74763817e-01  1.12406266e+00 -1.71836525e-01 -9.83554304e-01
 -3.04760039e-01 -8.03640932e-02  4.01249915e-01 -2.37712353e-01
 -3.63715082e-01 -4.04603444e-02 -6.94833323e-02 -2.84978569e-01
 -1.37553036e-01 -6.40389100e-02 -1.30503821e+00  6.43750072e-01
  8.66559386e-01 -6.59701407e-01 -2.93511987e-01 -5.99394381e-01
 -1.37480929e-01  3.21428955e-01 -4.59521860e-02 -7.53167152e-01
 -2.05593005e-01  1.92969292e-01  1.47321537e-01  6.28412962e-01
  3.42511177e-01 -7.05951214e-01  4.42748845e-01 -4.32425022e-01
  1.24913609e+00 -4.02215600e-01  3.81262302e-01  6.94990575e-01
  3.94117445e-01 -8.92814755e-01 -1.08931231e+00  4.76228297e-01
  1.24987923e-01  6.95637167e-02  7.04857886e-01  3.86546522e-01
  4.89218652e-01  1.67667687e-01  6.18894100e-01  4.35397118e-01
  6.26206696e-01  8.39248419e-01  2.65890479e-01 -2.82257199e-02
  2.12427139e-01  7.49804258e-01  7.74736702e-01  1.29185498e+00
 -4.25994545e-02 -1.65944263e-01 -9.42873001e-01 -1.42539650e-01
 -5.09615064e-01  9.65403438e-01  8.34682345e-01 -5.18386602e-01
  3.53891730e-01  6.41801357e-02  5.08618951e-01  1.01894891e+00
 -3.28530014e-01 -3.32997628e-02 -1.80441827e-01  2.35096931e-01
 -2.55989581e-01 -2.09291473e-01 -1.47133321e-01 -1.64968276e+00
 -1.69284850e-01  6.07510209e-02  6.21947587e-01  7.29369700e-01
  5.99946022e-01 -6.74916565e-01  1.23031831e+00 -1.28958249e+00
 -6.64112449e-01 -3.67776453e-01  1.31455690e-01  3.78233433e-01
 -8.40135753e-01 -3.63106400e-01 -2.50634134e-01 -2.10742283e+00
  6.89093709e-01 -9.02974844e-01 -4.02772009e-01  1.54137588e+00
 -2.07992017e-01  9.06994522e-01 -5.44871032e-01  3.85305762e-01
 -8.09826478e-02  6.84405208e-01  2.46060431e-01 -5.65070868e-01
  5.42701185e-01  2.30542719e-02 -1.22137517e-01  6.66289628e-01
 -1.00670137e-01  5.78732230e-02 -1.18791723e+00  2.20502615e+00
  7.74039507e-01  3.79953198e-02  1.60000706e+00  1.23174655e+00
  2.83441335e-01 -3.15214992e-01 -7.11687982e-01 -7.00975180e-01
 -8.20701361e-01  6.06228650e-01 -6.73054680e-02 -3.09595257e-01
 -1.70270309e-01 -1.09378815e+00 -1.88075840e-01  1.54434606e-01
  6.66516542e-01  3.04506958e-01  1.23938218e-01  3.31819475e-01
 -1.62126659e-03  4.06757772e-01 -8.66131783e-02 -5.88821769e-02
 -5.21769404e-01 -2.06430405e-01  1.92552900e+00 -2.83560157e-01
 -1.90655738e-01 -4.01817203e-01  5.80403030e-01  1.90049112e-01
  5.90409189e-02  3.97923917e-01 -4.53226894e-01  4.97723222e-01
 -3.94481063e-01 -1.30251551e+00 -3.18813235e-01 -4.60155487e-01
 -4.52672958e-01  4.28255886e-01  1.86832532e-01 -4.64421064e-01
  8.26421797e-01  8.58034790e-02  9.91345942e-02 -6.91530228e-01
  6.67168140e-01 -6.56287134e-01  1.84816062e+00  1.09426033e+00
  1.60102636e-01 -1.11405814e+00  3.91883664e-02  3.58302563e-01
 -5.41131608e-02  4.13817704e-01 -2.12963536e-01  3.07724923e-01
  1.17556334e+00 -1.34069726e-01  2.33674124e-01 -7.30481418e-03
  7.81065047e-01 -3.03012580e-01 -8.35513845e-02  5.53557932e-01
 -2.84455985e-01 -2.47817889e-01  1.89149991e-01 -1.02672207e+00
  1.32583808e-02 -2.55627990e-01  9.52539861e-01 -2.96597350e-02
  8.79282951e-01  4.27375317e-01 -1.99289754e-01  2.20845848e-01
  1.33380175e-01  1.14704527e-01  9.84668970e-01 -2.11234868e-01
 -4.05843139e-01 -7.67308354e-01  3.14330757e-02  3.86560559e-01
  1.19929647e+00  5.36592305e-01  5.09199142e-01 -1.36162627e+00
 -1.05296448e-01 -5.59449345e-02 -3.80162150e-02 -6.26801491e-01
  1.86362505e-01 -1.73844025e-01 -6.50287032e-01 -3.45541984e-01
 -7.34303296e-01  7.24383742e-02  1.10383463e+00  1.14996636e+00
  4.15981650e-01  2.12344471e-02  3.46782468e-02 -6.53821528e-01
 -5.01247168e-01  1.01878500e+00 -5.11385202e-01  5.93827702e-02
  1.42465687e+00  8.32590798e-04  8.78591835e-01  5.78436792e-01
  7.18320012e-01  5.57367444e-01 -5.57254732e-01 -1.31244791e+00
  7.39392415e-02  1.02208316e+00 -1.73512977e-02  8.59655023e-01
 -3.99190225e-02 -2.82223940e-01  3.95490587e-01  4.02262717e-01
  8.03426445e-01 -2.58965492e-01 -1.23902738e+00 -9.40800786e-01
  1.62803307e-01 -1.82705402e-01 -1.00059152e+00 -5.43330550e-01
 -6.58766031e-01 -2.29741275e-01  1.80671170e-01 -1.29144430e-01
  3.56926799e-01 -8.86848867e-02 -9.70983922e-01  2.64483422e-01
  1.72349140e-01 -7.12217987e-01 -8.57104957e-02 -3.92155677e-01
  1.69065610e-01 -3.40923727e-01 -2.67417639e-01 -1.58317521e-01
 -6.08656704e-01  1.02118409e+00 -2.54552245e-01 -9.51778710e-01
 -2.65829086e-01 -5.54043390e-02 -5.34137547e-01  7.80924261e-02
 -4.31904018e-01 -2.93715656e-01 -5.59636712e-01  7.50055850e-01
  5.42586446e-01  5.21332622e-01  7.41369128e-01 -2.03372106e-01
 -2.98140310e-02  1.17485476e+00 -6.42839670e-01  9.09768820e-01
 -2.86733925e-01 -6.71667278e-01 -7.02754200e-01  5.18063009e-01
 -7.03846872e-01  8.45564783e-01  2.22889528e-01  5.72806001e-02
  7.29165733e-01 -1.03616178e+00  1.58585691e+00 -4.93727475e-01
 -3.07119966e-01  9.14265960e-02 -6.41273111e-02 -5.38270436e-02
  3.15355629e-01  1.19199312e+00  6.83415830e-01  1.33915111e-01
  1.16254874e-01  3.87908012e-01  8.34312201e-01 -1.76378161e-01
  4.98694271e-01 -4.02371407e-01 -7.95837879e-01 -3.92245412e-01
 -7.62568772e-01  1.17841554e+00 -8.50370944e-01 -8.19937170e-01
 -1.17226891e-01 -8.34619522e-01 -1.40142596e+00  3.41342449e-01
 -1.18009889e+00  1.72452241e-01  7.37082437e-02 -3.43734443e-01
 -5.56558371e-01 -1.20999336e-01  6.78034663e-01 -1.69035867e-02
 -9.26296234e-01 -5.40798724e-01 -1.40218958e-01 -3.94925140e-02
 -8.04703236e-01 -9.95787308e-02 -2.03307927e-01 -1.50647974e+00
 -1.90729693e-01  4.01281953e-01  8.01624775e-01 -1.31860971e+00
  2.80246615e-01 -1.09216804e-02 -8.86645317e-01  8.60824645e-01
  5.10790169e-01  2.27465048e-01 -6.09495401e-01  1.30400555e-02
 -5.35382628e-02  5.99121809e-01  9.75840449e-01  7.68029451e-01
 -1.04766703e+00  1.87973067e-01  7.01478198e-02  4.77244973e-01
 -6.52137339e-01  7.09963962e-02 -4.24877740e-02  3.11902642e-01
  1.14879143e+00 -1.62646145e-01  2.15660229e-01  2.38919973e-01
  1.27243221e-01 -2.14758724e-01 -8.41916800e-01  1.32479280e-01
  2.49055177e-01 -3.80854696e-01 -2.53900200e-01 -1.52146888e+00
 -4.27862376e-01 -3.30217481e-01 -1.65427983e-01 -5.02607748e-02
  5.20032287e-01 -1.33780479e-01 -2.27504417e-01 -2.93135196e-01
 -2.25837648e-01  5.58377504e-01 -2.53188342e-01  1.02464998e+00
  3.18368047e-01  2.15202257e-01 -1.98995262e-01 -1.44416893e+00
  5.02204970e-02 -2.66076565e-01 -1.08973151e-02 -2.40284443e-01
 -5.64793527e-01  6.28166497e-02  3.36367339e-01 -8.57639432e-01
 -8.62743378e-01 -5.27694464e-01 -5.19397497e-01  8.48357737e-01
 -9.25135195e-01 -8.00738484e-02 -1.99941337e-01 -4.17113543e-01
 -7.53359854e-01 -9.31248963e-01 -3.05604845e-01  3.69783878e-01
 -1.04227677e-01  1.14021158e+00 -1.58956695e+00 -1.72336042e-01
  3.25673372e-01  7.78758302e-02 -3.53107870e-01  5.87968975e-02
  1.47149250e-01  8.21567714e-01  9.81274366e-01  5.93652308e-01
  5.79920053e-01  7.66876757e-01 -7.82622874e-01  4.46217418e-01
 -2.69964069e-01  4.41214263e-01 -1.92598388e-01 -4.10362273e-01
  5.84180020e-02  1.81740105e-01 -1.81846797e-01  3.85951310e-01
  8.06822419e-01  6.49897575e-01 -7.08981693e-01  1.09895403e-02
  5.91275170e-02 -7.26420283e-01 -3.29815060e-01 -2.90464878e-01
  3.73225480e-01  7.54145861e-01  1.66838729e+00 -2.18773857e-01
 -7.01609969e-01 -1.36749840e+00 -3.00247729e-01 -5.03675103e-01
  8.70439291e-01 -4.03018713e-01 -9.52010870e-01  1.99213073e-01
 -9.88790244e-02 -1.30468071e+00 -5.96089602e-01  2.54472584e-01
 -1.41453886e+00 -2.63562888e-01 -5.13353407e-01  7.11600557e-02
  1.20021462e+00 -1.73822570e+00  7.00591266e-01 -8.52419317e-01
  1.40644157e+00 -9.30212319e-01  1.71362936e-01 -3.40986192e-01
  1.11099374e+00  3.32399905e-01  3.70734811e-01 -1.41833186e+00
  7.56462216e-01 -4.55584586e-01  4.26305503e-01 -6.59897864e-01
  1.24169588e+00 -3.52406174e-01 -1.76326826e-01  4.58189696e-01]","[ 2.58754939e-01  7.65666783e-01 -4.65707630e-01 -4.36065912e-01
 -1.02154410e+00  3.74384910e-01  2.53483087e-01  4.09017712e-01
 -6.94044456e-02  6.88503325e-01 -5.28746426e-01  9.49705672e-03
  1.22118175e+00 -1.29630601e+00 -8.81272554e-01 -1.36076915e+00
 -7.82842219e-01 -6.90891325e-01 -7.81432152e-01  7.17344582e-01
  1.65111768e+00 -2.14252546e-01  7.42859602e-01  8.88970852e-01
  9.16712806e-02  6.13837898e-01  2.14042950e+00 -4.88709062e-01
 -3.48345608e-01  6.08429551e-01 -7.47659430e-02  1.67858288e-01
  2.20460221e-01 -8.66752043e-02  5.38115680e-01  3.48620623e-01
 -4.05876786e-01  2.07969666e-01  3.64317708e-02 -1.68470338e-01
 -1.19797252e-01 -3.29685718e-04  1.09635150e+00  8.61720383e-01
  3.81253630e-01  3.06869358e-01  8.60960782e-01 -5.03717922e-02
  5.55247486e-01 -2.21602872e-01  3.81490827e-01  1.78490713e-01
 -3.82163048e-01 -5.39982021e-01 -2.26499572e-01  2.35104397e-01
  5.11031091e-01  1.36317283e-01 -1.01213396e+00  7.63465106e-01
 -7.91656673e-01  6.24221146e-01 -5.04378676e-02  1.83643326e-01
 -2.18661264e-01  7.73185909e-01  6.97015703e-01 -8.37078318e-02
 -1.59653902e-01 -3.47926170e-01 -3.12480479e-01 -4.70926136e-01
 -1.22260191e-01 -1.11529268e-01 -5.80355048e-01 -4.57529038e-01
  1.04305685e-01 -5.60658038e-01 -5.75476885e-02  2.07826346e-02
  5.11998355e-01 -4.07395922e-02 -8.57271776e-02  8.07722390e-01
  1.25639126e-01 -2.27841973e-01  1.99368715e-01  3.94466549e-01
 -2.29423419e-01  6.56251252e-01 -1.39102936e+00 -2.48177513e-01
  1.02561653e+00  1.63333565e-01 -7.41358042e-01  4.11552817e-01
 -6.56937659e-01  8.11281383e-01  1.32502774e-02 -8.95606503e-02
 -8.85221139e-02  8.10027122e-01 -1.39308321e+00  1.41229165e+00
  1.47527564e+00 -5.27085662e-01  2.02385023e-01 -1.41935205e+00
 -2.88261324e-01  4.54457074e-01 -1.46575600e-01 -8.69578123e-02
  7.32687950e-01 -6.16145432e-01  1.34594366e-01  6.39876187e-01
 -1.44258842e-01  2.16147140e-01 -2.23000154e-01  6.38989031e-01
 -4.11915869e-01  3.50595713e-01  5.70650995e-01 -8.09123695e-01
 -4.94646877e-01 -4.51880284e-02 -1.54170379e-01  3.72843176e-01
 -1.84427261e-01 -4.46734615e-02  1.41228944e-01 -3.13785821e-01
 -1.36994436e-01 -2.44505003e-01 -1.35662365e+00  5.76085364e-03
  1.65453315e-01 -5.28535903e-01 -1.37860805e-01 -6.12922132e-01
 -4.81841946e-03  1.16985954e-01  5.10767877e-01 -5.25469959e-01
  3.92412357e-02  3.49685192e-01 -6.66919053e-02 -2.74920493e-01
  6.00411296e-02 -3.49984258e-01  7.61600062e-02 -2.26685509e-01
  8.62072706e-01 -4.64118570e-01 -2.94663697e-01  5.15659273e-01
  1.72863439e-01 -9.21992779e-01 -9.47336614e-01 -2.89100736e-01
  2.59418692e-02  1.51202843e-01 -7.73630664e-02  3.85801084e-02
  2.93126196e-01 -3.53437036e-01 -1.18852735e-01  5.98323166e-01
  1.07211065e+00  1.25569713e+00  2.15441491e-02 -2.15563297e-01
 -7.10687578e-01  1.29834712e+00  8.37024391e-01  1.38366830e+00
 -2.41990876e-03 -3.08258146e-01 -1.00147593e+00  3.74590397e-01
  3.18077542e-02  1.06435704e+00  6.53108656e-02 -3.44478697e-01
  4.10884619e-04  4.46341187e-01 -2.23740339e-02  3.45368236e-01
 -1.59559309e-01  2.95039713e-01  4.16525990e-01  2.51234889e-01
  1.53080240e-01 -5.57194650e-01 -4.55134362e-01 -9.01373684e-01
 -1.24181308e-01 -3.51409823e-01 -2.22094998e-01  4.69337195e-01
  3.66864018e-02 -9.05083597e-01  4.72788185e-01 -8.23253930e-01
 -7.69597828e-01 -1.41294524e-01 -5.41748941e-01 -1.59614399e-01
 -3.31402093e-01  1.56573012e-01 -6.26872480e-01 -1.08016205e+00
  6.74879372e-01 -2.28904560e-01 -3.66408229e-01  9.52807426e-01
 -2.49409720e-01  6.31160557e-01 -2.16425419e-01  7.80879796e-01
 -5.31057753e-02  2.12950587e-01  2.08714247e-01 -3.76456939e-02
  1.02227533e+00  2.05922544e-01  4.96548325e-01  1.14875138e+00
 -1.47142842e-01  1.44781128e-01 -1.00707434e-01  1.95989263e+00
  5.88235199e-01  2.39680350e-01  1.08087635e+00  8.00363198e-02
 -4.00677443e-01 -8.46993923e-01 -3.01950455e-01 -4.92810518e-01
 -9.30117428e-01  9.02858555e-01 -2.92300373e-01 -1.44224569e-01
  4.48532671e-01 -7.70175755e-01 -9.61511359e-02 -9.23241436e-01
  6.88463748e-02  2.13101104e-01  3.51493865e-01  7.25903213e-02
  8.29195008e-02  3.10883552e-01 -3.06551903e-01  6.26678407e-01
  1.16759121e-01 -3.19817029e-02  9.86835957e-01  2.12960601e-01
 -1.87608883e-01 -4.39048260e-01 -3.93611670e-01  3.14746238e-02
  4.67132837e-01  5.91510355e-01 -5.82304895e-01 -3.08005631e-01
 -3.97076577e-01 -1.61111081e+00 -6.18716002e-01  9.36848521e-02
 -2.64846057e-01  3.04639369e-01 -2.97773540e-01  2.59679228e-01
  8.37306738e-01  3.94203186e-01 -8.16127777e-01 -1.10288668e+00
  1.83305308e-01 -2.00568721e-01  1.48652220e+00  1.16011453e+00
 -2.86318362e-02 -5.29603899e-01  3.83966208e-01  7.54229307e-01
  7.64074996e-02  3.81459713e-01 -3.68279248e-01  3.44247609e-01
  2.45934680e-01  7.71982253e-01 -1.27560392e-01  5.86078055e-02
  1.93814218e+00 -1.06247580e+00 -5.15270948e-01 -6.02204442e-01
 -1.91837952e-01  1.38955191e-01  5.88956475e-03 -2.56706387e-01
  6.63230121e-01  3.49048585e-01  5.71135342e-01  7.18370378e-01
 -1.42920511e-02  1.72898695e-01  6.89943075e-01  1.69781840e-03
 -3.96998338e-02  7.82621205e-01  7.13594913e-01 -3.70173663e-01
 -5.42735076e-03 -8.73017013e-01 -4.07721192e-01 -2.67813742e-01
  7.90600777e-01  4.62941319e-01  5.06024420e-01 -8.13354015e-01
  3.29493552e-01  2.80005783e-01 -1.17573768e-01  3.97675186e-01
  1.45187899e-01 -8.07157829e-02 -7.78619200e-02 -9.61248457e-01
  6.81790113e-02 -6.57359958e-02  9.75333154e-01  1.91977775e+00
 -3.26742262e-01  7.42301112e-03  2.52164411e-03 -4.06822801e-01
 -9.29980457e-01  8.28021824e-01 -3.20083089e-02  1.52232334e-01
  4.19183105e-01  4.04705971e-01  1.15119231e+00 -1.91186130e-01
 -1.26877546e-01 -1.48641035e-01 -3.43369275e-01 -1.19184506e+00
 -2.82330811e-01  1.25802338e+00 -2.45547876e-01 -8.44457448e-02
 -5.24645150e-01  2.47254089e-01  4.11571175e-01  2.63517380e-01
 -8.29683170e-02  2.00176358e-01 -1.07659066e+00 -4.29665715e-01
  1.15340889e+00  1.80977825e-02 -6.42389894e-01  1.35355279e-01
  4.07437468e-03  2.60230094e-01 -5.03543727e-02 -8.82178068e-01
 -2.46009305e-01 -1.16771936e+00 -3.78451586e-01 -7.65593290e-01
 -4.00647074e-01 -1.21218868e-01 -8.26268017e-01 -3.02382022e-01
 -5.00344252e-03 -1.06858885e+00 -3.26659828e-01 -2.16492906e-01
 -3.30358028e-01  2.30187774e-01 -1.79770425e-01 -9.02734339e-01
 -7.41476953e-01 -6.15338869e-02 -9.38126519e-02  1.94314957e-01
 -2.89056301e-01  8.90308917e-01  3.91442508e-01  6.97327435e-01
  7.45553672e-01  4.24382836e-01 -3.27737331e-01  5.80936432e-01
 -1.24678463e-02  9.26483929e-01 -3.51582199e-01  1.77305654e-01
  1.70948878e-01  4.45365123e-02  1.28183261e-01  3.41375679e-01
 -5.32822609e-01 -4.74269688e-02  4.22098309e-01  9.11723912e-01
  8.00791025e-01 -6.36188805e-01  8.95480737e-02 -8.06500256e-01
 -4.49507117e-01 -1.71611205e-01 -5.80729425e-01 -1.74753711e-01
  3.67258549e-01 -1.01258963e-01  3.10842961e-01 -5.60998805e-02
  2.71947473e-01  4.78378147e-01  8.30143690e-01  4.15337592e-01
 -1.45673469e-01 -7.29671180e-01 -5.47645152e-01 -9.97540951e-01
 -8.99102926e-01  5.54789960e-01 -2.95613915e-01 -7.16665268e-01
  2.14029267e-01 -1.01798892e+00 -9.23852921e-01  7.91428983e-02
 -9.04280901e-01  6.19130284e-02  1.51161209e-01 -2.35187531e-01
 -3.37493032e-01 -1.02911043e+00 -9.89820734e-02  9.27680433e-01
 -3.10963392e-01 -2.72858471e-01  1.63475215e-01  2.96460211e-01
  4.45687979e-01  1.95598766e-01 -3.05731595e-01  6.93182573e-02
 -3.21123272e-01  5.95443428e-01  5.48458576e-01 -2.00317121e+00
  6.79128945e-01  4.56946820e-01 -7.14092970e-01  3.14033777e-02
 -6.99467063e-02  8.38553488e-01 -1.02953374e+00  4.51370209e-01
 -5.72017729e-01  7.34556675e-01  6.52249217e-01  5.14868200e-01
 -4.01160747e-01  4.57474798e-01  2.88481891e-01 -8.71608034e-02
  1.11201353e-01 -9.85160887e-01  2.93618321e-01 -3.79842997e-01
  8.51307884e-02 -5.13610363e-01 -4.46230084e-01  1.90197393e-01
 -2.25161240e-01  2.27955058e-01 -1.24368936e-01 -6.23004377e-01
 -1.21121533e-01 -4.17960078e-01  1.72031224e-02 -9.25355911e-01
  1.97996378e-01 -9.37604904e-02 -8.29413414e-01 -8.01442146e-01
  9.10189077e-02  1.93399265e-01 -6.44582450e-01 -7.51188278e-01
 -3.33442926e-01  2.49328986e-01 -7.26612434e-02  1.05746686e+00
  8.82225409e-02 -4.86976236e-01  1.60925579e+00 -7.45107889e-01
  1.58774313e-02 -1.61246493e-01  7.17768967e-02 -5.85627973e-01
 -2.52059549e-01 -4.42534357e-01  2.18473479e-01 -8.10688913e-01
 -9.37299252e-01 -5.24647534e-01 -2.10442737e-01  5.20700634e-01
 -9.27391708e-01 -5.11770666e-01 -7.26313531e-01 -3.05953294e-01
 -7.26748466e-01 -1.29627538e+00  1.06564254e-01  5.24497032e-01
  3.93341690e-01  6.82094276e-01 -3.47765595e-01  2.02958107e-01
 -9.43305120e-02 -6.87422931e-01  6.86987817e-01  2.45795906e-01
  3.44973117e-01  9.67409134e-01  1.50813806e+00  3.60267907e-01
 -5.07872105e-01  4.62053381e-02 -5.79474270e-01  6.78498089e-01
 -6.48347318e-01  4.99527693e-01 -1.12642586e-01  9.04823542e-02
  8.42202723e-01  5.29779196e-01 -4.15849477e-01  6.08234823e-01
  7.51701653e-01  1.28312588e+00 -5.83781183e-01  2.36583486e-01
  4.46787387e-01 -3.08433235e-01 -2.31035069e-01  7.70932138e-02
  9.77844521e-02  1.07979155e+00  1.03480005e+00 -2.42791072e-01
 -2.93547481e-01 -9.94999707e-01  6.03366315e-01 -2.94181198e-04
  8.74860764e-01 -1.30845034e+00  1.74097955e-01  8.38625208e-02
 -8.89260590e-01 -1.20076764e+00 -5.70772111e-01  3.23102623e-01
 -1.04073751e+00 -8.27366650e-01  2.95840353e-02  5.12552619e-01
  6.87260330e-01 -7.78497756e-01 -3.96597475e-01 -4.32368070e-01
  3.85459930e-01 -1.70074224e-01  1.80485800e-01  3.28782350e-01
  7.54682243e-01 -1.78295150e-01 -6.10124528e-01 -1.08846831e+00
 -2.02196494e-01 -3.63281816e-01 -1.63538814e-01 -5.32768428e-01
  2.83494651e-01 -3.79056066e-01 -8.27098917e-03  1.01834345e+00]",0
129,[*]C(C[*])C(=O)[O-],[*]CC([*])c1cc[n+](CC)cc1,2100,570,7.0,150,26,0.5,0,1,3,0.2714285714285714,0,1,0,9.921712962962964,9.921712962962964,0.0370370370370369,-0.7824074074074072,0.4204227437702691,19.2,71.055,68.031,71.01385291591001,28.0,2.6,3.2,3.2,1.6457113704075783,3.34341705895396,73.33515884998701,5.861807319565799,2.6009536313038994,2.6009536313038994,3.1807392125526213,1.1051717155225391,1.1051717155225391,0.5231597389607807,0.5231597389607807,0.1666666666666666,0.1666666666666666,0.0,0.0,-0.53,27.977093296928835,1.798837033645378,0.5057254621854761,0.2506048614847814,30.42489110886254,29.21492868948101,9.901064578912528,5.969305287951849,13.344558822616634,0.0,0.0,5.106527394840706,5.969305287951849,4.794537184071822,0.0,0.0,13.344558822616634,40.13,5.969305287951849,9.901064578912528,6.4208216229260096,6.923737199690624,0.0,0.0,0.0,0.0,0.3533333333333333,9.921712962962964,9.921712962962964,0.0,-0.7824074074074072,0.0,0.0694444444444444,1.0162037037037035,0.0,0.6666666666666666,5.0,2.0,0.0,0.0,2.0,4.0,2.0,0.0,-0.9583000000000002,13.564000000000002,1.0,0.0,1.0,1.0,1.0,1.0,0.0,0.0,0.0,0.0,2.3224074074074075,2.3224074074074075,0.5284301776266063,0.5284301776266063,0.5521406753358277,15.7,134.202,122.10599999999998,134.09642580409,52.0,0.0,1.7,2.4,2.9,2.167053352545513,2.770446815269876,232.78878061771368,8.974691494688164,6.248178503821182,6.248178503821182,5.774386907679233,3.4806726876126763,3.4806726876126763,2.166047211752171,2.166047211752171,1.5177731138680297,1.5177731138680297,0.8157553743075044,0.8157553743075044,-0.8500000000000001,606.7749387127436,4.888623338494641,2.080926843886177,0.919449804078233,62.32079104462523,61.47002484785755,4.567099647791355,0.0,0.0,0.0,26.813052428219837,0.0,30.08987277184637,4.567099647791355,0.0,6.544756405912575,0.0,18.90801031431363,24.52642128014937,6.923737199690624,3.88,0.0,0.0,0.0,12.965578028838586,0.0,12.48718869138762,0.0,36.01725812763135,3.383179406021668,0.0,0.0,1.6200925925925929,0.0,4.644814814814815,5.496394557823129,4.855518628747795,0.0,0.4444444444444444,10.0,1.0,1.0,1.0,0.0,3.0,3.0,1.0,1.552,39.859000000000016,0.0,1.0,0.0,0.0,0.0,0.0,1.0,0.0,1.0,1.0,0.0,0.0,[*]CC([*])C(=O)[O-],[*]CC([*])c1cc[n+](CC)cc1,"[ 5.50952554e-01  6.67746007e-01  3.77917290e-01 -1.17441809e+00
 -6.69968367e-01 -1.58297330e-01 -6.72284961e-02 -5.28121531e-01
 -2.75267303e-01  1.55845845e+00  2.68392377e-02 -5.55266798e-01
  7.93385267e-01 -1.03456473e+00 -6.35627568e-01 -1.03876030e+00
 -1.70346820e+00 -1.30036497e+00 -2.25371301e-01 -1.41964734e-01
  1.05430499e-01 -2.92812109e-01  3.19773614e-01  7.72576690e-01
 -6.40112102e-01  1.28019118e+00  2.42774200e+00 -4.54006344e-01
 -9.02524412e-01  9.79506493e-01 -3.34828138e-01 -3.03650469e-01
 -1.33218363e-01 -9.41639364e-01  7.83632636e-01  4.23074663e-01
 -1.73241779e-01  3.54419112e-01  3.47581238e-01 -3.20249461e-02
 -5.87040186e-01 -6.94137141e-02  1.36469281e+00  1.50850272e+00
 -7.08109001e-04  1.40314758e+00  8.37898135e-01  2.30026972e-02
 -1.28918486e-02 -4.91764814e-01 -3.88111532e-01 -8.54103506e-01
 -3.39003444e-01 -8.56086552e-01 -6.32213116e-01 -4.84038144e-01
 -2.89928913e-03  8.45237494e-01 -9.35304523e-01 -3.63467872e-01
 -6.73271000e-01 -1.05482444e-01  8.11104894e-01 -1.71648502e-01
 -3.46295953e-01  9.68204662e-02  7.82802626e-02  6.15729988e-01
 -1.28915578e-01 -8.80074680e-01 -1.10793412e-01 -2.32655019e-01
 -2.76402205e-01  4.76215333e-02 -5.37703753e-01 -4.57626283e-01
 -5.56176007e-01 -5.34456968e-01  4.31151748e-01 -4.61292788e-02
  3.29330802e-01 -1.57692686e-01  6.79725409e-01  7.64999747e-01
  2.28698909e-01  4.99854833e-01  1.03707455e-01  4.23821568e-01
 -1.18584305e-01  5.51582500e-02 -1.27232492e+00  9.25469279e-01
  1.17828858e+00  5.55050254e-01 -6.01640403e-01  1.85598596e-03
 -5.06517231e-01  3.62108380e-01 -1.25593603e-01  2.64763713e-01
  1.74772024e-01  3.16496044e-01 -1.01321959e+00  8.26404274e-01
  1.10871613e+00 -1.15284944e+00  1.07645226e+00 -9.01291013e-01
 -5.09613574e-01  6.92212641e-01 -6.20536089e-01 -2.36807078e-01
  1.11608577e+00  5.01168847e-01  5.16830027e-01  4.75949496e-01
 -6.68551743e-01  4.93257880e-01  2.93971598e-01  4.70821112e-02
 -3.74763817e-01  1.12406266e+00 -1.71836525e-01 -9.83554304e-01
 -3.04760039e-01 -8.03640932e-02  4.01249915e-01 -2.37712353e-01
 -3.63715082e-01 -4.04603444e-02 -6.94833323e-02 -2.84978569e-01
 -1.37553036e-01 -6.40389100e-02 -1.30503821e+00  6.43750072e-01
  8.66559386e-01 -6.59701407e-01 -2.93511987e-01 -5.99394381e-01
 -1.37480929e-01  3.21428955e-01 -4.59521860e-02 -7.53167152e-01
 -2.05593005e-01  1.92969292e-01  1.47321537e-01  6.28412962e-01
  3.42511177e-01 -7.05951214e-01  4.42748845e-01 -4.32425022e-01
  1.24913609e+00 -4.02215600e-01  3.81262302e-01  6.94990575e-01
  3.94117445e-01 -8.92814755e-01 -1.08931231e+00  4.76228297e-01
  1.24987923e-01  6.95637167e-02  7.04857886e-01  3.86546522e-01
  4.89218652e-01  1.67667687e-01  6.18894100e-01  4.35397118e-01
  6.26206696e-01  8.39248419e-01  2.65890479e-01 -2.82257199e-02
  2.12427139e-01  7.49804258e-01  7.74736702e-01  1.29185498e+00
 -4.25994545e-02 -1.65944263e-01 -9.42873001e-01 -1.42539650e-01
 -5.09615064e-01  9.65403438e-01  8.34682345e-01 -5.18386602e-01
  3.53891730e-01  6.41801357e-02  5.08618951e-01  1.01894891e+00
 -3.28530014e-01 -3.32997628e-02 -1.80441827e-01  2.35096931e-01
 -2.55989581e-01 -2.09291473e-01 -1.47133321e-01 -1.64968276e+00
 -1.69284850e-01  6.07510209e-02  6.21947587e-01  7.29369700e-01
  5.99946022e-01 -6.74916565e-01  1.23031831e+00 -1.28958249e+00
 -6.64112449e-01 -3.67776453e-01  1.31455690e-01  3.78233433e-01
 -8.40135753e-01 -3.63106400e-01 -2.50634134e-01 -2.10742283e+00
  6.89093709e-01 -9.02974844e-01 -4.02772009e-01  1.54137588e+00
 -2.07992017e-01  9.06994522e-01 -5.44871032e-01  3.85305762e-01
 -8.09826478e-02  6.84405208e-01  2.46060431e-01 -5.65070868e-01
  5.42701185e-01  2.30542719e-02 -1.22137517e-01  6.66289628e-01
 -1.00670137e-01  5.78732230e-02 -1.18791723e+00  2.20502615e+00
  7.74039507e-01  3.79953198e-02  1.60000706e+00  1.23174655e+00
  2.83441335e-01 -3.15214992e-01 -7.11687982e-01 -7.00975180e-01
 -8.20701361e-01  6.06228650e-01 -6.73054680e-02 -3.09595257e-01
 -1.70270309e-01 -1.09378815e+00 -1.88075840e-01  1.54434606e-01
  6.66516542e-01  3.04506958e-01  1.23938218e-01  3.31819475e-01
 -1.62126659e-03  4.06757772e-01 -8.66131783e-02 -5.88821769e-02
 -5.21769404e-01 -2.06430405e-01  1.92552900e+00 -2.83560157e-01
 -1.90655738e-01 -4.01817203e-01  5.80403030e-01  1.90049112e-01
  5.90409189e-02  3.97923917e-01 -4.53226894e-01  4.97723222e-01
 -3.94481063e-01 -1.30251551e+00 -3.18813235e-01 -4.60155487e-01
 -4.52672958e-01  4.28255886e-01  1.86832532e-01 -4.64421064e-01
  8.26421797e-01  8.58034790e-02  9.91345942e-02 -6.91530228e-01
  6.67168140e-01 -6.56287134e-01  1.84816062e+00  1.09426033e+00
  1.60102636e-01 -1.11405814e+00  3.91883664e-02  3.58302563e-01
 -5.41131608e-02  4.13817704e-01 -2.12963536e-01  3.07724923e-01
  1.17556334e+00 -1.34069726e-01  2.33674124e-01 -7.30481418e-03
  7.81065047e-01 -3.03012580e-01 -8.35513845e-02  5.53557932e-01
 -2.84455985e-01 -2.47817889e-01  1.89149991e-01 -1.02672207e+00
  1.32583808e-02 -2.55627990e-01  9.52539861e-01 -2.96597350e-02
  8.79282951e-01  4.27375317e-01 -1.99289754e-01  2.20845848e-01
  1.33380175e-01  1.14704527e-01  9.84668970e-01 -2.11234868e-01
 -4.05843139e-01 -7.67308354e-01  3.14330757e-02  3.86560559e-01
  1.19929647e+00  5.36592305e-01  5.09199142e-01 -1.36162627e+00
 -1.05296448e-01 -5.59449345e-02 -3.80162150e-02 -6.26801491e-01
  1.86362505e-01 -1.73844025e-01 -6.50287032e-01 -3.45541984e-01
 -7.34303296e-01  7.24383742e-02  1.10383463e+00  1.14996636e+00
  4.15981650e-01  2.12344471e-02  3.46782468e-02 -6.53821528e-01
 -5.01247168e-01  1.01878500e+00 -5.11385202e-01  5.93827702e-02
  1.42465687e+00  8.32590798e-04  8.78591835e-01  5.78436792e-01
  7.18320012e-01  5.57367444e-01 -5.57254732e-01 -1.31244791e+00
  7.39392415e-02  1.02208316e+00 -1.73512977e-02  8.59655023e-01
 -3.99190225e-02 -2.82223940e-01  3.95490587e-01  4.02262717e-01
  8.03426445e-01 -2.58965492e-01 -1.23902738e+00 -9.40800786e-01
  1.62803307e-01 -1.82705402e-01 -1.00059152e+00 -5.43330550e-01
 -6.58766031e-01 -2.29741275e-01  1.80671170e-01 -1.29144430e-01
  3.56926799e-01 -8.86848867e-02 -9.70983922e-01  2.64483422e-01
  1.72349140e-01 -7.12217987e-01 -8.57104957e-02 -3.92155677e-01
  1.69065610e-01 -3.40923727e-01 -2.67417639e-01 -1.58317521e-01
 -6.08656704e-01  1.02118409e+00 -2.54552245e-01 -9.51778710e-01
 -2.65829086e-01 -5.54043390e-02 -5.34137547e-01  7.80924261e-02
 -4.31904018e-01 -2.93715656e-01 -5.59636712e-01  7.50055850e-01
  5.42586446e-01  5.21332622e-01  7.41369128e-01 -2.03372106e-01
 -2.98140310e-02  1.17485476e+00 -6.42839670e-01  9.09768820e-01
 -2.86733925e-01 -6.71667278e-01 -7.02754200e-01  5.18063009e-01
 -7.03846872e-01  8.45564783e-01  2.22889528e-01  5.72806001e-02
  7.29165733e-01 -1.03616178e+00  1.58585691e+00 -4.93727475e-01
 -3.07119966e-01  9.14265960e-02 -6.41273111e-02 -5.38270436e-02
  3.15355629e-01  1.19199312e+00  6.83415830e-01  1.33915111e-01
  1.16254874e-01  3.87908012e-01  8.34312201e-01 -1.76378161e-01
  4.98694271e-01 -4.02371407e-01 -7.95837879e-01 -3.92245412e-01
 -7.62568772e-01  1.17841554e+00 -8.50370944e-01 -8.19937170e-01
 -1.17226891e-01 -8.34619522e-01 -1.40142596e+00  3.41342449e-01
 -1.18009889e+00  1.72452241e-01  7.37082437e-02 -3.43734443e-01
 -5.56558371e-01 -1.20999336e-01  6.78034663e-01 -1.69035867e-02
 -9.26296234e-01 -5.40798724e-01 -1.40218958e-01 -3.94925140e-02
 -8.04703236e-01 -9.95787308e-02 -2.03307927e-01 -1.50647974e+00
 -1.90729693e-01  4.01281953e-01  8.01624775e-01 -1.31860971e+00
  2.80246615e-01 -1.09216804e-02 -8.86645317e-01  8.60824645e-01
  5.10790169e-01  2.27465048e-01 -6.09495401e-01  1.30400555e-02
 -5.35382628e-02  5.99121809e-01  9.75840449e-01  7.68029451e-01
 -1.04766703e+00  1.87973067e-01  7.01478198e-02  4.77244973e-01
 -6.52137339e-01  7.09963962e-02 -4.24877740e-02  3.11902642e-01
  1.14879143e+00 -1.62646145e-01  2.15660229e-01  2.38919973e-01
  1.27243221e-01 -2.14758724e-01 -8.41916800e-01  1.32479280e-01
  2.49055177e-01 -3.80854696e-01 -2.53900200e-01 -1.52146888e+00
 -4.27862376e-01 -3.30217481e-01 -1.65427983e-01 -5.02607748e-02
  5.20032287e-01 -1.33780479e-01 -2.27504417e-01 -2.93135196e-01
 -2.25837648e-01  5.58377504e-01 -2.53188342e-01  1.02464998e+00
  3.18368047e-01  2.15202257e-01 -1.98995262e-01 -1.44416893e+00
  5.02204970e-02 -2.66076565e-01 -1.08973151e-02 -2.40284443e-01
 -5.64793527e-01  6.28166497e-02  3.36367339e-01 -8.57639432e-01
 -8.62743378e-01 -5.27694464e-01 -5.19397497e-01  8.48357737e-01
 -9.25135195e-01 -8.00738484e-02 -1.99941337e-01 -4.17113543e-01
 -7.53359854e-01 -9.31248963e-01 -3.05604845e-01  3.69783878e-01
 -1.04227677e-01  1.14021158e+00 -1.58956695e+00 -1.72336042e-01
  3.25673372e-01  7.78758302e-02 -3.53107870e-01  5.87968975e-02
  1.47149250e-01  8.21567714e-01  9.81274366e-01  5.93652308e-01
  5.79920053e-01  7.66876757e-01 -7.82622874e-01  4.46217418e-01
 -2.69964069e-01  4.41214263e-01 -1.92598388e-01 -4.10362273e-01
  5.84180020e-02  1.81740105e-01 -1.81846797e-01  3.85951310e-01
  8.06822419e-01  6.49897575e-01 -7.08981693e-01  1.09895403e-02
  5.91275170e-02 -7.26420283e-01 -3.29815060e-01 -2.90464878e-01
  3.73225480e-01  7.54145861e-01  1.66838729e+00 -2.18773857e-01
 -7.01609969e-01 -1.36749840e+00 -3.00247729e-01 -5.03675103e-01
  8.70439291e-01 -4.03018713e-01 -9.52010870e-01  1.99213073e-01
 -9.88790244e-02 -1.30468071e+00 -5.96089602e-01  2.54472584e-01
 -1.41453886e+00 -2.63562888e-01 -5.13353407e-01  7.11600557e-02
  1.20021462e+00 -1.73822570e+00  7.00591266e-01 -8.52419317e-01
  1.40644157e+00 -9.30212319e-01  1.71362936e-01 -3.40986192e-01
  1.11099374e+00  3.32399905e-01  3.70734811e-01 -1.41833186e+00
  7.56462216e-01 -4.55584586e-01  4.26305503e-01 -6.59897864e-01
  1.24169588e+00 -3.52406174e-01 -1.76326826e-01  4.58189696e-01]","[ 2.58754939e-01  7.65666783e-01 -4.65707630e-01 -4.36065912e-01
 -1.02154410e+00  3.74384910e-01  2.53483087e-01  4.09017712e-01
 -6.94044456e-02  6.88503325e-01 -5.28746426e-01  9.49705672e-03
  1.22118175e+00 -1.29630601e+00 -8.81272554e-01 -1.36076915e+00
 -7.82842219e-01 -6.90891325e-01 -7.81432152e-01  7.17344582e-01
  1.65111768e+00 -2.14252546e-01  7.42859602e-01  8.88970852e-01
  9.16712806e-02  6.13837898e-01  2.14042950e+00 -4.88709062e-01
 -3.48345608e-01  6.08429551e-01 -7.47659430e-02  1.67858288e-01
  2.20460221e-01 -8.66752043e-02  5.38115680e-01  3.48620623e-01
 -4.05876786e-01  2.07969666e-01  3.64317708e-02 -1.68470338e-01
 -1.19797252e-01 -3.29685718e-04  1.09635150e+00  8.61720383e-01
  3.81253630e-01  3.06869358e-01  8.60960782e-01 -5.03717922e-02
  5.55247486e-01 -2.21602872e-01  3.81490827e-01  1.78490713e-01
 -3.82163048e-01 -5.39982021e-01 -2.26499572e-01  2.35104397e-01
  5.11031091e-01  1.36317283e-01 -1.01213396e+00  7.63465106e-01
 -7.91656673e-01  6.24221146e-01 -5.04378676e-02  1.83643326e-01
 -2.18661264e-01  7.73185909e-01  6.97015703e-01 -8.37078318e-02
 -1.59653902e-01 -3.47926170e-01 -3.12480479e-01 -4.70926136e-01
 -1.22260191e-01 -1.11529268e-01 -5.80355048e-01 -4.57529038e-01
  1.04305685e-01 -5.60658038e-01 -5.75476885e-02  2.07826346e-02
  5.11998355e-01 -4.07395922e-02 -8.57271776e-02  8.07722390e-01
  1.25639126e-01 -2.27841973e-01  1.99368715e-01  3.94466549e-01
 -2.29423419e-01  6.56251252e-01 -1.39102936e+00 -2.48177513e-01
  1.02561653e+00  1.63333565e-01 -7.41358042e-01  4.11552817e-01
 -6.56937659e-01  8.11281383e-01  1.32502774e-02 -8.95606503e-02
 -8.85221139e-02  8.10027122e-01 -1.39308321e+00  1.41229165e+00
  1.47527564e+00 -5.27085662e-01  2.02385023e-01 -1.41935205e+00
 -2.88261324e-01  4.54457074e-01 -1.46575600e-01 -8.69578123e-02
  7.32687950e-01 -6.16145432e-01  1.34594366e-01  6.39876187e-01
 -1.44258842e-01  2.16147140e-01 -2.23000154e-01  6.38989031e-01
 -4.11915869e-01  3.50595713e-01  5.70650995e-01 -8.09123695e-01
 -4.94646877e-01 -4.51880284e-02 -1.54170379e-01  3.72843176e-01
 -1.84427261e-01 -4.46734615e-02  1.41228944e-01 -3.13785821e-01
 -1.36994436e-01 -2.44505003e-01 -1.35662365e+00  5.76085364e-03
  1.65453315e-01 -5.28535903e-01 -1.37860805e-01 -6.12922132e-01
 -4.81841946e-03  1.16985954e-01  5.10767877e-01 -5.25469959e-01
  3.92412357e-02  3.49685192e-01 -6.66919053e-02 -2.74920493e-01
  6.00411296e-02 -3.49984258e-01  7.61600062e-02 -2.26685509e-01
  8.62072706e-01 -4.64118570e-01 -2.94663697e-01  5.15659273e-01
  1.72863439e-01 -9.21992779e-01 -9.47336614e-01 -2.89100736e-01
  2.59418692e-02  1.51202843e-01 -7.73630664e-02  3.85801084e-02
  2.93126196e-01 -3.53437036e-01 -1.18852735e-01  5.98323166e-01
  1.07211065e+00  1.25569713e+00  2.15441491e-02 -2.15563297e-01
 -7.10687578e-01  1.29834712e+00  8.37024391e-01  1.38366830e+00
 -2.41990876e-03 -3.08258146e-01 -1.00147593e+00  3.74590397e-01
  3.18077542e-02  1.06435704e+00  6.53108656e-02 -3.44478697e-01
  4.10884619e-04  4.46341187e-01 -2.23740339e-02  3.45368236e-01
 -1.59559309e-01  2.95039713e-01  4.16525990e-01  2.51234889e-01
  1.53080240e-01 -5.57194650e-01 -4.55134362e-01 -9.01373684e-01
 -1.24181308e-01 -3.51409823e-01 -2.22094998e-01  4.69337195e-01
  3.66864018e-02 -9.05083597e-01  4.72788185e-01 -8.23253930e-01
 -7.69597828e-01 -1.41294524e-01 -5.41748941e-01 -1.59614399e-01
 -3.31402093e-01  1.56573012e-01 -6.26872480e-01 -1.08016205e+00
  6.74879372e-01 -2.28904560e-01 -3.66408229e-01  9.52807426e-01
 -2.49409720e-01  6.31160557e-01 -2.16425419e-01  7.80879796e-01
 -5.31057753e-02  2.12950587e-01  2.08714247e-01 -3.76456939e-02
  1.02227533e+00  2.05922544e-01  4.96548325e-01  1.14875138e+00
 -1.47142842e-01  1.44781128e-01 -1.00707434e-01  1.95989263e+00
  5.88235199e-01  2.39680350e-01  1.08087635e+00  8.00363198e-02
 -4.00677443e-01 -8.46993923e-01 -3.01950455e-01 -4.92810518e-01
 -9.30117428e-01  9.02858555e-01 -2.92300373e-01 -1.44224569e-01
  4.48532671e-01 -7.70175755e-01 -9.61511359e-02 -9.23241436e-01
  6.88463748e-02  2.13101104e-01  3.51493865e-01  7.25903213e-02
  8.29195008e-02  3.10883552e-01 -3.06551903e-01  6.26678407e-01
  1.16759121e-01 -3.19817029e-02  9.86835957e-01  2.12960601e-01
 -1.87608883e-01 -4.39048260e-01 -3.93611670e-01  3.14746238e-02
  4.67132837e-01  5.91510355e-01 -5.82304895e-01 -3.08005631e-01
 -3.97076577e-01 -1.61111081e+00 -6.18716002e-01  9.36848521e-02
 -2.64846057e-01  3.04639369e-01 -2.97773540e-01  2.59679228e-01
  8.37306738e-01  3.94203186e-01 -8.16127777e-01 -1.10288668e+00
  1.83305308e-01 -2.00568721e-01  1.48652220e+00  1.16011453e+00
 -2.86318362e-02 -5.29603899e-01  3.83966208e-01  7.54229307e-01
  7.64074996e-02  3.81459713e-01 -3.68279248e-01  3.44247609e-01
  2.45934680e-01  7.71982253e-01 -1.27560392e-01  5.86078055e-02
  1.93814218e+00 -1.06247580e+00 -5.15270948e-01 -6.02204442e-01
 -1.91837952e-01  1.38955191e-01  5.88956475e-03 -2.56706387e-01
  6.63230121e-01  3.49048585e-01  5.71135342e-01  7.18370378e-01
 -1.42920511e-02  1.72898695e-01  6.89943075e-01  1.69781840e-03
 -3.96998338e-02  7.82621205e-01  7.13594913e-01 -3.70173663e-01
 -5.42735076e-03 -8.73017013e-01 -4.07721192e-01 -2.67813742e-01
  7.90600777e-01  4.62941319e-01  5.06024420e-01 -8.13354015e-01
  3.29493552e-01  2.80005783e-01 -1.17573768e-01  3.97675186e-01
  1.45187899e-01 -8.07157829e-02 -7.78619200e-02 -9.61248457e-01
  6.81790113e-02 -6.57359958e-02  9.75333154e-01  1.91977775e+00
 -3.26742262e-01  7.42301112e-03  2.52164411e-03 -4.06822801e-01
 -9.29980457e-01  8.28021824e-01 -3.20083089e-02  1.52232334e-01
  4.19183105e-01  4.04705971e-01  1.15119231e+00 -1.91186130e-01
 -1.26877546e-01 -1.48641035e-01 -3.43369275e-01 -1.19184506e+00
 -2.82330811e-01  1.25802338e+00 -2.45547876e-01 -8.44457448e-02
 -5.24645150e-01  2.47254089e-01  4.11571175e-01  2.63517380e-01
 -8.29683170e-02  2.00176358e-01 -1.07659066e+00 -4.29665715e-01
  1.15340889e+00  1.80977825e-02 -6.42389894e-01  1.35355279e-01
  4.07437468e-03  2.60230094e-01 -5.03543727e-02 -8.82178068e-01
 -2.46009305e-01 -1.16771936e+00 -3.78451586e-01 -7.65593290e-01
 -4.00647074e-01 -1.21218868e-01 -8.26268017e-01 -3.02382022e-01
 -5.00344252e-03 -1.06858885e+00 -3.26659828e-01 -2.16492906e-01
 -3.30358028e-01  2.30187774e-01 -1.79770425e-01 -9.02734339e-01
 -7.41476953e-01 -6.15338869e-02 -9.38126519e-02  1.94314957e-01
 -2.89056301e-01  8.90308917e-01  3.91442508e-01  6.97327435e-01
  7.45553672e-01  4.24382836e-01 -3.27737331e-01  5.80936432e-01
 -1.24678463e-02  9.26483929e-01 -3.51582199e-01  1.77305654e-01
  1.70948878e-01  4.45365123e-02  1.28183261e-01  3.41375679e-01
 -5.32822609e-01 -4.74269688e-02  4.22098309e-01  9.11723912e-01
  8.00791025e-01 -6.36188805e-01  8.95480737e-02 -8.06500256e-01
 -4.49507117e-01 -1.71611205e-01 -5.80729425e-01 -1.74753711e-01
  3.67258549e-01 -1.01258963e-01  3.10842961e-01 -5.60998805e-02
  2.71947473e-01  4.78378147e-01  8.30143690e-01  4.15337592e-01
 -1.45673469e-01 -7.29671180e-01 -5.47645152e-01 -9.97540951e-01
 -8.99102926e-01  5.54789960e-01 -2.95613915e-01 -7.16665268e-01
  2.14029267e-01 -1.01798892e+00 -9.23852921e-01  7.91428983e-02
 -9.04280901e-01  6.19130284e-02  1.51161209e-01 -2.35187531e-01
 -3.37493032e-01 -1.02911043e+00 -9.89820734e-02  9.27680433e-01
 -3.10963392e-01 -2.72858471e-01  1.63475215e-01  2.96460211e-01
  4.45687979e-01  1.95598766e-01 -3.05731595e-01  6.93182573e-02
 -3.21123272e-01  5.95443428e-01  5.48458576e-01 -2.00317121e+00
  6.79128945e-01  4.56946820e-01 -7.14092970e-01  3.14033777e-02
 -6.99467063e-02  8.38553488e-01 -1.02953374e+00  4.51370209e-01
 -5.72017729e-01  7.34556675e-01  6.52249217e-01  5.14868200e-01
 -4.01160747e-01  4.57474798e-01  2.88481891e-01 -8.71608034e-02
  1.11201353e-01 -9.85160887e-01  2.93618321e-01 -3.79842997e-01
  8.51307884e-02 -5.13610363e-01 -4.46230084e-01  1.90197393e-01
 -2.25161240e-01  2.27955058e-01 -1.24368936e-01 -6.23004377e-01
 -1.21121533e-01 -4.17960078e-01  1.72031224e-02 -9.25355911e-01
  1.97996378e-01 -9.37604904e-02 -8.29413414e-01 -8.01442146e-01
  9.10189077e-02  1.93399265e-01 -6.44582450e-01 -7.51188278e-01
 -3.33442926e-01  2.49328986e-01 -7.26612434e-02  1.05746686e+00
  8.82225409e-02 -4.86976236e-01  1.60925579e+00 -7.45107889e-01
  1.58774313e-02 -1.61246493e-01  7.17768967e-02 -5.85627973e-01
 -2.52059549e-01 -4.42534357e-01  2.18473479e-01 -8.10688913e-01
 -9.37299252e-01 -5.24647534e-01 -2.10442737e-01  5.20700634e-01
 -9.27391708e-01 -5.11770666e-01 -7.26313531e-01 -3.05953294e-01
 -7.26748466e-01 -1.29627538e+00  1.06564254e-01  5.24497032e-01
  3.93341690e-01  6.82094276e-01 -3.47765595e-01  2.02958107e-01
 -9.43305120e-02 -6.87422931e-01  6.86987817e-01  2.45795906e-01
  3.44973117e-01  9.67409134e-01  1.50813806e+00  3.60267907e-01
 -5.07872105e-01  4.62053381e-02 -5.79474270e-01  6.78498089e-01
 -6.48347318e-01  4.99527693e-01 -1.12642586e-01  9.04823542e-02
  8.42202723e-01  5.29779196e-01 -4.15849477e-01  6.08234823e-01
  7.51701653e-01  1.28312588e+00 -5.83781183e-01  2.36583486e-01
  4.46787387e-01 -3.08433235e-01 -2.31035069e-01  7.70932138e-02
  9.77844521e-02  1.07979155e+00  1.03480005e+00 -2.42791072e-01
 -2.93547481e-01 -9.94999707e-01  6.03366315e-01 -2.94181198e-04
  8.74860764e-01 -1.30845034e+00  1.74097955e-01  8.38625208e-02
 -8.89260590e-01 -1.20076764e+00 -5.70772111e-01  3.23102623e-01
 -1.04073751e+00 -8.27366650e-01  2.95840353e-02  5.12552619e-01
  6.87260330e-01 -7.78497756e-01 -3.96597475e-01 -4.32368070e-01
  3.85459930e-01 -1.70074224e-01  1.80485800e-01  3.28782350e-01
  7.54682243e-01 -1.78295150e-01 -6.10124528e-01 -1.08846831e+00
 -2.02196494e-01 -3.63281816e-01 -1.63538814e-01 -5.32768428e-01
  2.83494651e-01 -3.79056066e-01 -8.27098917e-03  1.01834345e+00]",0
130,[*]C(C[*])C(=O)[O-],[*]CC([*])c1cc[n+](CC)cc1,500,570,7.0,200,38,0.5,0,1,3,1.14,1,0,0,9.921712962962964,9.921712962962964,0.0370370370370369,-0.7824074074074072,0.4204227437702691,19.2,71.055,68.031,71.01385291591001,28.0,2.6,3.2,3.2,1.6457113704075783,3.34341705895396,73.33515884998701,5.861807319565799,2.6009536313038994,2.6009536313038994,3.1807392125526213,1.1051717155225391,1.1051717155225391,0.5231597389607807,0.5231597389607807,0.1666666666666666,0.1666666666666666,0.0,0.0,-0.53,27.977093296928835,1.798837033645378,0.5057254621854761,0.2506048614847814,30.42489110886254,29.21492868948101,9.901064578912528,5.969305287951849,13.344558822616634,0.0,0.0,5.106527394840706,5.969305287951849,4.794537184071822,0.0,0.0,13.344558822616634,40.13,5.969305287951849,9.901064578912528,6.4208216229260096,6.923737199690624,0.0,0.0,0.0,0.0,0.3533333333333333,9.921712962962964,9.921712962962964,0.0,-0.7824074074074072,0.0,0.0694444444444444,1.0162037037037035,0.0,0.6666666666666666,5.0,2.0,0.0,0.0,2.0,4.0,2.0,0.0,-0.9583000000000002,13.564000000000002,1.0,0.0,1.0,1.0,1.0,1.0,0.0,0.0,0.0,0.0,2.3224074074074075,2.3224074074074075,0.5284301776266063,0.5284301776266063,0.5521406753358277,15.7,134.202,122.10599999999998,134.09642580409,52.0,0.0,1.7,2.4,2.9,2.167053352545513,2.770446815269876,232.78878061771368,8.974691494688164,6.248178503821182,6.248178503821182,5.774386907679233,3.4806726876126763,3.4806726876126763,2.166047211752171,2.166047211752171,1.5177731138680297,1.5177731138680297,0.8157553743075044,0.8157553743075044,-0.8500000000000001,606.7749387127436,4.888623338494641,2.080926843886177,0.919449804078233,62.32079104462523,61.47002484785755,4.567099647791355,0.0,0.0,0.0,26.813052428219837,0.0,30.08987277184637,4.567099647791355,0.0,6.544756405912575,0.0,18.90801031431363,24.52642128014937,6.923737199690624,3.88,0.0,0.0,0.0,12.965578028838586,0.0,12.48718869138762,0.0,36.01725812763135,3.383179406021668,0.0,0.0,1.6200925925925929,0.0,4.644814814814815,5.496394557823129,4.855518628747795,0.0,0.4444444444444444,10.0,1.0,1.0,1.0,0.0,3.0,3.0,1.0,1.552,39.859000000000016,0.0,1.0,0.0,0.0,0.0,0.0,1.0,0.0,1.0,1.0,0.0,0.0,[*]CC([*])C(=O)[O-],[*]CC([*])c1cc[n+](CC)cc1,"[ 5.50952554e-01  6.67746007e-01  3.77917290e-01 -1.17441809e+00
 -6.69968367e-01 -1.58297330e-01 -6.72284961e-02 -5.28121531e-01
 -2.75267303e-01  1.55845845e+00  2.68392377e-02 -5.55266798e-01
  7.93385267e-01 -1.03456473e+00 -6.35627568e-01 -1.03876030e+00
 -1.70346820e+00 -1.30036497e+00 -2.25371301e-01 -1.41964734e-01
  1.05430499e-01 -2.92812109e-01  3.19773614e-01  7.72576690e-01
 -6.40112102e-01  1.28019118e+00  2.42774200e+00 -4.54006344e-01
 -9.02524412e-01  9.79506493e-01 -3.34828138e-01 -3.03650469e-01
 -1.33218363e-01 -9.41639364e-01  7.83632636e-01  4.23074663e-01
 -1.73241779e-01  3.54419112e-01  3.47581238e-01 -3.20249461e-02
 -5.87040186e-01 -6.94137141e-02  1.36469281e+00  1.50850272e+00
 -7.08109001e-04  1.40314758e+00  8.37898135e-01  2.30026972e-02
 -1.28918486e-02 -4.91764814e-01 -3.88111532e-01 -8.54103506e-01
 -3.39003444e-01 -8.56086552e-01 -6.32213116e-01 -4.84038144e-01
 -2.89928913e-03  8.45237494e-01 -9.35304523e-01 -3.63467872e-01
 -6.73271000e-01 -1.05482444e-01  8.11104894e-01 -1.71648502e-01
 -3.46295953e-01  9.68204662e-02  7.82802626e-02  6.15729988e-01
 -1.28915578e-01 -8.80074680e-01 -1.10793412e-01 -2.32655019e-01
 -2.76402205e-01  4.76215333e-02 -5.37703753e-01 -4.57626283e-01
 -5.56176007e-01 -5.34456968e-01  4.31151748e-01 -4.61292788e-02
  3.29330802e-01 -1.57692686e-01  6.79725409e-01  7.64999747e-01
  2.28698909e-01  4.99854833e-01  1.03707455e-01  4.23821568e-01
 -1.18584305e-01  5.51582500e-02 -1.27232492e+00  9.25469279e-01
  1.17828858e+00  5.55050254e-01 -6.01640403e-01  1.85598596e-03
 -5.06517231e-01  3.62108380e-01 -1.25593603e-01  2.64763713e-01
  1.74772024e-01  3.16496044e-01 -1.01321959e+00  8.26404274e-01
  1.10871613e+00 -1.15284944e+00  1.07645226e+00 -9.01291013e-01
 -5.09613574e-01  6.92212641e-01 -6.20536089e-01 -2.36807078e-01
  1.11608577e+00  5.01168847e-01  5.16830027e-01  4.75949496e-01
 -6.68551743e-01  4.93257880e-01  2.93971598e-01  4.70821112e-02
 -3.74763817e-01  1.12406266e+00 -1.71836525e-01 -9.83554304e-01
 -3.04760039e-01 -8.03640932e-02  4.01249915e-01 -2.37712353e-01
 -3.63715082e-01 -4.04603444e-02 -6.94833323e-02 -2.84978569e-01
 -1.37553036e-01 -6.40389100e-02 -1.30503821e+00  6.43750072e-01
  8.66559386e-01 -6.59701407e-01 -2.93511987e-01 -5.99394381e-01
 -1.37480929e-01  3.21428955e-01 -4.59521860e-02 -7.53167152e-01
 -2.05593005e-01  1.92969292e-01  1.47321537e-01  6.28412962e-01
  3.42511177e-01 -7.05951214e-01  4.42748845e-01 -4.32425022e-01
  1.24913609e+00 -4.02215600e-01  3.81262302e-01  6.94990575e-01
  3.94117445e-01 -8.92814755e-01 -1.08931231e+00  4.76228297e-01
  1.24987923e-01  6.95637167e-02  7.04857886e-01  3.86546522e-01
  4.89218652e-01  1.67667687e-01  6.18894100e-01  4.35397118e-01
  6.26206696e-01  8.39248419e-01  2.65890479e-01 -2.82257199e-02
  2.12427139e-01  7.49804258e-01  7.74736702e-01  1.29185498e+00
 -4.25994545e-02 -1.65944263e-01 -9.42873001e-01 -1.42539650e-01
 -5.09615064e-01  9.65403438e-01  8.34682345e-01 -5.18386602e-01
  3.53891730e-01  6.41801357e-02  5.08618951e-01  1.01894891e+00
 -3.28530014e-01 -3.32997628e-02 -1.80441827e-01  2.35096931e-01
 -2.55989581e-01 -2.09291473e-01 -1.47133321e-01 -1.64968276e+00
 -1.69284850e-01  6.07510209e-02  6.21947587e-01  7.29369700e-01
  5.99946022e-01 -6.74916565e-01  1.23031831e+00 -1.28958249e+00
 -6.64112449e-01 -3.67776453e-01  1.31455690e-01  3.78233433e-01
 -8.40135753e-01 -3.63106400e-01 -2.50634134e-01 -2.10742283e+00
  6.89093709e-01 -9.02974844e-01 -4.02772009e-01  1.54137588e+00
 -2.07992017e-01  9.06994522e-01 -5.44871032e-01  3.85305762e-01
 -8.09826478e-02  6.84405208e-01  2.46060431e-01 -5.65070868e-01
  5.42701185e-01  2.30542719e-02 -1.22137517e-01  6.66289628e-01
 -1.00670137e-01  5.78732230e-02 -1.18791723e+00  2.20502615e+00
  7.74039507e-01  3.79953198e-02  1.60000706e+00  1.23174655e+00
  2.83441335e-01 -3.15214992e-01 -7.11687982e-01 -7.00975180e-01
 -8.20701361e-01  6.06228650e-01 -6.73054680e-02 -3.09595257e-01
 -1.70270309e-01 -1.09378815e+00 -1.88075840e-01  1.54434606e-01
  6.66516542e-01  3.04506958e-01  1.23938218e-01  3.31819475e-01
 -1.62126659e-03  4.06757772e-01 -8.66131783e-02 -5.88821769e-02
 -5.21769404e-01 -2.06430405e-01  1.92552900e+00 -2.83560157e-01
 -1.90655738e-01 -4.01817203e-01  5.80403030e-01  1.90049112e-01
  5.90409189e-02  3.97923917e-01 -4.53226894e-01  4.97723222e-01
 -3.94481063e-01 -1.30251551e+00 -3.18813235e-01 -4.60155487e-01
 -4.52672958e-01  4.28255886e-01  1.86832532e-01 -4.64421064e-01
  8.26421797e-01  8.58034790e-02  9.91345942e-02 -6.91530228e-01
  6.67168140e-01 -6.56287134e-01  1.84816062e+00  1.09426033e+00
  1.60102636e-01 -1.11405814e+00  3.91883664e-02  3.58302563e-01
 -5.41131608e-02  4.13817704e-01 -2.12963536e-01  3.07724923e-01
  1.17556334e+00 -1.34069726e-01  2.33674124e-01 -7.30481418e-03
  7.81065047e-01 -3.03012580e-01 -8.35513845e-02  5.53557932e-01
 -2.84455985e-01 -2.47817889e-01  1.89149991e-01 -1.02672207e+00
  1.32583808e-02 -2.55627990e-01  9.52539861e-01 -2.96597350e-02
  8.79282951e-01  4.27375317e-01 -1.99289754e-01  2.20845848e-01
  1.33380175e-01  1.14704527e-01  9.84668970e-01 -2.11234868e-01
 -4.05843139e-01 -7.67308354e-01  3.14330757e-02  3.86560559e-01
  1.19929647e+00  5.36592305e-01  5.09199142e-01 -1.36162627e+00
 -1.05296448e-01 -5.59449345e-02 -3.80162150e-02 -6.26801491e-01
  1.86362505e-01 -1.73844025e-01 -6.50287032e-01 -3.45541984e-01
 -7.34303296e-01  7.24383742e-02  1.10383463e+00  1.14996636e+00
  4.15981650e-01  2.12344471e-02  3.46782468e-02 -6.53821528e-01
 -5.01247168e-01  1.01878500e+00 -5.11385202e-01  5.93827702e-02
  1.42465687e+00  8.32590798e-04  8.78591835e-01  5.78436792e-01
  7.18320012e-01  5.57367444e-01 -5.57254732e-01 -1.31244791e+00
  7.39392415e-02  1.02208316e+00 -1.73512977e-02  8.59655023e-01
 -3.99190225e-02 -2.82223940e-01  3.95490587e-01  4.02262717e-01
  8.03426445e-01 -2.58965492e-01 -1.23902738e+00 -9.40800786e-01
  1.62803307e-01 -1.82705402e-01 -1.00059152e+00 -5.43330550e-01
 -6.58766031e-01 -2.29741275e-01  1.80671170e-01 -1.29144430e-01
  3.56926799e-01 -8.86848867e-02 -9.70983922e-01  2.64483422e-01
  1.72349140e-01 -7.12217987e-01 -8.57104957e-02 -3.92155677e-01
  1.69065610e-01 -3.40923727e-01 -2.67417639e-01 -1.58317521e-01
 -6.08656704e-01  1.02118409e+00 -2.54552245e-01 -9.51778710e-01
 -2.65829086e-01 -5.54043390e-02 -5.34137547e-01  7.80924261e-02
 -4.31904018e-01 -2.93715656e-01 -5.59636712e-01  7.50055850e-01
  5.42586446e-01  5.21332622e-01  7.41369128e-01 -2.03372106e-01
 -2.98140310e-02  1.17485476e+00 -6.42839670e-01  9.09768820e-01
 -2.86733925e-01 -6.71667278e-01 -7.02754200e-01  5.18063009e-01
 -7.03846872e-01  8.45564783e-01  2.22889528e-01  5.72806001e-02
  7.29165733e-01 -1.03616178e+00  1.58585691e+00 -4.93727475e-01
 -3.07119966e-01  9.14265960e-02 -6.41273111e-02 -5.38270436e-02
  3.15355629e-01  1.19199312e+00  6.83415830e-01  1.33915111e-01
  1.16254874e-01  3.87908012e-01  8.34312201e-01 -1.76378161e-01
  4.98694271e-01 -4.02371407e-01 -7.95837879e-01 -3.92245412e-01
 -7.62568772e-01  1.17841554e+00 -8.50370944e-01 -8.19937170e-01
 -1.17226891e-01 -8.34619522e-01 -1.40142596e+00  3.41342449e-01
 -1.18009889e+00  1.72452241e-01  7.37082437e-02 -3.43734443e-01
 -5.56558371e-01 -1.20999336e-01  6.78034663e-01 -1.69035867e-02
 -9.26296234e-01 -5.40798724e-01 -1.40218958e-01 -3.94925140e-02
 -8.04703236e-01 -9.95787308e-02 -2.03307927e-01 -1.50647974e+00
 -1.90729693e-01  4.01281953e-01  8.01624775e-01 -1.31860971e+00
  2.80246615e-01 -1.09216804e-02 -8.86645317e-01  8.60824645e-01
  5.10790169e-01  2.27465048e-01 -6.09495401e-01  1.30400555e-02
 -5.35382628e-02  5.99121809e-01  9.75840449e-01  7.68029451e-01
 -1.04766703e+00  1.87973067e-01  7.01478198e-02  4.77244973e-01
 -6.52137339e-01  7.09963962e-02 -4.24877740e-02  3.11902642e-01
  1.14879143e+00 -1.62646145e-01  2.15660229e-01  2.38919973e-01
  1.27243221e-01 -2.14758724e-01 -8.41916800e-01  1.32479280e-01
  2.49055177e-01 -3.80854696e-01 -2.53900200e-01 -1.52146888e+00
 -4.27862376e-01 -3.30217481e-01 -1.65427983e-01 -5.02607748e-02
  5.20032287e-01 -1.33780479e-01 -2.27504417e-01 -2.93135196e-01
 -2.25837648e-01  5.58377504e-01 -2.53188342e-01  1.02464998e+00
  3.18368047e-01  2.15202257e-01 -1.98995262e-01 -1.44416893e+00
  5.02204970e-02 -2.66076565e-01 -1.08973151e-02 -2.40284443e-01
 -5.64793527e-01  6.28166497e-02  3.36367339e-01 -8.57639432e-01
 -8.62743378e-01 -5.27694464e-01 -5.19397497e-01  8.48357737e-01
 -9.25135195e-01 -8.00738484e-02 -1.99941337e-01 -4.17113543e-01
 -7.53359854e-01 -9.31248963e-01 -3.05604845e-01  3.69783878e-01
 -1.04227677e-01  1.14021158e+00 -1.58956695e+00 -1.72336042e-01
  3.25673372e-01  7.78758302e-02 -3.53107870e-01  5.87968975e-02
  1.47149250e-01  8.21567714e-01  9.81274366e-01  5.93652308e-01
  5.79920053e-01  7.66876757e-01 -7.82622874e-01  4.46217418e-01
 -2.69964069e-01  4.41214263e-01 -1.92598388e-01 -4.10362273e-01
  5.84180020e-02  1.81740105e-01 -1.81846797e-01  3.85951310e-01
  8.06822419e-01  6.49897575e-01 -7.08981693e-01  1.09895403e-02
  5.91275170e-02 -7.26420283e-01 -3.29815060e-01 -2.90464878e-01
  3.73225480e-01  7.54145861e-01  1.66838729e+00 -2.18773857e-01
 -7.01609969e-01 -1.36749840e+00 -3.00247729e-01 -5.03675103e-01
  8.70439291e-01 -4.03018713e-01 -9.52010870e-01  1.99213073e-01
 -9.88790244e-02 -1.30468071e+00 -5.96089602e-01  2.54472584e-01
 -1.41453886e+00 -2.63562888e-01 -5.13353407e-01  7.11600557e-02
  1.20021462e+00 -1.73822570e+00  7.00591266e-01 -8.52419317e-01
  1.40644157e+00 -9.30212319e-01  1.71362936e-01 -3.40986192e-01
  1.11099374e+00  3.32399905e-01  3.70734811e-01 -1.41833186e+00
  7.56462216e-01 -4.55584586e-01  4.26305503e-01 -6.59897864e-01
  1.24169588e+00 -3.52406174e-01 -1.76326826e-01  4.58189696e-01]","[ 2.58754939e-01  7.65666783e-01 -4.65707630e-01 -4.36065912e-01
 -1.02154410e+00  3.74384910e-01  2.53483087e-01  4.09017712e-01
 -6.94044456e-02  6.88503325e-01 -5.28746426e-01  9.49705672e-03
  1.22118175e+00 -1.29630601e+00 -8.81272554e-01 -1.36076915e+00
 -7.82842219e-01 -6.90891325e-01 -7.81432152e-01  7.17344582e-01
  1.65111768e+00 -2.14252546e-01  7.42859602e-01  8.88970852e-01
  9.16712806e-02  6.13837898e-01  2.14042950e+00 -4.88709062e-01
 -3.48345608e-01  6.08429551e-01 -7.47659430e-02  1.67858288e-01
  2.20460221e-01 -8.66752043e-02  5.38115680e-01  3.48620623e-01
 -4.05876786e-01  2.07969666e-01  3.64317708e-02 -1.68470338e-01
 -1.19797252e-01 -3.29685718e-04  1.09635150e+00  8.61720383e-01
  3.81253630e-01  3.06869358e-01  8.60960782e-01 -5.03717922e-02
  5.55247486e-01 -2.21602872e-01  3.81490827e-01  1.78490713e-01
 -3.82163048e-01 -5.39982021e-01 -2.26499572e-01  2.35104397e-01
  5.11031091e-01  1.36317283e-01 -1.01213396e+00  7.63465106e-01
 -7.91656673e-01  6.24221146e-01 -5.04378676e-02  1.83643326e-01
 -2.18661264e-01  7.73185909e-01  6.97015703e-01 -8.37078318e-02
 -1.59653902e-01 -3.47926170e-01 -3.12480479e-01 -4.70926136e-01
 -1.22260191e-01 -1.11529268e-01 -5.80355048e-01 -4.57529038e-01
  1.04305685e-01 -5.60658038e-01 -5.75476885e-02  2.07826346e-02
  5.11998355e-01 -4.07395922e-02 -8.57271776e-02  8.07722390e-01
  1.25639126e-01 -2.27841973e-01  1.99368715e-01  3.94466549e-01
 -2.29423419e-01  6.56251252e-01 -1.39102936e+00 -2.48177513e-01
  1.02561653e+00  1.63333565e-01 -7.41358042e-01  4.11552817e-01
 -6.56937659e-01  8.11281383e-01  1.32502774e-02 -8.95606503e-02
 -8.85221139e-02  8.10027122e-01 -1.39308321e+00  1.41229165e+00
  1.47527564e+00 -5.27085662e-01  2.02385023e-01 -1.41935205e+00
 -2.88261324e-01  4.54457074e-01 -1.46575600e-01 -8.69578123e-02
  7.32687950e-01 -6.16145432e-01  1.34594366e-01  6.39876187e-01
 -1.44258842e-01  2.16147140e-01 -2.23000154e-01  6.38989031e-01
 -4.11915869e-01  3.50595713e-01  5.70650995e-01 -8.09123695e-01
 -4.94646877e-01 -4.51880284e-02 -1.54170379e-01  3.72843176e-01
 -1.84427261e-01 -4.46734615e-02  1.41228944e-01 -3.13785821e-01
 -1.36994436e-01 -2.44505003e-01 -1.35662365e+00  5.76085364e-03
  1.65453315e-01 -5.28535903e-01 -1.37860805e-01 -6.12922132e-01
 -4.81841946e-03  1.16985954e-01  5.10767877e-01 -5.25469959e-01
  3.92412357e-02  3.49685192e-01 -6.66919053e-02 -2.74920493e-01
  6.00411296e-02 -3.49984258e-01  7.61600062e-02 -2.26685509e-01
  8.62072706e-01 -4.64118570e-01 -2.94663697e-01  5.15659273e-01
  1.72863439e-01 -9.21992779e-01 -9.47336614e-01 -2.89100736e-01
  2.59418692e-02  1.51202843e-01 -7.73630664e-02  3.85801084e-02
  2.93126196e-01 -3.53437036e-01 -1.18852735e-01  5.98323166e-01
  1.07211065e+00  1.25569713e+00  2.15441491e-02 -2.15563297e-01
 -7.10687578e-01  1.29834712e+00  8.37024391e-01  1.38366830e+00
 -2.41990876e-03 -3.08258146e-01 -1.00147593e+00  3.74590397e-01
  3.18077542e-02  1.06435704e+00  6.53108656e-02 -3.44478697e-01
  4.10884619e-04  4.46341187e-01 -2.23740339e-02  3.45368236e-01
 -1.59559309e-01  2.95039713e-01  4.16525990e-01  2.51234889e-01
  1.53080240e-01 -5.57194650e-01 -4.55134362e-01 -9.01373684e-01
 -1.24181308e-01 -3.51409823e-01 -2.22094998e-01  4.69337195e-01
  3.66864018e-02 -9.05083597e-01  4.72788185e-01 -8.23253930e-01
 -7.69597828e-01 -1.41294524e-01 -5.41748941e-01 -1.59614399e-01
 -3.31402093e-01  1.56573012e-01 -6.26872480e-01 -1.08016205e+00
  6.74879372e-01 -2.28904560e-01 -3.66408229e-01  9.52807426e-01
 -2.49409720e-01  6.31160557e-01 -2.16425419e-01  7.80879796e-01
 -5.31057753e-02  2.12950587e-01  2.08714247e-01 -3.76456939e-02
  1.02227533e+00  2.05922544e-01  4.96548325e-01  1.14875138e+00
 -1.47142842e-01  1.44781128e-01 -1.00707434e-01  1.95989263e+00
  5.88235199e-01  2.39680350e-01  1.08087635e+00  8.00363198e-02
 -4.00677443e-01 -8.46993923e-01 -3.01950455e-01 -4.92810518e-01
 -9.30117428e-01  9.02858555e-01 -2.92300373e-01 -1.44224569e-01
  4.48532671e-01 -7.70175755e-01 -9.61511359e-02 -9.23241436e-01
  6.88463748e-02  2.13101104e-01  3.51493865e-01  7.25903213e-02
  8.29195008e-02  3.10883552e-01 -3.06551903e-01  6.26678407e-01
  1.16759121e-01 -3.19817029e-02  9.86835957e-01  2.12960601e-01
 -1.87608883e-01 -4.39048260e-01 -3.93611670e-01  3.14746238e-02
  4.67132837e-01  5.91510355e-01 -5.82304895e-01 -3.08005631e-01
 -3.97076577e-01 -1.61111081e+00 -6.18716002e-01  9.36848521e-02
 -2.64846057e-01  3.04639369e-01 -2.97773540e-01  2.59679228e-01
  8.37306738e-01  3.94203186e-01 -8.16127777e-01 -1.10288668e+00
  1.83305308e-01 -2.00568721e-01  1.48652220e+00  1.16011453e+00
 -2.86318362e-02 -5.29603899e-01  3.83966208e-01  7.54229307e-01
  7.64074996e-02  3.81459713e-01 -3.68279248e-01  3.44247609e-01
  2.45934680e-01  7.71982253e-01 -1.27560392e-01  5.86078055e-02
  1.93814218e+00 -1.06247580e+00 -5.15270948e-01 -6.02204442e-01
 -1.91837952e-01  1.38955191e-01  5.88956475e-03 -2.56706387e-01
  6.63230121e-01  3.49048585e-01  5.71135342e-01  7.18370378e-01
 -1.42920511e-02  1.72898695e-01  6.89943075e-01  1.69781840e-03
 -3.96998338e-02  7.82621205e-01  7.13594913e-01 -3.70173663e-01
 -5.42735076e-03 -8.73017013e-01 -4.07721192e-01 -2.67813742e-01
  7.90600777e-01  4.62941319e-01  5.06024420e-01 -8.13354015e-01
  3.29493552e-01  2.80005783e-01 -1.17573768e-01  3.97675186e-01
  1.45187899e-01 -8.07157829e-02 -7.78619200e-02 -9.61248457e-01
  6.81790113e-02 -6.57359958e-02  9.75333154e-01  1.91977775e+00
 -3.26742262e-01  7.42301112e-03  2.52164411e-03 -4.06822801e-01
 -9.29980457e-01  8.28021824e-01 -3.20083089e-02  1.52232334e-01
  4.19183105e-01  4.04705971e-01  1.15119231e+00 -1.91186130e-01
 -1.26877546e-01 -1.48641035e-01 -3.43369275e-01 -1.19184506e+00
 -2.82330811e-01  1.25802338e+00 -2.45547876e-01 -8.44457448e-02
 -5.24645150e-01  2.47254089e-01  4.11571175e-01  2.63517380e-01
 -8.29683170e-02  2.00176358e-01 -1.07659066e+00 -4.29665715e-01
  1.15340889e+00  1.80977825e-02 -6.42389894e-01  1.35355279e-01
  4.07437468e-03  2.60230094e-01 -5.03543727e-02 -8.82178068e-01
 -2.46009305e-01 -1.16771936e+00 -3.78451586e-01 -7.65593290e-01
 -4.00647074e-01 -1.21218868e-01 -8.26268017e-01 -3.02382022e-01
 -5.00344252e-03 -1.06858885e+00 -3.26659828e-01 -2.16492906e-01
 -3.30358028e-01  2.30187774e-01 -1.79770425e-01 -9.02734339e-01
 -7.41476953e-01 -6.15338869e-02 -9.38126519e-02  1.94314957e-01
 -2.89056301e-01  8.90308917e-01  3.91442508e-01  6.97327435e-01
  7.45553672e-01  4.24382836e-01 -3.27737331e-01  5.80936432e-01
 -1.24678463e-02  9.26483929e-01 -3.51582199e-01  1.77305654e-01
  1.70948878e-01  4.45365123e-02  1.28183261e-01  3.41375679e-01
 -5.32822609e-01 -4.74269688e-02  4.22098309e-01  9.11723912e-01
  8.00791025e-01 -6.36188805e-01  8.95480737e-02 -8.06500256e-01
 -4.49507117e-01 -1.71611205e-01 -5.80729425e-01 -1.74753711e-01
  3.67258549e-01 -1.01258963e-01  3.10842961e-01 -5.60998805e-02
  2.71947473e-01  4.78378147e-01  8.30143690e-01  4.15337592e-01
 -1.45673469e-01 -7.29671180e-01 -5.47645152e-01 -9.97540951e-01
 -8.99102926e-01  5.54789960e-01 -2.95613915e-01 -7.16665268e-01
  2.14029267e-01 -1.01798892e+00 -9.23852921e-01  7.91428983e-02
 -9.04280901e-01  6.19130284e-02  1.51161209e-01 -2.35187531e-01
 -3.37493032e-01 -1.02911043e+00 -9.89820734e-02  9.27680433e-01
 -3.10963392e-01 -2.72858471e-01  1.63475215e-01  2.96460211e-01
  4.45687979e-01  1.95598766e-01 -3.05731595e-01  6.93182573e-02
 -3.21123272e-01  5.95443428e-01  5.48458576e-01 -2.00317121e+00
  6.79128945e-01  4.56946820e-01 -7.14092970e-01  3.14033777e-02
 -6.99467063e-02  8.38553488e-01 -1.02953374e+00  4.51370209e-01
 -5.72017729e-01  7.34556675e-01  6.52249217e-01  5.14868200e-01
 -4.01160747e-01  4.57474798e-01  2.88481891e-01 -8.71608034e-02
  1.11201353e-01 -9.85160887e-01  2.93618321e-01 -3.79842997e-01
  8.51307884e-02 -5.13610363e-01 -4.46230084e-01  1.90197393e-01
 -2.25161240e-01  2.27955058e-01 -1.24368936e-01 -6.23004377e-01
 -1.21121533e-01 -4.17960078e-01  1.72031224e-02 -9.25355911e-01
  1.97996378e-01 -9.37604904e-02 -8.29413414e-01 -8.01442146e-01
  9.10189077e-02  1.93399265e-01 -6.44582450e-01 -7.51188278e-01
 -3.33442926e-01  2.49328986e-01 -7.26612434e-02  1.05746686e+00
  8.82225409e-02 -4.86976236e-01  1.60925579e+00 -7.45107889e-01
  1.58774313e-02 -1.61246493e-01  7.17768967e-02 -5.85627973e-01
 -2.52059549e-01 -4.42534357e-01  2.18473479e-01 -8.10688913e-01
 -9.37299252e-01 -5.24647534e-01 -2.10442737e-01  5.20700634e-01
 -9.27391708e-01 -5.11770666e-01 -7.26313531e-01 -3.05953294e-01
 -7.26748466e-01 -1.29627538e+00  1.06564254e-01  5.24497032e-01
  3.93341690e-01  6.82094276e-01 -3.47765595e-01  2.02958107e-01
 -9.43305120e-02 -6.87422931e-01  6.86987817e-01  2.45795906e-01
  3.44973117e-01  9.67409134e-01  1.50813806e+00  3.60267907e-01
 -5.07872105e-01  4.62053381e-02 -5.79474270e-01  6.78498089e-01
 -6.48347318e-01  4.99527693e-01 -1.12642586e-01  9.04823542e-02
  8.42202723e-01  5.29779196e-01 -4.15849477e-01  6.08234823e-01
  7.51701653e-01  1.28312588e+00 -5.83781183e-01  2.36583486e-01
  4.46787387e-01 -3.08433235e-01 -2.31035069e-01  7.70932138e-02
  9.77844521e-02  1.07979155e+00  1.03480005e+00 -2.42791072e-01
 -2.93547481e-01 -9.94999707e-01  6.03366315e-01 -2.94181198e-04
  8.74860764e-01 -1.30845034e+00  1.74097955e-01  8.38625208e-02
 -8.89260590e-01 -1.20076764e+00 -5.70772111e-01  3.23102623e-01
 -1.04073751e+00 -8.27366650e-01  2.95840353e-02  5.12552619e-01
  6.87260330e-01 -7.78497756e-01 -3.96597475e-01 -4.32368070e-01
  3.85459930e-01 -1.70074224e-01  1.80485800e-01  3.28782350e-01
  7.54682243e-01 -1.78295150e-01 -6.10124528e-01 -1.08846831e+00
 -2.02196494e-01 -3.63281816e-01 -1.63538814e-01 -5.32768428e-01
  2.83494651e-01 -3.79056066e-01 -8.27098917e-03  1.01834345e+00]",0
131,[*]C(C[*])C(=O)[O-],[*]CC([*])c1cc[n+](CC)cc1,800,570,7.0,200,30,0.5,0,1,3,0.7125,0,1,0,9.921712962962964,9.921712962962964,0.0370370370370369,-0.7824074074074072,0.4204227437702691,19.2,71.055,68.031,71.01385291591001,28.0,2.6,3.2,3.2,1.6457113704075783,3.34341705895396,73.33515884998701,5.861807319565799,2.6009536313038994,2.6009536313038994,3.1807392125526213,1.1051717155225391,1.1051717155225391,0.5231597389607807,0.5231597389607807,0.1666666666666666,0.1666666666666666,0.0,0.0,-0.53,27.977093296928835,1.798837033645378,0.5057254621854761,0.2506048614847814,30.42489110886254,29.21492868948101,9.901064578912528,5.969305287951849,13.344558822616634,0.0,0.0,5.106527394840706,5.969305287951849,4.794537184071822,0.0,0.0,13.344558822616634,40.13,5.969305287951849,9.901064578912528,6.4208216229260096,6.923737199690624,0.0,0.0,0.0,0.0,0.3533333333333333,9.921712962962964,9.921712962962964,0.0,-0.7824074074074072,0.0,0.0694444444444444,1.0162037037037035,0.0,0.6666666666666666,5.0,2.0,0.0,0.0,2.0,4.0,2.0,0.0,-0.9583000000000002,13.564000000000002,1.0,0.0,1.0,1.0,1.0,1.0,0.0,0.0,0.0,0.0,2.3224074074074075,2.3224074074074075,0.5284301776266063,0.5284301776266063,0.5521406753358277,15.7,134.202,122.10599999999998,134.09642580409,52.0,0.0,1.7,2.4,2.9,2.167053352545513,2.770446815269876,232.78878061771368,8.974691494688164,6.248178503821182,6.248178503821182,5.774386907679233,3.4806726876126763,3.4806726876126763,2.166047211752171,2.166047211752171,1.5177731138680297,1.5177731138680297,0.8157553743075044,0.8157553743075044,-0.8500000000000001,606.7749387127436,4.888623338494641,2.080926843886177,0.919449804078233,62.32079104462523,61.47002484785755,4.567099647791355,0.0,0.0,0.0,26.813052428219837,0.0,30.08987277184637,4.567099647791355,0.0,6.544756405912575,0.0,18.90801031431363,24.52642128014937,6.923737199690624,3.88,0.0,0.0,0.0,12.965578028838586,0.0,12.48718869138762,0.0,36.01725812763135,3.383179406021668,0.0,0.0,1.6200925925925929,0.0,4.644814814814815,5.496394557823129,4.855518628747795,0.0,0.4444444444444444,10.0,1.0,1.0,1.0,0.0,3.0,3.0,1.0,1.552,39.859000000000016,0.0,1.0,0.0,0.0,0.0,0.0,1.0,0.0,1.0,1.0,0.0,0.0,[*]CC([*])C(=O)[O-],[*]CC([*])c1cc[n+](CC)cc1,"[ 5.50952554e-01  6.67746007e-01  3.77917290e-01 -1.17441809e+00
 -6.69968367e-01 -1.58297330e-01 -6.72284961e-02 -5.28121531e-01
 -2.75267303e-01  1.55845845e+00  2.68392377e-02 -5.55266798e-01
  7.93385267e-01 -1.03456473e+00 -6.35627568e-01 -1.03876030e+00
 -1.70346820e+00 -1.30036497e+00 -2.25371301e-01 -1.41964734e-01
  1.05430499e-01 -2.92812109e-01  3.19773614e-01  7.72576690e-01
 -6.40112102e-01  1.28019118e+00  2.42774200e+00 -4.54006344e-01
 -9.02524412e-01  9.79506493e-01 -3.34828138e-01 -3.03650469e-01
 -1.33218363e-01 -9.41639364e-01  7.83632636e-01  4.23074663e-01
 -1.73241779e-01  3.54419112e-01  3.47581238e-01 -3.20249461e-02
 -5.87040186e-01 -6.94137141e-02  1.36469281e+00  1.50850272e+00
 -7.08109001e-04  1.40314758e+00  8.37898135e-01  2.30026972e-02
 -1.28918486e-02 -4.91764814e-01 -3.88111532e-01 -8.54103506e-01
 -3.39003444e-01 -8.56086552e-01 -6.32213116e-01 -4.84038144e-01
 -2.89928913e-03  8.45237494e-01 -9.35304523e-01 -3.63467872e-01
 -6.73271000e-01 -1.05482444e-01  8.11104894e-01 -1.71648502e-01
 -3.46295953e-01  9.68204662e-02  7.82802626e-02  6.15729988e-01
 -1.28915578e-01 -8.80074680e-01 -1.10793412e-01 -2.32655019e-01
 -2.76402205e-01  4.76215333e-02 -5.37703753e-01 -4.57626283e-01
 -5.56176007e-01 -5.34456968e-01  4.31151748e-01 -4.61292788e-02
  3.29330802e-01 -1.57692686e-01  6.79725409e-01  7.64999747e-01
  2.28698909e-01  4.99854833e-01  1.03707455e-01  4.23821568e-01
 -1.18584305e-01  5.51582500e-02 -1.27232492e+00  9.25469279e-01
  1.17828858e+00  5.55050254e-01 -6.01640403e-01  1.85598596e-03
 -5.06517231e-01  3.62108380e-01 -1.25593603e-01  2.64763713e-01
  1.74772024e-01  3.16496044e-01 -1.01321959e+00  8.26404274e-01
  1.10871613e+00 -1.15284944e+00  1.07645226e+00 -9.01291013e-01
 -5.09613574e-01  6.92212641e-01 -6.20536089e-01 -2.36807078e-01
  1.11608577e+00  5.01168847e-01  5.16830027e-01  4.75949496e-01
 -6.68551743e-01  4.93257880e-01  2.93971598e-01  4.70821112e-02
 -3.74763817e-01  1.12406266e+00 -1.71836525e-01 -9.83554304e-01
 -3.04760039e-01 -8.03640932e-02  4.01249915e-01 -2.37712353e-01
 -3.63715082e-01 -4.04603444e-02 -6.94833323e-02 -2.84978569e-01
 -1.37553036e-01 -6.40389100e-02 -1.30503821e+00  6.43750072e-01
  8.66559386e-01 -6.59701407e-01 -2.93511987e-01 -5.99394381e-01
 -1.37480929e-01  3.21428955e-01 -4.59521860e-02 -7.53167152e-01
 -2.05593005e-01  1.92969292e-01  1.47321537e-01  6.28412962e-01
  3.42511177e-01 -7.05951214e-01  4.42748845e-01 -4.32425022e-01
  1.24913609e+00 -4.02215600e-01  3.81262302e-01  6.94990575e-01
  3.94117445e-01 -8.92814755e-01 -1.08931231e+00  4.76228297e-01
  1.24987923e-01  6.95637167e-02  7.04857886e-01  3.86546522e-01
  4.89218652e-01  1.67667687e-01  6.18894100e-01  4.35397118e-01
  6.26206696e-01  8.39248419e-01  2.65890479e-01 -2.82257199e-02
  2.12427139e-01  7.49804258e-01  7.74736702e-01  1.29185498e+00
 -4.25994545e-02 -1.65944263e-01 -9.42873001e-01 -1.42539650e-01
 -5.09615064e-01  9.65403438e-01  8.34682345e-01 -5.18386602e-01
  3.53891730e-01  6.41801357e-02  5.08618951e-01  1.01894891e+00
 -3.28530014e-01 -3.32997628e-02 -1.80441827e-01  2.35096931e-01
 -2.55989581e-01 -2.09291473e-01 -1.47133321e-01 -1.64968276e+00
 -1.69284850e-01  6.07510209e-02  6.21947587e-01  7.29369700e-01
  5.99946022e-01 -6.74916565e-01  1.23031831e+00 -1.28958249e+00
 -6.64112449e-01 -3.67776453e-01  1.31455690e-01  3.78233433e-01
 -8.40135753e-01 -3.63106400e-01 -2.50634134e-01 -2.10742283e+00
  6.89093709e-01 -9.02974844e-01 -4.02772009e-01  1.54137588e+00
 -2.07992017e-01  9.06994522e-01 -5.44871032e-01  3.85305762e-01
 -8.09826478e-02  6.84405208e-01  2.46060431e-01 -5.65070868e-01
  5.42701185e-01  2.30542719e-02 -1.22137517e-01  6.66289628e-01
 -1.00670137e-01  5.78732230e-02 -1.18791723e+00  2.20502615e+00
  7.74039507e-01  3.79953198e-02  1.60000706e+00  1.23174655e+00
  2.83441335e-01 -3.15214992e-01 -7.11687982e-01 -7.00975180e-01
 -8.20701361e-01  6.06228650e-01 -6.73054680e-02 -3.09595257e-01
 -1.70270309e-01 -1.09378815e+00 -1.88075840e-01  1.54434606e-01
  6.66516542e-01  3.04506958e-01  1.23938218e-01  3.31819475e-01
 -1.62126659e-03  4.06757772e-01 -8.66131783e-02 -5.88821769e-02
 -5.21769404e-01 -2.06430405e-01  1.92552900e+00 -2.83560157e-01
 -1.90655738e-01 -4.01817203e-01  5.80403030e-01  1.90049112e-01
  5.90409189e-02  3.97923917e-01 -4.53226894e-01  4.97723222e-01
 -3.94481063e-01 -1.30251551e+00 -3.18813235e-01 -4.60155487e-01
 -4.52672958e-01  4.28255886e-01  1.86832532e-01 -4.64421064e-01
  8.26421797e-01  8.58034790e-02  9.91345942e-02 -6.91530228e-01
  6.67168140e-01 -6.56287134e-01  1.84816062e+00  1.09426033e+00
  1.60102636e-01 -1.11405814e+00  3.91883664e-02  3.58302563e-01
 -5.41131608e-02  4.13817704e-01 -2.12963536e-01  3.07724923e-01
  1.17556334e+00 -1.34069726e-01  2.33674124e-01 -7.30481418e-03
  7.81065047e-01 -3.03012580e-01 -8.35513845e-02  5.53557932e-01
 -2.84455985e-01 -2.47817889e-01  1.89149991e-01 -1.02672207e+00
  1.32583808e-02 -2.55627990e-01  9.52539861e-01 -2.96597350e-02
  8.79282951e-01  4.27375317e-01 -1.99289754e-01  2.20845848e-01
  1.33380175e-01  1.14704527e-01  9.84668970e-01 -2.11234868e-01
 -4.05843139e-01 -7.67308354e-01  3.14330757e-02  3.86560559e-01
  1.19929647e+00  5.36592305e-01  5.09199142e-01 -1.36162627e+00
 -1.05296448e-01 -5.59449345e-02 -3.80162150e-02 -6.26801491e-01
  1.86362505e-01 -1.73844025e-01 -6.50287032e-01 -3.45541984e-01
 -7.34303296e-01  7.24383742e-02  1.10383463e+00  1.14996636e+00
  4.15981650e-01  2.12344471e-02  3.46782468e-02 -6.53821528e-01
 -5.01247168e-01  1.01878500e+00 -5.11385202e-01  5.93827702e-02
  1.42465687e+00  8.32590798e-04  8.78591835e-01  5.78436792e-01
  7.18320012e-01  5.57367444e-01 -5.57254732e-01 -1.31244791e+00
  7.39392415e-02  1.02208316e+00 -1.73512977e-02  8.59655023e-01
 -3.99190225e-02 -2.82223940e-01  3.95490587e-01  4.02262717e-01
  8.03426445e-01 -2.58965492e-01 -1.23902738e+00 -9.40800786e-01
  1.62803307e-01 -1.82705402e-01 -1.00059152e+00 -5.43330550e-01
 -6.58766031e-01 -2.29741275e-01  1.80671170e-01 -1.29144430e-01
  3.56926799e-01 -8.86848867e-02 -9.70983922e-01  2.64483422e-01
  1.72349140e-01 -7.12217987e-01 -8.57104957e-02 -3.92155677e-01
  1.69065610e-01 -3.40923727e-01 -2.67417639e-01 -1.58317521e-01
 -6.08656704e-01  1.02118409e+00 -2.54552245e-01 -9.51778710e-01
 -2.65829086e-01 -5.54043390e-02 -5.34137547e-01  7.80924261e-02
 -4.31904018e-01 -2.93715656e-01 -5.59636712e-01  7.50055850e-01
  5.42586446e-01  5.21332622e-01  7.41369128e-01 -2.03372106e-01
 -2.98140310e-02  1.17485476e+00 -6.42839670e-01  9.09768820e-01
 -2.86733925e-01 -6.71667278e-01 -7.02754200e-01  5.18063009e-01
 -7.03846872e-01  8.45564783e-01  2.22889528e-01  5.72806001e-02
  7.29165733e-01 -1.03616178e+00  1.58585691e+00 -4.93727475e-01
 -3.07119966e-01  9.14265960e-02 -6.41273111e-02 -5.38270436e-02
  3.15355629e-01  1.19199312e+00  6.83415830e-01  1.33915111e-01
  1.16254874e-01  3.87908012e-01  8.34312201e-01 -1.76378161e-01
  4.98694271e-01 -4.02371407e-01 -7.95837879e-01 -3.92245412e-01
 -7.62568772e-01  1.17841554e+00 -8.50370944e-01 -8.19937170e-01
 -1.17226891e-01 -8.34619522e-01 -1.40142596e+00  3.41342449e-01
 -1.18009889e+00  1.72452241e-01  7.37082437e-02 -3.43734443e-01
 -5.56558371e-01 -1.20999336e-01  6.78034663e-01 -1.69035867e-02
 -9.26296234e-01 -5.40798724e-01 -1.40218958e-01 -3.94925140e-02
 -8.04703236e-01 -9.95787308e-02 -2.03307927e-01 -1.50647974e+00
 -1.90729693e-01  4.01281953e-01  8.01624775e-01 -1.31860971e+00
  2.80246615e-01 -1.09216804e-02 -8.86645317e-01  8.60824645e-01
  5.10790169e-01  2.27465048e-01 -6.09495401e-01  1.30400555e-02
 -5.35382628e-02  5.99121809e-01  9.75840449e-01  7.68029451e-01
 -1.04766703e+00  1.87973067e-01  7.01478198e-02  4.77244973e-01
 -6.52137339e-01  7.09963962e-02 -4.24877740e-02  3.11902642e-01
  1.14879143e+00 -1.62646145e-01  2.15660229e-01  2.38919973e-01
  1.27243221e-01 -2.14758724e-01 -8.41916800e-01  1.32479280e-01
  2.49055177e-01 -3.80854696e-01 -2.53900200e-01 -1.52146888e+00
 -4.27862376e-01 -3.30217481e-01 -1.65427983e-01 -5.02607748e-02
  5.20032287e-01 -1.33780479e-01 -2.27504417e-01 -2.93135196e-01
 -2.25837648e-01  5.58377504e-01 -2.53188342e-01  1.02464998e+00
  3.18368047e-01  2.15202257e-01 -1.98995262e-01 -1.44416893e+00
  5.02204970e-02 -2.66076565e-01 -1.08973151e-02 -2.40284443e-01
 -5.64793527e-01  6.28166497e-02  3.36367339e-01 -8.57639432e-01
 -8.62743378e-01 -5.27694464e-01 -5.19397497e-01  8.48357737e-01
 -9.25135195e-01 -8.00738484e-02 -1.99941337e-01 -4.17113543e-01
 -7.53359854e-01 -9.31248963e-01 -3.05604845e-01  3.69783878e-01
 -1.04227677e-01  1.14021158e+00 -1.58956695e+00 -1.72336042e-01
  3.25673372e-01  7.78758302e-02 -3.53107870e-01  5.87968975e-02
  1.47149250e-01  8.21567714e-01  9.81274366e-01  5.93652308e-01
  5.79920053e-01  7.66876757e-01 -7.82622874e-01  4.46217418e-01
 -2.69964069e-01  4.41214263e-01 -1.92598388e-01 -4.10362273e-01
  5.84180020e-02  1.81740105e-01 -1.81846797e-01  3.85951310e-01
  8.06822419e-01  6.49897575e-01 -7.08981693e-01  1.09895403e-02
  5.91275170e-02 -7.26420283e-01 -3.29815060e-01 -2.90464878e-01
  3.73225480e-01  7.54145861e-01  1.66838729e+00 -2.18773857e-01
 -7.01609969e-01 -1.36749840e+00 -3.00247729e-01 -5.03675103e-01
  8.70439291e-01 -4.03018713e-01 -9.52010870e-01  1.99213073e-01
 -9.88790244e-02 -1.30468071e+00 -5.96089602e-01  2.54472584e-01
 -1.41453886e+00 -2.63562888e-01 -5.13353407e-01  7.11600557e-02
  1.20021462e+00 -1.73822570e+00  7.00591266e-01 -8.52419317e-01
  1.40644157e+00 -9.30212319e-01  1.71362936e-01 -3.40986192e-01
  1.11099374e+00  3.32399905e-01  3.70734811e-01 -1.41833186e+00
  7.56462216e-01 -4.55584586e-01  4.26305503e-01 -6.59897864e-01
  1.24169588e+00 -3.52406174e-01 -1.76326826e-01  4.58189696e-01]","[ 2.58754939e-01  7.65666783e-01 -4.65707630e-01 -4.36065912e-01
 -1.02154410e+00  3.74384910e-01  2.53483087e-01  4.09017712e-01
 -6.94044456e-02  6.88503325e-01 -5.28746426e-01  9.49705672e-03
  1.22118175e+00 -1.29630601e+00 -8.81272554e-01 -1.36076915e+00
 -7.82842219e-01 -6.90891325e-01 -7.81432152e-01  7.17344582e-01
  1.65111768e+00 -2.14252546e-01  7.42859602e-01  8.88970852e-01
  9.16712806e-02  6.13837898e-01  2.14042950e+00 -4.88709062e-01
 -3.48345608e-01  6.08429551e-01 -7.47659430e-02  1.67858288e-01
  2.20460221e-01 -8.66752043e-02  5.38115680e-01  3.48620623e-01
 -4.05876786e-01  2.07969666e-01  3.64317708e-02 -1.68470338e-01
 -1.19797252e-01 -3.29685718e-04  1.09635150e+00  8.61720383e-01
  3.81253630e-01  3.06869358e-01  8.60960782e-01 -5.03717922e-02
  5.55247486e-01 -2.21602872e-01  3.81490827e-01  1.78490713e-01
 -3.82163048e-01 -5.39982021e-01 -2.26499572e-01  2.35104397e-01
  5.11031091e-01  1.36317283e-01 -1.01213396e+00  7.63465106e-01
 -7.91656673e-01  6.24221146e-01 -5.04378676e-02  1.83643326e-01
 -2.18661264e-01  7.73185909e-01  6.97015703e-01 -8.37078318e-02
 -1.59653902e-01 -3.47926170e-01 -3.12480479e-01 -4.70926136e-01
 -1.22260191e-01 -1.11529268e-01 -5.80355048e-01 -4.57529038e-01
  1.04305685e-01 -5.60658038e-01 -5.75476885e-02  2.07826346e-02
  5.11998355e-01 -4.07395922e-02 -8.57271776e-02  8.07722390e-01
  1.25639126e-01 -2.27841973e-01  1.99368715e-01  3.94466549e-01
 -2.29423419e-01  6.56251252e-01 -1.39102936e+00 -2.48177513e-01
  1.02561653e+00  1.63333565e-01 -7.41358042e-01  4.11552817e-01
 -6.56937659e-01  8.11281383e-01  1.32502774e-02 -8.95606503e-02
 -8.85221139e-02  8.10027122e-01 -1.39308321e+00  1.41229165e+00
  1.47527564e+00 -5.27085662e-01  2.02385023e-01 -1.41935205e+00
 -2.88261324e-01  4.54457074e-01 -1.46575600e-01 -8.69578123e-02
  7.32687950e-01 -6.16145432e-01  1.34594366e-01  6.39876187e-01
 -1.44258842e-01  2.16147140e-01 -2.23000154e-01  6.38989031e-01
 -4.11915869e-01  3.50595713e-01  5.70650995e-01 -8.09123695e-01
 -4.94646877e-01 -4.51880284e-02 -1.54170379e-01  3.72843176e-01
 -1.84427261e-01 -4.46734615e-02  1.41228944e-01 -3.13785821e-01
 -1.36994436e-01 -2.44505003e-01 -1.35662365e+00  5.76085364e-03
  1.65453315e-01 -5.28535903e-01 -1.37860805e-01 -6.12922132e-01
 -4.81841946e-03  1.16985954e-01  5.10767877e-01 -5.25469959e-01
  3.92412357e-02  3.49685192e-01 -6.66919053e-02 -2.74920493e-01
  6.00411296e-02 -3.49984258e-01  7.61600062e-02 -2.26685509e-01
  8.62072706e-01 -4.64118570e-01 -2.94663697e-01  5.15659273e-01
  1.72863439e-01 -9.21992779e-01 -9.47336614e-01 -2.89100736e-01
  2.59418692e-02  1.51202843e-01 -7.73630664e-02  3.85801084e-02
  2.93126196e-01 -3.53437036e-01 -1.18852735e-01  5.98323166e-01
  1.07211065e+00  1.25569713e+00  2.15441491e-02 -2.15563297e-01
 -7.10687578e-01  1.29834712e+00  8.37024391e-01  1.38366830e+00
 -2.41990876e-03 -3.08258146e-01 -1.00147593e+00  3.74590397e-01
  3.18077542e-02  1.06435704e+00  6.53108656e-02 -3.44478697e-01
  4.10884619e-04  4.46341187e-01 -2.23740339e-02  3.45368236e-01
 -1.59559309e-01  2.95039713e-01  4.16525990e-01  2.51234889e-01
  1.53080240e-01 -5.57194650e-01 -4.55134362e-01 -9.01373684e-01
 -1.24181308e-01 -3.51409823e-01 -2.22094998e-01  4.69337195e-01
  3.66864018e-02 -9.05083597e-01  4.72788185e-01 -8.23253930e-01
 -7.69597828e-01 -1.41294524e-01 -5.41748941e-01 -1.59614399e-01
 -3.31402093e-01  1.56573012e-01 -6.26872480e-01 -1.08016205e+00
  6.74879372e-01 -2.28904560e-01 -3.66408229e-01  9.52807426e-01
 -2.49409720e-01  6.31160557e-01 -2.16425419e-01  7.80879796e-01
 -5.31057753e-02  2.12950587e-01  2.08714247e-01 -3.76456939e-02
  1.02227533e+00  2.05922544e-01  4.96548325e-01  1.14875138e+00
 -1.47142842e-01  1.44781128e-01 -1.00707434e-01  1.95989263e+00
  5.88235199e-01  2.39680350e-01  1.08087635e+00  8.00363198e-02
 -4.00677443e-01 -8.46993923e-01 -3.01950455e-01 -4.92810518e-01
 -9.30117428e-01  9.02858555e-01 -2.92300373e-01 -1.44224569e-01
  4.48532671e-01 -7.70175755e-01 -9.61511359e-02 -9.23241436e-01
  6.88463748e-02  2.13101104e-01  3.51493865e-01  7.25903213e-02
  8.29195008e-02  3.10883552e-01 -3.06551903e-01  6.26678407e-01
  1.16759121e-01 -3.19817029e-02  9.86835957e-01  2.12960601e-01
 -1.87608883e-01 -4.39048260e-01 -3.93611670e-01  3.14746238e-02
  4.67132837e-01  5.91510355e-01 -5.82304895e-01 -3.08005631e-01
 -3.97076577e-01 -1.61111081e+00 -6.18716002e-01  9.36848521e-02
 -2.64846057e-01  3.04639369e-01 -2.97773540e-01  2.59679228e-01
  8.37306738e-01  3.94203186e-01 -8.16127777e-01 -1.10288668e+00
  1.83305308e-01 -2.00568721e-01  1.48652220e+00  1.16011453e+00
 -2.86318362e-02 -5.29603899e-01  3.83966208e-01  7.54229307e-01
  7.64074996e-02  3.81459713e-01 -3.68279248e-01  3.44247609e-01
  2.45934680e-01  7.71982253e-01 -1.27560392e-01  5.86078055e-02
  1.93814218e+00 -1.06247580e+00 -5.15270948e-01 -6.02204442e-01
 -1.91837952e-01  1.38955191e-01  5.88956475e-03 -2.56706387e-01
  6.63230121e-01  3.49048585e-01  5.71135342e-01  7.18370378e-01
 -1.42920511e-02  1.72898695e-01  6.89943075e-01  1.69781840e-03
 -3.96998338e-02  7.82621205e-01  7.13594913e-01 -3.70173663e-01
 -5.42735076e-03 -8.73017013e-01 -4.07721192e-01 -2.67813742e-01
  7.90600777e-01  4.62941319e-01  5.06024420e-01 -8.13354015e-01
  3.29493552e-01  2.80005783e-01 -1.17573768e-01  3.97675186e-01
  1.45187899e-01 -8.07157829e-02 -7.78619200e-02 -9.61248457e-01
  6.81790113e-02 -6.57359958e-02  9.75333154e-01  1.91977775e+00
 -3.26742262e-01  7.42301112e-03  2.52164411e-03 -4.06822801e-01
 -9.29980457e-01  8.28021824e-01 -3.20083089e-02  1.52232334e-01
  4.19183105e-01  4.04705971e-01  1.15119231e+00 -1.91186130e-01
 -1.26877546e-01 -1.48641035e-01 -3.43369275e-01 -1.19184506e+00
 -2.82330811e-01  1.25802338e+00 -2.45547876e-01 -8.44457448e-02
 -5.24645150e-01  2.47254089e-01  4.11571175e-01  2.63517380e-01
 -8.29683170e-02  2.00176358e-01 -1.07659066e+00 -4.29665715e-01
  1.15340889e+00  1.80977825e-02 -6.42389894e-01  1.35355279e-01
  4.07437468e-03  2.60230094e-01 -5.03543727e-02 -8.82178068e-01
 -2.46009305e-01 -1.16771936e+00 -3.78451586e-01 -7.65593290e-01
 -4.00647074e-01 -1.21218868e-01 -8.26268017e-01 -3.02382022e-01
 -5.00344252e-03 -1.06858885e+00 -3.26659828e-01 -2.16492906e-01
 -3.30358028e-01  2.30187774e-01 -1.79770425e-01 -9.02734339e-01
 -7.41476953e-01 -6.15338869e-02 -9.38126519e-02  1.94314957e-01
 -2.89056301e-01  8.90308917e-01  3.91442508e-01  6.97327435e-01
  7.45553672e-01  4.24382836e-01 -3.27737331e-01  5.80936432e-01
 -1.24678463e-02  9.26483929e-01 -3.51582199e-01  1.77305654e-01
  1.70948878e-01  4.45365123e-02  1.28183261e-01  3.41375679e-01
 -5.32822609e-01 -4.74269688e-02  4.22098309e-01  9.11723912e-01
  8.00791025e-01 -6.36188805e-01  8.95480737e-02 -8.06500256e-01
 -4.49507117e-01 -1.71611205e-01 -5.80729425e-01 -1.74753711e-01
  3.67258549e-01 -1.01258963e-01  3.10842961e-01 -5.60998805e-02
  2.71947473e-01  4.78378147e-01  8.30143690e-01  4.15337592e-01
 -1.45673469e-01 -7.29671180e-01 -5.47645152e-01 -9.97540951e-01
 -8.99102926e-01  5.54789960e-01 -2.95613915e-01 -7.16665268e-01
  2.14029267e-01 -1.01798892e+00 -9.23852921e-01  7.91428983e-02
 -9.04280901e-01  6.19130284e-02  1.51161209e-01 -2.35187531e-01
 -3.37493032e-01 -1.02911043e+00 -9.89820734e-02  9.27680433e-01
 -3.10963392e-01 -2.72858471e-01  1.63475215e-01  2.96460211e-01
  4.45687979e-01  1.95598766e-01 -3.05731595e-01  6.93182573e-02
 -3.21123272e-01  5.95443428e-01  5.48458576e-01 -2.00317121e+00
  6.79128945e-01  4.56946820e-01 -7.14092970e-01  3.14033777e-02
 -6.99467063e-02  8.38553488e-01 -1.02953374e+00  4.51370209e-01
 -5.72017729e-01  7.34556675e-01  6.52249217e-01  5.14868200e-01
 -4.01160747e-01  4.57474798e-01  2.88481891e-01 -8.71608034e-02
  1.11201353e-01 -9.85160887e-01  2.93618321e-01 -3.79842997e-01
  8.51307884e-02 -5.13610363e-01 -4.46230084e-01  1.90197393e-01
 -2.25161240e-01  2.27955058e-01 -1.24368936e-01 -6.23004377e-01
 -1.21121533e-01 -4.17960078e-01  1.72031224e-02 -9.25355911e-01
  1.97996378e-01 -9.37604904e-02 -8.29413414e-01 -8.01442146e-01
  9.10189077e-02  1.93399265e-01 -6.44582450e-01 -7.51188278e-01
 -3.33442926e-01  2.49328986e-01 -7.26612434e-02  1.05746686e+00
  8.82225409e-02 -4.86976236e-01  1.60925579e+00 -7.45107889e-01
  1.58774313e-02 -1.61246493e-01  7.17768967e-02 -5.85627973e-01
 -2.52059549e-01 -4.42534357e-01  2.18473479e-01 -8.10688913e-01
 -9.37299252e-01 -5.24647534e-01 -2.10442737e-01  5.20700634e-01
 -9.27391708e-01 -5.11770666e-01 -7.26313531e-01 -3.05953294e-01
 -7.26748466e-01 -1.29627538e+00  1.06564254e-01  5.24497032e-01
  3.93341690e-01  6.82094276e-01 -3.47765595e-01  2.02958107e-01
 -9.43305120e-02 -6.87422931e-01  6.86987817e-01  2.45795906e-01
  3.44973117e-01  9.67409134e-01  1.50813806e+00  3.60267907e-01
 -5.07872105e-01  4.62053381e-02 -5.79474270e-01  6.78498089e-01
 -6.48347318e-01  4.99527693e-01 -1.12642586e-01  9.04823542e-02
  8.42202723e-01  5.29779196e-01 -4.15849477e-01  6.08234823e-01
  7.51701653e-01  1.28312588e+00 -5.83781183e-01  2.36583486e-01
  4.46787387e-01 -3.08433235e-01 -2.31035069e-01  7.70932138e-02
  9.77844521e-02  1.07979155e+00  1.03480005e+00 -2.42791072e-01
 -2.93547481e-01 -9.94999707e-01  6.03366315e-01 -2.94181198e-04
  8.74860764e-01 -1.30845034e+00  1.74097955e-01  8.38625208e-02
 -8.89260590e-01 -1.20076764e+00 -5.70772111e-01  3.23102623e-01
 -1.04073751e+00 -8.27366650e-01  2.95840353e-02  5.12552619e-01
  6.87260330e-01 -7.78497756e-01 -3.96597475e-01 -4.32368070e-01
  3.85459930e-01 -1.70074224e-01  1.80485800e-01  3.28782350e-01
  7.54682243e-01 -1.78295150e-01 -6.10124528e-01 -1.08846831e+00
 -2.02196494e-01 -3.63281816e-01 -1.63538814e-01 -5.32768428e-01
  2.83494651e-01 -3.79056066e-01 -8.27098917e-03  1.01834345e+00]",0
132,[*]C(C[*])C(=O)[O-],[*]CC([*])c1cc[n+](CC)cc1,2100,570,7.0,200,20,0.5,0,1,3,0.2714285714285714,0,1,0,9.921712962962964,9.921712962962964,0.0370370370370369,-0.7824074074074072,0.4204227437702691,19.2,71.055,68.031,71.01385291591001,28.0,2.6,3.2,3.2,1.6457113704075783,3.34341705895396,73.33515884998701,5.861807319565799,2.6009536313038994,2.6009536313038994,3.1807392125526213,1.1051717155225391,1.1051717155225391,0.5231597389607807,0.5231597389607807,0.1666666666666666,0.1666666666666666,0.0,0.0,-0.53,27.977093296928835,1.798837033645378,0.5057254621854761,0.2506048614847814,30.42489110886254,29.21492868948101,9.901064578912528,5.969305287951849,13.344558822616634,0.0,0.0,5.106527394840706,5.969305287951849,4.794537184071822,0.0,0.0,13.344558822616634,40.13,5.969305287951849,9.901064578912528,6.4208216229260096,6.923737199690624,0.0,0.0,0.0,0.0,0.3533333333333333,9.921712962962964,9.921712962962964,0.0,-0.7824074074074072,0.0,0.0694444444444444,1.0162037037037035,0.0,0.6666666666666666,5.0,2.0,0.0,0.0,2.0,4.0,2.0,0.0,-0.9583000000000002,13.564000000000002,1.0,0.0,1.0,1.0,1.0,1.0,0.0,0.0,0.0,0.0,2.3224074074074075,2.3224074074074075,0.5284301776266063,0.5284301776266063,0.5521406753358277,15.7,134.202,122.10599999999998,134.09642580409,52.0,0.0,1.7,2.4,2.9,2.167053352545513,2.770446815269876,232.78878061771368,8.974691494688164,6.248178503821182,6.248178503821182,5.774386907679233,3.4806726876126763,3.4806726876126763,2.166047211752171,2.166047211752171,1.5177731138680297,1.5177731138680297,0.8157553743075044,0.8157553743075044,-0.8500000000000001,606.7749387127436,4.888623338494641,2.080926843886177,0.919449804078233,62.32079104462523,61.47002484785755,4.567099647791355,0.0,0.0,0.0,26.813052428219837,0.0,30.08987277184637,4.567099647791355,0.0,6.544756405912575,0.0,18.90801031431363,24.52642128014937,6.923737199690624,3.88,0.0,0.0,0.0,12.965578028838586,0.0,12.48718869138762,0.0,36.01725812763135,3.383179406021668,0.0,0.0,1.6200925925925929,0.0,4.644814814814815,5.496394557823129,4.855518628747795,0.0,0.4444444444444444,10.0,1.0,1.0,1.0,0.0,3.0,3.0,1.0,1.552,39.859000000000016,0.0,1.0,0.0,0.0,0.0,0.0,1.0,0.0,1.0,1.0,0.0,0.0,[*]CC([*])C(=O)[O-],[*]CC([*])c1cc[n+](CC)cc1,"[ 5.50952554e-01  6.67746007e-01  3.77917290e-01 -1.17441809e+00
 -6.69968367e-01 -1.58297330e-01 -6.72284961e-02 -5.28121531e-01
 -2.75267303e-01  1.55845845e+00  2.68392377e-02 -5.55266798e-01
  7.93385267e-01 -1.03456473e+00 -6.35627568e-01 -1.03876030e+00
 -1.70346820e+00 -1.30036497e+00 -2.25371301e-01 -1.41964734e-01
  1.05430499e-01 -2.92812109e-01  3.19773614e-01  7.72576690e-01
 -6.40112102e-01  1.28019118e+00  2.42774200e+00 -4.54006344e-01
 -9.02524412e-01  9.79506493e-01 -3.34828138e-01 -3.03650469e-01
 -1.33218363e-01 -9.41639364e-01  7.83632636e-01  4.23074663e-01
 -1.73241779e-01  3.54419112e-01  3.47581238e-01 -3.20249461e-02
 -5.87040186e-01 -6.94137141e-02  1.36469281e+00  1.50850272e+00
 -7.08109001e-04  1.40314758e+00  8.37898135e-01  2.30026972e-02
 -1.28918486e-02 -4.91764814e-01 -3.88111532e-01 -8.54103506e-01
 -3.39003444e-01 -8.56086552e-01 -6.32213116e-01 -4.84038144e-01
 -2.89928913e-03  8.45237494e-01 -9.35304523e-01 -3.63467872e-01
 -6.73271000e-01 -1.05482444e-01  8.11104894e-01 -1.71648502e-01
 -3.46295953e-01  9.68204662e-02  7.82802626e-02  6.15729988e-01
 -1.28915578e-01 -8.80074680e-01 -1.10793412e-01 -2.32655019e-01
 -2.76402205e-01  4.76215333e-02 -5.37703753e-01 -4.57626283e-01
 -5.56176007e-01 -5.34456968e-01  4.31151748e-01 -4.61292788e-02
  3.29330802e-01 -1.57692686e-01  6.79725409e-01  7.64999747e-01
  2.28698909e-01  4.99854833e-01  1.03707455e-01  4.23821568e-01
 -1.18584305e-01  5.51582500e-02 -1.27232492e+00  9.25469279e-01
  1.17828858e+00  5.55050254e-01 -6.01640403e-01  1.85598596e-03
 -5.06517231e-01  3.62108380e-01 -1.25593603e-01  2.64763713e-01
  1.74772024e-01  3.16496044e-01 -1.01321959e+00  8.26404274e-01
  1.10871613e+00 -1.15284944e+00  1.07645226e+00 -9.01291013e-01
 -5.09613574e-01  6.92212641e-01 -6.20536089e-01 -2.36807078e-01
  1.11608577e+00  5.01168847e-01  5.16830027e-01  4.75949496e-01
 -6.68551743e-01  4.93257880e-01  2.93971598e-01  4.70821112e-02
 -3.74763817e-01  1.12406266e+00 -1.71836525e-01 -9.83554304e-01
 -3.04760039e-01 -8.03640932e-02  4.01249915e-01 -2.37712353e-01
 -3.63715082e-01 -4.04603444e-02 -6.94833323e-02 -2.84978569e-01
 -1.37553036e-01 -6.40389100e-02 -1.30503821e+00  6.43750072e-01
  8.66559386e-01 -6.59701407e-01 -2.93511987e-01 -5.99394381e-01
 -1.37480929e-01  3.21428955e-01 -4.59521860e-02 -7.53167152e-01
 -2.05593005e-01  1.92969292e-01  1.47321537e-01  6.28412962e-01
  3.42511177e-01 -7.05951214e-01  4.42748845e-01 -4.32425022e-01
  1.24913609e+00 -4.02215600e-01  3.81262302e-01  6.94990575e-01
  3.94117445e-01 -8.92814755e-01 -1.08931231e+00  4.76228297e-01
  1.24987923e-01  6.95637167e-02  7.04857886e-01  3.86546522e-01
  4.89218652e-01  1.67667687e-01  6.18894100e-01  4.35397118e-01
  6.26206696e-01  8.39248419e-01  2.65890479e-01 -2.82257199e-02
  2.12427139e-01  7.49804258e-01  7.74736702e-01  1.29185498e+00
 -4.25994545e-02 -1.65944263e-01 -9.42873001e-01 -1.42539650e-01
 -5.09615064e-01  9.65403438e-01  8.34682345e-01 -5.18386602e-01
  3.53891730e-01  6.41801357e-02  5.08618951e-01  1.01894891e+00
 -3.28530014e-01 -3.32997628e-02 -1.80441827e-01  2.35096931e-01
 -2.55989581e-01 -2.09291473e-01 -1.47133321e-01 -1.64968276e+00
 -1.69284850e-01  6.07510209e-02  6.21947587e-01  7.29369700e-01
  5.99946022e-01 -6.74916565e-01  1.23031831e+00 -1.28958249e+00
 -6.64112449e-01 -3.67776453e-01  1.31455690e-01  3.78233433e-01
 -8.40135753e-01 -3.63106400e-01 -2.50634134e-01 -2.10742283e+00
  6.89093709e-01 -9.02974844e-01 -4.02772009e-01  1.54137588e+00
 -2.07992017e-01  9.06994522e-01 -5.44871032e-01  3.85305762e-01
 -8.09826478e-02  6.84405208e-01  2.46060431e-01 -5.65070868e-01
  5.42701185e-01  2.30542719e-02 -1.22137517e-01  6.66289628e-01
 -1.00670137e-01  5.78732230e-02 -1.18791723e+00  2.20502615e+00
  7.74039507e-01  3.79953198e-02  1.60000706e+00  1.23174655e+00
  2.83441335e-01 -3.15214992e-01 -7.11687982e-01 -7.00975180e-01
 -8.20701361e-01  6.06228650e-01 -6.73054680e-02 -3.09595257e-01
 -1.70270309e-01 -1.09378815e+00 -1.88075840e-01  1.54434606e-01
  6.66516542e-01  3.04506958e-01  1.23938218e-01  3.31819475e-01
 -1.62126659e-03  4.06757772e-01 -8.66131783e-02 -5.88821769e-02
 -5.21769404e-01 -2.06430405e-01  1.92552900e+00 -2.83560157e-01
 -1.90655738e-01 -4.01817203e-01  5.80403030e-01  1.90049112e-01
  5.90409189e-02  3.97923917e-01 -4.53226894e-01  4.97723222e-01
 -3.94481063e-01 -1.30251551e+00 -3.18813235e-01 -4.60155487e-01
 -4.52672958e-01  4.28255886e-01  1.86832532e-01 -4.64421064e-01
  8.26421797e-01  8.58034790e-02  9.91345942e-02 -6.91530228e-01
  6.67168140e-01 -6.56287134e-01  1.84816062e+00  1.09426033e+00
  1.60102636e-01 -1.11405814e+00  3.91883664e-02  3.58302563e-01
 -5.41131608e-02  4.13817704e-01 -2.12963536e-01  3.07724923e-01
  1.17556334e+00 -1.34069726e-01  2.33674124e-01 -7.30481418e-03
  7.81065047e-01 -3.03012580e-01 -8.35513845e-02  5.53557932e-01
 -2.84455985e-01 -2.47817889e-01  1.89149991e-01 -1.02672207e+00
  1.32583808e-02 -2.55627990e-01  9.52539861e-01 -2.96597350e-02
  8.79282951e-01  4.27375317e-01 -1.99289754e-01  2.20845848e-01
  1.33380175e-01  1.14704527e-01  9.84668970e-01 -2.11234868e-01
 -4.05843139e-01 -7.67308354e-01  3.14330757e-02  3.86560559e-01
  1.19929647e+00  5.36592305e-01  5.09199142e-01 -1.36162627e+00
 -1.05296448e-01 -5.59449345e-02 -3.80162150e-02 -6.26801491e-01
  1.86362505e-01 -1.73844025e-01 -6.50287032e-01 -3.45541984e-01
 -7.34303296e-01  7.24383742e-02  1.10383463e+00  1.14996636e+00
  4.15981650e-01  2.12344471e-02  3.46782468e-02 -6.53821528e-01
 -5.01247168e-01  1.01878500e+00 -5.11385202e-01  5.93827702e-02
  1.42465687e+00  8.32590798e-04  8.78591835e-01  5.78436792e-01
  7.18320012e-01  5.57367444e-01 -5.57254732e-01 -1.31244791e+00
  7.39392415e-02  1.02208316e+00 -1.73512977e-02  8.59655023e-01
 -3.99190225e-02 -2.82223940e-01  3.95490587e-01  4.02262717e-01
  8.03426445e-01 -2.58965492e-01 -1.23902738e+00 -9.40800786e-01
  1.62803307e-01 -1.82705402e-01 -1.00059152e+00 -5.43330550e-01
 -6.58766031e-01 -2.29741275e-01  1.80671170e-01 -1.29144430e-01
  3.56926799e-01 -8.86848867e-02 -9.70983922e-01  2.64483422e-01
  1.72349140e-01 -7.12217987e-01 -8.57104957e-02 -3.92155677e-01
  1.69065610e-01 -3.40923727e-01 -2.67417639e-01 -1.58317521e-01
 -6.08656704e-01  1.02118409e+00 -2.54552245e-01 -9.51778710e-01
 -2.65829086e-01 -5.54043390e-02 -5.34137547e-01  7.80924261e-02
 -4.31904018e-01 -2.93715656e-01 -5.59636712e-01  7.50055850e-01
  5.42586446e-01  5.21332622e-01  7.41369128e-01 -2.03372106e-01
 -2.98140310e-02  1.17485476e+00 -6.42839670e-01  9.09768820e-01
 -2.86733925e-01 -6.71667278e-01 -7.02754200e-01  5.18063009e-01
 -7.03846872e-01  8.45564783e-01  2.22889528e-01  5.72806001e-02
  7.29165733e-01 -1.03616178e+00  1.58585691e+00 -4.93727475e-01
 -3.07119966e-01  9.14265960e-02 -6.41273111e-02 -5.38270436e-02
  3.15355629e-01  1.19199312e+00  6.83415830e-01  1.33915111e-01
  1.16254874e-01  3.87908012e-01  8.34312201e-01 -1.76378161e-01
  4.98694271e-01 -4.02371407e-01 -7.95837879e-01 -3.92245412e-01
 -7.62568772e-01  1.17841554e+00 -8.50370944e-01 -8.19937170e-01
 -1.17226891e-01 -8.34619522e-01 -1.40142596e+00  3.41342449e-01
 -1.18009889e+00  1.72452241e-01  7.37082437e-02 -3.43734443e-01
 -5.56558371e-01 -1.20999336e-01  6.78034663e-01 -1.69035867e-02
 -9.26296234e-01 -5.40798724e-01 -1.40218958e-01 -3.94925140e-02
 -8.04703236e-01 -9.95787308e-02 -2.03307927e-01 -1.50647974e+00
 -1.90729693e-01  4.01281953e-01  8.01624775e-01 -1.31860971e+00
  2.80246615e-01 -1.09216804e-02 -8.86645317e-01  8.60824645e-01
  5.10790169e-01  2.27465048e-01 -6.09495401e-01  1.30400555e-02
 -5.35382628e-02  5.99121809e-01  9.75840449e-01  7.68029451e-01
 -1.04766703e+00  1.87973067e-01  7.01478198e-02  4.77244973e-01
 -6.52137339e-01  7.09963962e-02 -4.24877740e-02  3.11902642e-01
  1.14879143e+00 -1.62646145e-01  2.15660229e-01  2.38919973e-01
  1.27243221e-01 -2.14758724e-01 -8.41916800e-01  1.32479280e-01
  2.49055177e-01 -3.80854696e-01 -2.53900200e-01 -1.52146888e+00
 -4.27862376e-01 -3.30217481e-01 -1.65427983e-01 -5.02607748e-02
  5.20032287e-01 -1.33780479e-01 -2.27504417e-01 -2.93135196e-01
 -2.25837648e-01  5.58377504e-01 -2.53188342e-01  1.02464998e+00
  3.18368047e-01  2.15202257e-01 -1.98995262e-01 -1.44416893e+00
  5.02204970e-02 -2.66076565e-01 -1.08973151e-02 -2.40284443e-01
 -5.64793527e-01  6.28166497e-02  3.36367339e-01 -8.57639432e-01
 -8.62743378e-01 -5.27694464e-01 -5.19397497e-01  8.48357737e-01
 -9.25135195e-01 -8.00738484e-02 -1.99941337e-01 -4.17113543e-01
 -7.53359854e-01 -9.31248963e-01 -3.05604845e-01  3.69783878e-01
 -1.04227677e-01  1.14021158e+00 -1.58956695e+00 -1.72336042e-01
  3.25673372e-01  7.78758302e-02 -3.53107870e-01  5.87968975e-02
  1.47149250e-01  8.21567714e-01  9.81274366e-01  5.93652308e-01
  5.79920053e-01  7.66876757e-01 -7.82622874e-01  4.46217418e-01
 -2.69964069e-01  4.41214263e-01 -1.92598388e-01 -4.10362273e-01
  5.84180020e-02  1.81740105e-01 -1.81846797e-01  3.85951310e-01
  8.06822419e-01  6.49897575e-01 -7.08981693e-01  1.09895403e-02
  5.91275170e-02 -7.26420283e-01 -3.29815060e-01 -2.90464878e-01
  3.73225480e-01  7.54145861e-01  1.66838729e+00 -2.18773857e-01
 -7.01609969e-01 -1.36749840e+00 -3.00247729e-01 -5.03675103e-01
  8.70439291e-01 -4.03018713e-01 -9.52010870e-01  1.99213073e-01
 -9.88790244e-02 -1.30468071e+00 -5.96089602e-01  2.54472584e-01
 -1.41453886e+00 -2.63562888e-01 -5.13353407e-01  7.11600557e-02
  1.20021462e+00 -1.73822570e+00  7.00591266e-01 -8.52419317e-01
  1.40644157e+00 -9.30212319e-01  1.71362936e-01 -3.40986192e-01
  1.11099374e+00  3.32399905e-01  3.70734811e-01 -1.41833186e+00
  7.56462216e-01 -4.55584586e-01  4.26305503e-01 -6.59897864e-01
  1.24169588e+00 -3.52406174e-01 -1.76326826e-01  4.58189696e-01]","[ 2.58754939e-01  7.65666783e-01 -4.65707630e-01 -4.36065912e-01
 -1.02154410e+00  3.74384910e-01  2.53483087e-01  4.09017712e-01
 -6.94044456e-02  6.88503325e-01 -5.28746426e-01  9.49705672e-03
  1.22118175e+00 -1.29630601e+00 -8.81272554e-01 -1.36076915e+00
 -7.82842219e-01 -6.90891325e-01 -7.81432152e-01  7.17344582e-01
  1.65111768e+00 -2.14252546e-01  7.42859602e-01  8.88970852e-01
  9.16712806e-02  6.13837898e-01  2.14042950e+00 -4.88709062e-01
 -3.48345608e-01  6.08429551e-01 -7.47659430e-02  1.67858288e-01
  2.20460221e-01 -8.66752043e-02  5.38115680e-01  3.48620623e-01
 -4.05876786e-01  2.07969666e-01  3.64317708e-02 -1.68470338e-01
 -1.19797252e-01 -3.29685718e-04  1.09635150e+00  8.61720383e-01
  3.81253630e-01  3.06869358e-01  8.60960782e-01 -5.03717922e-02
  5.55247486e-01 -2.21602872e-01  3.81490827e-01  1.78490713e-01
 -3.82163048e-01 -5.39982021e-01 -2.26499572e-01  2.35104397e-01
  5.11031091e-01  1.36317283e-01 -1.01213396e+00  7.63465106e-01
 -7.91656673e-01  6.24221146e-01 -5.04378676e-02  1.83643326e-01
 -2.18661264e-01  7.73185909e-01  6.97015703e-01 -8.37078318e-02
 -1.59653902e-01 -3.47926170e-01 -3.12480479e-01 -4.70926136e-01
 -1.22260191e-01 -1.11529268e-01 -5.80355048e-01 -4.57529038e-01
  1.04305685e-01 -5.60658038e-01 -5.75476885e-02  2.07826346e-02
  5.11998355e-01 -4.07395922e-02 -8.57271776e-02  8.07722390e-01
  1.25639126e-01 -2.27841973e-01  1.99368715e-01  3.94466549e-01
 -2.29423419e-01  6.56251252e-01 -1.39102936e+00 -2.48177513e-01
  1.02561653e+00  1.63333565e-01 -7.41358042e-01  4.11552817e-01
 -6.56937659e-01  8.11281383e-01  1.32502774e-02 -8.95606503e-02
 -8.85221139e-02  8.10027122e-01 -1.39308321e+00  1.41229165e+00
  1.47527564e+00 -5.27085662e-01  2.02385023e-01 -1.41935205e+00
 -2.88261324e-01  4.54457074e-01 -1.46575600e-01 -8.69578123e-02
  7.32687950e-01 -6.16145432e-01  1.34594366e-01  6.39876187e-01
 -1.44258842e-01  2.16147140e-01 -2.23000154e-01  6.38989031e-01
 -4.11915869e-01  3.50595713e-01  5.70650995e-01 -8.09123695e-01
 -4.94646877e-01 -4.51880284e-02 -1.54170379e-01  3.72843176e-01
 -1.84427261e-01 -4.46734615e-02  1.41228944e-01 -3.13785821e-01
 -1.36994436e-01 -2.44505003e-01 -1.35662365e+00  5.76085364e-03
  1.65453315e-01 -5.28535903e-01 -1.37860805e-01 -6.12922132e-01
 -4.81841946e-03  1.16985954e-01  5.10767877e-01 -5.25469959e-01
  3.92412357e-02  3.49685192e-01 -6.66919053e-02 -2.74920493e-01
  6.00411296e-02 -3.49984258e-01  7.61600062e-02 -2.26685509e-01
  8.62072706e-01 -4.64118570e-01 -2.94663697e-01  5.15659273e-01
  1.72863439e-01 -9.21992779e-01 -9.47336614e-01 -2.89100736e-01
  2.59418692e-02  1.51202843e-01 -7.73630664e-02  3.85801084e-02
  2.93126196e-01 -3.53437036e-01 -1.18852735e-01  5.98323166e-01
  1.07211065e+00  1.25569713e+00  2.15441491e-02 -2.15563297e-01
 -7.10687578e-01  1.29834712e+00  8.37024391e-01  1.38366830e+00
 -2.41990876e-03 -3.08258146e-01 -1.00147593e+00  3.74590397e-01
  3.18077542e-02  1.06435704e+00  6.53108656e-02 -3.44478697e-01
  4.10884619e-04  4.46341187e-01 -2.23740339e-02  3.45368236e-01
 -1.59559309e-01  2.95039713e-01  4.16525990e-01  2.51234889e-01
  1.53080240e-01 -5.57194650e-01 -4.55134362e-01 -9.01373684e-01
 -1.24181308e-01 -3.51409823e-01 -2.22094998e-01  4.69337195e-01
  3.66864018e-02 -9.05083597e-01  4.72788185e-01 -8.23253930e-01
 -7.69597828e-01 -1.41294524e-01 -5.41748941e-01 -1.59614399e-01
 -3.31402093e-01  1.56573012e-01 -6.26872480e-01 -1.08016205e+00
  6.74879372e-01 -2.28904560e-01 -3.66408229e-01  9.52807426e-01
 -2.49409720e-01  6.31160557e-01 -2.16425419e-01  7.80879796e-01
 -5.31057753e-02  2.12950587e-01  2.08714247e-01 -3.76456939e-02
  1.02227533e+00  2.05922544e-01  4.96548325e-01  1.14875138e+00
 -1.47142842e-01  1.44781128e-01 -1.00707434e-01  1.95989263e+00
  5.88235199e-01  2.39680350e-01  1.08087635e+00  8.00363198e-02
 -4.00677443e-01 -8.46993923e-01 -3.01950455e-01 -4.92810518e-01
 -9.30117428e-01  9.02858555e-01 -2.92300373e-01 -1.44224569e-01
  4.48532671e-01 -7.70175755e-01 -9.61511359e-02 -9.23241436e-01
  6.88463748e-02  2.13101104e-01  3.51493865e-01  7.25903213e-02
  8.29195008e-02  3.10883552e-01 -3.06551903e-01  6.26678407e-01
  1.16759121e-01 -3.19817029e-02  9.86835957e-01  2.12960601e-01
 -1.87608883e-01 -4.39048260e-01 -3.93611670e-01  3.14746238e-02
  4.67132837e-01  5.91510355e-01 -5.82304895e-01 -3.08005631e-01
 -3.97076577e-01 -1.61111081e+00 -6.18716002e-01  9.36848521e-02
 -2.64846057e-01  3.04639369e-01 -2.97773540e-01  2.59679228e-01
  8.37306738e-01  3.94203186e-01 -8.16127777e-01 -1.10288668e+00
  1.83305308e-01 -2.00568721e-01  1.48652220e+00  1.16011453e+00
 -2.86318362e-02 -5.29603899e-01  3.83966208e-01  7.54229307e-01
  7.64074996e-02  3.81459713e-01 -3.68279248e-01  3.44247609e-01
  2.45934680e-01  7.71982253e-01 -1.27560392e-01  5.86078055e-02
  1.93814218e+00 -1.06247580e+00 -5.15270948e-01 -6.02204442e-01
 -1.91837952e-01  1.38955191e-01  5.88956475e-03 -2.56706387e-01
  6.63230121e-01  3.49048585e-01  5.71135342e-01  7.18370378e-01
 -1.42920511e-02  1.72898695e-01  6.89943075e-01  1.69781840e-03
 -3.96998338e-02  7.82621205e-01  7.13594913e-01 -3.70173663e-01
 -5.42735076e-03 -8.73017013e-01 -4.07721192e-01 -2.67813742e-01
  7.90600777e-01  4.62941319e-01  5.06024420e-01 -8.13354015e-01
  3.29493552e-01  2.80005783e-01 -1.17573768e-01  3.97675186e-01
  1.45187899e-01 -8.07157829e-02 -7.78619200e-02 -9.61248457e-01
  6.81790113e-02 -6.57359958e-02  9.75333154e-01  1.91977775e+00
 -3.26742262e-01  7.42301112e-03  2.52164411e-03 -4.06822801e-01
 -9.29980457e-01  8.28021824e-01 -3.20083089e-02  1.52232334e-01
  4.19183105e-01  4.04705971e-01  1.15119231e+00 -1.91186130e-01
 -1.26877546e-01 -1.48641035e-01 -3.43369275e-01 -1.19184506e+00
 -2.82330811e-01  1.25802338e+00 -2.45547876e-01 -8.44457448e-02
 -5.24645150e-01  2.47254089e-01  4.11571175e-01  2.63517380e-01
 -8.29683170e-02  2.00176358e-01 -1.07659066e+00 -4.29665715e-01
  1.15340889e+00  1.80977825e-02 -6.42389894e-01  1.35355279e-01
  4.07437468e-03  2.60230094e-01 -5.03543727e-02 -8.82178068e-01
 -2.46009305e-01 -1.16771936e+00 -3.78451586e-01 -7.65593290e-01
 -4.00647074e-01 -1.21218868e-01 -8.26268017e-01 -3.02382022e-01
 -5.00344252e-03 -1.06858885e+00 -3.26659828e-01 -2.16492906e-01
 -3.30358028e-01  2.30187774e-01 -1.79770425e-01 -9.02734339e-01
 -7.41476953e-01 -6.15338869e-02 -9.38126519e-02  1.94314957e-01
 -2.89056301e-01  8.90308917e-01  3.91442508e-01  6.97327435e-01
  7.45553672e-01  4.24382836e-01 -3.27737331e-01  5.80936432e-01
 -1.24678463e-02  9.26483929e-01 -3.51582199e-01  1.77305654e-01
  1.70948878e-01  4.45365123e-02  1.28183261e-01  3.41375679e-01
 -5.32822609e-01 -4.74269688e-02  4.22098309e-01  9.11723912e-01
  8.00791025e-01 -6.36188805e-01  8.95480737e-02 -8.06500256e-01
 -4.49507117e-01 -1.71611205e-01 -5.80729425e-01 -1.74753711e-01
  3.67258549e-01 -1.01258963e-01  3.10842961e-01 -5.60998805e-02
  2.71947473e-01  4.78378147e-01  8.30143690e-01  4.15337592e-01
 -1.45673469e-01 -7.29671180e-01 -5.47645152e-01 -9.97540951e-01
 -8.99102926e-01  5.54789960e-01 -2.95613915e-01 -7.16665268e-01
  2.14029267e-01 -1.01798892e+00 -9.23852921e-01  7.91428983e-02
 -9.04280901e-01  6.19130284e-02  1.51161209e-01 -2.35187531e-01
 -3.37493032e-01 -1.02911043e+00 -9.89820734e-02  9.27680433e-01
 -3.10963392e-01 -2.72858471e-01  1.63475215e-01  2.96460211e-01
  4.45687979e-01  1.95598766e-01 -3.05731595e-01  6.93182573e-02
 -3.21123272e-01  5.95443428e-01  5.48458576e-01 -2.00317121e+00
  6.79128945e-01  4.56946820e-01 -7.14092970e-01  3.14033777e-02
 -6.99467063e-02  8.38553488e-01 -1.02953374e+00  4.51370209e-01
 -5.72017729e-01  7.34556675e-01  6.52249217e-01  5.14868200e-01
 -4.01160747e-01  4.57474798e-01  2.88481891e-01 -8.71608034e-02
  1.11201353e-01 -9.85160887e-01  2.93618321e-01 -3.79842997e-01
  8.51307884e-02 -5.13610363e-01 -4.46230084e-01  1.90197393e-01
 -2.25161240e-01  2.27955058e-01 -1.24368936e-01 -6.23004377e-01
 -1.21121533e-01 -4.17960078e-01  1.72031224e-02 -9.25355911e-01
  1.97996378e-01 -9.37604904e-02 -8.29413414e-01 -8.01442146e-01
  9.10189077e-02  1.93399265e-01 -6.44582450e-01 -7.51188278e-01
 -3.33442926e-01  2.49328986e-01 -7.26612434e-02  1.05746686e+00
  8.82225409e-02 -4.86976236e-01  1.60925579e+00 -7.45107889e-01
  1.58774313e-02 -1.61246493e-01  7.17768967e-02 -5.85627973e-01
 -2.52059549e-01 -4.42534357e-01  2.18473479e-01 -8.10688913e-01
 -9.37299252e-01 -5.24647534e-01 -2.10442737e-01  5.20700634e-01
 -9.27391708e-01 -5.11770666e-01 -7.26313531e-01 -3.05953294e-01
 -7.26748466e-01 -1.29627538e+00  1.06564254e-01  5.24497032e-01
  3.93341690e-01  6.82094276e-01 -3.47765595e-01  2.02958107e-01
 -9.43305120e-02 -6.87422931e-01  6.86987817e-01  2.45795906e-01
  3.44973117e-01  9.67409134e-01  1.50813806e+00  3.60267907e-01
 -5.07872105e-01  4.62053381e-02 -5.79474270e-01  6.78498089e-01
 -6.48347318e-01  4.99527693e-01 -1.12642586e-01  9.04823542e-02
  8.42202723e-01  5.29779196e-01 -4.15849477e-01  6.08234823e-01
  7.51701653e-01  1.28312588e+00 -5.83781183e-01  2.36583486e-01
  4.46787387e-01 -3.08433235e-01 -2.31035069e-01  7.70932138e-02
  9.77844521e-02  1.07979155e+00  1.03480005e+00 -2.42791072e-01
 -2.93547481e-01 -9.94999707e-01  6.03366315e-01 -2.94181198e-04
  8.74860764e-01 -1.30845034e+00  1.74097955e-01  8.38625208e-02
 -8.89260590e-01 -1.20076764e+00 -5.70772111e-01  3.23102623e-01
 -1.04073751e+00 -8.27366650e-01  2.95840353e-02  5.12552619e-01
  6.87260330e-01 -7.78497756e-01 -3.96597475e-01 -4.32368070e-01
  3.85459930e-01 -1.70074224e-01  1.80485800e-01  3.28782350e-01
  7.54682243e-01 -1.78295150e-01 -6.10124528e-01 -1.08846831e+00
 -2.02196494e-01 -3.63281816e-01 -1.63538814e-01 -5.32768428e-01
  2.83494651e-01 -3.79056066e-01 -8.27098917e-03  1.01834345e+00]",0
133,[*]C(C[*])C(=O)[O-],[*]CC([*])c1cc[n+](CC)cc1,500,570,7.0,250,37,0.5,0,1,3,1.14,1,0,0,9.921712962962964,9.921712962962964,0.0370370370370369,-0.7824074074074072,0.4204227437702691,19.2,71.055,68.031,71.01385291591001,28.0,2.6,3.2,3.2,1.6457113704075783,3.34341705895396,73.33515884998701,5.861807319565799,2.6009536313038994,2.6009536313038994,3.1807392125526213,1.1051717155225391,1.1051717155225391,0.5231597389607807,0.5231597389607807,0.1666666666666666,0.1666666666666666,0.0,0.0,-0.53,27.977093296928835,1.798837033645378,0.5057254621854761,0.2506048614847814,30.42489110886254,29.21492868948101,9.901064578912528,5.969305287951849,13.344558822616634,0.0,0.0,5.106527394840706,5.969305287951849,4.794537184071822,0.0,0.0,13.344558822616634,40.13,5.969305287951849,9.901064578912528,6.4208216229260096,6.923737199690624,0.0,0.0,0.0,0.0,0.3533333333333333,9.921712962962964,9.921712962962964,0.0,-0.7824074074074072,0.0,0.0694444444444444,1.0162037037037035,0.0,0.6666666666666666,5.0,2.0,0.0,0.0,2.0,4.0,2.0,0.0,-0.9583000000000002,13.564000000000002,1.0,0.0,1.0,1.0,1.0,1.0,0.0,0.0,0.0,0.0,2.3224074074074075,2.3224074074074075,0.5284301776266063,0.5284301776266063,0.5521406753358277,15.7,134.202,122.10599999999998,134.09642580409,52.0,0.0,1.7,2.4,2.9,2.167053352545513,2.770446815269876,232.78878061771368,8.974691494688164,6.248178503821182,6.248178503821182,5.774386907679233,3.4806726876126763,3.4806726876126763,2.166047211752171,2.166047211752171,1.5177731138680297,1.5177731138680297,0.8157553743075044,0.8157553743075044,-0.8500000000000001,606.7749387127436,4.888623338494641,2.080926843886177,0.919449804078233,62.32079104462523,61.47002484785755,4.567099647791355,0.0,0.0,0.0,26.813052428219837,0.0,30.08987277184637,4.567099647791355,0.0,6.544756405912575,0.0,18.90801031431363,24.52642128014937,6.923737199690624,3.88,0.0,0.0,0.0,12.965578028838586,0.0,12.48718869138762,0.0,36.01725812763135,3.383179406021668,0.0,0.0,1.6200925925925929,0.0,4.644814814814815,5.496394557823129,4.855518628747795,0.0,0.4444444444444444,10.0,1.0,1.0,1.0,0.0,3.0,3.0,1.0,1.552,39.859000000000016,0.0,1.0,0.0,0.0,0.0,0.0,1.0,0.0,1.0,1.0,0.0,0.0,[*]CC([*])C(=O)[O-],[*]CC([*])c1cc[n+](CC)cc1,"[ 5.50952554e-01  6.67746007e-01  3.77917290e-01 -1.17441809e+00
 -6.69968367e-01 -1.58297330e-01 -6.72284961e-02 -5.28121531e-01
 -2.75267303e-01  1.55845845e+00  2.68392377e-02 -5.55266798e-01
  7.93385267e-01 -1.03456473e+00 -6.35627568e-01 -1.03876030e+00
 -1.70346820e+00 -1.30036497e+00 -2.25371301e-01 -1.41964734e-01
  1.05430499e-01 -2.92812109e-01  3.19773614e-01  7.72576690e-01
 -6.40112102e-01  1.28019118e+00  2.42774200e+00 -4.54006344e-01
 -9.02524412e-01  9.79506493e-01 -3.34828138e-01 -3.03650469e-01
 -1.33218363e-01 -9.41639364e-01  7.83632636e-01  4.23074663e-01
 -1.73241779e-01  3.54419112e-01  3.47581238e-01 -3.20249461e-02
 -5.87040186e-01 -6.94137141e-02  1.36469281e+00  1.50850272e+00
 -7.08109001e-04  1.40314758e+00  8.37898135e-01  2.30026972e-02
 -1.28918486e-02 -4.91764814e-01 -3.88111532e-01 -8.54103506e-01
 -3.39003444e-01 -8.56086552e-01 -6.32213116e-01 -4.84038144e-01
 -2.89928913e-03  8.45237494e-01 -9.35304523e-01 -3.63467872e-01
 -6.73271000e-01 -1.05482444e-01  8.11104894e-01 -1.71648502e-01
 -3.46295953e-01  9.68204662e-02  7.82802626e-02  6.15729988e-01
 -1.28915578e-01 -8.80074680e-01 -1.10793412e-01 -2.32655019e-01
 -2.76402205e-01  4.76215333e-02 -5.37703753e-01 -4.57626283e-01
 -5.56176007e-01 -5.34456968e-01  4.31151748e-01 -4.61292788e-02
  3.29330802e-01 -1.57692686e-01  6.79725409e-01  7.64999747e-01
  2.28698909e-01  4.99854833e-01  1.03707455e-01  4.23821568e-01
 -1.18584305e-01  5.51582500e-02 -1.27232492e+00  9.25469279e-01
  1.17828858e+00  5.55050254e-01 -6.01640403e-01  1.85598596e-03
 -5.06517231e-01  3.62108380e-01 -1.25593603e-01  2.64763713e-01
  1.74772024e-01  3.16496044e-01 -1.01321959e+00  8.26404274e-01
  1.10871613e+00 -1.15284944e+00  1.07645226e+00 -9.01291013e-01
 -5.09613574e-01  6.92212641e-01 -6.20536089e-01 -2.36807078e-01
  1.11608577e+00  5.01168847e-01  5.16830027e-01  4.75949496e-01
 -6.68551743e-01  4.93257880e-01  2.93971598e-01  4.70821112e-02
 -3.74763817e-01  1.12406266e+00 -1.71836525e-01 -9.83554304e-01
 -3.04760039e-01 -8.03640932e-02  4.01249915e-01 -2.37712353e-01
 -3.63715082e-01 -4.04603444e-02 -6.94833323e-02 -2.84978569e-01
 -1.37553036e-01 -6.40389100e-02 -1.30503821e+00  6.43750072e-01
  8.66559386e-01 -6.59701407e-01 -2.93511987e-01 -5.99394381e-01
 -1.37480929e-01  3.21428955e-01 -4.59521860e-02 -7.53167152e-01
 -2.05593005e-01  1.92969292e-01  1.47321537e-01  6.28412962e-01
  3.42511177e-01 -7.05951214e-01  4.42748845e-01 -4.32425022e-01
  1.24913609e+00 -4.02215600e-01  3.81262302e-01  6.94990575e-01
  3.94117445e-01 -8.92814755e-01 -1.08931231e+00  4.76228297e-01
  1.24987923e-01  6.95637167e-02  7.04857886e-01  3.86546522e-01
  4.89218652e-01  1.67667687e-01  6.18894100e-01  4.35397118e-01
  6.26206696e-01  8.39248419e-01  2.65890479e-01 -2.82257199e-02
  2.12427139e-01  7.49804258e-01  7.74736702e-01  1.29185498e+00
 -4.25994545e-02 -1.65944263e-01 -9.42873001e-01 -1.42539650e-01
 -5.09615064e-01  9.65403438e-01  8.34682345e-01 -5.18386602e-01
  3.53891730e-01  6.41801357e-02  5.08618951e-01  1.01894891e+00
 -3.28530014e-01 -3.32997628e-02 -1.80441827e-01  2.35096931e-01
 -2.55989581e-01 -2.09291473e-01 -1.47133321e-01 -1.64968276e+00
 -1.69284850e-01  6.07510209e-02  6.21947587e-01  7.29369700e-01
  5.99946022e-01 -6.74916565e-01  1.23031831e+00 -1.28958249e+00
 -6.64112449e-01 -3.67776453e-01  1.31455690e-01  3.78233433e-01
 -8.40135753e-01 -3.63106400e-01 -2.50634134e-01 -2.10742283e+00
  6.89093709e-01 -9.02974844e-01 -4.02772009e-01  1.54137588e+00
 -2.07992017e-01  9.06994522e-01 -5.44871032e-01  3.85305762e-01
 -8.09826478e-02  6.84405208e-01  2.46060431e-01 -5.65070868e-01
  5.42701185e-01  2.30542719e-02 -1.22137517e-01  6.66289628e-01
 -1.00670137e-01  5.78732230e-02 -1.18791723e+00  2.20502615e+00
  7.74039507e-01  3.79953198e-02  1.60000706e+00  1.23174655e+00
  2.83441335e-01 -3.15214992e-01 -7.11687982e-01 -7.00975180e-01
 -8.20701361e-01  6.06228650e-01 -6.73054680e-02 -3.09595257e-01
 -1.70270309e-01 -1.09378815e+00 -1.88075840e-01  1.54434606e-01
  6.66516542e-01  3.04506958e-01  1.23938218e-01  3.31819475e-01
 -1.62126659e-03  4.06757772e-01 -8.66131783e-02 -5.88821769e-02
 -5.21769404e-01 -2.06430405e-01  1.92552900e+00 -2.83560157e-01
 -1.90655738e-01 -4.01817203e-01  5.80403030e-01  1.90049112e-01
  5.90409189e-02  3.97923917e-01 -4.53226894e-01  4.97723222e-01
 -3.94481063e-01 -1.30251551e+00 -3.18813235e-01 -4.60155487e-01
 -4.52672958e-01  4.28255886e-01  1.86832532e-01 -4.64421064e-01
  8.26421797e-01  8.58034790e-02  9.91345942e-02 -6.91530228e-01
  6.67168140e-01 -6.56287134e-01  1.84816062e+00  1.09426033e+00
  1.60102636e-01 -1.11405814e+00  3.91883664e-02  3.58302563e-01
 -5.41131608e-02  4.13817704e-01 -2.12963536e-01  3.07724923e-01
  1.17556334e+00 -1.34069726e-01  2.33674124e-01 -7.30481418e-03
  7.81065047e-01 -3.03012580e-01 -8.35513845e-02  5.53557932e-01
 -2.84455985e-01 -2.47817889e-01  1.89149991e-01 -1.02672207e+00
  1.32583808e-02 -2.55627990e-01  9.52539861e-01 -2.96597350e-02
  8.79282951e-01  4.27375317e-01 -1.99289754e-01  2.20845848e-01
  1.33380175e-01  1.14704527e-01  9.84668970e-01 -2.11234868e-01
 -4.05843139e-01 -7.67308354e-01  3.14330757e-02  3.86560559e-01
  1.19929647e+00  5.36592305e-01  5.09199142e-01 -1.36162627e+00
 -1.05296448e-01 -5.59449345e-02 -3.80162150e-02 -6.26801491e-01
  1.86362505e-01 -1.73844025e-01 -6.50287032e-01 -3.45541984e-01
 -7.34303296e-01  7.24383742e-02  1.10383463e+00  1.14996636e+00
  4.15981650e-01  2.12344471e-02  3.46782468e-02 -6.53821528e-01
 -5.01247168e-01  1.01878500e+00 -5.11385202e-01  5.93827702e-02
  1.42465687e+00  8.32590798e-04  8.78591835e-01  5.78436792e-01
  7.18320012e-01  5.57367444e-01 -5.57254732e-01 -1.31244791e+00
  7.39392415e-02  1.02208316e+00 -1.73512977e-02  8.59655023e-01
 -3.99190225e-02 -2.82223940e-01  3.95490587e-01  4.02262717e-01
  8.03426445e-01 -2.58965492e-01 -1.23902738e+00 -9.40800786e-01
  1.62803307e-01 -1.82705402e-01 -1.00059152e+00 -5.43330550e-01
 -6.58766031e-01 -2.29741275e-01  1.80671170e-01 -1.29144430e-01
  3.56926799e-01 -8.86848867e-02 -9.70983922e-01  2.64483422e-01
  1.72349140e-01 -7.12217987e-01 -8.57104957e-02 -3.92155677e-01
  1.69065610e-01 -3.40923727e-01 -2.67417639e-01 -1.58317521e-01
 -6.08656704e-01  1.02118409e+00 -2.54552245e-01 -9.51778710e-01
 -2.65829086e-01 -5.54043390e-02 -5.34137547e-01  7.80924261e-02
 -4.31904018e-01 -2.93715656e-01 -5.59636712e-01  7.50055850e-01
  5.42586446e-01  5.21332622e-01  7.41369128e-01 -2.03372106e-01
 -2.98140310e-02  1.17485476e+00 -6.42839670e-01  9.09768820e-01
 -2.86733925e-01 -6.71667278e-01 -7.02754200e-01  5.18063009e-01
 -7.03846872e-01  8.45564783e-01  2.22889528e-01  5.72806001e-02
  7.29165733e-01 -1.03616178e+00  1.58585691e+00 -4.93727475e-01
 -3.07119966e-01  9.14265960e-02 -6.41273111e-02 -5.38270436e-02
  3.15355629e-01  1.19199312e+00  6.83415830e-01  1.33915111e-01
  1.16254874e-01  3.87908012e-01  8.34312201e-01 -1.76378161e-01
  4.98694271e-01 -4.02371407e-01 -7.95837879e-01 -3.92245412e-01
 -7.62568772e-01  1.17841554e+00 -8.50370944e-01 -8.19937170e-01
 -1.17226891e-01 -8.34619522e-01 -1.40142596e+00  3.41342449e-01
 -1.18009889e+00  1.72452241e-01  7.37082437e-02 -3.43734443e-01
 -5.56558371e-01 -1.20999336e-01  6.78034663e-01 -1.69035867e-02
 -9.26296234e-01 -5.40798724e-01 -1.40218958e-01 -3.94925140e-02
 -8.04703236e-01 -9.95787308e-02 -2.03307927e-01 -1.50647974e+00
 -1.90729693e-01  4.01281953e-01  8.01624775e-01 -1.31860971e+00
  2.80246615e-01 -1.09216804e-02 -8.86645317e-01  8.60824645e-01
  5.10790169e-01  2.27465048e-01 -6.09495401e-01  1.30400555e-02
 -5.35382628e-02  5.99121809e-01  9.75840449e-01  7.68029451e-01
 -1.04766703e+00  1.87973067e-01  7.01478198e-02  4.77244973e-01
 -6.52137339e-01  7.09963962e-02 -4.24877740e-02  3.11902642e-01
  1.14879143e+00 -1.62646145e-01  2.15660229e-01  2.38919973e-01
  1.27243221e-01 -2.14758724e-01 -8.41916800e-01  1.32479280e-01
  2.49055177e-01 -3.80854696e-01 -2.53900200e-01 -1.52146888e+00
 -4.27862376e-01 -3.30217481e-01 -1.65427983e-01 -5.02607748e-02
  5.20032287e-01 -1.33780479e-01 -2.27504417e-01 -2.93135196e-01
 -2.25837648e-01  5.58377504e-01 -2.53188342e-01  1.02464998e+00
  3.18368047e-01  2.15202257e-01 -1.98995262e-01 -1.44416893e+00
  5.02204970e-02 -2.66076565e-01 -1.08973151e-02 -2.40284443e-01
 -5.64793527e-01  6.28166497e-02  3.36367339e-01 -8.57639432e-01
 -8.62743378e-01 -5.27694464e-01 -5.19397497e-01  8.48357737e-01
 -9.25135195e-01 -8.00738484e-02 -1.99941337e-01 -4.17113543e-01
 -7.53359854e-01 -9.31248963e-01 -3.05604845e-01  3.69783878e-01
 -1.04227677e-01  1.14021158e+00 -1.58956695e+00 -1.72336042e-01
  3.25673372e-01  7.78758302e-02 -3.53107870e-01  5.87968975e-02
  1.47149250e-01  8.21567714e-01  9.81274366e-01  5.93652308e-01
  5.79920053e-01  7.66876757e-01 -7.82622874e-01  4.46217418e-01
 -2.69964069e-01  4.41214263e-01 -1.92598388e-01 -4.10362273e-01
  5.84180020e-02  1.81740105e-01 -1.81846797e-01  3.85951310e-01
  8.06822419e-01  6.49897575e-01 -7.08981693e-01  1.09895403e-02
  5.91275170e-02 -7.26420283e-01 -3.29815060e-01 -2.90464878e-01
  3.73225480e-01  7.54145861e-01  1.66838729e+00 -2.18773857e-01
 -7.01609969e-01 -1.36749840e+00 -3.00247729e-01 -5.03675103e-01
  8.70439291e-01 -4.03018713e-01 -9.52010870e-01  1.99213073e-01
 -9.88790244e-02 -1.30468071e+00 -5.96089602e-01  2.54472584e-01
 -1.41453886e+00 -2.63562888e-01 -5.13353407e-01  7.11600557e-02
  1.20021462e+00 -1.73822570e+00  7.00591266e-01 -8.52419317e-01
  1.40644157e+00 -9.30212319e-01  1.71362936e-01 -3.40986192e-01
  1.11099374e+00  3.32399905e-01  3.70734811e-01 -1.41833186e+00
  7.56462216e-01 -4.55584586e-01  4.26305503e-01 -6.59897864e-01
  1.24169588e+00 -3.52406174e-01 -1.76326826e-01  4.58189696e-01]","[ 2.58754939e-01  7.65666783e-01 -4.65707630e-01 -4.36065912e-01
 -1.02154410e+00  3.74384910e-01  2.53483087e-01  4.09017712e-01
 -6.94044456e-02  6.88503325e-01 -5.28746426e-01  9.49705672e-03
  1.22118175e+00 -1.29630601e+00 -8.81272554e-01 -1.36076915e+00
 -7.82842219e-01 -6.90891325e-01 -7.81432152e-01  7.17344582e-01
  1.65111768e+00 -2.14252546e-01  7.42859602e-01  8.88970852e-01
  9.16712806e-02  6.13837898e-01  2.14042950e+00 -4.88709062e-01
 -3.48345608e-01  6.08429551e-01 -7.47659430e-02  1.67858288e-01
  2.20460221e-01 -8.66752043e-02  5.38115680e-01  3.48620623e-01
 -4.05876786e-01  2.07969666e-01  3.64317708e-02 -1.68470338e-01
 -1.19797252e-01 -3.29685718e-04  1.09635150e+00  8.61720383e-01
  3.81253630e-01  3.06869358e-01  8.60960782e-01 -5.03717922e-02
  5.55247486e-01 -2.21602872e-01  3.81490827e-01  1.78490713e-01
 -3.82163048e-01 -5.39982021e-01 -2.26499572e-01  2.35104397e-01
  5.11031091e-01  1.36317283e-01 -1.01213396e+00  7.63465106e-01
 -7.91656673e-01  6.24221146e-01 -5.04378676e-02  1.83643326e-01
 -2.18661264e-01  7.73185909e-01  6.97015703e-01 -8.37078318e-02
 -1.59653902e-01 -3.47926170e-01 -3.12480479e-01 -4.70926136e-01
 -1.22260191e-01 -1.11529268e-01 -5.80355048e-01 -4.57529038e-01
  1.04305685e-01 -5.60658038e-01 -5.75476885e-02  2.07826346e-02
  5.11998355e-01 -4.07395922e-02 -8.57271776e-02  8.07722390e-01
  1.25639126e-01 -2.27841973e-01  1.99368715e-01  3.94466549e-01
 -2.29423419e-01  6.56251252e-01 -1.39102936e+00 -2.48177513e-01
  1.02561653e+00  1.63333565e-01 -7.41358042e-01  4.11552817e-01
 -6.56937659e-01  8.11281383e-01  1.32502774e-02 -8.95606503e-02
 -8.85221139e-02  8.10027122e-01 -1.39308321e+00  1.41229165e+00
  1.47527564e+00 -5.27085662e-01  2.02385023e-01 -1.41935205e+00
 -2.88261324e-01  4.54457074e-01 -1.46575600e-01 -8.69578123e-02
  7.32687950e-01 -6.16145432e-01  1.34594366e-01  6.39876187e-01
 -1.44258842e-01  2.16147140e-01 -2.23000154e-01  6.38989031e-01
 -4.11915869e-01  3.50595713e-01  5.70650995e-01 -8.09123695e-01
 -4.94646877e-01 -4.51880284e-02 -1.54170379e-01  3.72843176e-01
 -1.84427261e-01 -4.46734615e-02  1.41228944e-01 -3.13785821e-01
 -1.36994436e-01 -2.44505003e-01 -1.35662365e+00  5.76085364e-03
  1.65453315e-01 -5.28535903e-01 -1.37860805e-01 -6.12922132e-01
 -4.81841946e-03  1.16985954e-01  5.10767877e-01 -5.25469959e-01
  3.92412357e-02  3.49685192e-01 -6.66919053e-02 -2.74920493e-01
  6.00411296e-02 -3.49984258e-01  7.61600062e-02 -2.26685509e-01
  8.62072706e-01 -4.64118570e-01 -2.94663697e-01  5.15659273e-01
  1.72863439e-01 -9.21992779e-01 -9.47336614e-01 -2.89100736e-01
  2.59418692e-02  1.51202843e-01 -7.73630664e-02  3.85801084e-02
  2.93126196e-01 -3.53437036e-01 -1.18852735e-01  5.98323166e-01
  1.07211065e+00  1.25569713e+00  2.15441491e-02 -2.15563297e-01
 -7.10687578e-01  1.29834712e+00  8.37024391e-01  1.38366830e+00
 -2.41990876e-03 -3.08258146e-01 -1.00147593e+00  3.74590397e-01
  3.18077542e-02  1.06435704e+00  6.53108656e-02 -3.44478697e-01
  4.10884619e-04  4.46341187e-01 -2.23740339e-02  3.45368236e-01
 -1.59559309e-01  2.95039713e-01  4.16525990e-01  2.51234889e-01
  1.53080240e-01 -5.57194650e-01 -4.55134362e-01 -9.01373684e-01
 -1.24181308e-01 -3.51409823e-01 -2.22094998e-01  4.69337195e-01
  3.66864018e-02 -9.05083597e-01  4.72788185e-01 -8.23253930e-01
 -7.69597828e-01 -1.41294524e-01 -5.41748941e-01 -1.59614399e-01
 -3.31402093e-01  1.56573012e-01 -6.26872480e-01 -1.08016205e+00
  6.74879372e-01 -2.28904560e-01 -3.66408229e-01  9.52807426e-01
 -2.49409720e-01  6.31160557e-01 -2.16425419e-01  7.80879796e-01
 -5.31057753e-02  2.12950587e-01  2.08714247e-01 -3.76456939e-02
  1.02227533e+00  2.05922544e-01  4.96548325e-01  1.14875138e+00
 -1.47142842e-01  1.44781128e-01 -1.00707434e-01  1.95989263e+00
  5.88235199e-01  2.39680350e-01  1.08087635e+00  8.00363198e-02
 -4.00677443e-01 -8.46993923e-01 -3.01950455e-01 -4.92810518e-01
 -9.30117428e-01  9.02858555e-01 -2.92300373e-01 -1.44224569e-01
  4.48532671e-01 -7.70175755e-01 -9.61511359e-02 -9.23241436e-01
  6.88463748e-02  2.13101104e-01  3.51493865e-01  7.25903213e-02
  8.29195008e-02  3.10883552e-01 -3.06551903e-01  6.26678407e-01
  1.16759121e-01 -3.19817029e-02  9.86835957e-01  2.12960601e-01
 -1.87608883e-01 -4.39048260e-01 -3.93611670e-01  3.14746238e-02
  4.67132837e-01  5.91510355e-01 -5.82304895e-01 -3.08005631e-01
 -3.97076577e-01 -1.61111081e+00 -6.18716002e-01  9.36848521e-02
 -2.64846057e-01  3.04639369e-01 -2.97773540e-01  2.59679228e-01
  8.37306738e-01  3.94203186e-01 -8.16127777e-01 -1.10288668e+00
  1.83305308e-01 -2.00568721e-01  1.48652220e+00  1.16011453e+00
 -2.86318362e-02 -5.29603899e-01  3.83966208e-01  7.54229307e-01
  7.64074996e-02  3.81459713e-01 -3.68279248e-01  3.44247609e-01
  2.45934680e-01  7.71982253e-01 -1.27560392e-01  5.86078055e-02
  1.93814218e+00 -1.06247580e+00 -5.15270948e-01 -6.02204442e-01
 -1.91837952e-01  1.38955191e-01  5.88956475e-03 -2.56706387e-01
  6.63230121e-01  3.49048585e-01  5.71135342e-01  7.18370378e-01
 -1.42920511e-02  1.72898695e-01  6.89943075e-01  1.69781840e-03
 -3.96998338e-02  7.82621205e-01  7.13594913e-01 -3.70173663e-01
 -5.42735076e-03 -8.73017013e-01 -4.07721192e-01 -2.67813742e-01
  7.90600777e-01  4.62941319e-01  5.06024420e-01 -8.13354015e-01
  3.29493552e-01  2.80005783e-01 -1.17573768e-01  3.97675186e-01
  1.45187899e-01 -8.07157829e-02 -7.78619200e-02 -9.61248457e-01
  6.81790113e-02 -6.57359958e-02  9.75333154e-01  1.91977775e+00
 -3.26742262e-01  7.42301112e-03  2.52164411e-03 -4.06822801e-01
 -9.29980457e-01  8.28021824e-01 -3.20083089e-02  1.52232334e-01
  4.19183105e-01  4.04705971e-01  1.15119231e+00 -1.91186130e-01
 -1.26877546e-01 -1.48641035e-01 -3.43369275e-01 -1.19184506e+00
 -2.82330811e-01  1.25802338e+00 -2.45547876e-01 -8.44457448e-02
 -5.24645150e-01  2.47254089e-01  4.11571175e-01  2.63517380e-01
 -8.29683170e-02  2.00176358e-01 -1.07659066e+00 -4.29665715e-01
  1.15340889e+00  1.80977825e-02 -6.42389894e-01  1.35355279e-01
  4.07437468e-03  2.60230094e-01 -5.03543727e-02 -8.82178068e-01
 -2.46009305e-01 -1.16771936e+00 -3.78451586e-01 -7.65593290e-01
 -4.00647074e-01 -1.21218868e-01 -8.26268017e-01 -3.02382022e-01
 -5.00344252e-03 -1.06858885e+00 -3.26659828e-01 -2.16492906e-01
 -3.30358028e-01  2.30187774e-01 -1.79770425e-01 -9.02734339e-01
 -7.41476953e-01 -6.15338869e-02 -9.38126519e-02  1.94314957e-01
 -2.89056301e-01  8.90308917e-01  3.91442508e-01  6.97327435e-01
  7.45553672e-01  4.24382836e-01 -3.27737331e-01  5.80936432e-01
 -1.24678463e-02  9.26483929e-01 -3.51582199e-01  1.77305654e-01
  1.70948878e-01  4.45365123e-02  1.28183261e-01  3.41375679e-01
 -5.32822609e-01 -4.74269688e-02  4.22098309e-01  9.11723912e-01
  8.00791025e-01 -6.36188805e-01  8.95480737e-02 -8.06500256e-01
 -4.49507117e-01 -1.71611205e-01 -5.80729425e-01 -1.74753711e-01
  3.67258549e-01 -1.01258963e-01  3.10842961e-01 -5.60998805e-02
  2.71947473e-01  4.78378147e-01  8.30143690e-01  4.15337592e-01
 -1.45673469e-01 -7.29671180e-01 -5.47645152e-01 -9.97540951e-01
 -8.99102926e-01  5.54789960e-01 -2.95613915e-01 -7.16665268e-01
  2.14029267e-01 -1.01798892e+00 -9.23852921e-01  7.91428983e-02
 -9.04280901e-01  6.19130284e-02  1.51161209e-01 -2.35187531e-01
 -3.37493032e-01 -1.02911043e+00 -9.89820734e-02  9.27680433e-01
 -3.10963392e-01 -2.72858471e-01  1.63475215e-01  2.96460211e-01
  4.45687979e-01  1.95598766e-01 -3.05731595e-01  6.93182573e-02
 -3.21123272e-01  5.95443428e-01  5.48458576e-01 -2.00317121e+00
  6.79128945e-01  4.56946820e-01 -7.14092970e-01  3.14033777e-02
 -6.99467063e-02  8.38553488e-01 -1.02953374e+00  4.51370209e-01
 -5.72017729e-01  7.34556675e-01  6.52249217e-01  5.14868200e-01
 -4.01160747e-01  4.57474798e-01  2.88481891e-01 -8.71608034e-02
  1.11201353e-01 -9.85160887e-01  2.93618321e-01 -3.79842997e-01
  8.51307884e-02 -5.13610363e-01 -4.46230084e-01  1.90197393e-01
 -2.25161240e-01  2.27955058e-01 -1.24368936e-01 -6.23004377e-01
 -1.21121533e-01 -4.17960078e-01  1.72031224e-02 -9.25355911e-01
  1.97996378e-01 -9.37604904e-02 -8.29413414e-01 -8.01442146e-01
  9.10189077e-02  1.93399265e-01 -6.44582450e-01 -7.51188278e-01
 -3.33442926e-01  2.49328986e-01 -7.26612434e-02  1.05746686e+00
  8.82225409e-02 -4.86976236e-01  1.60925579e+00 -7.45107889e-01
  1.58774313e-02 -1.61246493e-01  7.17768967e-02 -5.85627973e-01
 -2.52059549e-01 -4.42534357e-01  2.18473479e-01 -8.10688913e-01
 -9.37299252e-01 -5.24647534e-01 -2.10442737e-01  5.20700634e-01
 -9.27391708e-01 -5.11770666e-01 -7.26313531e-01 -3.05953294e-01
 -7.26748466e-01 -1.29627538e+00  1.06564254e-01  5.24497032e-01
  3.93341690e-01  6.82094276e-01 -3.47765595e-01  2.02958107e-01
 -9.43305120e-02 -6.87422931e-01  6.86987817e-01  2.45795906e-01
  3.44973117e-01  9.67409134e-01  1.50813806e+00  3.60267907e-01
 -5.07872105e-01  4.62053381e-02 -5.79474270e-01  6.78498089e-01
 -6.48347318e-01  4.99527693e-01 -1.12642586e-01  9.04823542e-02
  8.42202723e-01  5.29779196e-01 -4.15849477e-01  6.08234823e-01
  7.51701653e-01  1.28312588e+00 -5.83781183e-01  2.36583486e-01
  4.46787387e-01 -3.08433235e-01 -2.31035069e-01  7.70932138e-02
  9.77844521e-02  1.07979155e+00  1.03480005e+00 -2.42791072e-01
 -2.93547481e-01 -9.94999707e-01  6.03366315e-01 -2.94181198e-04
  8.74860764e-01 -1.30845034e+00  1.74097955e-01  8.38625208e-02
 -8.89260590e-01 -1.20076764e+00 -5.70772111e-01  3.23102623e-01
 -1.04073751e+00 -8.27366650e-01  2.95840353e-02  5.12552619e-01
  6.87260330e-01 -7.78497756e-01 -3.96597475e-01 -4.32368070e-01
  3.85459930e-01 -1.70074224e-01  1.80485800e-01  3.28782350e-01
  7.54682243e-01 -1.78295150e-01 -6.10124528e-01 -1.08846831e+00
 -2.02196494e-01 -3.63281816e-01 -1.63538814e-01 -5.32768428e-01
  2.83494651e-01 -3.79056066e-01 -8.27098917e-03  1.01834345e+00]",0
134,[*]C(C[*])C(=O)[O-],[*]CC([*])c1cc[n+](CC)cc1,800,570,7.0,250,28,0.5,0,1,3,0.7125,0,1,0,9.921712962962964,9.921712962962964,0.0370370370370369,-0.7824074074074072,0.4204227437702691,19.2,71.055,68.031,71.01385291591001,28.0,2.6,3.2,3.2,1.6457113704075783,3.34341705895396,73.33515884998701,5.861807319565799,2.6009536313038994,2.6009536313038994,3.1807392125526213,1.1051717155225391,1.1051717155225391,0.5231597389607807,0.5231597389607807,0.1666666666666666,0.1666666666666666,0.0,0.0,-0.53,27.977093296928835,1.798837033645378,0.5057254621854761,0.2506048614847814,30.42489110886254,29.21492868948101,9.901064578912528,5.969305287951849,13.344558822616634,0.0,0.0,5.106527394840706,5.969305287951849,4.794537184071822,0.0,0.0,13.344558822616634,40.13,5.969305287951849,9.901064578912528,6.4208216229260096,6.923737199690624,0.0,0.0,0.0,0.0,0.3533333333333333,9.921712962962964,9.921712962962964,0.0,-0.7824074074074072,0.0,0.0694444444444444,1.0162037037037035,0.0,0.6666666666666666,5.0,2.0,0.0,0.0,2.0,4.0,2.0,0.0,-0.9583000000000002,13.564000000000002,1.0,0.0,1.0,1.0,1.0,1.0,0.0,0.0,0.0,0.0,2.3224074074074075,2.3224074074074075,0.5284301776266063,0.5284301776266063,0.5521406753358277,15.7,134.202,122.10599999999998,134.09642580409,52.0,0.0,1.7,2.4,2.9,2.167053352545513,2.770446815269876,232.78878061771368,8.974691494688164,6.248178503821182,6.248178503821182,5.774386907679233,3.4806726876126763,3.4806726876126763,2.166047211752171,2.166047211752171,1.5177731138680297,1.5177731138680297,0.8157553743075044,0.8157553743075044,-0.8500000000000001,606.7749387127436,4.888623338494641,2.080926843886177,0.919449804078233,62.32079104462523,61.47002484785755,4.567099647791355,0.0,0.0,0.0,26.813052428219837,0.0,30.08987277184637,4.567099647791355,0.0,6.544756405912575,0.0,18.90801031431363,24.52642128014937,6.923737199690624,3.88,0.0,0.0,0.0,12.965578028838586,0.0,12.48718869138762,0.0,36.01725812763135,3.383179406021668,0.0,0.0,1.6200925925925929,0.0,4.644814814814815,5.496394557823129,4.855518628747795,0.0,0.4444444444444444,10.0,1.0,1.0,1.0,0.0,3.0,3.0,1.0,1.552,39.859000000000016,0.0,1.0,0.0,0.0,0.0,0.0,1.0,0.0,1.0,1.0,0.0,0.0,[*]CC([*])C(=O)[O-],[*]CC([*])c1cc[n+](CC)cc1,"[ 5.50952554e-01  6.67746007e-01  3.77917290e-01 -1.17441809e+00
 -6.69968367e-01 -1.58297330e-01 -6.72284961e-02 -5.28121531e-01
 -2.75267303e-01  1.55845845e+00  2.68392377e-02 -5.55266798e-01
  7.93385267e-01 -1.03456473e+00 -6.35627568e-01 -1.03876030e+00
 -1.70346820e+00 -1.30036497e+00 -2.25371301e-01 -1.41964734e-01
  1.05430499e-01 -2.92812109e-01  3.19773614e-01  7.72576690e-01
 -6.40112102e-01  1.28019118e+00  2.42774200e+00 -4.54006344e-01
 -9.02524412e-01  9.79506493e-01 -3.34828138e-01 -3.03650469e-01
 -1.33218363e-01 -9.41639364e-01  7.83632636e-01  4.23074663e-01
 -1.73241779e-01  3.54419112e-01  3.47581238e-01 -3.20249461e-02
 -5.87040186e-01 -6.94137141e-02  1.36469281e+00  1.50850272e+00
 -7.08109001e-04  1.40314758e+00  8.37898135e-01  2.30026972e-02
 -1.28918486e-02 -4.91764814e-01 -3.88111532e-01 -8.54103506e-01
 -3.39003444e-01 -8.56086552e-01 -6.32213116e-01 -4.84038144e-01
 -2.89928913e-03  8.45237494e-01 -9.35304523e-01 -3.63467872e-01
 -6.73271000e-01 -1.05482444e-01  8.11104894e-01 -1.71648502e-01
 -3.46295953e-01  9.68204662e-02  7.82802626e-02  6.15729988e-01
 -1.28915578e-01 -8.80074680e-01 -1.10793412e-01 -2.32655019e-01
 -2.76402205e-01  4.76215333e-02 -5.37703753e-01 -4.57626283e-01
 -5.56176007e-01 -5.34456968e-01  4.31151748e-01 -4.61292788e-02
  3.29330802e-01 -1.57692686e-01  6.79725409e-01  7.64999747e-01
  2.28698909e-01  4.99854833e-01  1.03707455e-01  4.23821568e-01
 -1.18584305e-01  5.51582500e-02 -1.27232492e+00  9.25469279e-01
  1.17828858e+00  5.55050254e-01 -6.01640403e-01  1.85598596e-03
 -5.06517231e-01  3.62108380e-01 -1.25593603e-01  2.64763713e-01
  1.74772024e-01  3.16496044e-01 -1.01321959e+00  8.26404274e-01
  1.10871613e+00 -1.15284944e+00  1.07645226e+00 -9.01291013e-01
 -5.09613574e-01  6.92212641e-01 -6.20536089e-01 -2.36807078e-01
  1.11608577e+00  5.01168847e-01  5.16830027e-01  4.75949496e-01
 -6.68551743e-01  4.93257880e-01  2.93971598e-01  4.70821112e-02
 -3.74763817e-01  1.12406266e+00 -1.71836525e-01 -9.83554304e-01
 -3.04760039e-01 -8.03640932e-02  4.01249915e-01 -2.37712353e-01
 -3.63715082e-01 -4.04603444e-02 -6.94833323e-02 -2.84978569e-01
 -1.37553036e-01 -6.40389100e-02 -1.30503821e+00  6.43750072e-01
  8.66559386e-01 -6.59701407e-01 -2.93511987e-01 -5.99394381e-01
 -1.37480929e-01  3.21428955e-01 -4.59521860e-02 -7.53167152e-01
 -2.05593005e-01  1.92969292e-01  1.47321537e-01  6.28412962e-01
  3.42511177e-01 -7.05951214e-01  4.42748845e-01 -4.32425022e-01
  1.24913609e+00 -4.02215600e-01  3.81262302e-01  6.94990575e-01
  3.94117445e-01 -8.92814755e-01 -1.08931231e+00  4.76228297e-01
  1.24987923e-01  6.95637167e-02  7.04857886e-01  3.86546522e-01
  4.89218652e-01  1.67667687e-01  6.18894100e-01  4.35397118e-01
  6.26206696e-01  8.39248419e-01  2.65890479e-01 -2.82257199e-02
  2.12427139e-01  7.49804258e-01  7.74736702e-01  1.29185498e+00
 -4.25994545e-02 -1.65944263e-01 -9.42873001e-01 -1.42539650e-01
 -5.09615064e-01  9.65403438e-01  8.34682345e-01 -5.18386602e-01
  3.53891730e-01  6.41801357e-02  5.08618951e-01  1.01894891e+00
 -3.28530014e-01 -3.32997628e-02 -1.80441827e-01  2.35096931e-01
 -2.55989581e-01 -2.09291473e-01 -1.47133321e-01 -1.64968276e+00
 -1.69284850e-01  6.07510209e-02  6.21947587e-01  7.29369700e-01
  5.99946022e-01 -6.74916565e-01  1.23031831e+00 -1.28958249e+00
 -6.64112449e-01 -3.67776453e-01  1.31455690e-01  3.78233433e-01
 -8.40135753e-01 -3.63106400e-01 -2.50634134e-01 -2.10742283e+00
  6.89093709e-01 -9.02974844e-01 -4.02772009e-01  1.54137588e+00
 -2.07992017e-01  9.06994522e-01 -5.44871032e-01  3.85305762e-01
 -8.09826478e-02  6.84405208e-01  2.46060431e-01 -5.65070868e-01
  5.42701185e-01  2.30542719e-02 -1.22137517e-01  6.66289628e-01
 -1.00670137e-01  5.78732230e-02 -1.18791723e+00  2.20502615e+00
  7.74039507e-01  3.79953198e-02  1.60000706e+00  1.23174655e+00
  2.83441335e-01 -3.15214992e-01 -7.11687982e-01 -7.00975180e-01
 -8.20701361e-01  6.06228650e-01 -6.73054680e-02 -3.09595257e-01
 -1.70270309e-01 -1.09378815e+00 -1.88075840e-01  1.54434606e-01
  6.66516542e-01  3.04506958e-01  1.23938218e-01  3.31819475e-01
 -1.62126659e-03  4.06757772e-01 -8.66131783e-02 -5.88821769e-02
 -5.21769404e-01 -2.06430405e-01  1.92552900e+00 -2.83560157e-01
 -1.90655738e-01 -4.01817203e-01  5.80403030e-01  1.90049112e-01
  5.90409189e-02  3.97923917e-01 -4.53226894e-01  4.97723222e-01
 -3.94481063e-01 -1.30251551e+00 -3.18813235e-01 -4.60155487e-01
 -4.52672958e-01  4.28255886e-01  1.86832532e-01 -4.64421064e-01
  8.26421797e-01  8.58034790e-02  9.91345942e-02 -6.91530228e-01
  6.67168140e-01 -6.56287134e-01  1.84816062e+00  1.09426033e+00
  1.60102636e-01 -1.11405814e+00  3.91883664e-02  3.58302563e-01
 -5.41131608e-02  4.13817704e-01 -2.12963536e-01  3.07724923e-01
  1.17556334e+00 -1.34069726e-01  2.33674124e-01 -7.30481418e-03
  7.81065047e-01 -3.03012580e-01 -8.35513845e-02  5.53557932e-01
 -2.84455985e-01 -2.47817889e-01  1.89149991e-01 -1.02672207e+00
  1.32583808e-02 -2.55627990e-01  9.52539861e-01 -2.96597350e-02
  8.79282951e-01  4.27375317e-01 -1.99289754e-01  2.20845848e-01
  1.33380175e-01  1.14704527e-01  9.84668970e-01 -2.11234868e-01
 -4.05843139e-01 -7.67308354e-01  3.14330757e-02  3.86560559e-01
  1.19929647e+00  5.36592305e-01  5.09199142e-01 -1.36162627e+00
 -1.05296448e-01 -5.59449345e-02 -3.80162150e-02 -6.26801491e-01
  1.86362505e-01 -1.73844025e-01 -6.50287032e-01 -3.45541984e-01
 -7.34303296e-01  7.24383742e-02  1.10383463e+00  1.14996636e+00
  4.15981650e-01  2.12344471e-02  3.46782468e-02 -6.53821528e-01
 -5.01247168e-01  1.01878500e+00 -5.11385202e-01  5.93827702e-02
  1.42465687e+00  8.32590798e-04  8.78591835e-01  5.78436792e-01
  7.18320012e-01  5.57367444e-01 -5.57254732e-01 -1.31244791e+00
  7.39392415e-02  1.02208316e+00 -1.73512977e-02  8.59655023e-01
 -3.99190225e-02 -2.82223940e-01  3.95490587e-01  4.02262717e-01
  8.03426445e-01 -2.58965492e-01 -1.23902738e+00 -9.40800786e-01
  1.62803307e-01 -1.82705402e-01 -1.00059152e+00 -5.43330550e-01
 -6.58766031e-01 -2.29741275e-01  1.80671170e-01 -1.29144430e-01
  3.56926799e-01 -8.86848867e-02 -9.70983922e-01  2.64483422e-01
  1.72349140e-01 -7.12217987e-01 -8.57104957e-02 -3.92155677e-01
  1.69065610e-01 -3.40923727e-01 -2.67417639e-01 -1.58317521e-01
 -6.08656704e-01  1.02118409e+00 -2.54552245e-01 -9.51778710e-01
 -2.65829086e-01 -5.54043390e-02 -5.34137547e-01  7.80924261e-02
 -4.31904018e-01 -2.93715656e-01 -5.59636712e-01  7.50055850e-01
  5.42586446e-01  5.21332622e-01  7.41369128e-01 -2.03372106e-01
 -2.98140310e-02  1.17485476e+00 -6.42839670e-01  9.09768820e-01
 -2.86733925e-01 -6.71667278e-01 -7.02754200e-01  5.18063009e-01
 -7.03846872e-01  8.45564783e-01  2.22889528e-01  5.72806001e-02
  7.29165733e-01 -1.03616178e+00  1.58585691e+00 -4.93727475e-01
 -3.07119966e-01  9.14265960e-02 -6.41273111e-02 -5.38270436e-02
  3.15355629e-01  1.19199312e+00  6.83415830e-01  1.33915111e-01
  1.16254874e-01  3.87908012e-01  8.34312201e-01 -1.76378161e-01
  4.98694271e-01 -4.02371407e-01 -7.95837879e-01 -3.92245412e-01
 -7.62568772e-01  1.17841554e+00 -8.50370944e-01 -8.19937170e-01
 -1.17226891e-01 -8.34619522e-01 -1.40142596e+00  3.41342449e-01
 -1.18009889e+00  1.72452241e-01  7.37082437e-02 -3.43734443e-01
 -5.56558371e-01 -1.20999336e-01  6.78034663e-01 -1.69035867e-02
 -9.26296234e-01 -5.40798724e-01 -1.40218958e-01 -3.94925140e-02
 -8.04703236e-01 -9.95787308e-02 -2.03307927e-01 -1.50647974e+00
 -1.90729693e-01  4.01281953e-01  8.01624775e-01 -1.31860971e+00
  2.80246615e-01 -1.09216804e-02 -8.86645317e-01  8.60824645e-01
  5.10790169e-01  2.27465048e-01 -6.09495401e-01  1.30400555e-02
 -5.35382628e-02  5.99121809e-01  9.75840449e-01  7.68029451e-01
 -1.04766703e+00  1.87973067e-01  7.01478198e-02  4.77244973e-01
 -6.52137339e-01  7.09963962e-02 -4.24877740e-02  3.11902642e-01
  1.14879143e+00 -1.62646145e-01  2.15660229e-01  2.38919973e-01
  1.27243221e-01 -2.14758724e-01 -8.41916800e-01  1.32479280e-01
  2.49055177e-01 -3.80854696e-01 -2.53900200e-01 -1.52146888e+00
 -4.27862376e-01 -3.30217481e-01 -1.65427983e-01 -5.02607748e-02
  5.20032287e-01 -1.33780479e-01 -2.27504417e-01 -2.93135196e-01
 -2.25837648e-01  5.58377504e-01 -2.53188342e-01  1.02464998e+00
  3.18368047e-01  2.15202257e-01 -1.98995262e-01 -1.44416893e+00
  5.02204970e-02 -2.66076565e-01 -1.08973151e-02 -2.40284443e-01
 -5.64793527e-01  6.28166497e-02  3.36367339e-01 -8.57639432e-01
 -8.62743378e-01 -5.27694464e-01 -5.19397497e-01  8.48357737e-01
 -9.25135195e-01 -8.00738484e-02 -1.99941337e-01 -4.17113543e-01
 -7.53359854e-01 -9.31248963e-01 -3.05604845e-01  3.69783878e-01
 -1.04227677e-01  1.14021158e+00 -1.58956695e+00 -1.72336042e-01
  3.25673372e-01  7.78758302e-02 -3.53107870e-01  5.87968975e-02
  1.47149250e-01  8.21567714e-01  9.81274366e-01  5.93652308e-01
  5.79920053e-01  7.66876757e-01 -7.82622874e-01  4.46217418e-01
 -2.69964069e-01  4.41214263e-01 -1.92598388e-01 -4.10362273e-01
  5.84180020e-02  1.81740105e-01 -1.81846797e-01  3.85951310e-01
  8.06822419e-01  6.49897575e-01 -7.08981693e-01  1.09895403e-02
  5.91275170e-02 -7.26420283e-01 -3.29815060e-01 -2.90464878e-01
  3.73225480e-01  7.54145861e-01  1.66838729e+00 -2.18773857e-01
 -7.01609969e-01 -1.36749840e+00 -3.00247729e-01 -5.03675103e-01
  8.70439291e-01 -4.03018713e-01 -9.52010870e-01  1.99213073e-01
 -9.88790244e-02 -1.30468071e+00 -5.96089602e-01  2.54472584e-01
 -1.41453886e+00 -2.63562888e-01 -5.13353407e-01  7.11600557e-02
  1.20021462e+00 -1.73822570e+00  7.00591266e-01 -8.52419317e-01
  1.40644157e+00 -9.30212319e-01  1.71362936e-01 -3.40986192e-01
  1.11099374e+00  3.32399905e-01  3.70734811e-01 -1.41833186e+00
  7.56462216e-01 -4.55584586e-01  4.26305503e-01 -6.59897864e-01
  1.24169588e+00 -3.52406174e-01 -1.76326826e-01  4.58189696e-01]","[ 2.58754939e-01  7.65666783e-01 -4.65707630e-01 -4.36065912e-01
 -1.02154410e+00  3.74384910e-01  2.53483087e-01  4.09017712e-01
 -6.94044456e-02  6.88503325e-01 -5.28746426e-01  9.49705672e-03
  1.22118175e+00 -1.29630601e+00 -8.81272554e-01 -1.36076915e+00
 -7.82842219e-01 -6.90891325e-01 -7.81432152e-01  7.17344582e-01
  1.65111768e+00 -2.14252546e-01  7.42859602e-01  8.88970852e-01
  9.16712806e-02  6.13837898e-01  2.14042950e+00 -4.88709062e-01
 -3.48345608e-01  6.08429551e-01 -7.47659430e-02  1.67858288e-01
  2.20460221e-01 -8.66752043e-02  5.38115680e-01  3.48620623e-01
 -4.05876786e-01  2.07969666e-01  3.64317708e-02 -1.68470338e-01
 -1.19797252e-01 -3.29685718e-04  1.09635150e+00  8.61720383e-01
  3.81253630e-01  3.06869358e-01  8.60960782e-01 -5.03717922e-02
  5.55247486e-01 -2.21602872e-01  3.81490827e-01  1.78490713e-01
 -3.82163048e-01 -5.39982021e-01 -2.26499572e-01  2.35104397e-01
  5.11031091e-01  1.36317283e-01 -1.01213396e+00  7.63465106e-01
 -7.91656673e-01  6.24221146e-01 -5.04378676e-02  1.83643326e-01
 -2.18661264e-01  7.73185909e-01  6.97015703e-01 -8.37078318e-02
 -1.59653902e-01 -3.47926170e-01 -3.12480479e-01 -4.70926136e-01
 -1.22260191e-01 -1.11529268e-01 -5.80355048e-01 -4.57529038e-01
  1.04305685e-01 -5.60658038e-01 -5.75476885e-02  2.07826346e-02
  5.11998355e-01 -4.07395922e-02 -8.57271776e-02  8.07722390e-01
  1.25639126e-01 -2.27841973e-01  1.99368715e-01  3.94466549e-01
 -2.29423419e-01  6.56251252e-01 -1.39102936e+00 -2.48177513e-01
  1.02561653e+00  1.63333565e-01 -7.41358042e-01  4.11552817e-01
 -6.56937659e-01  8.11281383e-01  1.32502774e-02 -8.95606503e-02
 -8.85221139e-02  8.10027122e-01 -1.39308321e+00  1.41229165e+00
  1.47527564e+00 -5.27085662e-01  2.02385023e-01 -1.41935205e+00
 -2.88261324e-01  4.54457074e-01 -1.46575600e-01 -8.69578123e-02
  7.32687950e-01 -6.16145432e-01  1.34594366e-01  6.39876187e-01
 -1.44258842e-01  2.16147140e-01 -2.23000154e-01  6.38989031e-01
 -4.11915869e-01  3.50595713e-01  5.70650995e-01 -8.09123695e-01
 -4.94646877e-01 -4.51880284e-02 -1.54170379e-01  3.72843176e-01
 -1.84427261e-01 -4.46734615e-02  1.41228944e-01 -3.13785821e-01
 -1.36994436e-01 -2.44505003e-01 -1.35662365e+00  5.76085364e-03
  1.65453315e-01 -5.28535903e-01 -1.37860805e-01 -6.12922132e-01
 -4.81841946e-03  1.16985954e-01  5.10767877e-01 -5.25469959e-01
  3.92412357e-02  3.49685192e-01 -6.66919053e-02 -2.74920493e-01
  6.00411296e-02 -3.49984258e-01  7.61600062e-02 -2.26685509e-01
  8.62072706e-01 -4.64118570e-01 -2.94663697e-01  5.15659273e-01
  1.72863439e-01 -9.21992779e-01 -9.47336614e-01 -2.89100736e-01
  2.59418692e-02  1.51202843e-01 -7.73630664e-02  3.85801084e-02
  2.93126196e-01 -3.53437036e-01 -1.18852735e-01  5.98323166e-01
  1.07211065e+00  1.25569713e+00  2.15441491e-02 -2.15563297e-01
 -7.10687578e-01  1.29834712e+00  8.37024391e-01  1.38366830e+00
 -2.41990876e-03 -3.08258146e-01 -1.00147593e+00  3.74590397e-01
  3.18077542e-02  1.06435704e+00  6.53108656e-02 -3.44478697e-01
  4.10884619e-04  4.46341187e-01 -2.23740339e-02  3.45368236e-01
 -1.59559309e-01  2.95039713e-01  4.16525990e-01  2.51234889e-01
  1.53080240e-01 -5.57194650e-01 -4.55134362e-01 -9.01373684e-01
 -1.24181308e-01 -3.51409823e-01 -2.22094998e-01  4.69337195e-01
  3.66864018e-02 -9.05083597e-01  4.72788185e-01 -8.23253930e-01
 -7.69597828e-01 -1.41294524e-01 -5.41748941e-01 -1.59614399e-01
 -3.31402093e-01  1.56573012e-01 -6.26872480e-01 -1.08016205e+00
  6.74879372e-01 -2.28904560e-01 -3.66408229e-01  9.52807426e-01
 -2.49409720e-01  6.31160557e-01 -2.16425419e-01  7.80879796e-01
 -5.31057753e-02  2.12950587e-01  2.08714247e-01 -3.76456939e-02
  1.02227533e+00  2.05922544e-01  4.96548325e-01  1.14875138e+00
 -1.47142842e-01  1.44781128e-01 -1.00707434e-01  1.95989263e+00
  5.88235199e-01  2.39680350e-01  1.08087635e+00  8.00363198e-02
 -4.00677443e-01 -8.46993923e-01 -3.01950455e-01 -4.92810518e-01
 -9.30117428e-01  9.02858555e-01 -2.92300373e-01 -1.44224569e-01
  4.48532671e-01 -7.70175755e-01 -9.61511359e-02 -9.23241436e-01
  6.88463748e-02  2.13101104e-01  3.51493865e-01  7.25903213e-02
  8.29195008e-02  3.10883552e-01 -3.06551903e-01  6.26678407e-01
  1.16759121e-01 -3.19817029e-02  9.86835957e-01  2.12960601e-01
 -1.87608883e-01 -4.39048260e-01 -3.93611670e-01  3.14746238e-02
  4.67132837e-01  5.91510355e-01 -5.82304895e-01 -3.08005631e-01
 -3.97076577e-01 -1.61111081e+00 -6.18716002e-01  9.36848521e-02
 -2.64846057e-01  3.04639369e-01 -2.97773540e-01  2.59679228e-01
  8.37306738e-01  3.94203186e-01 -8.16127777e-01 -1.10288668e+00
  1.83305308e-01 -2.00568721e-01  1.48652220e+00  1.16011453e+00
 -2.86318362e-02 -5.29603899e-01  3.83966208e-01  7.54229307e-01
  7.64074996e-02  3.81459713e-01 -3.68279248e-01  3.44247609e-01
  2.45934680e-01  7.71982253e-01 -1.27560392e-01  5.86078055e-02
  1.93814218e+00 -1.06247580e+00 -5.15270948e-01 -6.02204442e-01
 -1.91837952e-01  1.38955191e-01  5.88956475e-03 -2.56706387e-01
  6.63230121e-01  3.49048585e-01  5.71135342e-01  7.18370378e-01
 -1.42920511e-02  1.72898695e-01  6.89943075e-01  1.69781840e-03
 -3.96998338e-02  7.82621205e-01  7.13594913e-01 -3.70173663e-01
 -5.42735076e-03 -8.73017013e-01 -4.07721192e-01 -2.67813742e-01
  7.90600777e-01  4.62941319e-01  5.06024420e-01 -8.13354015e-01
  3.29493552e-01  2.80005783e-01 -1.17573768e-01  3.97675186e-01
  1.45187899e-01 -8.07157829e-02 -7.78619200e-02 -9.61248457e-01
  6.81790113e-02 -6.57359958e-02  9.75333154e-01  1.91977775e+00
 -3.26742262e-01  7.42301112e-03  2.52164411e-03 -4.06822801e-01
 -9.29980457e-01  8.28021824e-01 -3.20083089e-02  1.52232334e-01
  4.19183105e-01  4.04705971e-01  1.15119231e+00 -1.91186130e-01
 -1.26877546e-01 -1.48641035e-01 -3.43369275e-01 -1.19184506e+00
 -2.82330811e-01  1.25802338e+00 -2.45547876e-01 -8.44457448e-02
 -5.24645150e-01  2.47254089e-01  4.11571175e-01  2.63517380e-01
 -8.29683170e-02  2.00176358e-01 -1.07659066e+00 -4.29665715e-01
  1.15340889e+00  1.80977825e-02 -6.42389894e-01  1.35355279e-01
  4.07437468e-03  2.60230094e-01 -5.03543727e-02 -8.82178068e-01
 -2.46009305e-01 -1.16771936e+00 -3.78451586e-01 -7.65593290e-01
 -4.00647074e-01 -1.21218868e-01 -8.26268017e-01 -3.02382022e-01
 -5.00344252e-03 -1.06858885e+00 -3.26659828e-01 -2.16492906e-01
 -3.30358028e-01  2.30187774e-01 -1.79770425e-01 -9.02734339e-01
 -7.41476953e-01 -6.15338869e-02 -9.38126519e-02  1.94314957e-01
 -2.89056301e-01  8.90308917e-01  3.91442508e-01  6.97327435e-01
  7.45553672e-01  4.24382836e-01 -3.27737331e-01  5.80936432e-01
 -1.24678463e-02  9.26483929e-01 -3.51582199e-01  1.77305654e-01
  1.70948878e-01  4.45365123e-02  1.28183261e-01  3.41375679e-01
 -5.32822609e-01 -4.74269688e-02  4.22098309e-01  9.11723912e-01
  8.00791025e-01 -6.36188805e-01  8.95480737e-02 -8.06500256e-01
 -4.49507117e-01 -1.71611205e-01 -5.80729425e-01 -1.74753711e-01
  3.67258549e-01 -1.01258963e-01  3.10842961e-01 -5.60998805e-02
  2.71947473e-01  4.78378147e-01  8.30143690e-01  4.15337592e-01
 -1.45673469e-01 -7.29671180e-01 -5.47645152e-01 -9.97540951e-01
 -8.99102926e-01  5.54789960e-01 -2.95613915e-01 -7.16665268e-01
  2.14029267e-01 -1.01798892e+00 -9.23852921e-01  7.91428983e-02
 -9.04280901e-01  6.19130284e-02  1.51161209e-01 -2.35187531e-01
 -3.37493032e-01 -1.02911043e+00 -9.89820734e-02  9.27680433e-01
 -3.10963392e-01 -2.72858471e-01  1.63475215e-01  2.96460211e-01
  4.45687979e-01  1.95598766e-01 -3.05731595e-01  6.93182573e-02
 -3.21123272e-01  5.95443428e-01  5.48458576e-01 -2.00317121e+00
  6.79128945e-01  4.56946820e-01 -7.14092970e-01  3.14033777e-02
 -6.99467063e-02  8.38553488e-01 -1.02953374e+00  4.51370209e-01
 -5.72017729e-01  7.34556675e-01  6.52249217e-01  5.14868200e-01
 -4.01160747e-01  4.57474798e-01  2.88481891e-01 -8.71608034e-02
  1.11201353e-01 -9.85160887e-01  2.93618321e-01 -3.79842997e-01
  8.51307884e-02 -5.13610363e-01 -4.46230084e-01  1.90197393e-01
 -2.25161240e-01  2.27955058e-01 -1.24368936e-01 -6.23004377e-01
 -1.21121533e-01 -4.17960078e-01  1.72031224e-02 -9.25355911e-01
  1.97996378e-01 -9.37604904e-02 -8.29413414e-01 -8.01442146e-01
  9.10189077e-02  1.93399265e-01 -6.44582450e-01 -7.51188278e-01
 -3.33442926e-01  2.49328986e-01 -7.26612434e-02  1.05746686e+00
  8.82225409e-02 -4.86976236e-01  1.60925579e+00 -7.45107889e-01
  1.58774313e-02 -1.61246493e-01  7.17768967e-02 -5.85627973e-01
 -2.52059549e-01 -4.42534357e-01  2.18473479e-01 -8.10688913e-01
 -9.37299252e-01 -5.24647534e-01 -2.10442737e-01  5.20700634e-01
 -9.27391708e-01 -5.11770666e-01 -7.26313531e-01 -3.05953294e-01
 -7.26748466e-01 -1.29627538e+00  1.06564254e-01  5.24497032e-01
  3.93341690e-01  6.82094276e-01 -3.47765595e-01  2.02958107e-01
 -9.43305120e-02 -6.87422931e-01  6.86987817e-01  2.45795906e-01
  3.44973117e-01  9.67409134e-01  1.50813806e+00  3.60267907e-01
 -5.07872105e-01  4.62053381e-02 -5.79474270e-01  6.78498089e-01
 -6.48347318e-01  4.99527693e-01 -1.12642586e-01  9.04823542e-02
  8.42202723e-01  5.29779196e-01 -4.15849477e-01  6.08234823e-01
  7.51701653e-01  1.28312588e+00 -5.83781183e-01  2.36583486e-01
  4.46787387e-01 -3.08433235e-01 -2.31035069e-01  7.70932138e-02
  9.77844521e-02  1.07979155e+00  1.03480005e+00 -2.42791072e-01
 -2.93547481e-01 -9.94999707e-01  6.03366315e-01 -2.94181198e-04
  8.74860764e-01 -1.30845034e+00  1.74097955e-01  8.38625208e-02
 -8.89260590e-01 -1.20076764e+00 -5.70772111e-01  3.23102623e-01
 -1.04073751e+00 -8.27366650e-01  2.95840353e-02  5.12552619e-01
  6.87260330e-01 -7.78497756e-01 -3.96597475e-01 -4.32368070e-01
  3.85459930e-01 -1.70074224e-01  1.80485800e-01  3.28782350e-01
  7.54682243e-01 -1.78295150e-01 -6.10124528e-01 -1.08846831e+00
 -2.02196494e-01 -3.63281816e-01 -1.63538814e-01 -5.32768428e-01
  2.83494651e-01 -3.79056066e-01 -8.27098917e-03  1.01834345e+00]",0
135,[*]C(C[*])C(=O)[O-],[*]CC([*])c1cc[n+](CC)cc1,2100,570,7.0,250,15,0.5,0,1,3,0.2714285714285714,0,1,0,9.921712962962964,9.921712962962964,0.0370370370370369,-0.7824074074074072,0.4204227437702691,19.2,71.055,68.031,71.01385291591001,28.0,2.6,3.2,3.2,1.6457113704075783,3.34341705895396,73.33515884998701,5.861807319565799,2.6009536313038994,2.6009536313038994,3.1807392125526213,1.1051717155225391,1.1051717155225391,0.5231597389607807,0.5231597389607807,0.1666666666666666,0.1666666666666666,0.0,0.0,-0.53,27.977093296928835,1.798837033645378,0.5057254621854761,0.2506048614847814,30.42489110886254,29.21492868948101,9.901064578912528,5.969305287951849,13.344558822616634,0.0,0.0,5.106527394840706,5.969305287951849,4.794537184071822,0.0,0.0,13.344558822616634,40.13,5.969305287951849,9.901064578912528,6.4208216229260096,6.923737199690624,0.0,0.0,0.0,0.0,0.3533333333333333,9.921712962962964,9.921712962962964,0.0,-0.7824074074074072,0.0,0.0694444444444444,1.0162037037037035,0.0,0.6666666666666666,5.0,2.0,0.0,0.0,2.0,4.0,2.0,0.0,-0.9583000000000002,13.564000000000002,1.0,0.0,1.0,1.0,1.0,1.0,0.0,0.0,0.0,0.0,2.3224074074074075,2.3224074074074075,0.5284301776266063,0.5284301776266063,0.5521406753358277,15.7,134.202,122.10599999999998,134.09642580409,52.0,0.0,1.7,2.4,2.9,2.167053352545513,2.770446815269876,232.78878061771368,8.974691494688164,6.248178503821182,6.248178503821182,5.774386907679233,3.4806726876126763,3.4806726876126763,2.166047211752171,2.166047211752171,1.5177731138680297,1.5177731138680297,0.8157553743075044,0.8157553743075044,-0.8500000000000001,606.7749387127436,4.888623338494641,2.080926843886177,0.919449804078233,62.32079104462523,61.47002484785755,4.567099647791355,0.0,0.0,0.0,26.813052428219837,0.0,30.08987277184637,4.567099647791355,0.0,6.544756405912575,0.0,18.90801031431363,24.52642128014937,6.923737199690624,3.88,0.0,0.0,0.0,12.965578028838586,0.0,12.48718869138762,0.0,36.01725812763135,3.383179406021668,0.0,0.0,1.6200925925925929,0.0,4.644814814814815,5.496394557823129,4.855518628747795,0.0,0.4444444444444444,10.0,1.0,1.0,1.0,0.0,3.0,3.0,1.0,1.552,39.859000000000016,0.0,1.0,0.0,0.0,0.0,0.0,1.0,0.0,1.0,1.0,0.0,0.0,[*]CC([*])C(=O)[O-],[*]CC([*])c1cc[n+](CC)cc1,"[ 5.50952554e-01  6.67746007e-01  3.77917290e-01 -1.17441809e+00
 -6.69968367e-01 -1.58297330e-01 -6.72284961e-02 -5.28121531e-01
 -2.75267303e-01  1.55845845e+00  2.68392377e-02 -5.55266798e-01
  7.93385267e-01 -1.03456473e+00 -6.35627568e-01 -1.03876030e+00
 -1.70346820e+00 -1.30036497e+00 -2.25371301e-01 -1.41964734e-01
  1.05430499e-01 -2.92812109e-01  3.19773614e-01  7.72576690e-01
 -6.40112102e-01  1.28019118e+00  2.42774200e+00 -4.54006344e-01
 -9.02524412e-01  9.79506493e-01 -3.34828138e-01 -3.03650469e-01
 -1.33218363e-01 -9.41639364e-01  7.83632636e-01  4.23074663e-01
 -1.73241779e-01  3.54419112e-01  3.47581238e-01 -3.20249461e-02
 -5.87040186e-01 -6.94137141e-02  1.36469281e+00  1.50850272e+00
 -7.08109001e-04  1.40314758e+00  8.37898135e-01  2.30026972e-02
 -1.28918486e-02 -4.91764814e-01 -3.88111532e-01 -8.54103506e-01
 -3.39003444e-01 -8.56086552e-01 -6.32213116e-01 -4.84038144e-01
 -2.89928913e-03  8.45237494e-01 -9.35304523e-01 -3.63467872e-01
 -6.73271000e-01 -1.05482444e-01  8.11104894e-01 -1.71648502e-01
 -3.46295953e-01  9.68204662e-02  7.82802626e-02  6.15729988e-01
 -1.28915578e-01 -8.80074680e-01 -1.10793412e-01 -2.32655019e-01
 -2.76402205e-01  4.76215333e-02 -5.37703753e-01 -4.57626283e-01
 -5.56176007e-01 -5.34456968e-01  4.31151748e-01 -4.61292788e-02
  3.29330802e-01 -1.57692686e-01  6.79725409e-01  7.64999747e-01
  2.28698909e-01  4.99854833e-01  1.03707455e-01  4.23821568e-01
 -1.18584305e-01  5.51582500e-02 -1.27232492e+00  9.25469279e-01
  1.17828858e+00  5.55050254e-01 -6.01640403e-01  1.85598596e-03
 -5.06517231e-01  3.62108380e-01 -1.25593603e-01  2.64763713e-01
  1.74772024e-01  3.16496044e-01 -1.01321959e+00  8.26404274e-01
  1.10871613e+00 -1.15284944e+00  1.07645226e+00 -9.01291013e-01
 -5.09613574e-01  6.92212641e-01 -6.20536089e-01 -2.36807078e-01
  1.11608577e+00  5.01168847e-01  5.16830027e-01  4.75949496e-01
 -6.68551743e-01  4.93257880e-01  2.93971598e-01  4.70821112e-02
 -3.74763817e-01  1.12406266e+00 -1.71836525e-01 -9.83554304e-01
 -3.04760039e-01 -8.03640932e-02  4.01249915e-01 -2.37712353e-01
 -3.63715082e-01 -4.04603444e-02 -6.94833323e-02 -2.84978569e-01
 -1.37553036e-01 -6.40389100e-02 -1.30503821e+00  6.43750072e-01
  8.66559386e-01 -6.59701407e-01 -2.93511987e-01 -5.99394381e-01
 -1.37480929e-01  3.21428955e-01 -4.59521860e-02 -7.53167152e-01
 -2.05593005e-01  1.92969292e-01  1.47321537e-01  6.28412962e-01
  3.42511177e-01 -7.05951214e-01  4.42748845e-01 -4.32425022e-01
  1.24913609e+00 -4.02215600e-01  3.81262302e-01  6.94990575e-01
  3.94117445e-01 -8.92814755e-01 -1.08931231e+00  4.76228297e-01
  1.24987923e-01  6.95637167e-02  7.04857886e-01  3.86546522e-01
  4.89218652e-01  1.67667687e-01  6.18894100e-01  4.35397118e-01
  6.26206696e-01  8.39248419e-01  2.65890479e-01 -2.82257199e-02
  2.12427139e-01  7.49804258e-01  7.74736702e-01  1.29185498e+00
 -4.25994545e-02 -1.65944263e-01 -9.42873001e-01 -1.42539650e-01
 -5.09615064e-01  9.65403438e-01  8.34682345e-01 -5.18386602e-01
  3.53891730e-01  6.41801357e-02  5.08618951e-01  1.01894891e+00
 -3.28530014e-01 -3.32997628e-02 -1.80441827e-01  2.35096931e-01
 -2.55989581e-01 -2.09291473e-01 -1.47133321e-01 -1.64968276e+00
 -1.69284850e-01  6.07510209e-02  6.21947587e-01  7.29369700e-01
  5.99946022e-01 -6.74916565e-01  1.23031831e+00 -1.28958249e+00
 -6.64112449e-01 -3.67776453e-01  1.31455690e-01  3.78233433e-01
 -8.40135753e-01 -3.63106400e-01 -2.50634134e-01 -2.10742283e+00
  6.89093709e-01 -9.02974844e-01 -4.02772009e-01  1.54137588e+00
 -2.07992017e-01  9.06994522e-01 -5.44871032e-01  3.85305762e-01
 -8.09826478e-02  6.84405208e-01  2.46060431e-01 -5.65070868e-01
  5.42701185e-01  2.30542719e-02 -1.22137517e-01  6.66289628e-01
 -1.00670137e-01  5.78732230e-02 -1.18791723e+00  2.20502615e+00
  7.74039507e-01  3.79953198e-02  1.60000706e+00  1.23174655e+00
  2.83441335e-01 -3.15214992e-01 -7.11687982e-01 -7.00975180e-01
 -8.20701361e-01  6.06228650e-01 -6.73054680e-02 -3.09595257e-01
 -1.70270309e-01 -1.09378815e+00 -1.88075840e-01  1.54434606e-01
  6.66516542e-01  3.04506958e-01  1.23938218e-01  3.31819475e-01
 -1.62126659e-03  4.06757772e-01 -8.66131783e-02 -5.88821769e-02
 -5.21769404e-01 -2.06430405e-01  1.92552900e+00 -2.83560157e-01
 -1.90655738e-01 -4.01817203e-01  5.80403030e-01  1.90049112e-01
  5.90409189e-02  3.97923917e-01 -4.53226894e-01  4.97723222e-01
 -3.94481063e-01 -1.30251551e+00 -3.18813235e-01 -4.60155487e-01
 -4.52672958e-01  4.28255886e-01  1.86832532e-01 -4.64421064e-01
  8.26421797e-01  8.58034790e-02  9.91345942e-02 -6.91530228e-01
  6.67168140e-01 -6.56287134e-01  1.84816062e+00  1.09426033e+00
  1.60102636e-01 -1.11405814e+00  3.91883664e-02  3.58302563e-01
 -5.41131608e-02  4.13817704e-01 -2.12963536e-01  3.07724923e-01
  1.17556334e+00 -1.34069726e-01  2.33674124e-01 -7.30481418e-03
  7.81065047e-01 -3.03012580e-01 -8.35513845e-02  5.53557932e-01
 -2.84455985e-01 -2.47817889e-01  1.89149991e-01 -1.02672207e+00
  1.32583808e-02 -2.55627990e-01  9.52539861e-01 -2.96597350e-02
  8.79282951e-01  4.27375317e-01 -1.99289754e-01  2.20845848e-01
  1.33380175e-01  1.14704527e-01  9.84668970e-01 -2.11234868e-01
 -4.05843139e-01 -7.67308354e-01  3.14330757e-02  3.86560559e-01
  1.19929647e+00  5.36592305e-01  5.09199142e-01 -1.36162627e+00
 -1.05296448e-01 -5.59449345e-02 -3.80162150e-02 -6.26801491e-01
  1.86362505e-01 -1.73844025e-01 -6.50287032e-01 -3.45541984e-01
 -7.34303296e-01  7.24383742e-02  1.10383463e+00  1.14996636e+00
  4.15981650e-01  2.12344471e-02  3.46782468e-02 -6.53821528e-01
 -5.01247168e-01  1.01878500e+00 -5.11385202e-01  5.93827702e-02
  1.42465687e+00  8.32590798e-04  8.78591835e-01  5.78436792e-01
  7.18320012e-01  5.57367444e-01 -5.57254732e-01 -1.31244791e+00
  7.39392415e-02  1.02208316e+00 -1.73512977e-02  8.59655023e-01
 -3.99190225e-02 -2.82223940e-01  3.95490587e-01  4.02262717e-01
  8.03426445e-01 -2.58965492e-01 -1.23902738e+00 -9.40800786e-01
  1.62803307e-01 -1.82705402e-01 -1.00059152e+00 -5.43330550e-01
 -6.58766031e-01 -2.29741275e-01  1.80671170e-01 -1.29144430e-01
  3.56926799e-01 -8.86848867e-02 -9.70983922e-01  2.64483422e-01
  1.72349140e-01 -7.12217987e-01 -8.57104957e-02 -3.92155677e-01
  1.69065610e-01 -3.40923727e-01 -2.67417639e-01 -1.58317521e-01
 -6.08656704e-01  1.02118409e+00 -2.54552245e-01 -9.51778710e-01
 -2.65829086e-01 -5.54043390e-02 -5.34137547e-01  7.80924261e-02
 -4.31904018e-01 -2.93715656e-01 -5.59636712e-01  7.50055850e-01
  5.42586446e-01  5.21332622e-01  7.41369128e-01 -2.03372106e-01
 -2.98140310e-02  1.17485476e+00 -6.42839670e-01  9.09768820e-01
 -2.86733925e-01 -6.71667278e-01 -7.02754200e-01  5.18063009e-01
 -7.03846872e-01  8.45564783e-01  2.22889528e-01  5.72806001e-02
  7.29165733e-01 -1.03616178e+00  1.58585691e+00 -4.93727475e-01
 -3.07119966e-01  9.14265960e-02 -6.41273111e-02 -5.38270436e-02
  3.15355629e-01  1.19199312e+00  6.83415830e-01  1.33915111e-01
  1.16254874e-01  3.87908012e-01  8.34312201e-01 -1.76378161e-01
  4.98694271e-01 -4.02371407e-01 -7.95837879e-01 -3.92245412e-01
 -7.62568772e-01  1.17841554e+00 -8.50370944e-01 -8.19937170e-01
 -1.17226891e-01 -8.34619522e-01 -1.40142596e+00  3.41342449e-01
 -1.18009889e+00  1.72452241e-01  7.37082437e-02 -3.43734443e-01
 -5.56558371e-01 -1.20999336e-01  6.78034663e-01 -1.69035867e-02
 -9.26296234e-01 -5.40798724e-01 -1.40218958e-01 -3.94925140e-02
 -8.04703236e-01 -9.95787308e-02 -2.03307927e-01 -1.50647974e+00
 -1.90729693e-01  4.01281953e-01  8.01624775e-01 -1.31860971e+00
  2.80246615e-01 -1.09216804e-02 -8.86645317e-01  8.60824645e-01
  5.10790169e-01  2.27465048e-01 -6.09495401e-01  1.30400555e-02
 -5.35382628e-02  5.99121809e-01  9.75840449e-01  7.68029451e-01
 -1.04766703e+00  1.87973067e-01  7.01478198e-02  4.77244973e-01
 -6.52137339e-01  7.09963962e-02 -4.24877740e-02  3.11902642e-01
  1.14879143e+00 -1.62646145e-01  2.15660229e-01  2.38919973e-01
  1.27243221e-01 -2.14758724e-01 -8.41916800e-01  1.32479280e-01
  2.49055177e-01 -3.80854696e-01 -2.53900200e-01 -1.52146888e+00
 -4.27862376e-01 -3.30217481e-01 -1.65427983e-01 -5.02607748e-02
  5.20032287e-01 -1.33780479e-01 -2.27504417e-01 -2.93135196e-01
 -2.25837648e-01  5.58377504e-01 -2.53188342e-01  1.02464998e+00
  3.18368047e-01  2.15202257e-01 -1.98995262e-01 -1.44416893e+00
  5.02204970e-02 -2.66076565e-01 -1.08973151e-02 -2.40284443e-01
 -5.64793527e-01  6.28166497e-02  3.36367339e-01 -8.57639432e-01
 -8.62743378e-01 -5.27694464e-01 -5.19397497e-01  8.48357737e-01
 -9.25135195e-01 -8.00738484e-02 -1.99941337e-01 -4.17113543e-01
 -7.53359854e-01 -9.31248963e-01 -3.05604845e-01  3.69783878e-01
 -1.04227677e-01  1.14021158e+00 -1.58956695e+00 -1.72336042e-01
  3.25673372e-01  7.78758302e-02 -3.53107870e-01  5.87968975e-02
  1.47149250e-01  8.21567714e-01  9.81274366e-01  5.93652308e-01
  5.79920053e-01  7.66876757e-01 -7.82622874e-01  4.46217418e-01
 -2.69964069e-01  4.41214263e-01 -1.92598388e-01 -4.10362273e-01
  5.84180020e-02  1.81740105e-01 -1.81846797e-01  3.85951310e-01
  8.06822419e-01  6.49897575e-01 -7.08981693e-01  1.09895403e-02
  5.91275170e-02 -7.26420283e-01 -3.29815060e-01 -2.90464878e-01
  3.73225480e-01  7.54145861e-01  1.66838729e+00 -2.18773857e-01
 -7.01609969e-01 -1.36749840e+00 -3.00247729e-01 -5.03675103e-01
  8.70439291e-01 -4.03018713e-01 -9.52010870e-01  1.99213073e-01
 -9.88790244e-02 -1.30468071e+00 -5.96089602e-01  2.54472584e-01
 -1.41453886e+00 -2.63562888e-01 -5.13353407e-01  7.11600557e-02
  1.20021462e+00 -1.73822570e+00  7.00591266e-01 -8.52419317e-01
  1.40644157e+00 -9.30212319e-01  1.71362936e-01 -3.40986192e-01
  1.11099374e+00  3.32399905e-01  3.70734811e-01 -1.41833186e+00
  7.56462216e-01 -4.55584586e-01  4.26305503e-01 -6.59897864e-01
  1.24169588e+00 -3.52406174e-01 -1.76326826e-01  4.58189696e-01]","[ 2.58754939e-01  7.65666783e-01 -4.65707630e-01 -4.36065912e-01
 -1.02154410e+00  3.74384910e-01  2.53483087e-01  4.09017712e-01
 -6.94044456e-02  6.88503325e-01 -5.28746426e-01  9.49705672e-03
  1.22118175e+00 -1.29630601e+00 -8.81272554e-01 -1.36076915e+00
 -7.82842219e-01 -6.90891325e-01 -7.81432152e-01  7.17344582e-01
  1.65111768e+00 -2.14252546e-01  7.42859602e-01  8.88970852e-01
  9.16712806e-02  6.13837898e-01  2.14042950e+00 -4.88709062e-01
 -3.48345608e-01  6.08429551e-01 -7.47659430e-02  1.67858288e-01
  2.20460221e-01 -8.66752043e-02  5.38115680e-01  3.48620623e-01
 -4.05876786e-01  2.07969666e-01  3.64317708e-02 -1.68470338e-01
 -1.19797252e-01 -3.29685718e-04  1.09635150e+00  8.61720383e-01
  3.81253630e-01  3.06869358e-01  8.60960782e-01 -5.03717922e-02
  5.55247486e-01 -2.21602872e-01  3.81490827e-01  1.78490713e-01
 -3.82163048e-01 -5.39982021e-01 -2.26499572e-01  2.35104397e-01
  5.11031091e-01  1.36317283e-01 -1.01213396e+00  7.63465106e-01
 -7.91656673e-01  6.24221146e-01 -5.04378676e-02  1.83643326e-01
 -2.18661264e-01  7.73185909e-01  6.97015703e-01 -8.37078318e-02
 -1.59653902e-01 -3.47926170e-01 -3.12480479e-01 -4.70926136e-01
 -1.22260191e-01 -1.11529268e-01 -5.80355048e-01 -4.57529038e-01
  1.04305685e-01 -5.60658038e-01 -5.75476885e-02  2.07826346e-02
  5.11998355e-01 -4.07395922e-02 -8.57271776e-02  8.07722390e-01
  1.25639126e-01 -2.27841973e-01  1.99368715e-01  3.94466549e-01
 -2.29423419e-01  6.56251252e-01 -1.39102936e+00 -2.48177513e-01
  1.02561653e+00  1.63333565e-01 -7.41358042e-01  4.11552817e-01
 -6.56937659e-01  8.11281383e-01  1.32502774e-02 -8.95606503e-02
 -8.85221139e-02  8.10027122e-01 -1.39308321e+00  1.41229165e+00
  1.47527564e+00 -5.27085662e-01  2.02385023e-01 -1.41935205e+00
 -2.88261324e-01  4.54457074e-01 -1.46575600e-01 -8.69578123e-02
  7.32687950e-01 -6.16145432e-01  1.34594366e-01  6.39876187e-01
 -1.44258842e-01  2.16147140e-01 -2.23000154e-01  6.38989031e-01
 -4.11915869e-01  3.50595713e-01  5.70650995e-01 -8.09123695e-01
 -4.94646877e-01 -4.51880284e-02 -1.54170379e-01  3.72843176e-01
 -1.84427261e-01 -4.46734615e-02  1.41228944e-01 -3.13785821e-01
 -1.36994436e-01 -2.44505003e-01 -1.35662365e+00  5.76085364e-03
  1.65453315e-01 -5.28535903e-01 -1.37860805e-01 -6.12922132e-01
 -4.81841946e-03  1.16985954e-01  5.10767877e-01 -5.25469959e-01
  3.92412357e-02  3.49685192e-01 -6.66919053e-02 -2.74920493e-01
  6.00411296e-02 -3.49984258e-01  7.61600062e-02 -2.26685509e-01
  8.62072706e-01 -4.64118570e-01 -2.94663697e-01  5.15659273e-01
  1.72863439e-01 -9.21992779e-01 -9.47336614e-01 -2.89100736e-01
  2.59418692e-02  1.51202843e-01 -7.73630664e-02  3.85801084e-02
  2.93126196e-01 -3.53437036e-01 -1.18852735e-01  5.98323166e-01
  1.07211065e+00  1.25569713e+00  2.15441491e-02 -2.15563297e-01
 -7.10687578e-01  1.29834712e+00  8.37024391e-01  1.38366830e+00
 -2.41990876e-03 -3.08258146e-01 -1.00147593e+00  3.74590397e-01
  3.18077542e-02  1.06435704e+00  6.53108656e-02 -3.44478697e-01
  4.10884619e-04  4.46341187e-01 -2.23740339e-02  3.45368236e-01
 -1.59559309e-01  2.95039713e-01  4.16525990e-01  2.51234889e-01
  1.53080240e-01 -5.57194650e-01 -4.55134362e-01 -9.01373684e-01
 -1.24181308e-01 -3.51409823e-01 -2.22094998e-01  4.69337195e-01
  3.66864018e-02 -9.05083597e-01  4.72788185e-01 -8.23253930e-01
 -7.69597828e-01 -1.41294524e-01 -5.41748941e-01 -1.59614399e-01
 -3.31402093e-01  1.56573012e-01 -6.26872480e-01 -1.08016205e+00
  6.74879372e-01 -2.28904560e-01 -3.66408229e-01  9.52807426e-01
 -2.49409720e-01  6.31160557e-01 -2.16425419e-01  7.80879796e-01
 -5.31057753e-02  2.12950587e-01  2.08714247e-01 -3.76456939e-02
  1.02227533e+00  2.05922544e-01  4.96548325e-01  1.14875138e+00
 -1.47142842e-01  1.44781128e-01 -1.00707434e-01  1.95989263e+00
  5.88235199e-01  2.39680350e-01  1.08087635e+00  8.00363198e-02
 -4.00677443e-01 -8.46993923e-01 -3.01950455e-01 -4.92810518e-01
 -9.30117428e-01  9.02858555e-01 -2.92300373e-01 -1.44224569e-01
  4.48532671e-01 -7.70175755e-01 -9.61511359e-02 -9.23241436e-01
  6.88463748e-02  2.13101104e-01  3.51493865e-01  7.25903213e-02
  8.29195008e-02  3.10883552e-01 -3.06551903e-01  6.26678407e-01
  1.16759121e-01 -3.19817029e-02  9.86835957e-01  2.12960601e-01
 -1.87608883e-01 -4.39048260e-01 -3.93611670e-01  3.14746238e-02
  4.67132837e-01  5.91510355e-01 -5.82304895e-01 -3.08005631e-01
 -3.97076577e-01 -1.61111081e+00 -6.18716002e-01  9.36848521e-02
 -2.64846057e-01  3.04639369e-01 -2.97773540e-01  2.59679228e-01
  8.37306738e-01  3.94203186e-01 -8.16127777e-01 -1.10288668e+00
  1.83305308e-01 -2.00568721e-01  1.48652220e+00  1.16011453e+00
 -2.86318362e-02 -5.29603899e-01  3.83966208e-01  7.54229307e-01
  7.64074996e-02  3.81459713e-01 -3.68279248e-01  3.44247609e-01
  2.45934680e-01  7.71982253e-01 -1.27560392e-01  5.86078055e-02
  1.93814218e+00 -1.06247580e+00 -5.15270948e-01 -6.02204442e-01
 -1.91837952e-01  1.38955191e-01  5.88956475e-03 -2.56706387e-01
  6.63230121e-01  3.49048585e-01  5.71135342e-01  7.18370378e-01
 -1.42920511e-02  1.72898695e-01  6.89943075e-01  1.69781840e-03
 -3.96998338e-02  7.82621205e-01  7.13594913e-01 -3.70173663e-01
 -5.42735076e-03 -8.73017013e-01 -4.07721192e-01 -2.67813742e-01
  7.90600777e-01  4.62941319e-01  5.06024420e-01 -8.13354015e-01
  3.29493552e-01  2.80005783e-01 -1.17573768e-01  3.97675186e-01
  1.45187899e-01 -8.07157829e-02 -7.78619200e-02 -9.61248457e-01
  6.81790113e-02 -6.57359958e-02  9.75333154e-01  1.91977775e+00
 -3.26742262e-01  7.42301112e-03  2.52164411e-03 -4.06822801e-01
 -9.29980457e-01  8.28021824e-01 -3.20083089e-02  1.52232334e-01
  4.19183105e-01  4.04705971e-01  1.15119231e+00 -1.91186130e-01
 -1.26877546e-01 -1.48641035e-01 -3.43369275e-01 -1.19184506e+00
 -2.82330811e-01  1.25802338e+00 -2.45547876e-01 -8.44457448e-02
 -5.24645150e-01  2.47254089e-01  4.11571175e-01  2.63517380e-01
 -8.29683170e-02  2.00176358e-01 -1.07659066e+00 -4.29665715e-01
  1.15340889e+00  1.80977825e-02 -6.42389894e-01  1.35355279e-01
  4.07437468e-03  2.60230094e-01 -5.03543727e-02 -8.82178068e-01
 -2.46009305e-01 -1.16771936e+00 -3.78451586e-01 -7.65593290e-01
 -4.00647074e-01 -1.21218868e-01 -8.26268017e-01 -3.02382022e-01
 -5.00344252e-03 -1.06858885e+00 -3.26659828e-01 -2.16492906e-01
 -3.30358028e-01  2.30187774e-01 -1.79770425e-01 -9.02734339e-01
 -7.41476953e-01 -6.15338869e-02 -9.38126519e-02  1.94314957e-01
 -2.89056301e-01  8.90308917e-01  3.91442508e-01  6.97327435e-01
  7.45553672e-01  4.24382836e-01 -3.27737331e-01  5.80936432e-01
 -1.24678463e-02  9.26483929e-01 -3.51582199e-01  1.77305654e-01
  1.70948878e-01  4.45365123e-02  1.28183261e-01  3.41375679e-01
 -5.32822609e-01 -4.74269688e-02  4.22098309e-01  9.11723912e-01
  8.00791025e-01 -6.36188805e-01  8.95480737e-02 -8.06500256e-01
 -4.49507117e-01 -1.71611205e-01 -5.80729425e-01 -1.74753711e-01
  3.67258549e-01 -1.01258963e-01  3.10842961e-01 -5.60998805e-02
  2.71947473e-01  4.78378147e-01  8.30143690e-01  4.15337592e-01
 -1.45673469e-01 -7.29671180e-01 -5.47645152e-01 -9.97540951e-01
 -8.99102926e-01  5.54789960e-01 -2.95613915e-01 -7.16665268e-01
  2.14029267e-01 -1.01798892e+00 -9.23852921e-01  7.91428983e-02
 -9.04280901e-01  6.19130284e-02  1.51161209e-01 -2.35187531e-01
 -3.37493032e-01 -1.02911043e+00 -9.89820734e-02  9.27680433e-01
 -3.10963392e-01 -2.72858471e-01  1.63475215e-01  2.96460211e-01
  4.45687979e-01  1.95598766e-01 -3.05731595e-01  6.93182573e-02
 -3.21123272e-01  5.95443428e-01  5.48458576e-01 -2.00317121e+00
  6.79128945e-01  4.56946820e-01 -7.14092970e-01  3.14033777e-02
 -6.99467063e-02  8.38553488e-01 -1.02953374e+00  4.51370209e-01
 -5.72017729e-01  7.34556675e-01  6.52249217e-01  5.14868200e-01
 -4.01160747e-01  4.57474798e-01  2.88481891e-01 -8.71608034e-02
  1.11201353e-01 -9.85160887e-01  2.93618321e-01 -3.79842997e-01
  8.51307884e-02 -5.13610363e-01 -4.46230084e-01  1.90197393e-01
 -2.25161240e-01  2.27955058e-01 -1.24368936e-01 -6.23004377e-01
 -1.21121533e-01 -4.17960078e-01  1.72031224e-02 -9.25355911e-01
  1.97996378e-01 -9.37604904e-02 -8.29413414e-01 -8.01442146e-01
  9.10189077e-02  1.93399265e-01 -6.44582450e-01 -7.51188278e-01
 -3.33442926e-01  2.49328986e-01 -7.26612434e-02  1.05746686e+00
  8.82225409e-02 -4.86976236e-01  1.60925579e+00 -7.45107889e-01
  1.58774313e-02 -1.61246493e-01  7.17768967e-02 -5.85627973e-01
 -2.52059549e-01 -4.42534357e-01  2.18473479e-01 -8.10688913e-01
 -9.37299252e-01 -5.24647534e-01 -2.10442737e-01  5.20700634e-01
 -9.27391708e-01 -5.11770666e-01 -7.26313531e-01 -3.05953294e-01
 -7.26748466e-01 -1.29627538e+00  1.06564254e-01  5.24497032e-01
  3.93341690e-01  6.82094276e-01 -3.47765595e-01  2.02958107e-01
 -9.43305120e-02 -6.87422931e-01  6.86987817e-01  2.45795906e-01
  3.44973117e-01  9.67409134e-01  1.50813806e+00  3.60267907e-01
 -5.07872105e-01  4.62053381e-02 -5.79474270e-01  6.78498089e-01
 -6.48347318e-01  4.99527693e-01 -1.12642586e-01  9.04823542e-02
  8.42202723e-01  5.29779196e-01 -4.15849477e-01  6.08234823e-01
  7.51701653e-01  1.28312588e+00 -5.83781183e-01  2.36583486e-01
  4.46787387e-01 -3.08433235e-01 -2.31035069e-01  7.70932138e-02
  9.77844521e-02  1.07979155e+00  1.03480005e+00 -2.42791072e-01
 -2.93547481e-01 -9.94999707e-01  6.03366315e-01 -2.94181198e-04
  8.74860764e-01 -1.30845034e+00  1.74097955e-01  8.38625208e-02
 -8.89260590e-01 -1.20076764e+00 -5.70772111e-01  3.23102623e-01
 -1.04073751e+00 -8.27366650e-01  2.95840353e-02  5.12552619e-01
  6.87260330e-01 -7.78497756e-01 -3.96597475e-01 -4.32368070e-01
  3.85459930e-01 -1.70074224e-01  1.80485800e-01  3.28782350e-01
  7.54682243e-01 -1.78295150e-01 -6.10124528e-01 -1.08846831e+00
 -2.02196494e-01 -3.63281816e-01 -1.63538814e-01 -5.32768428e-01
  2.83494651e-01 -3.79056066e-01 -8.27098917e-03  1.01834345e+00]",0
136,[*]C(C[*])C(=O)[O-],[*]CC([*])c1cc[n+](CC)cc1,500,570,7.0,300,35,0.5,0,1,3,1.14,1,0,0,9.921712962962964,9.921712962962964,0.0370370370370369,-0.7824074074074072,0.4204227437702691,19.2,71.055,68.031,71.01385291591001,28.0,2.6,3.2,3.2,1.6457113704075783,3.34341705895396,73.33515884998701,5.861807319565799,2.6009536313038994,2.6009536313038994,3.1807392125526213,1.1051717155225391,1.1051717155225391,0.5231597389607807,0.5231597389607807,0.1666666666666666,0.1666666666666666,0.0,0.0,-0.53,27.977093296928835,1.798837033645378,0.5057254621854761,0.2506048614847814,30.42489110886254,29.21492868948101,9.901064578912528,5.969305287951849,13.344558822616634,0.0,0.0,5.106527394840706,5.969305287951849,4.794537184071822,0.0,0.0,13.344558822616634,40.13,5.969305287951849,9.901064578912528,6.4208216229260096,6.923737199690624,0.0,0.0,0.0,0.0,0.3533333333333333,9.921712962962964,9.921712962962964,0.0,-0.7824074074074072,0.0,0.0694444444444444,1.0162037037037035,0.0,0.6666666666666666,5.0,2.0,0.0,0.0,2.0,4.0,2.0,0.0,-0.9583000000000002,13.564000000000002,1.0,0.0,1.0,1.0,1.0,1.0,0.0,0.0,0.0,0.0,2.3224074074074075,2.3224074074074075,0.5284301776266063,0.5284301776266063,0.5521406753358277,15.7,134.202,122.10599999999998,134.09642580409,52.0,0.0,1.7,2.4,2.9,2.167053352545513,2.770446815269876,232.78878061771368,8.974691494688164,6.248178503821182,6.248178503821182,5.774386907679233,3.4806726876126763,3.4806726876126763,2.166047211752171,2.166047211752171,1.5177731138680297,1.5177731138680297,0.8157553743075044,0.8157553743075044,-0.8500000000000001,606.7749387127436,4.888623338494641,2.080926843886177,0.919449804078233,62.32079104462523,61.47002484785755,4.567099647791355,0.0,0.0,0.0,26.813052428219837,0.0,30.08987277184637,4.567099647791355,0.0,6.544756405912575,0.0,18.90801031431363,24.52642128014937,6.923737199690624,3.88,0.0,0.0,0.0,12.965578028838586,0.0,12.48718869138762,0.0,36.01725812763135,3.383179406021668,0.0,0.0,1.6200925925925929,0.0,4.644814814814815,5.496394557823129,4.855518628747795,0.0,0.4444444444444444,10.0,1.0,1.0,1.0,0.0,3.0,3.0,1.0,1.552,39.859000000000016,0.0,1.0,0.0,0.0,0.0,0.0,1.0,0.0,1.0,1.0,0.0,0.0,[*]CC([*])C(=O)[O-],[*]CC([*])c1cc[n+](CC)cc1,"[ 5.50952554e-01  6.67746007e-01  3.77917290e-01 -1.17441809e+00
 -6.69968367e-01 -1.58297330e-01 -6.72284961e-02 -5.28121531e-01
 -2.75267303e-01  1.55845845e+00  2.68392377e-02 -5.55266798e-01
  7.93385267e-01 -1.03456473e+00 -6.35627568e-01 -1.03876030e+00
 -1.70346820e+00 -1.30036497e+00 -2.25371301e-01 -1.41964734e-01
  1.05430499e-01 -2.92812109e-01  3.19773614e-01  7.72576690e-01
 -6.40112102e-01  1.28019118e+00  2.42774200e+00 -4.54006344e-01
 -9.02524412e-01  9.79506493e-01 -3.34828138e-01 -3.03650469e-01
 -1.33218363e-01 -9.41639364e-01  7.83632636e-01  4.23074663e-01
 -1.73241779e-01  3.54419112e-01  3.47581238e-01 -3.20249461e-02
 -5.87040186e-01 -6.94137141e-02  1.36469281e+00  1.50850272e+00
 -7.08109001e-04  1.40314758e+00  8.37898135e-01  2.30026972e-02
 -1.28918486e-02 -4.91764814e-01 -3.88111532e-01 -8.54103506e-01
 -3.39003444e-01 -8.56086552e-01 -6.32213116e-01 -4.84038144e-01
 -2.89928913e-03  8.45237494e-01 -9.35304523e-01 -3.63467872e-01
 -6.73271000e-01 -1.05482444e-01  8.11104894e-01 -1.71648502e-01
 -3.46295953e-01  9.68204662e-02  7.82802626e-02  6.15729988e-01
 -1.28915578e-01 -8.80074680e-01 -1.10793412e-01 -2.32655019e-01
 -2.76402205e-01  4.76215333e-02 -5.37703753e-01 -4.57626283e-01
 -5.56176007e-01 -5.34456968e-01  4.31151748e-01 -4.61292788e-02
  3.29330802e-01 -1.57692686e-01  6.79725409e-01  7.64999747e-01
  2.28698909e-01  4.99854833e-01  1.03707455e-01  4.23821568e-01
 -1.18584305e-01  5.51582500e-02 -1.27232492e+00  9.25469279e-01
  1.17828858e+00  5.55050254e-01 -6.01640403e-01  1.85598596e-03
 -5.06517231e-01  3.62108380e-01 -1.25593603e-01  2.64763713e-01
  1.74772024e-01  3.16496044e-01 -1.01321959e+00  8.26404274e-01
  1.10871613e+00 -1.15284944e+00  1.07645226e+00 -9.01291013e-01
 -5.09613574e-01  6.92212641e-01 -6.20536089e-01 -2.36807078e-01
  1.11608577e+00  5.01168847e-01  5.16830027e-01  4.75949496e-01
 -6.68551743e-01  4.93257880e-01  2.93971598e-01  4.70821112e-02
 -3.74763817e-01  1.12406266e+00 -1.71836525e-01 -9.83554304e-01
 -3.04760039e-01 -8.03640932e-02  4.01249915e-01 -2.37712353e-01
 -3.63715082e-01 -4.04603444e-02 -6.94833323e-02 -2.84978569e-01
 -1.37553036e-01 -6.40389100e-02 -1.30503821e+00  6.43750072e-01
  8.66559386e-01 -6.59701407e-01 -2.93511987e-01 -5.99394381e-01
 -1.37480929e-01  3.21428955e-01 -4.59521860e-02 -7.53167152e-01
 -2.05593005e-01  1.92969292e-01  1.47321537e-01  6.28412962e-01
  3.42511177e-01 -7.05951214e-01  4.42748845e-01 -4.32425022e-01
  1.24913609e+00 -4.02215600e-01  3.81262302e-01  6.94990575e-01
  3.94117445e-01 -8.92814755e-01 -1.08931231e+00  4.76228297e-01
  1.24987923e-01  6.95637167e-02  7.04857886e-01  3.86546522e-01
  4.89218652e-01  1.67667687e-01  6.18894100e-01  4.35397118e-01
  6.26206696e-01  8.39248419e-01  2.65890479e-01 -2.82257199e-02
  2.12427139e-01  7.49804258e-01  7.74736702e-01  1.29185498e+00
 -4.25994545e-02 -1.65944263e-01 -9.42873001e-01 -1.42539650e-01
 -5.09615064e-01  9.65403438e-01  8.34682345e-01 -5.18386602e-01
  3.53891730e-01  6.41801357e-02  5.08618951e-01  1.01894891e+00
 -3.28530014e-01 -3.32997628e-02 -1.80441827e-01  2.35096931e-01
 -2.55989581e-01 -2.09291473e-01 -1.47133321e-01 -1.64968276e+00
 -1.69284850e-01  6.07510209e-02  6.21947587e-01  7.29369700e-01
  5.99946022e-01 -6.74916565e-01  1.23031831e+00 -1.28958249e+00
 -6.64112449e-01 -3.67776453e-01  1.31455690e-01  3.78233433e-01
 -8.40135753e-01 -3.63106400e-01 -2.50634134e-01 -2.10742283e+00
  6.89093709e-01 -9.02974844e-01 -4.02772009e-01  1.54137588e+00
 -2.07992017e-01  9.06994522e-01 -5.44871032e-01  3.85305762e-01
 -8.09826478e-02  6.84405208e-01  2.46060431e-01 -5.65070868e-01
  5.42701185e-01  2.30542719e-02 -1.22137517e-01  6.66289628e-01
 -1.00670137e-01  5.78732230e-02 -1.18791723e+00  2.20502615e+00
  7.74039507e-01  3.79953198e-02  1.60000706e+00  1.23174655e+00
  2.83441335e-01 -3.15214992e-01 -7.11687982e-01 -7.00975180e-01
 -8.20701361e-01  6.06228650e-01 -6.73054680e-02 -3.09595257e-01
 -1.70270309e-01 -1.09378815e+00 -1.88075840e-01  1.54434606e-01
  6.66516542e-01  3.04506958e-01  1.23938218e-01  3.31819475e-01
 -1.62126659e-03  4.06757772e-01 -8.66131783e-02 -5.88821769e-02
 -5.21769404e-01 -2.06430405e-01  1.92552900e+00 -2.83560157e-01
 -1.90655738e-01 -4.01817203e-01  5.80403030e-01  1.90049112e-01
  5.90409189e-02  3.97923917e-01 -4.53226894e-01  4.97723222e-01
 -3.94481063e-01 -1.30251551e+00 -3.18813235e-01 -4.60155487e-01
 -4.52672958e-01  4.28255886e-01  1.86832532e-01 -4.64421064e-01
  8.26421797e-01  8.58034790e-02  9.91345942e-02 -6.91530228e-01
  6.67168140e-01 -6.56287134e-01  1.84816062e+00  1.09426033e+00
  1.60102636e-01 -1.11405814e+00  3.91883664e-02  3.58302563e-01
 -5.41131608e-02  4.13817704e-01 -2.12963536e-01  3.07724923e-01
  1.17556334e+00 -1.34069726e-01  2.33674124e-01 -7.30481418e-03
  7.81065047e-01 -3.03012580e-01 -8.35513845e-02  5.53557932e-01
 -2.84455985e-01 -2.47817889e-01  1.89149991e-01 -1.02672207e+00
  1.32583808e-02 -2.55627990e-01  9.52539861e-01 -2.96597350e-02
  8.79282951e-01  4.27375317e-01 -1.99289754e-01  2.20845848e-01
  1.33380175e-01  1.14704527e-01  9.84668970e-01 -2.11234868e-01
 -4.05843139e-01 -7.67308354e-01  3.14330757e-02  3.86560559e-01
  1.19929647e+00  5.36592305e-01  5.09199142e-01 -1.36162627e+00
 -1.05296448e-01 -5.59449345e-02 -3.80162150e-02 -6.26801491e-01
  1.86362505e-01 -1.73844025e-01 -6.50287032e-01 -3.45541984e-01
 -7.34303296e-01  7.24383742e-02  1.10383463e+00  1.14996636e+00
  4.15981650e-01  2.12344471e-02  3.46782468e-02 -6.53821528e-01
 -5.01247168e-01  1.01878500e+00 -5.11385202e-01  5.93827702e-02
  1.42465687e+00  8.32590798e-04  8.78591835e-01  5.78436792e-01
  7.18320012e-01  5.57367444e-01 -5.57254732e-01 -1.31244791e+00
  7.39392415e-02  1.02208316e+00 -1.73512977e-02  8.59655023e-01
 -3.99190225e-02 -2.82223940e-01  3.95490587e-01  4.02262717e-01
  8.03426445e-01 -2.58965492e-01 -1.23902738e+00 -9.40800786e-01
  1.62803307e-01 -1.82705402e-01 -1.00059152e+00 -5.43330550e-01
 -6.58766031e-01 -2.29741275e-01  1.80671170e-01 -1.29144430e-01
  3.56926799e-01 -8.86848867e-02 -9.70983922e-01  2.64483422e-01
  1.72349140e-01 -7.12217987e-01 -8.57104957e-02 -3.92155677e-01
  1.69065610e-01 -3.40923727e-01 -2.67417639e-01 -1.58317521e-01
 -6.08656704e-01  1.02118409e+00 -2.54552245e-01 -9.51778710e-01
 -2.65829086e-01 -5.54043390e-02 -5.34137547e-01  7.80924261e-02
 -4.31904018e-01 -2.93715656e-01 -5.59636712e-01  7.50055850e-01
  5.42586446e-01  5.21332622e-01  7.41369128e-01 -2.03372106e-01
 -2.98140310e-02  1.17485476e+00 -6.42839670e-01  9.09768820e-01
 -2.86733925e-01 -6.71667278e-01 -7.02754200e-01  5.18063009e-01
 -7.03846872e-01  8.45564783e-01  2.22889528e-01  5.72806001e-02
  7.29165733e-01 -1.03616178e+00  1.58585691e+00 -4.93727475e-01
 -3.07119966e-01  9.14265960e-02 -6.41273111e-02 -5.38270436e-02
  3.15355629e-01  1.19199312e+00  6.83415830e-01  1.33915111e-01
  1.16254874e-01  3.87908012e-01  8.34312201e-01 -1.76378161e-01
  4.98694271e-01 -4.02371407e-01 -7.95837879e-01 -3.92245412e-01
 -7.62568772e-01  1.17841554e+00 -8.50370944e-01 -8.19937170e-01
 -1.17226891e-01 -8.34619522e-01 -1.40142596e+00  3.41342449e-01
 -1.18009889e+00  1.72452241e-01  7.37082437e-02 -3.43734443e-01
 -5.56558371e-01 -1.20999336e-01  6.78034663e-01 -1.69035867e-02
 -9.26296234e-01 -5.40798724e-01 -1.40218958e-01 -3.94925140e-02
 -8.04703236e-01 -9.95787308e-02 -2.03307927e-01 -1.50647974e+00
 -1.90729693e-01  4.01281953e-01  8.01624775e-01 -1.31860971e+00
  2.80246615e-01 -1.09216804e-02 -8.86645317e-01  8.60824645e-01
  5.10790169e-01  2.27465048e-01 -6.09495401e-01  1.30400555e-02
 -5.35382628e-02  5.99121809e-01  9.75840449e-01  7.68029451e-01
 -1.04766703e+00  1.87973067e-01  7.01478198e-02  4.77244973e-01
 -6.52137339e-01  7.09963962e-02 -4.24877740e-02  3.11902642e-01
  1.14879143e+00 -1.62646145e-01  2.15660229e-01  2.38919973e-01
  1.27243221e-01 -2.14758724e-01 -8.41916800e-01  1.32479280e-01
  2.49055177e-01 -3.80854696e-01 -2.53900200e-01 -1.52146888e+00
 -4.27862376e-01 -3.30217481e-01 -1.65427983e-01 -5.02607748e-02
  5.20032287e-01 -1.33780479e-01 -2.27504417e-01 -2.93135196e-01
 -2.25837648e-01  5.58377504e-01 -2.53188342e-01  1.02464998e+00
  3.18368047e-01  2.15202257e-01 -1.98995262e-01 -1.44416893e+00
  5.02204970e-02 -2.66076565e-01 -1.08973151e-02 -2.40284443e-01
 -5.64793527e-01  6.28166497e-02  3.36367339e-01 -8.57639432e-01
 -8.62743378e-01 -5.27694464e-01 -5.19397497e-01  8.48357737e-01
 -9.25135195e-01 -8.00738484e-02 -1.99941337e-01 -4.17113543e-01
 -7.53359854e-01 -9.31248963e-01 -3.05604845e-01  3.69783878e-01
 -1.04227677e-01  1.14021158e+00 -1.58956695e+00 -1.72336042e-01
  3.25673372e-01  7.78758302e-02 -3.53107870e-01  5.87968975e-02
  1.47149250e-01  8.21567714e-01  9.81274366e-01  5.93652308e-01
  5.79920053e-01  7.66876757e-01 -7.82622874e-01  4.46217418e-01
 -2.69964069e-01  4.41214263e-01 -1.92598388e-01 -4.10362273e-01
  5.84180020e-02  1.81740105e-01 -1.81846797e-01  3.85951310e-01
  8.06822419e-01  6.49897575e-01 -7.08981693e-01  1.09895403e-02
  5.91275170e-02 -7.26420283e-01 -3.29815060e-01 -2.90464878e-01
  3.73225480e-01  7.54145861e-01  1.66838729e+00 -2.18773857e-01
 -7.01609969e-01 -1.36749840e+00 -3.00247729e-01 -5.03675103e-01
  8.70439291e-01 -4.03018713e-01 -9.52010870e-01  1.99213073e-01
 -9.88790244e-02 -1.30468071e+00 -5.96089602e-01  2.54472584e-01
 -1.41453886e+00 -2.63562888e-01 -5.13353407e-01  7.11600557e-02
  1.20021462e+00 -1.73822570e+00  7.00591266e-01 -8.52419317e-01
  1.40644157e+00 -9.30212319e-01  1.71362936e-01 -3.40986192e-01
  1.11099374e+00  3.32399905e-01  3.70734811e-01 -1.41833186e+00
  7.56462216e-01 -4.55584586e-01  4.26305503e-01 -6.59897864e-01
  1.24169588e+00 -3.52406174e-01 -1.76326826e-01  4.58189696e-01]","[ 2.58754939e-01  7.65666783e-01 -4.65707630e-01 -4.36065912e-01
 -1.02154410e+00  3.74384910e-01  2.53483087e-01  4.09017712e-01
 -6.94044456e-02  6.88503325e-01 -5.28746426e-01  9.49705672e-03
  1.22118175e+00 -1.29630601e+00 -8.81272554e-01 -1.36076915e+00
 -7.82842219e-01 -6.90891325e-01 -7.81432152e-01  7.17344582e-01
  1.65111768e+00 -2.14252546e-01  7.42859602e-01  8.88970852e-01
  9.16712806e-02  6.13837898e-01  2.14042950e+00 -4.88709062e-01
 -3.48345608e-01  6.08429551e-01 -7.47659430e-02  1.67858288e-01
  2.20460221e-01 -8.66752043e-02  5.38115680e-01  3.48620623e-01
 -4.05876786e-01  2.07969666e-01  3.64317708e-02 -1.68470338e-01
 -1.19797252e-01 -3.29685718e-04  1.09635150e+00  8.61720383e-01
  3.81253630e-01  3.06869358e-01  8.60960782e-01 -5.03717922e-02
  5.55247486e-01 -2.21602872e-01  3.81490827e-01  1.78490713e-01
 -3.82163048e-01 -5.39982021e-01 -2.26499572e-01  2.35104397e-01
  5.11031091e-01  1.36317283e-01 -1.01213396e+00  7.63465106e-01
 -7.91656673e-01  6.24221146e-01 -5.04378676e-02  1.83643326e-01
 -2.18661264e-01  7.73185909e-01  6.97015703e-01 -8.37078318e-02
 -1.59653902e-01 -3.47926170e-01 -3.12480479e-01 -4.70926136e-01
 -1.22260191e-01 -1.11529268e-01 -5.80355048e-01 -4.57529038e-01
  1.04305685e-01 -5.60658038e-01 -5.75476885e-02  2.07826346e-02
  5.11998355e-01 -4.07395922e-02 -8.57271776e-02  8.07722390e-01
  1.25639126e-01 -2.27841973e-01  1.99368715e-01  3.94466549e-01
 -2.29423419e-01  6.56251252e-01 -1.39102936e+00 -2.48177513e-01
  1.02561653e+00  1.63333565e-01 -7.41358042e-01  4.11552817e-01
 -6.56937659e-01  8.11281383e-01  1.32502774e-02 -8.95606503e-02
 -8.85221139e-02  8.10027122e-01 -1.39308321e+00  1.41229165e+00
  1.47527564e+00 -5.27085662e-01  2.02385023e-01 -1.41935205e+00
 -2.88261324e-01  4.54457074e-01 -1.46575600e-01 -8.69578123e-02
  7.32687950e-01 -6.16145432e-01  1.34594366e-01  6.39876187e-01
 -1.44258842e-01  2.16147140e-01 -2.23000154e-01  6.38989031e-01
 -4.11915869e-01  3.50595713e-01  5.70650995e-01 -8.09123695e-01
 -4.94646877e-01 -4.51880284e-02 -1.54170379e-01  3.72843176e-01
 -1.84427261e-01 -4.46734615e-02  1.41228944e-01 -3.13785821e-01
 -1.36994436e-01 -2.44505003e-01 -1.35662365e+00  5.76085364e-03
  1.65453315e-01 -5.28535903e-01 -1.37860805e-01 -6.12922132e-01
 -4.81841946e-03  1.16985954e-01  5.10767877e-01 -5.25469959e-01
  3.92412357e-02  3.49685192e-01 -6.66919053e-02 -2.74920493e-01
  6.00411296e-02 -3.49984258e-01  7.61600062e-02 -2.26685509e-01
  8.62072706e-01 -4.64118570e-01 -2.94663697e-01  5.15659273e-01
  1.72863439e-01 -9.21992779e-01 -9.47336614e-01 -2.89100736e-01
  2.59418692e-02  1.51202843e-01 -7.73630664e-02  3.85801084e-02
  2.93126196e-01 -3.53437036e-01 -1.18852735e-01  5.98323166e-01
  1.07211065e+00  1.25569713e+00  2.15441491e-02 -2.15563297e-01
 -7.10687578e-01  1.29834712e+00  8.37024391e-01  1.38366830e+00
 -2.41990876e-03 -3.08258146e-01 -1.00147593e+00  3.74590397e-01
  3.18077542e-02  1.06435704e+00  6.53108656e-02 -3.44478697e-01
  4.10884619e-04  4.46341187e-01 -2.23740339e-02  3.45368236e-01
 -1.59559309e-01  2.95039713e-01  4.16525990e-01  2.51234889e-01
  1.53080240e-01 -5.57194650e-01 -4.55134362e-01 -9.01373684e-01
 -1.24181308e-01 -3.51409823e-01 -2.22094998e-01  4.69337195e-01
  3.66864018e-02 -9.05083597e-01  4.72788185e-01 -8.23253930e-01
 -7.69597828e-01 -1.41294524e-01 -5.41748941e-01 -1.59614399e-01
 -3.31402093e-01  1.56573012e-01 -6.26872480e-01 -1.08016205e+00
  6.74879372e-01 -2.28904560e-01 -3.66408229e-01  9.52807426e-01
 -2.49409720e-01  6.31160557e-01 -2.16425419e-01  7.80879796e-01
 -5.31057753e-02  2.12950587e-01  2.08714247e-01 -3.76456939e-02
  1.02227533e+00  2.05922544e-01  4.96548325e-01  1.14875138e+00
 -1.47142842e-01  1.44781128e-01 -1.00707434e-01  1.95989263e+00
  5.88235199e-01  2.39680350e-01  1.08087635e+00  8.00363198e-02
 -4.00677443e-01 -8.46993923e-01 -3.01950455e-01 -4.92810518e-01
 -9.30117428e-01  9.02858555e-01 -2.92300373e-01 -1.44224569e-01
  4.48532671e-01 -7.70175755e-01 -9.61511359e-02 -9.23241436e-01
  6.88463748e-02  2.13101104e-01  3.51493865e-01  7.25903213e-02
  8.29195008e-02  3.10883552e-01 -3.06551903e-01  6.26678407e-01
  1.16759121e-01 -3.19817029e-02  9.86835957e-01  2.12960601e-01
 -1.87608883e-01 -4.39048260e-01 -3.93611670e-01  3.14746238e-02
  4.67132837e-01  5.91510355e-01 -5.82304895e-01 -3.08005631e-01
 -3.97076577e-01 -1.61111081e+00 -6.18716002e-01  9.36848521e-02
 -2.64846057e-01  3.04639369e-01 -2.97773540e-01  2.59679228e-01
  8.37306738e-01  3.94203186e-01 -8.16127777e-01 -1.10288668e+00
  1.83305308e-01 -2.00568721e-01  1.48652220e+00  1.16011453e+00
 -2.86318362e-02 -5.29603899e-01  3.83966208e-01  7.54229307e-01
  7.64074996e-02  3.81459713e-01 -3.68279248e-01  3.44247609e-01
  2.45934680e-01  7.71982253e-01 -1.27560392e-01  5.86078055e-02
  1.93814218e+00 -1.06247580e+00 -5.15270948e-01 -6.02204442e-01
 -1.91837952e-01  1.38955191e-01  5.88956475e-03 -2.56706387e-01
  6.63230121e-01  3.49048585e-01  5.71135342e-01  7.18370378e-01
 -1.42920511e-02  1.72898695e-01  6.89943075e-01  1.69781840e-03
 -3.96998338e-02  7.82621205e-01  7.13594913e-01 -3.70173663e-01
 -5.42735076e-03 -8.73017013e-01 -4.07721192e-01 -2.67813742e-01
  7.90600777e-01  4.62941319e-01  5.06024420e-01 -8.13354015e-01
  3.29493552e-01  2.80005783e-01 -1.17573768e-01  3.97675186e-01
  1.45187899e-01 -8.07157829e-02 -7.78619200e-02 -9.61248457e-01
  6.81790113e-02 -6.57359958e-02  9.75333154e-01  1.91977775e+00
 -3.26742262e-01  7.42301112e-03  2.52164411e-03 -4.06822801e-01
 -9.29980457e-01  8.28021824e-01 -3.20083089e-02  1.52232334e-01
  4.19183105e-01  4.04705971e-01  1.15119231e+00 -1.91186130e-01
 -1.26877546e-01 -1.48641035e-01 -3.43369275e-01 -1.19184506e+00
 -2.82330811e-01  1.25802338e+00 -2.45547876e-01 -8.44457448e-02
 -5.24645150e-01  2.47254089e-01  4.11571175e-01  2.63517380e-01
 -8.29683170e-02  2.00176358e-01 -1.07659066e+00 -4.29665715e-01
  1.15340889e+00  1.80977825e-02 -6.42389894e-01  1.35355279e-01
  4.07437468e-03  2.60230094e-01 -5.03543727e-02 -8.82178068e-01
 -2.46009305e-01 -1.16771936e+00 -3.78451586e-01 -7.65593290e-01
 -4.00647074e-01 -1.21218868e-01 -8.26268017e-01 -3.02382022e-01
 -5.00344252e-03 -1.06858885e+00 -3.26659828e-01 -2.16492906e-01
 -3.30358028e-01  2.30187774e-01 -1.79770425e-01 -9.02734339e-01
 -7.41476953e-01 -6.15338869e-02 -9.38126519e-02  1.94314957e-01
 -2.89056301e-01  8.90308917e-01  3.91442508e-01  6.97327435e-01
  7.45553672e-01  4.24382836e-01 -3.27737331e-01  5.80936432e-01
 -1.24678463e-02  9.26483929e-01 -3.51582199e-01  1.77305654e-01
  1.70948878e-01  4.45365123e-02  1.28183261e-01  3.41375679e-01
 -5.32822609e-01 -4.74269688e-02  4.22098309e-01  9.11723912e-01
  8.00791025e-01 -6.36188805e-01  8.95480737e-02 -8.06500256e-01
 -4.49507117e-01 -1.71611205e-01 -5.80729425e-01 -1.74753711e-01
  3.67258549e-01 -1.01258963e-01  3.10842961e-01 -5.60998805e-02
  2.71947473e-01  4.78378147e-01  8.30143690e-01  4.15337592e-01
 -1.45673469e-01 -7.29671180e-01 -5.47645152e-01 -9.97540951e-01
 -8.99102926e-01  5.54789960e-01 -2.95613915e-01 -7.16665268e-01
  2.14029267e-01 -1.01798892e+00 -9.23852921e-01  7.91428983e-02
 -9.04280901e-01  6.19130284e-02  1.51161209e-01 -2.35187531e-01
 -3.37493032e-01 -1.02911043e+00 -9.89820734e-02  9.27680433e-01
 -3.10963392e-01 -2.72858471e-01  1.63475215e-01  2.96460211e-01
  4.45687979e-01  1.95598766e-01 -3.05731595e-01  6.93182573e-02
 -3.21123272e-01  5.95443428e-01  5.48458576e-01 -2.00317121e+00
  6.79128945e-01  4.56946820e-01 -7.14092970e-01  3.14033777e-02
 -6.99467063e-02  8.38553488e-01 -1.02953374e+00  4.51370209e-01
 -5.72017729e-01  7.34556675e-01  6.52249217e-01  5.14868200e-01
 -4.01160747e-01  4.57474798e-01  2.88481891e-01 -8.71608034e-02
  1.11201353e-01 -9.85160887e-01  2.93618321e-01 -3.79842997e-01
  8.51307884e-02 -5.13610363e-01 -4.46230084e-01  1.90197393e-01
 -2.25161240e-01  2.27955058e-01 -1.24368936e-01 -6.23004377e-01
 -1.21121533e-01 -4.17960078e-01  1.72031224e-02 -9.25355911e-01
  1.97996378e-01 -9.37604904e-02 -8.29413414e-01 -8.01442146e-01
  9.10189077e-02  1.93399265e-01 -6.44582450e-01 -7.51188278e-01
 -3.33442926e-01  2.49328986e-01 -7.26612434e-02  1.05746686e+00
  8.82225409e-02 -4.86976236e-01  1.60925579e+00 -7.45107889e-01
  1.58774313e-02 -1.61246493e-01  7.17768967e-02 -5.85627973e-01
 -2.52059549e-01 -4.42534357e-01  2.18473479e-01 -8.10688913e-01
 -9.37299252e-01 -5.24647534e-01 -2.10442737e-01  5.20700634e-01
 -9.27391708e-01 -5.11770666e-01 -7.26313531e-01 -3.05953294e-01
 -7.26748466e-01 -1.29627538e+00  1.06564254e-01  5.24497032e-01
  3.93341690e-01  6.82094276e-01 -3.47765595e-01  2.02958107e-01
 -9.43305120e-02 -6.87422931e-01  6.86987817e-01  2.45795906e-01
  3.44973117e-01  9.67409134e-01  1.50813806e+00  3.60267907e-01
 -5.07872105e-01  4.62053381e-02 -5.79474270e-01  6.78498089e-01
 -6.48347318e-01  4.99527693e-01 -1.12642586e-01  9.04823542e-02
  8.42202723e-01  5.29779196e-01 -4.15849477e-01  6.08234823e-01
  7.51701653e-01  1.28312588e+00 -5.83781183e-01  2.36583486e-01
  4.46787387e-01 -3.08433235e-01 -2.31035069e-01  7.70932138e-02
  9.77844521e-02  1.07979155e+00  1.03480005e+00 -2.42791072e-01
 -2.93547481e-01 -9.94999707e-01  6.03366315e-01 -2.94181198e-04
  8.74860764e-01 -1.30845034e+00  1.74097955e-01  8.38625208e-02
 -8.89260590e-01 -1.20076764e+00 -5.70772111e-01  3.23102623e-01
 -1.04073751e+00 -8.27366650e-01  2.95840353e-02  5.12552619e-01
  6.87260330e-01 -7.78497756e-01 -3.96597475e-01 -4.32368070e-01
  3.85459930e-01 -1.70074224e-01  1.80485800e-01  3.28782350e-01
  7.54682243e-01 -1.78295150e-01 -6.10124528e-01 -1.08846831e+00
 -2.02196494e-01 -3.63281816e-01 -1.63538814e-01 -5.32768428e-01
  2.83494651e-01 -3.79056066e-01 -8.27098917e-03  1.01834345e+00]",0
137,[*]C(C[*])C(=O)[O-],[*]CC([*])c1cc[n+](CC)cc1,800,570,7.0,300,27,0.5,0,1,3,0.7125,0,1,0,9.921712962962964,9.921712962962964,0.0370370370370369,-0.7824074074074072,0.4204227437702691,19.2,71.055,68.031,71.01385291591001,28.0,2.6,3.2,3.2,1.6457113704075783,3.34341705895396,73.33515884998701,5.861807319565799,2.6009536313038994,2.6009536313038994,3.1807392125526213,1.1051717155225391,1.1051717155225391,0.5231597389607807,0.5231597389607807,0.1666666666666666,0.1666666666666666,0.0,0.0,-0.53,27.977093296928835,1.798837033645378,0.5057254621854761,0.2506048614847814,30.42489110886254,29.21492868948101,9.901064578912528,5.969305287951849,13.344558822616634,0.0,0.0,5.106527394840706,5.969305287951849,4.794537184071822,0.0,0.0,13.344558822616634,40.13,5.969305287951849,9.901064578912528,6.4208216229260096,6.923737199690624,0.0,0.0,0.0,0.0,0.3533333333333333,9.921712962962964,9.921712962962964,0.0,-0.7824074074074072,0.0,0.0694444444444444,1.0162037037037035,0.0,0.6666666666666666,5.0,2.0,0.0,0.0,2.0,4.0,2.0,0.0,-0.9583000000000002,13.564000000000002,1.0,0.0,1.0,1.0,1.0,1.0,0.0,0.0,0.0,0.0,2.3224074074074075,2.3224074074074075,0.5284301776266063,0.5284301776266063,0.5521406753358277,15.7,134.202,122.10599999999998,134.09642580409,52.0,0.0,1.7,2.4,2.9,2.167053352545513,2.770446815269876,232.78878061771368,8.974691494688164,6.248178503821182,6.248178503821182,5.774386907679233,3.4806726876126763,3.4806726876126763,2.166047211752171,2.166047211752171,1.5177731138680297,1.5177731138680297,0.8157553743075044,0.8157553743075044,-0.8500000000000001,606.7749387127436,4.888623338494641,2.080926843886177,0.919449804078233,62.32079104462523,61.47002484785755,4.567099647791355,0.0,0.0,0.0,26.813052428219837,0.0,30.08987277184637,4.567099647791355,0.0,6.544756405912575,0.0,18.90801031431363,24.52642128014937,6.923737199690624,3.88,0.0,0.0,0.0,12.965578028838586,0.0,12.48718869138762,0.0,36.01725812763135,3.383179406021668,0.0,0.0,1.6200925925925929,0.0,4.644814814814815,5.496394557823129,4.855518628747795,0.0,0.4444444444444444,10.0,1.0,1.0,1.0,0.0,3.0,3.0,1.0,1.552,39.859000000000016,0.0,1.0,0.0,0.0,0.0,0.0,1.0,0.0,1.0,1.0,0.0,0.0,[*]CC([*])C(=O)[O-],[*]CC([*])c1cc[n+](CC)cc1,"[ 5.50952554e-01  6.67746007e-01  3.77917290e-01 -1.17441809e+00
 -6.69968367e-01 -1.58297330e-01 -6.72284961e-02 -5.28121531e-01
 -2.75267303e-01  1.55845845e+00  2.68392377e-02 -5.55266798e-01
  7.93385267e-01 -1.03456473e+00 -6.35627568e-01 -1.03876030e+00
 -1.70346820e+00 -1.30036497e+00 -2.25371301e-01 -1.41964734e-01
  1.05430499e-01 -2.92812109e-01  3.19773614e-01  7.72576690e-01
 -6.40112102e-01  1.28019118e+00  2.42774200e+00 -4.54006344e-01
 -9.02524412e-01  9.79506493e-01 -3.34828138e-01 -3.03650469e-01
 -1.33218363e-01 -9.41639364e-01  7.83632636e-01  4.23074663e-01
 -1.73241779e-01  3.54419112e-01  3.47581238e-01 -3.20249461e-02
 -5.87040186e-01 -6.94137141e-02  1.36469281e+00  1.50850272e+00
 -7.08109001e-04  1.40314758e+00  8.37898135e-01  2.30026972e-02
 -1.28918486e-02 -4.91764814e-01 -3.88111532e-01 -8.54103506e-01
 -3.39003444e-01 -8.56086552e-01 -6.32213116e-01 -4.84038144e-01
 -2.89928913e-03  8.45237494e-01 -9.35304523e-01 -3.63467872e-01
 -6.73271000e-01 -1.05482444e-01  8.11104894e-01 -1.71648502e-01
 -3.46295953e-01  9.68204662e-02  7.82802626e-02  6.15729988e-01
 -1.28915578e-01 -8.80074680e-01 -1.10793412e-01 -2.32655019e-01
 -2.76402205e-01  4.76215333e-02 -5.37703753e-01 -4.57626283e-01
 -5.56176007e-01 -5.34456968e-01  4.31151748e-01 -4.61292788e-02
  3.29330802e-01 -1.57692686e-01  6.79725409e-01  7.64999747e-01
  2.28698909e-01  4.99854833e-01  1.03707455e-01  4.23821568e-01
 -1.18584305e-01  5.51582500e-02 -1.27232492e+00  9.25469279e-01
  1.17828858e+00  5.55050254e-01 -6.01640403e-01  1.85598596e-03
 -5.06517231e-01  3.62108380e-01 -1.25593603e-01  2.64763713e-01
  1.74772024e-01  3.16496044e-01 -1.01321959e+00  8.26404274e-01
  1.10871613e+00 -1.15284944e+00  1.07645226e+00 -9.01291013e-01
 -5.09613574e-01  6.92212641e-01 -6.20536089e-01 -2.36807078e-01
  1.11608577e+00  5.01168847e-01  5.16830027e-01  4.75949496e-01
 -6.68551743e-01  4.93257880e-01  2.93971598e-01  4.70821112e-02
 -3.74763817e-01  1.12406266e+00 -1.71836525e-01 -9.83554304e-01
 -3.04760039e-01 -8.03640932e-02  4.01249915e-01 -2.37712353e-01
 -3.63715082e-01 -4.04603444e-02 -6.94833323e-02 -2.84978569e-01
 -1.37553036e-01 -6.40389100e-02 -1.30503821e+00  6.43750072e-01
  8.66559386e-01 -6.59701407e-01 -2.93511987e-01 -5.99394381e-01
 -1.37480929e-01  3.21428955e-01 -4.59521860e-02 -7.53167152e-01
 -2.05593005e-01  1.92969292e-01  1.47321537e-01  6.28412962e-01
  3.42511177e-01 -7.05951214e-01  4.42748845e-01 -4.32425022e-01
  1.24913609e+00 -4.02215600e-01  3.81262302e-01  6.94990575e-01
  3.94117445e-01 -8.92814755e-01 -1.08931231e+00  4.76228297e-01
  1.24987923e-01  6.95637167e-02  7.04857886e-01  3.86546522e-01
  4.89218652e-01  1.67667687e-01  6.18894100e-01  4.35397118e-01
  6.26206696e-01  8.39248419e-01  2.65890479e-01 -2.82257199e-02
  2.12427139e-01  7.49804258e-01  7.74736702e-01  1.29185498e+00
 -4.25994545e-02 -1.65944263e-01 -9.42873001e-01 -1.42539650e-01
 -5.09615064e-01  9.65403438e-01  8.34682345e-01 -5.18386602e-01
  3.53891730e-01  6.41801357e-02  5.08618951e-01  1.01894891e+00
 -3.28530014e-01 -3.32997628e-02 -1.80441827e-01  2.35096931e-01
 -2.55989581e-01 -2.09291473e-01 -1.47133321e-01 -1.64968276e+00
 -1.69284850e-01  6.07510209e-02  6.21947587e-01  7.29369700e-01
  5.99946022e-01 -6.74916565e-01  1.23031831e+00 -1.28958249e+00
 -6.64112449e-01 -3.67776453e-01  1.31455690e-01  3.78233433e-01
 -8.40135753e-01 -3.63106400e-01 -2.50634134e-01 -2.10742283e+00
  6.89093709e-01 -9.02974844e-01 -4.02772009e-01  1.54137588e+00
 -2.07992017e-01  9.06994522e-01 -5.44871032e-01  3.85305762e-01
 -8.09826478e-02  6.84405208e-01  2.46060431e-01 -5.65070868e-01
  5.42701185e-01  2.30542719e-02 -1.22137517e-01  6.66289628e-01
 -1.00670137e-01  5.78732230e-02 -1.18791723e+00  2.20502615e+00
  7.74039507e-01  3.79953198e-02  1.60000706e+00  1.23174655e+00
  2.83441335e-01 -3.15214992e-01 -7.11687982e-01 -7.00975180e-01
 -8.20701361e-01  6.06228650e-01 -6.73054680e-02 -3.09595257e-01
 -1.70270309e-01 -1.09378815e+00 -1.88075840e-01  1.54434606e-01
  6.66516542e-01  3.04506958e-01  1.23938218e-01  3.31819475e-01
 -1.62126659e-03  4.06757772e-01 -8.66131783e-02 -5.88821769e-02
 -5.21769404e-01 -2.06430405e-01  1.92552900e+00 -2.83560157e-01
 -1.90655738e-01 -4.01817203e-01  5.80403030e-01  1.90049112e-01
  5.90409189e-02  3.97923917e-01 -4.53226894e-01  4.97723222e-01
 -3.94481063e-01 -1.30251551e+00 -3.18813235e-01 -4.60155487e-01
 -4.52672958e-01  4.28255886e-01  1.86832532e-01 -4.64421064e-01
  8.26421797e-01  8.58034790e-02  9.91345942e-02 -6.91530228e-01
  6.67168140e-01 -6.56287134e-01  1.84816062e+00  1.09426033e+00
  1.60102636e-01 -1.11405814e+00  3.91883664e-02  3.58302563e-01
 -5.41131608e-02  4.13817704e-01 -2.12963536e-01  3.07724923e-01
  1.17556334e+00 -1.34069726e-01  2.33674124e-01 -7.30481418e-03
  7.81065047e-01 -3.03012580e-01 -8.35513845e-02  5.53557932e-01
 -2.84455985e-01 -2.47817889e-01  1.89149991e-01 -1.02672207e+00
  1.32583808e-02 -2.55627990e-01  9.52539861e-01 -2.96597350e-02
  8.79282951e-01  4.27375317e-01 -1.99289754e-01  2.20845848e-01
  1.33380175e-01  1.14704527e-01  9.84668970e-01 -2.11234868e-01
 -4.05843139e-01 -7.67308354e-01  3.14330757e-02  3.86560559e-01
  1.19929647e+00  5.36592305e-01  5.09199142e-01 -1.36162627e+00
 -1.05296448e-01 -5.59449345e-02 -3.80162150e-02 -6.26801491e-01
  1.86362505e-01 -1.73844025e-01 -6.50287032e-01 -3.45541984e-01
 -7.34303296e-01  7.24383742e-02  1.10383463e+00  1.14996636e+00
  4.15981650e-01  2.12344471e-02  3.46782468e-02 -6.53821528e-01
 -5.01247168e-01  1.01878500e+00 -5.11385202e-01  5.93827702e-02
  1.42465687e+00  8.32590798e-04  8.78591835e-01  5.78436792e-01
  7.18320012e-01  5.57367444e-01 -5.57254732e-01 -1.31244791e+00
  7.39392415e-02  1.02208316e+00 -1.73512977e-02  8.59655023e-01
 -3.99190225e-02 -2.82223940e-01  3.95490587e-01  4.02262717e-01
  8.03426445e-01 -2.58965492e-01 -1.23902738e+00 -9.40800786e-01
  1.62803307e-01 -1.82705402e-01 -1.00059152e+00 -5.43330550e-01
 -6.58766031e-01 -2.29741275e-01  1.80671170e-01 -1.29144430e-01
  3.56926799e-01 -8.86848867e-02 -9.70983922e-01  2.64483422e-01
  1.72349140e-01 -7.12217987e-01 -8.57104957e-02 -3.92155677e-01
  1.69065610e-01 -3.40923727e-01 -2.67417639e-01 -1.58317521e-01
 -6.08656704e-01  1.02118409e+00 -2.54552245e-01 -9.51778710e-01
 -2.65829086e-01 -5.54043390e-02 -5.34137547e-01  7.80924261e-02
 -4.31904018e-01 -2.93715656e-01 -5.59636712e-01  7.50055850e-01
  5.42586446e-01  5.21332622e-01  7.41369128e-01 -2.03372106e-01
 -2.98140310e-02  1.17485476e+00 -6.42839670e-01  9.09768820e-01
 -2.86733925e-01 -6.71667278e-01 -7.02754200e-01  5.18063009e-01
 -7.03846872e-01  8.45564783e-01  2.22889528e-01  5.72806001e-02
  7.29165733e-01 -1.03616178e+00  1.58585691e+00 -4.93727475e-01
 -3.07119966e-01  9.14265960e-02 -6.41273111e-02 -5.38270436e-02
  3.15355629e-01  1.19199312e+00  6.83415830e-01  1.33915111e-01
  1.16254874e-01  3.87908012e-01  8.34312201e-01 -1.76378161e-01
  4.98694271e-01 -4.02371407e-01 -7.95837879e-01 -3.92245412e-01
 -7.62568772e-01  1.17841554e+00 -8.50370944e-01 -8.19937170e-01
 -1.17226891e-01 -8.34619522e-01 -1.40142596e+00  3.41342449e-01
 -1.18009889e+00  1.72452241e-01  7.37082437e-02 -3.43734443e-01
 -5.56558371e-01 -1.20999336e-01  6.78034663e-01 -1.69035867e-02
 -9.26296234e-01 -5.40798724e-01 -1.40218958e-01 -3.94925140e-02
 -8.04703236e-01 -9.95787308e-02 -2.03307927e-01 -1.50647974e+00
 -1.90729693e-01  4.01281953e-01  8.01624775e-01 -1.31860971e+00
  2.80246615e-01 -1.09216804e-02 -8.86645317e-01  8.60824645e-01
  5.10790169e-01  2.27465048e-01 -6.09495401e-01  1.30400555e-02
 -5.35382628e-02  5.99121809e-01  9.75840449e-01  7.68029451e-01
 -1.04766703e+00  1.87973067e-01  7.01478198e-02  4.77244973e-01
 -6.52137339e-01  7.09963962e-02 -4.24877740e-02  3.11902642e-01
  1.14879143e+00 -1.62646145e-01  2.15660229e-01  2.38919973e-01
  1.27243221e-01 -2.14758724e-01 -8.41916800e-01  1.32479280e-01
  2.49055177e-01 -3.80854696e-01 -2.53900200e-01 -1.52146888e+00
 -4.27862376e-01 -3.30217481e-01 -1.65427983e-01 -5.02607748e-02
  5.20032287e-01 -1.33780479e-01 -2.27504417e-01 -2.93135196e-01
 -2.25837648e-01  5.58377504e-01 -2.53188342e-01  1.02464998e+00
  3.18368047e-01  2.15202257e-01 -1.98995262e-01 -1.44416893e+00
  5.02204970e-02 -2.66076565e-01 -1.08973151e-02 -2.40284443e-01
 -5.64793527e-01  6.28166497e-02  3.36367339e-01 -8.57639432e-01
 -8.62743378e-01 -5.27694464e-01 -5.19397497e-01  8.48357737e-01
 -9.25135195e-01 -8.00738484e-02 -1.99941337e-01 -4.17113543e-01
 -7.53359854e-01 -9.31248963e-01 -3.05604845e-01  3.69783878e-01
 -1.04227677e-01  1.14021158e+00 -1.58956695e+00 -1.72336042e-01
  3.25673372e-01  7.78758302e-02 -3.53107870e-01  5.87968975e-02
  1.47149250e-01  8.21567714e-01  9.81274366e-01  5.93652308e-01
  5.79920053e-01  7.66876757e-01 -7.82622874e-01  4.46217418e-01
 -2.69964069e-01  4.41214263e-01 -1.92598388e-01 -4.10362273e-01
  5.84180020e-02  1.81740105e-01 -1.81846797e-01  3.85951310e-01
  8.06822419e-01  6.49897575e-01 -7.08981693e-01  1.09895403e-02
  5.91275170e-02 -7.26420283e-01 -3.29815060e-01 -2.90464878e-01
  3.73225480e-01  7.54145861e-01  1.66838729e+00 -2.18773857e-01
 -7.01609969e-01 -1.36749840e+00 -3.00247729e-01 -5.03675103e-01
  8.70439291e-01 -4.03018713e-01 -9.52010870e-01  1.99213073e-01
 -9.88790244e-02 -1.30468071e+00 -5.96089602e-01  2.54472584e-01
 -1.41453886e+00 -2.63562888e-01 -5.13353407e-01  7.11600557e-02
  1.20021462e+00 -1.73822570e+00  7.00591266e-01 -8.52419317e-01
  1.40644157e+00 -9.30212319e-01  1.71362936e-01 -3.40986192e-01
  1.11099374e+00  3.32399905e-01  3.70734811e-01 -1.41833186e+00
  7.56462216e-01 -4.55584586e-01  4.26305503e-01 -6.59897864e-01
  1.24169588e+00 -3.52406174e-01 -1.76326826e-01  4.58189696e-01]","[ 2.58754939e-01  7.65666783e-01 -4.65707630e-01 -4.36065912e-01
 -1.02154410e+00  3.74384910e-01  2.53483087e-01  4.09017712e-01
 -6.94044456e-02  6.88503325e-01 -5.28746426e-01  9.49705672e-03
  1.22118175e+00 -1.29630601e+00 -8.81272554e-01 -1.36076915e+00
 -7.82842219e-01 -6.90891325e-01 -7.81432152e-01  7.17344582e-01
  1.65111768e+00 -2.14252546e-01  7.42859602e-01  8.88970852e-01
  9.16712806e-02  6.13837898e-01  2.14042950e+00 -4.88709062e-01
 -3.48345608e-01  6.08429551e-01 -7.47659430e-02  1.67858288e-01
  2.20460221e-01 -8.66752043e-02  5.38115680e-01  3.48620623e-01
 -4.05876786e-01  2.07969666e-01  3.64317708e-02 -1.68470338e-01
 -1.19797252e-01 -3.29685718e-04  1.09635150e+00  8.61720383e-01
  3.81253630e-01  3.06869358e-01  8.60960782e-01 -5.03717922e-02
  5.55247486e-01 -2.21602872e-01  3.81490827e-01  1.78490713e-01
 -3.82163048e-01 -5.39982021e-01 -2.26499572e-01  2.35104397e-01
  5.11031091e-01  1.36317283e-01 -1.01213396e+00  7.63465106e-01
 -7.91656673e-01  6.24221146e-01 -5.04378676e-02  1.83643326e-01
 -2.18661264e-01  7.73185909e-01  6.97015703e-01 -8.37078318e-02
 -1.59653902e-01 -3.47926170e-01 -3.12480479e-01 -4.70926136e-01
 -1.22260191e-01 -1.11529268e-01 -5.80355048e-01 -4.57529038e-01
  1.04305685e-01 -5.60658038e-01 -5.75476885e-02  2.07826346e-02
  5.11998355e-01 -4.07395922e-02 -8.57271776e-02  8.07722390e-01
  1.25639126e-01 -2.27841973e-01  1.99368715e-01  3.94466549e-01
 -2.29423419e-01  6.56251252e-01 -1.39102936e+00 -2.48177513e-01
  1.02561653e+00  1.63333565e-01 -7.41358042e-01  4.11552817e-01
 -6.56937659e-01  8.11281383e-01  1.32502774e-02 -8.95606503e-02
 -8.85221139e-02  8.10027122e-01 -1.39308321e+00  1.41229165e+00
  1.47527564e+00 -5.27085662e-01  2.02385023e-01 -1.41935205e+00
 -2.88261324e-01  4.54457074e-01 -1.46575600e-01 -8.69578123e-02
  7.32687950e-01 -6.16145432e-01  1.34594366e-01  6.39876187e-01
 -1.44258842e-01  2.16147140e-01 -2.23000154e-01  6.38989031e-01
 -4.11915869e-01  3.50595713e-01  5.70650995e-01 -8.09123695e-01
 -4.94646877e-01 -4.51880284e-02 -1.54170379e-01  3.72843176e-01
 -1.84427261e-01 -4.46734615e-02  1.41228944e-01 -3.13785821e-01
 -1.36994436e-01 -2.44505003e-01 -1.35662365e+00  5.76085364e-03
  1.65453315e-01 -5.28535903e-01 -1.37860805e-01 -6.12922132e-01
 -4.81841946e-03  1.16985954e-01  5.10767877e-01 -5.25469959e-01
  3.92412357e-02  3.49685192e-01 -6.66919053e-02 -2.74920493e-01
  6.00411296e-02 -3.49984258e-01  7.61600062e-02 -2.26685509e-01
  8.62072706e-01 -4.64118570e-01 -2.94663697e-01  5.15659273e-01
  1.72863439e-01 -9.21992779e-01 -9.47336614e-01 -2.89100736e-01
  2.59418692e-02  1.51202843e-01 -7.73630664e-02  3.85801084e-02
  2.93126196e-01 -3.53437036e-01 -1.18852735e-01  5.98323166e-01
  1.07211065e+00  1.25569713e+00  2.15441491e-02 -2.15563297e-01
 -7.10687578e-01  1.29834712e+00  8.37024391e-01  1.38366830e+00
 -2.41990876e-03 -3.08258146e-01 -1.00147593e+00  3.74590397e-01
  3.18077542e-02  1.06435704e+00  6.53108656e-02 -3.44478697e-01
  4.10884619e-04  4.46341187e-01 -2.23740339e-02  3.45368236e-01
 -1.59559309e-01  2.95039713e-01  4.16525990e-01  2.51234889e-01
  1.53080240e-01 -5.57194650e-01 -4.55134362e-01 -9.01373684e-01
 -1.24181308e-01 -3.51409823e-01 -2.22094998e-01  4.69337195e-01
  3.66864018e-02 -9.05083597e-01  4.72788185e-01 -8.23253930e-01
 -7.69597828e-01 -1.41294524e-01 -5.41748941e-01 -1.59614399e-01
 -3.31402093e-01  1.56573012e-01 -6.26872480e-01 -1.08016205e+00
  6.74879372e-01 -2.28904560e-01 -3.66408229e-01  9.52807426e-01
 -2.49409720e-01  6.31160557e-01 -2.16425419e-01  7.80879796e-01
 -5.31057753e-02  2.12950587e-01  2.08714247e-01 -3.76456939e-02
  1.02227533e+00  2.05922544e-01  4.96548325e-01  1.14875138e+00
 -1.47142842e-01  1.44781128e-01 -1.00707434e-01  1.95989263e+00
  5.88235199e-01  2.39680350e-01  1.08087635e+00  8.00363198e-02
 -4.00677443e-01 -8.46993923e-01 -3.01950455e-01 -4.92810518e-01
 -9.30117428e-01  9.02858555e-01 -2.92300373e-01 -1.44224569e-01
  4.48532671e-01 -7.70175755e-01 -9.61511359e-02 -9.23241436e-01
  6.88463748e-02  2.13101104e-01  3.51493865e-01  7.25903213e-02
  8.29195008e-02  3.10883552e-01 -3.06551903e-01  6.26678407e-01
  1.16759121e-01 -3.19817029e-02  9.86835957e-01  2.12960601e-01
 -1.87608883e-01 -4.39048260e-01 -3.93611670e-01  3.14746238e-02
  4.67132837e-01  5.91510355e-01 -5.82304895e-01 -3.08005631e-01
 -3.97076577e-01 -1.61111081e+00 -6.18716002e-01  9.36848521e-02
 -2.64846057e-01  3.04639369e-01 -2.97773540e-01  2.59679228e-01
  8.37306738e-01  3.94203186e-01 -8.16127777e-01 -1.10288668e+00
  1.83305308e-01 -2.00568721e-01  1.48652220e+00  1.16011453e+00
 -2.86318362e-02 -5.29603899e-01  3.83966208e-01  7.54229307e-01
  7.64074996e-02  3.81459713e-01 -3.68279248e-01  3.44247609e-01
  2.45934680e-01  7.71982253e-01 -1.27560392e-01  5.86078055e-02
  1.93814218e+00 -1.06247580e+00 -5.15270948e-01 -6.02204442e-01
 -1.91837952e-01  1.38955191e-01  5.88956475e-03 -2.56706387e-01
  6.63230121e-01  3.49048585e-01  5.71135342e-01  7.18370378e-01
 -1.42920511e-02  1.72898695e-01  6.89943075e-01  1.69781840e-03
 -3.96998338e-02  7.82621205e-01  7.13594913e-01 -3.70173663e-01
 -5.42735076e-03 -8.73017013e-01 -4.07721192e-01 -2.67813742e-01
  7.90600777e-01  4.62941319e-01  5.06024420e-01 -8.13354015e-01
  3.29493552e-01  2.80005783e-01 -1.17573768e-01  3.97675186e-01
  1.45187899e-01 -8.07157829e-02 -7.78619200e-02 -9.61248457e-01
  6.81790113e-02 -6.57359958e-02  9.75333154e-01  1.91977775e+00
 -3.26742262e-01  7.42301112e-03  2.52164411e-03 -4.06822801e-01
 -9.29980457e-01  8.28021824e-01 -3.20083089e-02  1.52232334e-01
  4.19183105e-01  4.04705971e-01  1.15119231e+00 -1.91186130e-01
 -1.26877546e-01 -1.48641035e-01 -3.43369275e-01 -1.19184506e+00
 -2.82330811e-01  1.25802338e+00 -2.45547876e-01 -8.44457448e-02
 -5.24645150e-01  2.47254089e-01  4.11571175e-01  2.63517380e-01
 -8.29683170e-02  2.00176358e-01 -1.07659066e+00 -4.29665715e-01
  1.15340889e+00  1.80977825e-02 -6.42389894e-01  1.35355279e-01
  4.07437468e-03  2.60230094e-01 -5.03543727e-02 -8.82178068e-01
 -2.46009305e-01 -1.16771936e+00 -3.78451586e-01 -7.65593290e-01
 -4.00647074e-01 -1.21218868e-01 -8.26268017e-01 -3.02382022e-01
 -5.00344252e-03 -1.06858885e+00 -3.26659828e-01 -2.16492906e-01
 -3.30358028e-01  2.30187774e-01 -1.79770425e-01 -9.02734339e-01
 -7.41476953e-01 -6.15338869e-02 -9.38126519e-02  1.94314957e-01
 -2.89056301e-01  8.90308917e-01  3.91442508e-01  6.97327435e-01
  7.45553672e-01  4.24382836e-01 -3.27737331e-01  5.80936432e-01
 -1.24678463e-02  9.26483929e-01 -3.51582199e-01  1.77305654e-01
  1.70948878e-01  4.45365123e-02  1.28183261e-01  3.41375679e-01
 -5.32822609e-01 -4.74269688e-02  4.22098309e-01  9.11723912e-01
  8.00791025e-01 -6.36188805e-01  8.95480737e-02 -8.06500256e-01
 -4.49507117e-01 -1.71611205e-01 -5.80729425e-01 -1.74753711e-01
  3.67258549e-01 -1.01258963e-01  3.10842961e-01 -5.60998805e-02
  2.71947473e-01  4.78378147e-01  8.30143690e-01  4.15337592e-01
 -1.45673469e-01 -7.29671180e-01 -5.47645152e-01 -9.97540951e-01
 -8.99102926e-01  5.54789960e-01 -2.95613915e-01 -7.16665268e-01
  2.14029267e-01 -1.01798892e+00 -9.23852921e-01  7.91428983e-02
 -9.04280901e-01  6.19130284e-02  1.51161209e-01 -2.35187531e-01
 -3.37493032e-01 -1.02911043e+00 -9.89820734e-02  9.27680433e-01
 -3.10963392e-01 -2.72858471e-01  1.63475215e-01  2.96460211e-01
  4.45687979e-01  1.95598766e-01 -3.05731595e-01  6.93182573e-02
 -3.21123272e-01  5.95443428e-01  5.48458576e-01 -2.00317121e+00
  6.79128945e-01  4.56946820e-01 -7.14092970e-01  3.14033777e-02
 -6.99467063e-02  8.38553488e-01 -1.02953374e+00  4.51370209e-01
 -5.72017729e-01  7.34556675e-01  6.52249217e-01  5.14868200e-01
 -4.01160747e-01  4.57474798e-01  2.88481891e-01 -8.71608034e-02
  1.11201353e-01 -9.85160887e-01  2.93618321e-01 -3.79842997e-01
  8.51307884e-02 -5.13610363e-01 -4.46230084e-01  1.90197393e-01
 -2.25161240e-01  2.27955058e-01 -1.24368936e-01 -6.23004377e-01
 -1.21121533e-01 -4.17960078e-01  1.72031224e-02 -9.25355911e-01
  1.97996378e-01 -9.37604904e-02 -8.29413414e-01 -8.01442146e-01
  9.10189077e-02  1.93399265e-01 -6.44582450e-01 -7.51188278e-01
 -3.33442926e-01  2.49328986e-01 -7.26612434e-02  1.05746686e+00
  8.82225409e-02 -4.86976236e-01  1.60925579e+00 -7.45107889e-01
  1.58774313e-02 -1.61246493e-01  7.17768967e-02 -5.85627973e-01
 -2.52059549e-01 -4.42534357e-01  2.18473479e-01 -8.10688913e-01
 -9.37299252e-01 -5.24647534e-01 -2.10442737e-01  5.20700634e-01
 -9.27391708e-01 -5.11770666e-01 -7.26313531e-01 -3.05953294e-01
 -7.26748466e-01 -1.29627538e+00  1.06564254e-01  5.24497032e-01
  3.93341690e-01  6.82094276e-01 -3.47765595e-01  2.02958107e-01
 -9.43305120e-02 -6.87422931e-01  6.86987817e-01  2.45795906e-01
  3.44973117e-01  9.67409134e-01  1.50813806e+00  3.60267907e-01
 -5.07872105e-01  4.62053381e-02 -5.79474270e-01  6.78498089e-01
 -6.48347318e-01  4.99527693e-01 -1.12642586e-01  9.04823542e-02
  8.42202723e-01  5.29779196e-01 -4.15849477e-01  6.08234823e-01
  7.51701653e-01  1.28312588e+00 -5.83781183e-01  2.36583486e-01
  4.46787387e-01 -3.08433235e-01 -2.31035069e-01  7.70932138e-02
  9.77844521e-02  1.07979155e+00  1.03480005e+00 -2.42791072e-01
 -2.93547481e-01 -9.94999707e-01  6.03366315e-01 -2.94181198e-04
  8.74860764e-01 -1.30845034e+00  1.74097955e-01  8.38625208e-02
 -8.89260590e-01 -1.20076764e+00 -5.70772111e-01  3.23102623e-01
 -1.04073751e+00 -8.27366650e-01  2.95840353e-02  5.12552619e-01
  6.87260330e-01 -7.78497756e-01 -3.96597475e-01 -4.32368070e-01
  3.85459930e-01 -1.70074224e-01  1.80485800e-01  3.28782350e-01
  7.54682243e-01 -1.78295150e-01 -6.10124528e-01 -1.08846831e+00
 -2.02196494e-01 -3.63281816e-01 -1.63538814e-01 -5.32768428e-01
  2.83494651e-01 -3.79056066e-01 -8.27098917e-03  1.01834345e+00]",0
138,[*]C(C[*])C(=O)[O-],[*]CC([*])c1cc[n+](CC)cc1,2100,570,7.0,300,13,0.5,0,1,3,0.2714285714285714,0,1,0,9.921712962962964,9.921712962962964,0.0370370370370369,-0.7824074074074072,0.4204227437702691,19.2,71.055,68.031,71.01385291591001,28.0,2.6,3.2,3.2,1.6457113704075783,3.34341705895396,73.33515884998701,5.861807319565799,2.6009536313038994,2.6009536313038994,3.1807392125526213,1.1051717155225391,1.1051717155225391,0.5231597389607807,0.5231597389607807,0.1666666666666666,0.1666666666666666,0.0,0.0,-0.53,27.977093296928835,1.798837033645378,0.5057254621854761,0.2506048614847814,30.42489110886254,29.21492868948101,9.901064578912528,5.969305287951849,13.344558822616634,0.0,0.0,5.106527394840706,5.969305287951849,4.794537184071822,0.0,0.0,13.344558822616634,40.13,5.969305287951849,9.901064578912528,6.4208216229260096,6.923737199690624,0.0,0.0,0.0,0.0,0.3533333333333333,9.921712962962964,9.921712962962964,0.0,-0.7824074074074072,0.0,0.0694444444444444,1.0162037037037035,0.0,0.6666666666666666,5.0,2.0,0.0,0.0,2.0,4.0,2.0,0.0,-0.9583000000000002,13.564000000000002,1.0,0.0,1.0,1.0,1.0,1.0,0.0,0.0,0.0,0.0,2.3224074074074075,2.3224074074074075,0.5284301776266063,0.5284301776266063,0.5521406753358277,15.7,134.202,122.10599999999998,134.09642580409,52.0,0.0,1.7,2.4,2.9,2.167053352545513,2.770446815269876,232.78878061771368,8.974691494688164,6.248178503821182,6.248178503821182,5.774386907679233,3.4806726876126763,3.4806726876126763,2.166047211752171,2.166047211752171,1.5177731138680297,1.5177731138680297,0.8157553743075044,0.8157553743075044,-0.8500000000000001,606.7749387127436,4.888623338494641,2.080926843886177,0.919449804078233,62.32079104462523,61.47002484785755,4.567099647791355,0.0,0.0,0.0,26.813052428219837,0.0,30.08987277184637,4.567099647791355,0.0,6.544756405912575,0.0,18.90801031431363,24.52642128014937,6.923737199690624,3.88,0.0,0.0,0.0,12.965578028838586,0.0,12.48718869138762,0.0,36.01725812763135,3.383179406021668,0.0,0.0,1.6200925925925929,0.0,4.644814814814815,5.496394557823129,4.855518628747795,0.0,0.4444444444444444,10.0,1.0,1.0,1.0,0.0,3.0,3.0,1.0,1.552,39.859000000000016,0.0,1.0,0.0,0.0,0.0,0.0,1.0,0.0,1.0,1.0,0.0,0.0,[*]CC([*])C(=O)[O-],[*]CC([*])c1cc[n+](CC)cc1,"[ 5.50952554e-01  6.67746007e-01  3.77917290e-01 -1.17441809e+00
 -6.69968367e-01 -1.58297330e-01 -6.72284961e-02 -5.28121531e-01
 -2.75267303e-01  1.55845845e+00  2.68392377e-02 -5.55266798e-01
  7.93385267e-01 -1.03456473e+00 -6.35627568e-01 -1.03876030e+00
 -1.70346820e+00 -1.30036497e+00 -2.25371301e-01 -1.41964734e-01
  1.05430499e-01 -2.92812109e-01  3.19773614e-01  7.72576690e-01
 -6.40112102e-01  1.28019118e+00  2.42774200e+00 -4.54006344e-01
 -9.02524412e-01  9.79506493e-01 -3.34828138e-01 -3.03650469e-01
 -1.33218363e-01 -9.41639364e-01  7.83632636e-01  4.23074663e-01
 -1.73241779e-01  3.54419112e-01  3.47581238e-01 -3.20249461e-02
 -5.87040186e-01 -6.94137141e-02  1.36469281e+00  1.50850272e+00
 -7.08109001e-04  1.40314758e+00  8.37898135e-01  2.30026972e-02
 -1.28918486e-02 -4.91764814e-01 -3.88111532e-01 -8.54103506e-01
 -3.39003444e-01 -8.56086552e-01 -6.32213116e-01 -4.84038144e-01
 -2.89928913e-03  8.45237494e-01 -9.35304523e-01 -3.63467872e-01
 -6.73271000e-01 -1.05482444e-01  8.11104894e-01 -1.71648502e-01
 -3.46295953e-01  9.68204662e-02  7.82802626e-02  6.15729988e-01
 -1.28915578e-01 -8.80074680e-01 -1.10793412e-01 -2.32655019e-01
 -2.76402205e-01  4.76215333e-02 -5.37703753e-01 -4.57626283e-01
 -5.56176007e-01 -5.34456968e-01  4.31151748e-01 -4.61292788e-02
  3.29330802e-01 -1.57692686e-01  6.79725409e-01  7.64999747e-01
  2.28698909e-01  4.99854833e-01  1.03707455e-01  4.23821568e-01
 -1.18584305e-01  5.51582500e-02 -1.27232492e+00  9.25469279e-01
  1.17828858e+00  5.55050254e-01 -6.01640403e-01  1.85598596e-03
 -5.06517231e-01  3.62108380e-01 -1.25593603e-01  2.64763713e-01
  1.74772024e-01  3.16496044e-01 -1.01321959e+00  8.26404274e-01
  1.10871613e+00 -1.15284944e+00  1.07645226e+00 -9.01291013e-01
 -5.09613574e-01  6.92212641e-01 -6.20536089e-01 -2.36807078e-01
  1.11608577e+00  5.01168847e-01  5.16830027e-01  4.75949496e-01
 -6.68551743e-01  4.93257880e-01  2.93971598e-01  4.70821112e-02
 -3.74763817e-01  1.12406266e+00 -1.71836525e-01 -9.83554304e-01
 -3.04760039e-01 -8.03640932e-02  4.01249915e-01 -2.37712353e-01
 -3.63715082e-01 -4.04603444e-02 -6.94833323e-02 -2.84978569e-01
 -1.37553036e-01 -6.40389100e-02 -1.30503821e+00  6.43750072e-01
  8.66559386e-01 -6.59701407e-01 -2.93511987e-01 -5.99394381e-01
 -1.37480929e-01  3.21428955e-01 -4.59521860e-02 -7.53167152e-01
 -2.05593005e-01  1.92969292e-01  1.47321537e-01  6.28412962e-01
  3.42511177e-01 -7.05951214e-01  4.42748845e-01 -4.32425022e-01
  1.24913609e+00 -4.02215600e-01  3.81262302e-01  6.94990575e-01
  3.94117445e-01 -8.92814755e-01 -1.08931231e+00  4.76228297e-01
  1.24987923e-01  6.95637167e-02  7.04857886e-01  3.86546522e-01
  4.89218652e-01  1.67667687e-01  6.18894100e-01  4.35397118e-01
  6.26206696e-01  8.39248419e-01  2.65890479e-01 -2.82257199e-02
  2.12427139e-01  7.49804258e-01  7.74736702e-01  1.29185498e+00
 -4.25994545e-02 -1.65944263e-01 -9.42873001e-01 -1.42539650e-01
 -5.09615064e-01  9.65403438e-01  8.34682345e-01 -5.18386602e-01
  3.53891730e-01  6.41801357e-02  5.08618951e-01  1.01894891e+00
 -3.28530014e-01 -3.32997628e-02 -1.80441827e-01  2.35096931e-01
 -2.55989581e-01 -2.09291473e-01 -1.47133321e-01 -1.64968276e+00
 -1.69284850e-01  6.07510209e-02  6.21947587e-01  7.29369700e-01
  5.99946022e-01 -6.74916565e-01  1.23031831e+00 -1.28958249e+00
 -6.64112449e-01 -3.67776453e-01  1.31455690e-01  3.78233433e-01
 -8.40135753e-01 -3.63106400e-01 -2.50634134e-01 -2.10742283e+00
  6.89093709e-01 -9.02974844e-01 -4.02772009e-01  1.54137588e+00
 -2.07992017e-01  9.06994522e-01 -5.44871032e-01  3.85305762e-01
 -8.09826478e-02  6.84405208e-01  2.46060431e-01 -5.65070868e-01
  5.42701185e-01  2.30542719e-02 -1.22137517e-01  6.66289628e-01
 -1.00670137e-01  5.78732230e-02 -1.18791723e+00  2.20502615e+00
  7.74039507e-01  3.79953198e-02  1.60000706e+00  1.23174655e+00
  2.83441335e-01 -3.15214992e-01 -7.11687982e-01 -7.00975180e-01
 -8.20701361e-01  6.06228650e-01 -6.73054680e-02 -3.09595257e-01
 -1.70270309e-01 -1.09378815e+00 -1.88075840e-01  1.54434606e-01
  6.66516542e-01  3.04506958e-01  1.23938218e-01  3.31819475e-01
 -1.62126659e-03  4.06757772e-01 -8.66131783e-02 -5.88821769e-02
 -5.21769404e-01 -2.06430405e-01  1.92552900e+00 -2.83560157e-01
 -1.90655738e-01 -4.01817203e-01  5.80403030e-01  1.90049112e-01
  5.90409189e-02  3.97923917e-01 -4.53226894e-01  4.97723222e-01
 -3.94481063e-01 -1.30251551e+00 -3.18813235e-01 -4.60155487e-01
 -4.52672958e-01  4.28255886e-01  1.86832532e-01 -4.64421064e-01
  8.26421797e-01  8.58034790e-02  9.91345942e-02 -6.91530228e-01
  6.67168140e-01 -6.56287134e-01  1.84816062e+00  1.09426033e+00
  1.60102636e-01 -1.11405814e+00  3.91883664e-02  3.58302563e-01
 -5.41131608e-02  4.13817704e-01 -2.12963536e-01  3.07724923e-01
  1.17556334e+00 -1.34069726e-01  2.33674124e-01 -7.30481418e-03
  7.81065047e-01 -3.03012580e-01 -8.35513845e-02  5.53557932e-01
 -2.84455985e-01 -2.47817889e-01  1.89149991e-01 -1.02672207e+00
  1.32583808e-02 -2.55627990e-01  9.52539861e-01 -2.96597350e-02
  8.79282951e-01  4.27375317e-01 -1.99289754e-01  2.20845848e-01
  1.33380175e-01  1.14704527e-01  9.84668970e-01 -2.11234868e-01
 -4.05843139e-01 -7.67308354e-01  3.14330757e-02  3.86560559e-01
  1.19929647e+00  5.36592305e-01  5.09199142e-01 -1.36162627e+00
 -1.05296448e-01 -5.59449345e-02 -3.80162150e-02 -6.26801491e-01
  1.86362505e-01 -1.73844025e-01 -6.50287032e-01 -3.45541984e-01
 -7.34303296e-01  7.24383742e-02  1.10383463e+00  1.14996636e+00
  4.15981650e-01  2.12344471e-02  3.46782468e-02 -6.53821528e-01
 -5.01247168e-01  1.01878500e+00 -5.11385202e-01  5.93827702e-02
  1.42465687e+00  8.32590798e-04  8.78591835e-01  5.78436792e-01
  7.18320012e-01  5.57367444e-01 -5.57254732e-01 -1.31244791e+00
  7.39392415e-02  1.02208316e+00 -1.73512977e-02  8.59655023e-01
 -3.99190225e-02 -2.82223940e-01  3.95490587e-01  4.02262717e-01
  8.03426445e-01 -2.58965492e-01 -1.23902738e+00 -9.40800786e-01
  1.62803307e-01 -1.82705402e-01 -1.00059152e+00 -5.43330550e-01
 -6.58766031e-01 -2.29741275e-01  1.80671170e-01 -1.29144430e-01
  3.56926799e-01 -8.86848867e-02 -9.70983922e-01  2.64483422e-01
  1.72349140e-01 -7.12217987e-01 -8.57104957e-02 -3.92155677e-01
  1.69065610e-01 -3.40923727e-01 -2.67417639e-01 -1.58317521e-01
 -6.08656704e-01  1.02118409e+00 -2.54552245e-01 -9.51778710e-01
 -2.65829086e-01 -5.54043390e-02 -5.34137547e-01  7.80924261e-02
 -4.31904018e-01 -2.93715656e-01 -5.59636712e-01  7.50055850e-01
  5.42586446e-01  5.21332622e-01  7.41369128e-01 -2.03372106e-01
 -2.98140310e-02  1.17485476e+00 -6.42839670e-01  9.09768820e-01
 -2.86733925e-01 -6.71667278e-01 -7.02754200e-01  5.18063009e-01
 -7.03846872e-01  8.45564783e-01  2.22889528e-01  5.72806001e-02
  7.29165733e-01 -1.03616178e+00  1.58585691e+00 -4.93727475e-01
 -3.07119966e-01  9.14265960e-02 -6.41273111e-02 -5.38270436e-02
  3.15355629e-01  1.19199312e+00  6.83415830e-01  1.33915111e-01
  1.16254874e-01  3.87908012e-01  8.34312201e-01 -1.76378161e-01
  4.98694271e-01 -4.02371407e-01 -7.95837879e-01 -3.92245412e-01
 -7.62568772e-01  1.17841554e+00 -8.50370944e-01 -8.19937170e-01
 -1.17226891e-01 -8.34619522e-01 -1.40142596e+00  3.41342449e-01
 -1.18009889e+00  1.72452241e-01  7.37082437e-02 -3.43734443e-01
 -5.56558371e-01 -1.20999336e-01  6.78034663e-01 -1.69035867e-02
 -9.26296234e-01 -5.40798724e-01 -1.40218958e-01 -3.94925140e-02
 -8.04703236e-01 -9.95787308e-02 -2.03307927e-01 -1.50647974e+00
 -1.90729693e-01  4.01281953e-01  8.01624775e-01 -1.31860971e+00
  2.80246615e-01 -1.09216804e-02 -8.86645317e-01  8.60824645e-01
  5.10790169e-01  2.27465048e-01 -6.09495401e-01  1.30400555e-02
 -5.35382628e-02  5.99121809e-01  9.75840449e-01  7.68029451e-01
 -1.04766703e+00  1.87973067e-01  7.01478198e-02  4.77244973e-01
 -6.52137339e-01  7.09963962e-02 -4.24877740e-02  3.11902642e-01
  1.14879143e+00 -1.62646145e-01  2.15660229e-01  2.38919973e-01
  1.27243221e-01 -2.14758724e-01 -8.41916800e-01  1.32479280e-01
  2.49055177e-01 -3.80854696e-01 -2.53900200e-01 -1.52146888e+00
 -4.27862376e-01 -3.30217481e-01 -1.65427983e-01 -5.02607748e-02
  5.20032287e-01 -1.33780479e-01 -2.27504417e-01 -2.93135196e-01
 -2.25837648e-01  5.58377504e-01 -2.53188342e-01  1.02464998e+00
  3.18368047e-01  2.15202257e-01 -1.98995262e-01 -1.44416893e+00
  5.02204970e-02 -2.66076565e-01 -1.08973151e-02 -2.40284443e-01
 -5.64793527e-01  6.28166497e-02  3.36367339e-01 -8.57639432e-01
 -8.62743378e-01 -5.27694464e-01 -5.19397497e-01  8.48357737e-01
 -9.25135195e-01 -8.00738484e-02 -1.99941337e-01 -4.17113543e-01
 -7.53359854e-01 -9.31248963e-01 -3.05604845e-01  3.69783878e-01
 -1.04227677e-01  1.14021158e+00 -1.58956695e+00 -1.72336042e-01
  3.25673372e-01  7.78758302e-02 -3.53107870e-01  5.87968975e-02
  1.47149250e-01  8.21567714e-01  9.81274366e-01  5.93652308e-01
  5.79920053e-01  7.66876757e-01 -7.82622874e-01  4.46217418e-01
 -2.69964069e-01  4.41214263e-01 -1.92598388e-01 -4.10362273e-01
  5.84180020e-02  1.81740105e-01 -1.81846797e-01  3.85951310e-01
  8.06822419e-01  6.49897575e-01 -7.08981693e-01  1.09895403e-02
  5.91275170e-02 -7.26420283e-01 -3.29815060e-01 -2.90464878e-01
  3.73225480e-01  7.54145861e-01  1.66838729e+00 -2.18773857e-01
 -7.01609969e-01 -1.36749840e+00 -3.00247729e-01 -5.03675103e-01
  8.70439291e-01 -4.03018713e-01 -9.52010870e-01  1.99213073e-01
 -9.88790244e-02 -1.30468071e+00 -5.96089602e-01  2.54472584e-01
 -1.41453886e+00 -2.63562888e-01 -5.13353407e-01  7.11600557e-02
  1.20021462e+00 -1.73822570e+00  7.00591266e-01 -8.52419317e-01
  1.40644157e+00 -9.30212319e-01  1.71362936e-01 -3.40986192e-01
  1.11099374e+00  3.32399905e-01  3.70734811e-01 -1.41833186e+00
  7.56462216e-01 -4.55584586e-01  4.26305503e-01 -6.59897864e-01
  1.24169588e+00 -3.52406174e-01 -1.76326826e-01  4.58189696e-01]","[ 2.58754939e-01  7.65666783e-01 -4.65707630e-01 -4.36065912e-01
 -1.02154410e+00  3.74384910e-01  2.53483087e-01  4.09017712e-01
 -6.94044456e-02  6.88503325e-01 -5.28746426e-01  9.49705672e-03
  1.22118175e+00 -1.29630601e+00 -8.81272554e-01 -1.36076915e+00
 -7.82842219e-01 -6.90891325e-01 -7.81432152e-01  7.17344582e-01
  1.65111768e+00 -2.14252546e-01  7.42859602e-01  8.88970852e-01
  9.16712806e-02  6.13837898e-01  2.14042950e+00 -4.88709062e-01
 -3.48345608e-01  6.08429551e-01 -7.47659430e-02  1.67858288e-01
  2.20460221e-01 -8.66752043e-02  5.38115680e-01  3.48620623e-01
 -4.05876786e-01  2.07969666e-01  3.64317708e-02 -1.68470338e-01
 -1.19797252e-01 -3.29685718e-04  1.09635150e+00  8.61720383e-01
  3.81253630e-01  3.06869358e-01  8.60960782e-01 -5.03717922e-02
  5.55247486e-01 -2.21602872e-01  3.81490827e-01  1.78490713e-01
 -3.82163048e-01 -5.39982021e-01 -2.26499572e-01  2.35104397e-01
  5.11031091e-01  1.36317283e-01 -1.01213396e+00  7.63465106e-01
 -7.91656673e-01  6.24221146e-01 -5.04378676e-02  1.83643326e-01
 -2.18661264e-01  7.73185909e-01  6.97015703e-01 -8.37078318e-02
 -1.59653902e-01 -3.47926170e-01 -3.12480479e-01 -4.70926136e-01
 -1.22260191e-01 -1.11529268e-01 -5.80355048e-01 -4.57529038e-01
  1.04305685e-01 -5.60658038e-01 -5.75476885e-02  2.07826346e-02
  5.11998355e-01 -4.07395922e-02 -8.57271776e-02  8.07722390e-01
  1.25639126e-01 -2.27841973e-01  1.99368715e-01  3.94466549e-01
 -2.29423419e-01  6.56251252e-01 -1.39102936e+00 -2.48177513e-01
  1.02561653e+00  1.63333565e-01 -7.41358042e-01  4.11552817e-01
 -6.56937659e-01  8.11281383e-01  1.32502774e-02 -8.95606503e-02
 -8.85221139e-02  8.10027122e-01 -1.39308321e+00  1.41229165e+00
  1.47527564e+00 -5.27085662e-01  2.02385023e-01 -1.41935205e+00
 -2.88261324e-01  4.54457074e-01 -1.46575600e-01 -8.69578123e-02
  7.32687950e-01 -6.16145432e-01  1.34594366e-01  6.39876187e-01
 -1.44258842e-01  2.16147140e-01 -2.23000154e-01  6.38989031e-01
 -4.11915869e-01  3.50595713e-01  5.70650995e-01 -8.09123695e-01
 -4.94646877e-01 -4.51880284e-02 -1.54170379e-01  3.72843176e-01
 -1.84427261e-01 -4.46734615e-02  1.41228944e-01 -3.13785821e-01
 -1.36994436e-01 -2.44505003e-01 -1.35662365e+00  5.76085364e-03
  1.65453315e-01 -5.28535903e-01 -1.37860805e-01 -6.12922132e-01
 -4.81841946e-03  1.16985954e-01  5.10767877e-01 -5.25469959e-01
  3.92412357e-02  3.49685192e-01 -6.66919053e-02 -2.74920493e-01
  6.00411296e-02 -3.49984258e-01  7.61600062e-02 -2.26685509e-01
  8.62072706e-01 -4.64118570e-01 -2.94663697e-01  5.15659273e-01
  1.72863439e-01 -9.21992779e-01 -9.47336614e-01 -2.89100736e-01
  2.59418692e-02  1.51202843e-01 -7.73630664e-02  3.85801084e-02
  2.93126196e-01 -3.53437036e-01 -1.18852735e-01  5.98323166e-01
  1.07211065e+00  1.25569713e+00  2.15441491e-02 -2.15563297e-01
 -7.10687578e-01  1.29834712e+00  8.37024391e-01  1.38366830e+00
 -2.41990876e-03 -3.08258146e-01 -1.00147593e+00  3.74590397e-01
  3.18077542e-02  1.06435704e+00  6.53108656e-02 -3.44478697e-01
  4.10884619e-04  4.46341187e-01 -2.23740339e-02  3.45368236e-01
 -1.59559309e-01  2.95039713e-01  4.16525990e-01  2.51234889e-01
  1.53080240e-01 -5.57194650e-01 -4.55134362e-01 -9.01373684e-01
 -1.24181308e-01 -3.51409823e-01 -2.22094998e-01  4.69337195e-01
  3.66864018e-02 -9.05083597e-01  4.72788185e-01 -8.23253930e-01
 -7.69597828e-01 -1.41294524e-01 -5.41748941e-01 -1.59614399e-01
 -3.31402093e-01  1.56573012e-01 -6.26872480e-01 -1.08016205e+00
  6.74879372e-01 -2.28904560e-01 -3.66408229e-01  9.52807426e-01
 -2.49409720e-01  6.31160557e-01 -2.16425419e-01  7.80879796e-01
 -5.31057753e-02  2.12950587e-01  2.08714247e-01 -3.76456939e-02
  1.02227533e+00  2.05922544e-01  4.96548325e-01  1.14875138e+00
 -1.47142842e-01  1.44781128e-01 -1.00707434e-01  1.95989263e+00
  5.88235199e-01  2.39680350e-01  1.08087635e+00  8.00363198e-02
 -4.00677443e-01 -8.46993923e-01 -3.01950455e-01 -4.92810518e-01
 -9.30117428e-01  9.02858555e-01 -2.92300373e-01 -1.44224569e-01
  4.48532671e-01 -7.70175755e-01 -9.61511359e-02 -9.23241436e-01
  6.88463748e-02  2.13101104e-01  3.51493865e-01  7.25903213e-02
  8.29195008e-02  3.10883552e-01 -3.06551903e-01  6.26678407e-01
  1.16759121e-01 -3.19817029e-02  9.86835957e-01  2.12960601e-01
 -1.87608883e-01 -4.39048260e-01 -3.93611670e-01  3.14746238e-02
  4.67132837e-01  5.91510355e-01 -5.82304895e-01 -3.08005631e-01
 -3.97076577e-01 -1.61111081e+00 -6.18716002e-01  9.36848521e-02
 -2.64846057e-01  3.04639369e-01 -2.97773540e-01  2.59679228e-01
  8.37306738e-01  3.94203186e-01 -8.16127777e-01 -1.10288668e+00
  1.83305308e-01 -2.00568721e-01  1.48652220e+00  1.16011453e+00
 -2.86318362e-02 -5.29603899e-01  3.83966208e-01  7.54229307e-01
  7.64074996e-02  3.81459713e-01 -3.68279248e-01  3.44247609e-01
  2.45934680e-01  7.71982253e-01 -1.27560392e-01  5.86078055e-02
  1.93814218e+00 -1.06247580e+00 -5.15270948e-01 -6.02204442e-01
 -1.91837952e-01  1.38955191e-01  5.88956475e-03 -2.56706387e-01
  6.63230121e-01  3.49048585e-01  5.71135342e-01  7.18370378e-01
 -1.42920511e-02  1.72898695e-01  6.89943075e-01  1.69781840e-03
 -3.96998338e-02  7.82621205e-01  7.13594913e-01 -3.70173663e-01
 -5.42735076e-03 -8.73017013e-01 -4.07721192e-01 -2.67813742e-01
  7.90600777e-01  4.62941319e-01  5.06024420e-01 -8.13354015e-01
  3.29493552e-01  2.80005783e-01 -1.17573768e-01  3.97675186e-01
  1.45187899e-01 -8.07157829e-02 -7.78619200e-02 -9.61248457e-01
  6.81790113e-02 -6.57359958e-02  9.75333154e-01  1.91977775e+00
 -3.26742262e-01  7.42301112e-03  2.52164411e-03 -4.06822801e-01
 -9.29980457e-01  8.28021824e-01 -3.20083089e-02  1.52232334e-01
  4.19183105e-01  4.04705971e-01  1.15119231e+00 -1.91186130e-01
 -1.26877546e-01 -1.48641035e-01 -3.43369275e-01 -1.19184506e+00
 -2.82330811e-01  1.25802338e+00 -2.45547876e-01 -8.44457448e-02
 -5.24645150e-01  2.47254089e-01  4.11571175e-01  2.63517380e-01
 -8.29683170e-02  2.00176358e-01 -1.07659066e+00 -4.29665715e-01
  1.15340889e+00  1.80977825e-02 -6.42389894e-01  1.35355279e-01
  4.07437468e-03  2.60230094e-01 -5.03543727e-02 -8.82178068e-01
 -2.46009305e-01 -1.16771936e+00 -3.78451586e-01 -7.65593290e-01
 -4.00647074e-01 -1.21218868e-01 -8.26268017e-01 -3.02382022e-01
 -5.00344252e-03 -1.06858885e+00 -3.26659828e-01 -2.16492906e-01
 -3.30358028e-01  2.30187774e-01 -1.79770425e-01 -9.02734339e-01
 -7.41476953e-01 -6.15338869e-02 -9.38126519e-02  1.94314957e-01
 -2.89056301e-01  8.90308917e-01  3.91442508e-01  6.97327435e-01
  7.45553672e-01  4.24382836e-01 -3.27737331e-01  5.80936432e-01
 -1.24678463e-02  9.26483929e-01 -3.51582199e-01  1.77305654e-01
  1.70948878e-01  4.45365123e-02  1.28183261e-01  3.41375679e-01
 -5.32822609e-01 -4.74269688e-02  4.22098309e-01  9.11723912e-01
  8.00791025e-01 -6.36188805e-01  8.95480737e-02 -8.06500256e-01
 -4.49507117e-01 -1.71611205e-01 -5.80729425e-01 -1.74753711e-01
  3.67258549e-01 -1.01258963e-01  3.10842961e-01 -5.60998805e-02
  2.71947473e-01  4.78378147e-01  8.30143690e-01  4.15337592e-01
 -1.45673469e-01 -7.29671180e-01 -5.47645152e-01 -9.97540951e-01
 -8.99102926e-01  5.54789960e-01 -2.95613915e-01 -7.16665268e-01
  2.14029267e-01 -1.01798892e+00 -9.23852921e-01  7.91428983e-02
 -9.04280901e-01  6.19130284e-02  1.51161209e-01 -2.35187531e-01
 -3.37493032e-01 -1.02911043e+00 -9.89820734e-02  9.27680433e-01
 -3.10963392e-01 -2.72858471e-01  1.63475215e-01  2.96460211e-01
  4.45687979e-01  1.95598766e-01 -3.05731595e-01  6.93182573e-02
 -3.21123272e-01  5.95443428e-01  5.48458576e-01 -2.00317121e+00
  6.79128945e-01  4.56946820e-01 -7.14092970e-01  3.14033777e-02
 -6.99467063e-02  8.38553488e-01 -1.02953374e+00  4.51370209e-01
 -5.72017729e-01  7.34556675e-01  6.52249217e-01  5.14868200e-01
 -4.01160747e-01  4.57474798e-01  2.88481891e-01 -8.71608034e-02
  1.11201353e-01 -9.85160887e-01  2.93618321e-01 -3.79842997e-01
  8.51307884e-02 -5.13610363e-01 -4.46230084e-01  1.90197393e-01
 -2.25161240e-01  2.27955058e-01 -1.24368936e-01 -6.23004377e-01
 -1.21121533e-01 -4.17960078e-01  1.72031224e-02 -9.25355911e-01
  1.97996378e-01 -9.37604904e-02 -8.29413414e-01 -8.01442146e-01
  9.10189077e-02  1.93399265e-01 -6.44582450e-01 -7.51188278e-01
 -3.33442926e-01  2.49328986e-01 -7.26612434e-02  1.05746686e+00
  8.82225409e-02 -4.86976236e-01  1.60925579e+00 -7.45107889e-01
  1.58774313e-02 -1.61246493e-01  7.17768967e-02 -5.85627973e-01
 -2.52059549e-01 -4.42534357e-01  2.18473479e-01 -8.10688913e-01
 -9.37299252e-01 -5.24647534e-01 -2.10442737e-01  5.20700634e-01
 -9.27391708e-01 -5.11770666e-01 -7.26313531e-01 -3.05953294e-01
 -7.26748466e-01 -1.29627538e+00  1.06564254e-01  5.24497032e-01
  3.93341690e-01  6.82094276e-01 -3.47765595e-01  2.02958107e-01
 -9.43305120e-02 -6.87422931e-01  6.86987817e-01  2.45795906e-01
  3.44973117e-01  9.67409134e-01  1.50813806e+00  3.60267907e-01
 -5.07872105e-01  4.62053381e-02 -5.79474270e-01  6.78498089e-01
 -6.48347318e-01  4.99527693e-01 -1.12642586e-01  9.04823542e-02
  8.42202723e-01  5.29779196e-01 -4.15849477e-01  6.08234823e-01
  7.51701653e-01  1.28312588e+00 -5.83781183e-01  2.36583486e-01
  4.46787387e-01 -3.08433235e-01 -2.31035069e-01  7.70932138e-02
  9.77844521e-02  1.07979155e+00  1.03480005e+00 -2.42791072e-01
 -2.93547481e-01 -9.94999707e-01  6.03366315e-01 -2.94181198e-04
  8.74860764e-01 -1.30845034e+00  1.74097955e-01  8.38625208e-02
 -8.89260590e-01 -1.20076764e+00 -5.70772111e-01  3.23102623e-01
 -1.04073751e+00 -8.27366650e-01  2.95840353e-02  5.12552619e-01
  6.87260330e-01 -7.78497756e-01 -3.96597475e-01 -4.32368070e-01
  3.85459930e-01 -1.70074224e-01  1.80485800e-01  3.28782350e-01
  7.54682243e-01 -1.78295150e-01 -6.10124528e-01 -1.08846831e+00
 -2.02196494e-01 -3.63281816e-01 -1.63538814e-01 -5.32768428e-01
  2.83494651e-01 -3.79056066e-01 -8.27098917e-03  1.01834345e+00]",0
139,[*]C(C[*])C(=O)[O-],[*]CC([*])c1[n+](C)cccc1,2100,36,7.0,50,43,0.5,0,1,5,0.0171428571428571,0,1,0,9.921712962962964,9.921712962962964,0.0370370370370369,-0.7824074074074072,0.4204227437702691,19.2,71.055,68.031,71.01385291591001,28.0,2.6,3.2,3.2,1.6457113704075783,3.34341705895396,73.33515884998701,5.861807319565799,2.6009536313038994,2.6009536313038994,3.1807392125526213,1.1051717155225391,1.1051717155225391,0.5231597389607807,0.5231597389607807,0.1666666666666666,0.1666666666666666,0.0,0.0,-0.53,27.977093296928835,1.798837033645378,0.5057254621854761,0.2506048614847814,30.42489110886254,29.21492868948101,9.901064578912528,5.969305287951849,13.344558822616634,0.0,0.0,5.106527394840706,5.969305287951849,4.794537184071822,0.0,0.0,13.344558822616634,40.13,5.969305287951849,9.901064578912528,6.4208216229260096,6.923737199690624,0.0,0.0,0.0,0.0,0.3533333333333333,9.921712962962964,9.921712962962964,0.0,-0.7824074074074072,0.0,0.0694444444444444,1.0162037037037035,0.0,0.6666666666666666,5.0,2.0,0.0,0.0,2.0,4.0,2.0,0.0,-0.9583000000000002,13.564000000000002,1.0,0.0,1.0,1.0,1.0,1.0,0.0,0.0,0.0,0.0,2.2911574074074075,2.2911574074074075,0.5142592592592593,0.5142592592592593,0.5138799776911805,16.11111111111111,120.17499999999995,110.09499999999998,120.08077574009,46.0,0.0,1.8888888888888888,2.7777777777777777,3.4444444444444446,2.0414670687945566,2.9338523057637262,237.28859680452524,8.267584713501616,5.541071722634635,5.541071722634635,5.253218857624056,2.9146178426505878,2.9146178426505878,1.9405328786428837,1.9405328786428837,1.3041782057857785,1.3041782057857785,0.748602250230432,0.748602250230432,-0.8500000000000001,338.8835334198964,4.044246402484895,1.5638848328008212,0.7270686961439295,55.95584893022863,55.049203224931546,4.567099647791355,0.0,0.0,7.04767198267719,13.344558822616634,0.0,30.08987277184637,4.567099647791355,0.0,7.04767198267719,0.0,12.114749617774471,24.395944776997904,6.923737199690624,3.88,0.0,0.0,0.0,6.4208216229260096,0.0,12.617665194539086,0.0,36.01071640746645,3.417971466364324,0.0,0.0,1.5856481481481484,0.0,6.567213718820861,3.1953703703703704,1.5673148148148148,2.166481481481481,0.375,9.0,1.0,1.0,1.0,0.0,3.0,2.0,1.0,1.0691000000000002,35.166,0.0,1.0,0.0,0.0,0.0,0.0,1.0,0.0,1.0,1.0,0.0,0.0,[*]CC([*])C(=O)[O-],[*]CC([*])c1cccc[n+]1C,"[ 5.50952554e-01  6.67746007e-01  3.77917290e-01 -1.17441809e+00
 -6.69968367e-01 -1.58297330e-01 -6.72284961e-02 -5.28121531e-01
 -2.75267303e-01  1.55845845e+00  2.68392377e-02 -5.55266798e-01
  7.93385267e-01 -1.03456473e+00 -6.35627568e-01 -1.03876030e+00
 -1.70346820e+00 -1.30036497e+00 -2.25371301e-01 -1.41964734e-01
  1.05430499e-01 -2.92812109e-01  3.19773614e-01  7.72576690e-01
 -6.40112102e-01  1.28019118e+00  2.42774200e+00 -4.54006344e-01
 -9.02524412e-01  9.79506493e-01 -3.34828138e-01 -3.03650469e-01
 -1.33218363e-01 -9.41639364e-01  7.83632636e-01  4.23074663e-01
 -1.73241779e-01  3.54419112e-01  3.47581238e-01 -3.20249461e-02
 -5.87040186e-01 -6.94137141e-02  1.36469281e+00  1.50850272e+00
 -7.08109001e-04  1.40314758e+00  8.37898135e-01  2.30026972e-02
 -1.28918486e-02 -4.91764814e-01 -3.88111532e-01 -8.54103506e-01
 -3.39003444e-01 -8.56086552e-01 -6.32213116e-01 -4.84038144e-01
 -2.89928913e-03  8.45237494e-01 -9.35304523e-01 -3.63467872e-01
 -6.73271000e-01 -1.05482444e-01  8.11104894e-01 -1.71648502e-01
 -3.46295953e-01  9.68204662e-02  7.82802626e-02  6.15729988e-01
 -1.28915578e-01 -8.80074680e-01 -1.10793412e-01 -2.32655019e-01
 -2.76402205e-01  4.76215333e-02 -5.37703753e-01 -4.57626283e-01
 -5.56176007e-01 -5.34456968e-01  4.31151748e-01 -4.61292788e-02
  3.29330802e-01 -1.57692686e-01  6.79725409e-01  7.64999747e-01
  2.28698909e-01  4.99854833e-01  1.03707455e-01  4.23821568e-01
 -1.18584305e-01  5.51582500e-02 -1.27232492e+00  9.25469279e-01
  1.17828858e+00  5.55050254e-01 -6.01640403e-01  1.85598596e-03
 -5.06517231e-01  3.62108380e-01 -1.25593603e-01  2.64763713e-01
  1.74772024e-01  3.16496044e-01 -1.01321959e+00  8.26404274e-01
  1.10871613e+00 -1.15284944e+00  1.07645226e+00 -9.01291013e-01
 -5.09613574e-01  6.92212641e-01 -6.20536089e-01 -2.36807078e-01
  1.11608577e+00  5.01168847e-01  5.16830027e-01  4.75949496e-01
 -6.68551743e-01  4.93257880e-01  2.93971598e-01  4.70821112e-02
 -3.74763817e-01  1.12406266e+00 -1.71836525e-01 -9.83554304e-01
 -3.04760039e-01 -8.03640932e-02  4.01249915e-01 -2.37712353e-01
 -3.63715082e-01 -4.04603444e-02 -6.94833323e-02 -2.84978569e-01
 -1.37553036e-01 -6.40389100e-02 -1.30503821e+00  6.43750072e-01
  8.66559386e-01 -6.59701407e-01 -2.93511987e-01 -5.99394381e-01
 -1.37480929e-01  3.21428955e-01 -4.59521860e-02 -7.53167152e-01
 -2.05593005e-01  1.92969292e-01  1.47321537e-01  6.28412962e-01
  3.42511177e-01 -7.05951214e-01  4.42748845e-01 -4.32425022e-01
  1.24913609e+00 -4.02215600e-01  3.81262302e-01  6.94990575e-01
  3.94117445e-01 -8.92814755e-01 -1.08931231e+00  4.76228297e-01
  1.24987923e-01  6.95637167e-02  7.04857886e-01  3.86546522e-01
  4.89218652e-01  1.67667687e-01  6.18894100e-01  4.35397118e-01
  6.26206696e-01  8.39248419e-01  2.65890479e-01 -2.82257199e-02
  2.12427139e-01  7.49804258e-01  7.74736702e-01  1.29185498e+00
 -4.25994545e-02 -1.65944263e-01 -9.42873001e-01 -1.42539650e-01
 -5.09615064e-01  9.65403438e-01  8.34682345e-01 -5.18386602e-01
  3.53891730e-01  6.41801357e-02  5.08618951e-01  1.01894891e+00
 -3.28530014e-01 -3.32997628e-02 -1.80441827e-01  2.35096931e-01
 -2.55989581e-01 -2.09291473e-01 -1.47133321e-01 -1.64968276e+00
 -1.69284850e-01  6.07510209e-02  6.21947587e-01  7.29369700e-01
  5.99946022e-01 -6.74916565e-01  1.23031831e+00 -1.28958249e+00
 -6.64112449e-01 -3.67776453e-01  1.31455690e-01  3.78233433e-01
 -8.40135753e-01 -3.63106400e-01 -2.50634134e-01 -2.10742283e+00
  6.89093709e-01 -9.02974844e-01 -4.02772009e-01  1.54137588e+00
 -2.07992017e-01  9.06994522e-01 -5.44871032e-01  3.85305762e-01
 -8.09826478e-02  6.84405208e-01  2.46060431e-01 -5.65070868e-01
  5.42701185e-01  2.30542719e-02 -1.22137517e-01  6.66289628e-01
 -1.00670137e-01  5.78732230e-02 -1.18791723e+00  2.20502615e+00
  7.74039507e-01  3.79953198e-02  1.60000706e+00  1.23174655e+00
  2.83441335e-01 -3.15214992e-01 -7.11687982e-01 -7.00975180e-01
 -8.20701361e-01  6.06228650e-01 -6.73054680e-02 -3.09595257e-01
 -1.70270309e-01 -1.09378815e+00 -1.88075840e-01  1.54434606e-01
  6.66516542e-01  3.04506958e-01  1.23938218e-01  3.31819475e-01
 -1.62126659e-03  4.06757772e-01 -8.66131783e-02 -5.88821769e-02
 -5.21769404e-01 -2.06430405e-01  1.92552900e+00 -2.83560157e-01
 -1.90655738e-01 -4.01817203e-01  5.80403030e-01  1.90049112e-01
  5.90409189e-02  3.97923917e-01 -4.53226894e-01  4.97723222e-01
 -3.94481063e-01 -1.30251551e+00 -3.18813235e-01 -4.60155487e-01
 -4.52672958e-01  4.28255886e-01  1.86832532e-01 -4.64421064e-01
  8.26421797e-01  8.58034790e-02  9.91345942e-02 -6.91530228e-01
  6.67168140e-01 -6.56287134e-01  1.84816062e+00  1.09426033e+00
  1.60102636e-01 -1.11405814e+00  3.91883664e-02  3.58302563e-01
 -5.41131608e-02  4.13817704e-01 -2.12963536e-01  3.07724923e-01
  1.17556334e+00 -1.34069726e-01  2.33674124e-01 -7.30481418e-03
  7.81065047e-01 -3.03012580e-01 -8.35513845e-02  5.53557932e-01
 -2.84455985e-01 -2.47817889e-01  1.89149991e-01 -1.02672207e+00
  1.32583808e-02 -2.55627990e-01  9.52539861e-01 -2.96597350e-02
  8.79282951e-01  4.27375317e-01 -1.99289754e-01  2.20845848e-01
  1.33380175e-01  1.14704527e-01  9.84668970e-01 -2.11234868e-01
 -4.05843139e-01 -7.67308354e-01  3.14330757e-02  3.86560559e-01
  1.19929647e+00  5.36592305e-01  5.09199142e-01 -1.36162627e+00
 -1.05296448e-01 -5.59449345e-02 -3.80162150e-02 -6.26801491e-01
  1.86362505e-01 -1.73844025e-01 -6.50287032e-01 -3.45541984e-01
 -7.34303296e-01  7.24383742e-02  1.10383463e+00  1.14996636e+00
  4.15981650e-01  2.12344471e-02  3.46782468e-02 -6.53821528e-01
 -5.01247168e-01  1.01878500e+00 -5.11385202e-01  5.93827702e-02
  1.42465687e+00  8.32590798e-04  8.78591835e-01  5.78436792e-01
  7.18320012e-01  5.57367444e-01 -5.57254732e-01 -1.31244791e+00
  7.39392415e-02  1.02208316e+00 -1.73512977e-02  8.59655023e-01
 -3.99190225e-02 -2.82223940e-01  3.95490587e-01  4.02262717e-01
  8.03426445e-01 -2.58965492e-01 -1.23902738e+00 -9.40800786e-01
  1.62803307e-01 -1.82705402e-01 -1.00059152e+00 -5.43330550e-01
 -6.58766031e-01 -2.29741275e-01  1.80671170e-01 -1.29144430e-01
  3.56926799e-01 -8.86848867e-02 -9.70983922e-01  2.64483422e-01
  1.72349140e-01 -7.12217987e-01 -8.57104957e-02 -3.92155677e-01
  1.69065610e-01 -3.40923727e-01 -2.67417639e-01 -1.58317521e-01
 -6.08656704e-01  1.02118409e+00 -2.54552245e-01 -9.51778710e-01
 -2.65829086e-01 -5.54043390e-02 -5.34137547e-01  7.80924261e-02
 -4.31904018e-01 -2.93715656e-01 -5.59636712e-01  7.50055850e-01
  5.42586446e-01  5.21332622e-01  7.41369128e-01 -2.03372106e-01
 -2.98140310e-02  1.17485476e+00 -6.42839670e-01  9.09768820e-01
 -2.86733925e-01 -6.71667278e-01 -7.02754200e-01  5.18063009e-01
 -7.03846872e-01  8.45564783e-01  2.22889528e-01  5.72806001e-02
  7.29165733e-01 -1.03616178e+00  1.58585691e+00 -4.93727475e-01
 -3.07119966e-01  9.14265960e-02 -6.41273111e-02 -5.38270436e-02
  3.15355629e-01  1.19199312e+00  6.83415830e-01  1.33915111e-01
  1.16254874e-01  3.87908012e-01  8.34312201e-01 -1.76378161e-01
  4.98694271e-01 -4.02371407e-01 -7.95837879e-01 -3.92245412e-01
 -7.62568772e-01  1.17841554e+00 -8.50370944e-01 -8.19937170e-01
 -1.17226891e-01 -8.34619522e-01 -1.40142596e+00  3.41342449e-01
 -1.18009889e+00  1.72452241e-01  7.37082437e-02 -3.43734443e-01
 -5.56558371e-01 -1.20999336e-01  6.78034663e-01 -1.69035867e-02
 -9.26296234e-01 -5.40798724e-01 -1.40218958e-01 -3.94925140e-02
 -8.04703236e-01 -9.95787308e-02 -2.03307927e-01 -1.50647974e+00
 -1.90729693e-01  4.01281953e-01  8.01624775e-01 -1.31860971e+00
  2.80246615e-01 -1.09216804e-02 -8.86645317e-01  8.60824645e-01
  5.10790169e-01  2.27465048e-01 -6.09495401e-01  1.30400555e-02
 -5.35382628e-02  5.99121809e-01  9.75840449e-01  7.68029451e-01
 -1.04766703e+00  1.87973067e-01  7.01478198e-02  4.77244973e-01
 -6.52137339e-01  7.09963962e-02 -4.24877740e-02  3.11902642e-01
  1.14879143e+00 -1.62646145e-01  2.15660229e-01  2.38919973e-01
  1.27243221e-01 -2.14758724e-01 -8.41916800e-01  1.32479280e-01
  2.49055177e-01 -3.80854696e-01 -2.53900200e-01 -1.52146888e+00
 -4.27862376e-01 -3.30217481e-01 -1.65427983e-01 -5.02607748e-02
  5.20032287e-01 -1.33780479e-01 -2.27504417e-01 -2.93135196e-01
 -2.25837648e-01  5.58377504e-01 -2.53188342e-01  1.02464998e+00
  3.18368047e-01  2.15202257e-01 -1.98995262e-01 -1.44416893e+00
  5.02204970e-02 -2.66076565e-01 -1.08973151e-02 -2.40284443e-01
 -5.64793527e-01  6.28166497e-02  3.36367339e-01 -8.57639432e-01
 -8.62743378e-01 -5.27694464e-01 -5.19397497e-01  8.48357737e-01
 -9.25135195e-01 -8.00738484e-02 -1.99941337e-01 -4.17113543e-01
 -7.53359854e-01 -9.31248963e-01 -3.05604845e-01  3.69783878e-01
 -1.04227677e-01  1.14021158e+00 -1.58956695e+00 -1.72336042e-01
  3.25673372e-01  7.78758302e-02 -3.53107870e-01  5.87968975e-02
  1.47149250e-01  8.21567714e-01  9.81274366e-01  5.93652308e-01
  5.79920053e-01  7.66876757e-01 -7.82622874e-01  4.46217418e-01
 -2.69964069e-01  4.41214263e-01 -1.92598388e-01 -4.10362273e-01
  5.84180020e-02  1.81740105e-01 -1.81846797e-01  3.85951310e-01
  8.06822419e-01  6.49897575e-01 -7.08981693e-01  1.09895403e-02
  5.91275170e-02 -7.26420283e-01 -3.29815060e-01 -2.90464878e-01
  3.73225480e-01  7.54145861e-01  1.66838729e+00 -2.18773857e-01
 -7.01609969e-01 -1.36749840e+00 -3.00247729e-01 -5.03675103e-01
  8.70439291e-01 -4.03018713e-01 -9.52010870e-01  1.99213073e-01
 -9.88790244e-02 -1.30468071e+00 -5.96089602e-01  2.54472584e-01
 -1.41453886e+00 -2.63562888e-01 -5.13353407e-01  7.11600557e-02
  1.20021462e+00 -1.73822570e+00  7.00591266e-01 -8.52419317e-01
  1.40644157e+00 -9.30212319e-01  1.71362936e-01 -3.40986192e-01
  1.11099374e+00  3.32399905e-01  3.70734811e-01 -1.41833186e+00
  7.56462216e-01 -4.55584586e-01  4.26305503e-01 -6.59897864e-01
  1.24169588e+00 -3.52406174e-01 -1.76326826e-01  4.58189696e-01]","[ 4.28040445e-01  6.64581835e-01 -2.24948317e-01 -7.93287396e-01
 -1.33281839e+00  3.89812738e-01  8.92444104e-02 -2.57874221e-01
 -3.74918312e-01  1.01379490e+00 -2.62016833e-01 -2.77050328e-03
  1.10125971e+00 -1.76715088e+00 -4.91290033e-01 -1.15447140e+00
 -8.20473075e-01 -1.23724771e+00 -2.79151291e-01  1.97035924e-01
  9.87405658e-01 -2.96280026e-01  3.36007148e-01  1.14140344e+00
 -1.72004342e-01  4.74795401e-01  2.72365046e+00 -4.95465606e-01
 -7.55444527e-01  1.93800524e-01 -4.27376419e-01 -2.17883795e-01
  1.67162985e-01 -4.17346954e-01  1.03660750e+00  4.33203697e-01
 -5.46308219e-01  3.42830807e-01  9.33744252e-01 -3.03215981e-02
 -6.63229898e-02 -3.18376005e-01  1.10489094e+00  5.17245770e-01
  2.86957145e-01  6.91352367e-01  5.70570529e-01  9.49627459e-02
  6.22851312e-01  7.96768516e-02 -4.69931364e-01 -3.29284221e-01
 -1.20991504e+00 -5.94247401e-01  2.72104284e-03  1.58664435e-01
  4.92373645e-01 -2.49038655e-02 -8.41062069e-01 -3.66339326e-01
 -8.34761322e-01  3.38716745e-01 -2.16652647e-01  2.34229729e-01
 -8.84829819e-01  7.78464258e-01  7.07143903e-01 -3.66624415e-01
 -2.08980784e-01 -2.20117345e-01  2.44905695e-01  1.08057931e-01
  2.57010907e-01  1.71833917e-01 -6.00709796e-01 -6.17521644e-01
  4.72634763e-01 -5.29660881e-01 -9.22752991e-02 -2.77911901e-01
  1.54732242e-01  5.14719784e-01  1.72143541e-02  1.90000355e-01
  7.14901328e-01  3.64303052e-01 -2.70656079e-01  8.69037092e-01
  1.27991894e-02  2.09434032e-01 -1.57994056e+00 -2.41337001e-01
  6.55812323e-01  1.39575407e-01 -8.87646437e-01 -3.27988453e-02
 -2.35660002e-01  1.06411505e+00  1.77809983e-01 -5.22444583e-02
 -7.14477062e-01  4.48434651e-01 -1.22695673e+00  1.54369974e+00
  1.33923769e+00 -8.81731689e-01  8.77122343e-01 -1.66938782e+00
 -2.15222970e-01  5.51547289e-01 -8.95228624e-01 -2.10976049e-01
 -4.33196910e-02 -2.66683102e-01  3.66523534e-01  9.08059776e-01
  1.82231799e-01  5.19095123e-01  1.09022513e-01  6.07492685e-01
 -9.70322669e-01  4.42348301e-01  4.04863544e-02 -7.35285819e-01
 -7.04746366e-01  5.38723804e-02  2.56862730e-01  1.23001464e-01
 -8.92780662e-01  1.77866101e-01 -2.89474428e-01 -6.06732130e-01
 -4.75984067e-01  7.16039658e-01 -1.36087978e+00 -4.17195916e-01
  3.59820463e-02 -6.28316760e-01 -3.32602829e-01 -6.58280313e-01
 -5.27065039e-01 -5.52503392e-02  6.91768825e-01 -3.53797287e-01
  2.86407560e-01  3.98243040e-01  2.15056822e-01 -9.05083597e-01
 -1.34516016e-01 -4.32545394e-01  5.93570411e-01 -6.64084613e-01
  4.29306626e-01  2.43485659e-01 -2.09730551e-01  2.28257582e-01
  2.17218280e-01 -1.15398145e+00 -7.93841600e-01  2.05651641e-01
  7.53063336e-02  4.38572466e-01  4.78744149e-01  7.68239677e-01
  3.04784834e-01 -9.53705087e-02 -1.19367421e-01  7.66956627e-01
  1.04043746e+00  1.05238497e+00  3.34832489e-01 -9.86196160e-01
 -7.35111117e-01  1.72689021e+00  8.59509766e-01  1.21376908e+00
  9.63752270e-02 -5.35618424e-01 -9.45075512e-01  5.20272672e-01
 -2.91271806e-01  1.35458863e+00  5.07429317e-02 -1.05759823e+00
  1.04757592e-01  6.29825220e-02  9.99480858e-02  2.42336869e-01
 -4.56924975e-01  1.08313370e+00  5.25892794e-01  1.58002958e-01
  1.39718279e-02 -7.11591840e-01 -3.06206942e-01 -9.34170485e-01
 -2.73482770e-01 -4.44909513e-01 -4.02758688e-01  1.17415214e+00
 -1.39971286e-01 -5.42342305e-01  6.52699947e-01 -8.03418100e-01
 -6.69481158e-01 -2.66908318e-01 -5.51495135e-01 -3.78630497e-02
  3.90907936e-02 -2.07656119e-02 -9.48696613e-01 -9.59347129e-01
  4.04753834e-01 -9.82711136e-01 -1.06570981e-01  1.07169199e+00
 -7.31933892e-01  7.44185448e-01  9.15586278e-02  1.16229117e+00
 -1.13973394e-01  3.67199153e-01 -8.36024880e-02  5.18734567e-02
  5.21868825e-01  1.08708814e-01  1.95311710e-01  1.10046589e+00
  4.93051082e-01  2.67976373e-01 -1.09104224e-01  1.94760454e+00
  1.08810246e+00 -4.61150482e-02  6.12779915e-01 -2.60381460e-01
  3.81483167e-01 -1.49427593e+00  1.57260038e-02 -1.16693176e-01
 -4.13077414e-01  1.24610162e+00 -4.96035069e-01 -4.53990400e-01
 -8.28934312e-02 -7.18004882e-01 -6.22612014e-02 -6.49771154e-01
  7.77130306e-01  5.38328707e-01  3.41176748e-01 -4.47546601e-01
 -3.41729783e-02  3.94284189e-01 -6.63130105e-01  1.73436508e-01
 -8.82346854e-02 -1.15307625e-02  1.59735703e+00 -2.15920657e-02
 -3.54140699e-02 -4.38909203e-01 -2.74940640e-01  3.01626742e-01
  8.24924350e-01  2.07360294e-02 -6.60259187e-01 -2.81987458e-01
 -3.28705162e-01 -1.54912210e+00 -8.18552494e-01 -3.43797237e-01
  1.87012330e-01  7.37594783e-01 -1.94422111e-01 -2.17856064e-01
  7.56316662e-01  1.33957183e-02 -6.11523926e-01 -7.35875428e-01
  3.57636184e-01 -5.68115115e-01  1.12517965e+00  8.05394769e-01
  8.77024591e-01 -4.00015205e-01  3.16838436e-02  8.04516196e-01
 -2.70874612e-02 -6.26991242e-02 -1.26569718e-01 -5.73502220e-02
  1.06836855e-01  5.06011248e-01  2.75031552e-02  2.39844158e-01
  1.65870118e+00 -7.70847142e-01 -9.99138236e-01 -8.63252163e-01
 -4.56043668e-02  1.81611195e-01  4.24581766e-01 -1.99459985e-01
  1.95723921e-01  2.27004141e-01  3.90386850e-01  4.67943996e-01
  1.87898427e-01  3.33536416e-01  7.65648425e-01  1.36317700e-01
 -9.52693149e-02  8.40307593e-01  2.47584075e-01 -7.24094331e-01
  1.77234158e-01 -4.65257913e-01  1.62185989e-02  6.55593649e-02
  6.82503581e-01  1.01464167e-01 -9.07977223e-02 -5.15041709e-01
  7.29924161e-03  4.66960371e-01 -3.96156996e-01  2.44874507e-01
  3.36104482e-01 -4.78252411e-01 -1.51095659e-01 -1.00264037e+00
  1.54876918e-01 -6.96446896e-01  5.13862133e-01  1.78571904e+00
  1.74380377e-01 -3.45160902e-01 -2.37766519e-01 -2.29699060e-01
 -4.86872315e-01  4.65939850e-01 -1.51288062e-01  6.01533532e-01
  2.77398378e-01  5.44286430e-01  1.21224916e+00  9.86041665e-01
 -3.71253997e-01  2.01056525e-01 -4.12960202e-01 -1.43466008e+00
 -1.32306442e-01  1.15777087e+00 -4.47662115e-01  3.68000895e-01
 -2.48649031e-01  3.43513936e-02  4.87636626e-01 -3.83698404e-01
 -7.88972750e-02  9.69396532e-02 -1.12133265e+00 -6.58572391e-02
  9.75425065e-01 -1.63679287e-01 -3.66854399e-01 -5.84775746e-01
 -3.14631522e-01  1.04141271e+00  1.30167842e-01 -1.07163537e+00
 -3.16974163e-01 -1.02582717e+00 -9.38140750e-01  6.92442805e-02
  1.93189785e-01 -5.66987932e-01 -5.42796433e-01 -4.17604536e-01
 -7.29998887e-01 -6.01118088e-01 -7.60800242e-01 -3.02174371e-02
 -5.56949735e-01  6.95531309e-01  6.14342615e-02 -6.18797660e-01
 -4.29562926e-01 -1.53069183e-01 -3.02102298e-01  1.49729460e-01
 -3.18527460e-01  4.56752330e-01  5.92467606e-01  1.13188423e-01
 -1.79585159e-01  2.89610445e-01 -6.22286260e-01  1.35416341e+00
  2.32868418e-01  1.20073497e+00 -8.06989312e-01  9.22962904e-01
  2.72236377e-01 -5.75711608e-01  1.02029152e-01  1.15926154e-01
 -1.00635910e+00 -7.95506313e-02  9.40676987e-01  4.52773362e-01
  5.95214367e-01 -7.29689479e-01  4.23131227e-01 -6.26673937e-01
 -5.09656221e-02 -6.88897192e-01  5.28954826e-02  1.78131834e-01
  4.73676831e-01  9.22783762e-02  3.87791216e-01  2.79540896e-01
  3.23073983e-01  5.74266553e-01  1.10686207e+00  3.59134078e-02
  2.19700336e-01 -4.57763076e-01 -2.97728598e-01 -6.29932582e-01
 -3.76146287e-02  2.73820221e-01 -3.73290390e-01 -1.12096584e+00
  6.94641829e-01 -8.14597964e-01 -1.06810033e+00  3.09083462e-01
 -1.38018203e+00  1.63564235e-01 -7.57667124e-02 -2.24975362e-01
 -4.68144000e-01 -8.54102194e-01  6.58035398e-01  1.19472933e+00
 -3.52444172e-01  3.61128479e-01 -9.68830809e-02  1.90932363e-01
  2.47742951e-01  4.91850153e-02 -3.19718421e-01  7.46342242e-02
 -4.05368030e-01  4.56556469e-01  1.01509786e+00 -1.39198160e+00
  6.50821030e-01  7.36996114e-01 -1.24970531e+00  3.28057736e-01
 -3.50995839e-01  6.85483813e-01 -4.60554287e-03  5.28394401e-01
 -4.07166213e-01  1.85045853e-01  6.09940767e-01  2.93513656e-01
  7.69037381e-02  2.68259108e-01  1.58909261e-01 -2.33755499e-01
  1.19578578e-01 -8.64070714e-01  2.14442730e-01 -4.66344245e-02
  1.32520628e+00 -5.61459541e-01 -3.30090940e-01 -2.65241086e-01
  2.00557187e-01  3.71239722e-01 -7.85495222e-01 -2.27047190e-01
  2.60176420e-01 -8.73953477e-02  3.22344601e-01 -1.03810942e+00
  2.31490269e-01 -6.92522347e-01 -3.89734894e-01 -3.99600655e-01
 -2.17913404e-01  6.75188959e-01 -3.18167806e-01 -1.47145271e-01
 -2.93367982e-01  2.45126765e-02 -2.52485365e-01  1.72692418e+00
  7.56658137e-01 -1.46815002e-01  1.63895524e+00 -1.07407010e+00
 -2.81773299e-01  5.41521370e-01  4.17398214e-01 -2.36020043e-01
 -3.74595255e-01 -5.94766796e-01 -1.85652360e-01 -5.38910031e-01
 -5.15210927e-01  1.87885657e-01 -4.96321440e-01  3.85271341e-01
 -2.84124017e-01 -9.12423253e-01 -5.90604424e-01 -5.05070090e-01
 -1.06269014e+00 -1.62670028e+00  5.93717396e-01  4.11516041e-01
  5.59319794e-01  3.27130914e-01 -4.70879048e-01  4.14932489e-01
 -3.29558998e-01 -2.80790240e-01  5.70040584e-01  3.58123422e-01
 -5.21888435e-01  5.45528710e-01  1.35296917e+00  1.69421077e-01
 -6.90321565e-01  4.23641562e-01 -4.67302918e-01  5.65306723e-01
 -1.04324782e+00  9.48662996e-01  1.87995508e-01  6.04610853e-02
  6.20958626e-01  3.22724402e-01 -2.24984854e-01  2.43887633e-01
  7.46693909e-01  1.13925683e+00 -5.91122508e-01  2.19182014e-01
  4.61084604e-01 -5.99082053e-01 -4.34443504e-02 -2.17270851e-01
  2.84411848e-01  9.38583374e-01  1.16319835e+00 -6.72058105e-01
 -3.28848779e-01 -6.28496706e-01  4.08267796e-01  2.86903054e-01
  1.40822279e+00 -1.25606394e+00  2.34047920e-01  2.77631506e-02
 -7.27666020e-01 -9.43905711e-01 -6.84854329e-01  4.03613448e-02
 -1.10142684e+00 -4.85242933e-01 -3.96131098e-01  2.78211534e-01
  3.64408731e-01 -1.18470693e+00 -1.54855177e-01 -7.54206300e-01
  4.61770117e-01 -3.14019442e-01  1.31090935e-02  4.77993608e-01
  9.76794899e-01 -1.91231002e-03 -5.41886687e-01 -8.44878972e-01
  7.06739374e-04 -1.33963421e-01  4.04545933e-01 -3.57665479e-01
  1.78315360e-02 -3.76068741e-01 -4.16468948e-01  1.20590723e+00]",0
140,[*]C(C[*])C(=O)[O-],[*]CC([*])c1[n+](C)c(C)ccc1,2100,36,7.0,100,47,0.5,0,1,6,0.0171428571428571,0,1,0,9.921712962962964,9.921712962962964,0.0370370370370369,-0.7824074074074072,0.4204227437702691,19.2,71.055,68.031,71.01385291591001,28.0,2.6,3.2,3.2,1.6457113704075783,3.34341705895396,73.33515884998701,5.861807319565799,2.6009536313038994,2.6009536313038994,3.1807392125526213,1.1051717155225391,1.1051717155225391,0.5231597389607807,0.5231597389607807,0.1666666666666666,0.1666666666666666,0.0,0.0,-0.53,27.977093296928835,1.798837033645378,0.5057254621854761,0.2506048614847814,30.42489110886254,29.21492868948101,9.901064578912528,5.969305287951849,13.344558822616634,0.0,0.0,5.106527394840706,5.969305287951849,4.794537184071822,0.0,0.0,13.344558822616634,40.13,5.969305287951849,9.901064578912528,6.4208216229260096,6.923737199690624,0.0,0.0,0.0,0.0,0.3533333333333333,9.921712962962964,9.921712962962964,0.0,-0.7824074074074072,0.0,0.0694444444444444,1.0162037037037035,0.0,0.6666666666666666,5.0,2.0,0.0,0.0,2.0,4.0,2.0,0.0,-0.9583000000000002,13.564000000000002,1.0,0.0,1.0,1.0,1.0,1.0,0.0,0.0,0.0,0.0,2.3744907407407405,2.3744907407407405,0.4998148148148148,0.4998148148148148,0.5378735140085047,15.8,134.20199999999997,122.10599999999998,134.09642580409,52.0,0.0,1.8,2.6,3.3,2.084320437315095,3.071919016223133,273.2310872723904,9.137828201504696,6.463721453445009,6.463721453445009,5.663902460147014,3.335367551914885,3.335367551914885,2.355171496302288,2.355171496302288,1.7299089214328325,1.7299089214328325,0.9181732824291704,0.9181732824291704,-0.8500000000000001,506.4898662675681,4.888623338494641,1.815283360019171,0.7374264600617634,62.32079104462523,61.47002484785755,4.567099647791355,0.0,0.0,7.04767198267719,20.268296022307258,0.0,29.58695719508175,4.567099647791355,0.0,7.04767198267719,6.923737199690624,17.808677612622933,18.19910120538483,6.923737199690624,3.88,0.0,0.0,0.0,6.4208216229260096,5.693927994848461,12.617665194539086,0.0,36.737610035544,3.4757114512471654,0.0,0.0,2.996296296296297,0.0,6.708417422524565,1.0230555555555554,3.759667422524565,2.2035185185185187,0.4444444444444444,10.0,1.0,1.0,1.0,0.0,3.0,2.0,1.0,1.37752,39.90300000000001,0.0,1.0,0.0,0.0,0.0,0.0,1.0,0.0,1.0,1.0,0.0,0.0,[*]CC([*])C(=O)[O-],[*]CC([*])c1cccc(C)[n+]1C,"[ 5.50952554e-01  6.67746007e-01  3.77917290e-01 -1.17441809e+00
 -6.69968367e-01 -1.58297330e-01 -6.72284961e-02 -5.28121531e-01
 -2.75267303e-01  1.55845845e+00  2.68392377e-02 -5.55266798e-01
  7.93385267e-01 -1.03456473e+00 -6.35627568e-01 -1.03876030e+00
 -1.70346820e+00 -1.30036497e+00 -2.25371301e-01 -1.41964734e-01
  1.05430499e-01 -2.92812109e-01  3.19773614e-01  7.72576690e-01
 -6.40112102e-01  1.28019118e+00  2.42774200e+00 -4.54006344e-01
 -9.02524412e-01  9.79506493e-01 -3.34828138e-01 -3.03650469e-01
 -1.33218363e-01 -9.41639364e-01  7.83632636e-01  4.23074663e-01
 -1.73241779e-01  3.54419112e-01  3.47581238e-01 -3.20249461e-02
 -5.87040186e-01 -6.94137141e-02  1.36469281e+00  1.50850272e+00
 -7.08109001e-04  1.40314758e+00  8.37898135e-01  2.30026972e-02
 -1.28918486e-02 -4.91764814e-01 -3.88111532e-01 -8.54103506e-01
 -3.39003444e-01 -8.56086552e-01 -6.32213116e-01 -4.84038144e-01
 -2.89928913e-03  8.45237494e-01 -9.35304523e-01 -3.63467872e-01
 -6.73271000e-01 -1.05482444e-01  8.11104894e-01 -1.71648502e-01
 -3.46295953e-01  9.68204662e-02  7.82802626e-02  6.15729988e-01
 -1.28915578e-01 -8.80074680e-01 -1.10793412e-01 -2.32655019e-01
 -2.76402205e-01  4.76215333e-02 -5.37703753e-01 -4.57626283e-01
 -5.56176007e-01 -5.34456968e-01  4.31151748e-01 -4.61292788e-02
  3.29330802e-01 -1.57692686e-01  6.79725409e-01  7.64999747e-01
  2.28698909e-01  4.99854833e-01  1.03707455e-01  4.23821568e-01
 -1.18584305e-01  5.51582500e-02 -1.27232492e+00  9.25469279e-01
  1.17828858e+00  5.55050254e-01 -6.01640403e-01  1.85598596e-03
 -5.06517231e-01  3.62108380e-01 -1.25593603e-01  2.64763713e-01
  1.74772024e-01  3.16496044e-01 -1.01321959e+00  8.26404274e-01
  1.10871613e+00 -1.15284944e+00  1.07645226e+00 -9.01291013e-01
 -5.09613574e-01  6.92212641e-01 -6.20536089e-01 -2.36807078e-01
  1.11608577e+00  5.01168847e-01  5.16830027e-01  4.75949496e-01
 -6.68551743e-01  4.93257880e-01  2.93971598e-01  4.70821112e-02
 -3.74763817e-01  1.12406266e+00 -1.71836525e-01 -9.83554304e-01
 -3.04760039e-01 -8.03640932e-02  4.01249915e-01 -2.37712353e-01
 -3.63715082e-01 -4.04603444e-02 -6.94833323e-02 -2.84978569e-01
 -1.37553036e-01 -6.40389100e-02 -1.30503821e+00  6.43750072e-01
  8.66559386e-01 -6.59701407e-01 -2.93511987e-01 -5.99394381e-01
 -1.37480929e-01  3.21428955e-01 -4.59521860e-02 -7.53167152e-01
 -2.05593005e-01  1.92969292e-01  1.47321537e-01  6.28412962e-01
  3.42511177e-01 -7.05951214e-01  4.42748845e-01 -4.32425022e-01
  1.24913609e+00 -4.02215600e-01  3.81262302e-01  6.94990575e-01
  3.94117445e-01 -8.92814755e-01 -1.08931231e+00  4.76228297e-01
  1.24987923e-01  6.95637167e-02  7.04857886e-01  3.86546522e-01
  4.89218652e-01  1.67667687e-01  6.18894100e-01  4.35397118e-01
  6.26206696e-01  8.39248419e-01  2.65890479e-01 -2.82257199e-02
  2.12427139e-01  7.49804258e-01  7.74736702e-01  1.29185498e+00
 -4.25994545e-02 -1.65944263e-01 -9.42873001e-01 -1.42539650e-01
 -5.09615064e-01  9.65403438e-01  8.34682345e-01 -5.18386602e-01
  3.53891730e-01  6.41801357e-02  5.08618951e-01  1.01894891e+00
 -3.28530014e-01 -3.32997628e-02 -1.80441827e-01  2.35096931e-01
 -2.55989581e-01 -2.09291473e-01 -1.47133321e-01 -1.64968276e+00
 -1.69284850e-01  6.07510209e-02  6.21947587e-01  7.29369700e-01
  5.99946022e-01 -6.74916565e-01  1.23031831e+00 -1.28958249e+00
 -6.64112449e-01 -3.67776453e-01  1.31455690e-01  3.78233433e-01
 -8.40135753e-01 -3.63106400e-01 -2.50634134e-01 -2.10742283e+00
  6.89093709e-01 -9.02974844e-01 -4.02772009e-01  1.54137588e+00
 -2.07992017e-01  9.06994522e-01 -5.44871032e-01  3.85305762e-01
 -8.09826478e-02  6.84405208e-01  2.46060431e-01 -5.65070868e-01
  5.42701185e-01  2.30542719e-02 -1.22137517e-01  6.66289628e-01
 -1.00670137e-01  5.78732230e-02 -1.18791723e+00  2.20502615e+00
  7.74039507e-01  3.79953198e-02  1.60000706e+00  1.23174655e+00
  2.83441335e-01 -3.15214992e-01 -7.11687982e-01 -7.00975180e-01
 -8.20701361e-01  6.06228650e-01 -6.73054680e-02 -3.09595257e-01
 -1.70270309e-01 -1.09378815e+00 -1.88075840e-01  1.54434606e-01
  6.66516542e-01  3.04506958e-01  1.23938218e-01  3.31819475e-01
 -1.62126659e-03  4.06757772e-01 -8.66131783e-02 -5.88821769e-02
 -5.21769404e-01 -2.06430405e-01  1.92552900e+00 -2.83560157e-01
 -1.90655738e-01 -4.01817203e-01  5.80403030e-01  1.90049112e-01
  5.90409189e-02  3.97923917e-01 -4.53226894e-01  4.97723222e-01
 -3.94481063e-01 -1.30251551e+00 -3.18813235e-01 -4.60155487e-01
 -4.52672958e-01  4.28255886e-01  1.86832532e-01 -4.64421064e-01
  8.26421797e-01  8.58034790e-02  9.91345942e-02 -6.91530228e-01
  6.67168140e-01 -6.56287134e-01  1.84816062e+00  1.09426033e+00
  1.60102636e-01 -1.11405814e+00  3.91883664e-02  3.58302563e-01
 -5.41131608e-02  4.13817704e-01 -2.12963536e-01  3.07724923e-01
  1.17556334e+00 -1.34069726e-01  2.33674124e-01 -7.30481418e-03
  7.81065047e-01 -3.03012580e-01 -8.35513845e-02  5.53557932e-01
 -2.84455985e-01 -2.47817889e-01  1.89149991e-01 -1.02672207e+00
  1.32583808e-02 -2.55627990e-01  9.52539861e-01 -2.96597350e-02
  8.79282951e-01  4.27375317e-01 -1.99289754e-01  2.20845848e-01
  1.33380175e-01  1.14704527e-01  9.84668970e-01 -2.11234868e-01
 -4.05843139e-01 -7.67308354e-01  3.14330757e-02  3.86560559e-01
  1.19929647e+00  5.36592305e-01  5.09199142e-01 -1.36162627e+00
 -1.05296448e-01 -5.59449345e-02 -3.80162150e-02 -6.26801491e-01
  1.86362505e-01 -1.73844025e-01 -6.50287032e-01 -3.45541984e-01
 -7.34303296e-01  7.24383742e-02  1.10383463e+00  1.14996636e+00
  4.15981650e-01  2.12344471e-02  3.46782468e-02 -6.53821528e-01
 -5.01247168e-01  1.01878500e+00 -5.11385202e-01  5.93827702e-02
  1.42465687e+00  8.32590798e-04  8.78591835e-01  5.78436792e-01
  7.18320012e-01  5.57367444e-01 -5.57254732e-01 -1.31244791e+00
  7.39392415e-02  1.02208316e+00 -1.73512977e-02  8.59655023e-01
 -3.99190225e-02 -2.82223940e-01  3.95490587e-01  4.02262717e-01
  8.03426445e-01 -2.58965492e-01 -1.23902738e+00 -9.40800786e-01
  1.62803307e-01 -1.82705402e-01 -1.00059152e+00 -5.43330550e-01
 -6.58766031e-01 -2.29741275e-01  1.80671170e-01 -1.29144430e-01
  3.56926799e-01 -8.86848867e-02 -9.70983922e-01  2.64483422e-01
  1.72349140e-01 -7.12217987e-01 -8.57104957e-02 -3.92155677e-01
  1.69065610e-01 -3.40923727e-01 -2.67417639e-01 -1.58317521e-01
 -6.08656704e-01  1.02118409e+00 -2.54552245e-01 -9.51778710e-01
 -2.65829086e-01 -5.54043390e-02 -5.34137547e-01  7.80924261e-02
 -4.31904018e-01 -2.93715656e-01 -5.59636712e-01  7.50055850e-01
  5.42586446e-01  5.21332622e-01  7.41369128e-01 -2.03372106e-01
 -2.98140310e-02  1.17485476e+00 -6.42839670e-01  9.09768820e-01
 -2.86733925e-01 -6.71667278e-01 -7.02754200e-01  5.18063009e-01
 -7.03846872e-01  8.45564783e-01  2.22889528e-01  5.72806001e-02
  7.29165733e-01 -1.03616178e+00  1.58585691e+00 -4.93727475e-01
 -3.07119966e-01  9.14265960e-02 -6.41273111e-02 -5.38270436e-02
  3.15355629e-01  1.19199312e+00  6.83415830e-01  1.33915111e-01
  1.16254874e-01  3.87908012e-01  8.34312201e-01 -1.76378161e-01
  4.98694271e-01 -4.02371407e-01 -7.95837879e-01 -3.92245412e-01
 -7.62568772e-01  1.17841554e+00 -8.50370944e-01 -8.19937170e-01
 -1.17226891e-01 -8.34619522e-01 -1.40142596e+00  3.41342449e-01
 -1.18009889e+00  1.72452241e-01  7.37082437e-02 -3.43734443e-01
 -5.56558371e-01 -1.20999336e-01  6.78034663e-01 -1.69035867e-02
 -9.26296234e-01 -5.40798724e-01 -1.40218958e-01 -3.94925140e-02
 -8.04703236e-01 -9.95787308e-02 -2.03307927e-01 -1.50647974e+00
 -1.90729693e-01  4.01281953e-01  8.01624775e-01 -1.31860971e+00
  2.80246615e-01 -1.09216804e-02 -8.86645317e-01  8.60824645e-01
  5.10790169e-01  2.27465048e-01 -6.09495401e-01  1.30400555e-02
 -5.35382628e-02  5.99121809e-01  9.75840449e-01  7.68029451e-01
 -1.04766703e+00  1.87973067e-01  7.01478198e-02  4.77244973e-01
 -6.52137339e-01  7.09963962e-02 -4.24877740e-02  3.11902642e-01
  1.14879143e+00 -1.62646145e-01  2.15660229e-01  2.38919973e-01
  1.27243221e-01 -2.14758724e-01 -8.41916800e-01  1.32479280e-01
  2.49055177e-01 -3.80854696e-01 -2.53900200e-01 -1.52146888e+00
 -4.27862376e-01 -3.30217481e-01 -1.65427983e-01 -5.02607748e-02
  5.20032287e-01 -1.33780479e-01 -2.27504417e-01 -2.93135196e-01
 -2.25837648e-01  5.58377504e-01 -2.53188342e-01  1.02464998e+00
  3.18368047e-01  2.15202257e-01 -1.98995262e-01 -1.44416893e+00
  5.02204970e-02 -2.66076565e-01 -1.08973151e-02 -2.40284443e-01
 -5.64793527e-01  6.28166497e-02  3.36367339e-01 -8.57639432e-01
 -8.62743378e-01 -5.27694464e-01 -5.19397497e-01  8.48357737e-01
 -9.25135195e-01 -8.00738484e-02 -1.99941337e-01 -4.17113543e-01
 -7.53359854e-01 -9.31248963e-01 -3.05604845e-01  3.69783878e-01
 -1.04227677e-01  1.14021158e+00 -1.58956695e+00 -1.72336042e-01
  3.25673372e-01  7.78758302e-02 -3.53107870e-01  5.87968975e-02
  1.47149250e-01  8.21567714e-01  9.81274366e-01  5.93652308e-01
  5.79920053e-01  7.66876757e-01 -7.82622874e-01  4.46217418e-01
 -2.69964069e-01  4.41214263e-01 -1.92598388e-01 -4.10362273e-01
  5.84180020e-02  1.81740105e-01 -1.81846797e-01  3.85951310e-01
  8.06822419e-01  6.49897575e-01 -7.08981693e-01  1.09895403e-02
  5.91275170e-02 -7.26420283e-01 -3.29815060e-01 -2.90464878e-01
  3.73225480e-01  7.54145861e-01  1.66838729e+00 -2.18773857e-01
 -7.01609969e-01 -1.36749840e+00 -3.00247729e-01 -5.03675103e-01
  8.70439291e-01 -4.03018713e-01 -9.52010870e-01  1.99213073e-01
 -9.88790244e-02 -1.30468071e+00 -5.96089602e-01  2.54472584e-01
 -1.41453886e+00 -2.63562888e-01 -5.13353407e-01  7.11600557e-02
  1.20021462e+00 -1.73822570e+00  7.00591266e-01 -8.52419317e-01
  1.40644157e+00 -9.30212319e-01  1.71362936e-01 -3.40986192e-01
  1.11099374e+00  3.32399905e-01  3.70734811e-01 -1.41833186e+00
  7.56462216e-01 -4.55584586e-01  4.26305503e-01 -6.59897864e-01
  1.24169588e+00 -3.52406174e-01 -1.76326826e-01  4.58189696e-01]","[ 9.34219420e-01  7.52981961e-01 -8.96503553e-02 -6.94664180e-01
 -8.69917572e-01  5.56101382e-01  2.10748389e-01 -1.40856253e-02
  3.80376983e-03  6.77995205e-01 -2.12646902e-01 -4.09866810e-01
  8.71477902e-01 -1.98181975e+00 -3.53078693e-01 -1.23047590e+00
 -8.58768761e-01 -4.17802691e-01 -2.25076988e-01  2.45299295e-01
  3.92572314e-01 -5.04190505e-01  3.36336493e-01  1.14773595e+00
 -8.72434080e-01  4.94719267e-01  2.92553258e+00 -1.70226768e-01
 -3.94109398e-01  2.77472943e-01 -5.02508342e-01  4.27883863e-02
  1.50443926e-01 -6.66318461e-02  8.49124372e-01  2.44030878e-01
 -3.08234721e-01  6.85178459e-01  6.93162739e-01 -1.03473663e-03
 -2.87256781e-02 -3.53275567e-01  8.43556345e-01  6.03383780e-01
  2.23054290e-01  4.28072572e-01  4.07381840e-02  4.84972931e-02
  7.38408566e-01 -2.29203090e-01 -2.81006455e-01 -6.01720326e-02
 -1.16499746e+00  9.23274532e-02 -2.02385962e-01 -1.47556037e-01
  4.16871309e-01  2.53500462e-01 -7.87209988e-01 -6.41326085e-02
 -1.19074094e+00  2.18185768e-01  3.44929546e-02 -1.71249822e-01
 -9.26708996e-01  9.26710427e-01  5.61137378e-01  9.88510847e-02
 -2.26546135e-02  6.24476731e-01  5.65419734e-01 -2.47909520e-02
  1.07996561e-01 -2.56172959e-02 -6.62278831e-01 -4.46901411e-01
  2.20202461e-01 -6.41986489e-01 -5.91654778e-02 -2.17219636e-01
  4.25948709e-01 -2.02057540e-01 -4.46181625e-01  2.08623901e-01
  1.26461759e-01  7.40824342e-02  8.50928128e-02  4.64262813e-01
  1.86313912e-01  1.97090223e-01 -1.31709778e+00  3.15761566e-03
  4.43468243e-01  2.45348647e-01 -7.68986702e-01 -2.52117366e-01
 -1.34925202e-01  8.03414047e-01  4.74336237e-01 -3.85452598e-01
 -6.47294149e-02  4.05239731e-01 -1.24941671e+00  1.38913691e+00
  8.45637500e-01 -5.54949462e-01  8.85206878e-01 -8.18343818e-01
 -1.91408932e-01  2.33381107e-01 -5.26936471e-01 -7.27947056e-01
  5.61303675e-01 -6.07131124e-01  6.38529480e-01  5.25116265e-01
  2.94139177e-01  4.15215403e-01 -5.07566392e-01  4.65911120e-01
 -9.93422568e-01  3.43289942e-01 -3.48805398e-01 -1.15581834e+00
 -2.23598942e-01  2.67298192e-01  2.58934170e-01 -2.96836704e-01
 -5.73481619e-01  3.80982727e-01 -2.97791455e-02 -9.19770718e-01
 -5.24636030e-01  2.62360722e-01 -1.39276040e+00 -6.30733073e-01
 -1.42052233e-01 -9.56403732e-01  9.19377580e-02  1.14252485e-01
 -6.77156687e-01 -4.10846710e-01  8.24481964e-01 -6.52744889e-01
  8.89848843e-02 -1.30086720e-01  2.10832164e-01 -8.98263931e-01
 -4.41012532e-01 -5.95768332e-01  1.24723442e-01 -9.50685799e-01
  5.42060256e-01 -2.04318121e-01  1.40307173e-01 -6.32694364e-03
 -1.11760020e-01 -8.30360115e-01 -6.81847155e-01  2.29732096e-01
  2.09668517e-01  2.05878958e-01  4.23139185e-01  2.76696295e-01
  3.52344394e-01  2.69729048e-01  4.56602834e-02  6.02937162e-01
  1.01993454e+00  2.06267285e+00  6.05006158e-01 -3.57249111e-01
 -5.75551033e-01  1.05061138e+00  5.10422826e-01  1.54232514e+00
 -3.46213341e-01  1.66714191e-03 -4.82432216e-01  3.89010340e-01
  4.06538546e-02  1.16304457e+00  2.90505081e-01 -7.41937160e-01
  4.23671961e-01  2.74521023e-01  5.07913411e-01  1.16398722e-01
 -6.87023163e-01  7.18837440e-01  2.21707597e-01 -8.22078660e-02
  1.01369219e-02 -2.58242935e-01 -2.16963291e-01 -1.05790436e+00
 -7.18560591e-02 -5.17467447e-02 -1.59256339e-01  5.70776820e-01
 -1.55755877e-01 -1.04319155e+00  4.44885701e-01 -4.91473198e-01
 -3.14743668e-01 -3.15448970e-01 -4.36566591e-01 -4.87942904e-01
  3.71639699e-01 -1.36374801e-01 -9.55295861e-01 -9.17740822e-01
  4.93625134e-01 -5.92541873e-01  1.92209780e-02  9.06146228e-01
 -1.03102624e+00  9.03387725e-01 -3.70774597e-01  7.88323581e-01
 -4.09922928e-01 -5.49607575e-02  2.92420477e-01  5.08735180e-02
  1.34333479e+00  3.91351134e-01  6.92646801e-02  9.01896417e-01
  6.33295119e-01  2.47102007e-01  9.53693166e-02  1.40412712e+00
  1.20309412e+00  1.57115161e-01  9.49488819e-01 -3.05655375e-02
  4.24820989e-01 -1.41931212e+00 -2.94231504e-01 -5.06524593e-02
 -2.94804960e-01  1.24208748e+00  1.30178735e-01 -2.23355055e-01
 -7.69555569e-03 -5.89794457e-01 -4.98173952e-01 -6.34135962e-01
  8.31708908e-01  3.42528254e-01  3.82146239e-01 -2.86346436e-01
 -2.69852191e-01  5.12497962e-01 -7.92126000e-01  3.89571428e-01
 -1.29352853e-01 -3.89698386e-01  1.62927830e+00  5.47198415e-01
  9.96592864e-02 -4.43594418e-02 -5.18035114e-01  8.31093192e-02
  1.89183518e-01 -3.41822989e-02 -6.71891868e-01  1.50874749e-01
 -7.00894117e-01 -1.09321260e+00 -3.16050082e-01 -5.81241310e-01
 -6.71859831e-02  3.77708197e-01 -5.09753823e-01  7.69031867e-02
  1.13923311e+00 -1.19011752e-01 -8.89738739e-01 -8.35989177e-01
  1.73341438e-01 -7.17074454e-01  7.77168751e-01 -1.32602870e-01
  4.18069094e-01 -6.94241464e-01  2.10333630e-01  7.32650220e-01
  2.85338759e-02  3.85070562e-01 -6.16409361e-01  5.19879721e-02
  1.24885537e-01  3.22399825e-01 -4.34787303e-01  1.56026527e-01
  1.86870992e+00 -5.62272966e-01 -9.66773510e-01 -7.28882968e-01
  2.42057785e-01  3.91514868e-01  6.31514490e-01 -6.10801280e-01
  7.12506473e-01  7.97576457e-02  2.05296174e-01  3.14268976e-01
  3.40138882e-01  6.33170247e-01  7.22965181e-01  6.45762622e-01
 -7.88757801e-02  2.62728184e-01  3.53583805e-02 -4.22313541e-01
 -4.62161899e-02 -2.89381862e-01 -3.98485847e-02 -2.60322660e-01
  5.30496418e-01 -1.13219656e-01  4.56072778e-01 -1.53514341e-01
  1.99926049e-02  3.10648739e-01 -3.03774387e-01  1.34748101e-01
  6.34262264e-01  3.44859250e-02 -4.07471433e-02 -1.00424814e+00
  2.53045976e-01  2.20406577e-01  4.71905470e-01  2.07151961e+00
  2.07900450e-01 -2.02874854e-01 -1.35066435e-01 -9.00767624e-01
 -4.29879814e-01 -9.95774567e-02 -3.55907470e-01  2.51714081e-01
  2.31474891e-01  3.91570687e-01  8.76955032e-01  5.02235651e-01
  1.17850088e-01  3.29772860e-01 -5.69619417e-01 -1.27147496e+00
  1.63935140e-01  1.28913569e+00 -4.55305696e-01  3.86056423e-01
 -6.79300606e-01 -2.15358958e-01  3.95448804e-01 -3.37156773e-01
  5.07169008e-01 -4.61269803e-02 -1.03470218e+00  6.14777803e-02
  4.35286403e-01 -4.56344813e-01 -1.19330049e-01 -3.99390548e-01
 -9.39116478e-02  1.28790975e+00 -1.17038526e-01 -1.12758672e+00
  1.07304834e-01 -1.09820187e+00 -5.72369993e-01 -4.39796038e-02
  5.06777048e-01 -7.32374430e-01 -8.60096738e-02 -8.25091422e-01
 -2.87709296e-01 -7.41765976e-01 -8.51857245e-01 -6.43337071e-02
 -7.30686486e-01  6.17908776e-01 -3.95510882e-01 -9.85791981e-01
 -4.06312615e-01 -5.40924966e-01 -5.87347984e-01  1.61962882e-01
 -4.69483018e-01  3.84799570e-01  4.00321335e-01  5.77400506e-01
 -3.10296416e-02  1.67963028e-01 -3.14867347e-01  5.47842979e-01
  1.27023548e-01  6.76386178e-01 -5.35160005e-01  2.42655158e-01
  3.84288877e-01 -6.76573455e-01 -3.83122921e-01  5.25225699e-01
 -9.46413338e-01  1.98908687e-01  2.73221344e-01  5.35741508e-01
  8.34146976e-01 -1.13098562e+00  4.20983791e-01 -6.75049603e-01
 -5.14660120e-01 -2.49577537e-01 -2.74723202e-01  1.52725950e-01
  8.11905041e-02  4.96776015e-01  3.90156060e-01  5.70145667e-01
  1.33425280e-01  3.91636461e-01  9.81376171e-01 -1.82178780e-01
  4.26412702e-01 -3.75646085e-01 -6.73568785e-01 -6.17576480e-01
  2.31397152e-03  5.91775119e-01 -3.91114444e-01 -1.02295959e+00
  2.72804588e-01 -1.17063582e+00 -8.72985184e-01  3.37519765e-01
 -7.13693440e-01  1.44542649e-01 -2.02991262e-01 -1.35976911e-01
 -5.94905913e-01 -7.01158047e-01  8.28121662e-01  1.54697132e+00
 -4.99334544e-01  3.20179135e-01 -2.37501506e-02  3.93846072e-02
 -4.57764596e-01  2.27225125e-01 -8.25072005e-02 -1.18441880e-02
 -6.48724616e-01  1.32180825e-01  6.66176736e-01 -1.69828641e+00
  6.54987395e-01  5.85955977e-01 -1.37801373e+00 -2.44686291e-01
  1.12931930e-01  4.62913901e-01  3.48506384e-02  8.79061282e-01
 -4.29381460e-01  4.15785670e-01  4.63902950e-01  2.44228080e-01
  1.31092057e-01  6.01281643e-01 -9.61641595e-02 -4.45242256e-01
 -2.62665838e-01 -5.40284634e-01  6.42547846e-01  1.61314145e-01
  8.58900547e-01 -3.97970796e-01  1.50309399e-01 -3.03827554e-01
  6.69430569e-02  4.96631384e-01 -1.30261803e+00 -4.86551195e-01
  4.16612744e-01  1.09201677e-01  5.15097082e-01 -7.14145005e-01
  1.99584484e-01 -4.56286669e-01 -5.41937411e-01 -3.80266666e-01
  1.74875513e-01  2.40833119e-01  4.42717969e-02 -8.66450071e-02
  1.00076556e-01 -3.90757799e-01 -2.61791736e-01  1.68360126e+00
  1.08640575e+00 -3.76668960e-01  1.37973833e+00 -5.62259614e-01
  4.86713499e-01  2.49158010e-01  4.67576049e-02 -3.73004228e-02
 -1.02784288e+00  7.41423154e-03 -4.06897455e-01 -6.88689291e-01
 -5.59970498e-01 -3.88329923e-02 -9.00954545e-01  6.08469248e-01
 -5.46648204e-01 -5.72267294e-01 -2.51762182e-01 -5.98366082e-01
 -1.36168754e+00 -1.25498283e+00  9.23677623e-01  4.45976883e-01
  3.45490932e-01 -4.36429493e-02 -5.61814547e-01  1.20090008e-01
  2.32489705e-02 -2.77724620e-02  1.39182642e-01  5.31667948e-01
 -1.80334151e-01  1.00840271e+00  1.68412149e+00 -1.21989258e-01
 -7.89651334e-01 -1.39644146e-02 -4.93455261e-01  7.51550496e-01
 -4.69966263e-01  6.73797309e-01  3.77757102e-01  3.25352959e-02
  1.27432182e-01  5.08016467e-01 -2.25558758e-01  6.58559740e-01
  3.37384462e-01  1.11876237e+00 -3.72107744e-01 -4.34249751e-02
  6.11955822e-01 -2.85211205e-01 -7.93079659e-02  1.29053937e-02
  6.23687208e-01  3.17710042e-01  1.15503192e+00 -8.88197601e-01
  3.46362799e-01 -7.27253973e-01  1.32999793e-01  3.16417485e-01
  1.02391160e+00 -8.74858379e-01  7.75895894e-01 -2.34553471e-01
 -1.56552196e-01 -7.83782423e-01 -6.63513362e-01  9.60435495e-02
 -8.22755396e-01 -1.09237777e-02 -5.47389030e-01  1.73520148e-01
  1.12842977e+00 -6.75033092e-01  3.22361082e-01 -5.08254588e-01
  4.72578764e-01 -2.19273433e-01 -3.55984122e-01 -3.05874735e-01
  7.71258056e-01 -1.72158346e-01 -4.42646503e-01 -9.24099028e-01
 -2.52762556e-01 -6.08725511e-02  5.66794455e-01 -5.60483754e-01
  6.06552422e-01 -5.93137264e-01 -3.08317125e-01  1.02879035e+00]",0
141,[*]C(C[*])C(=O)[O-],[*]CC([*])c1[n+](C)c(C)ccc1,450,20,7.0,50,37,0.5,0,1,6,0.0444444444444444,0,1,0,9.921712962962964,9.921712962962964,0.0370370370370369,-0.7824074074074072,0.4204227437702691,19.2,71.055,68.031,71.01385291591001,28.0,2.6,3.2,3.2,1.6457113704075783,3.34341705895396,73.33515884998701,5.861807319565799,2.6009536313038994,2.6009536313038994,3.1807392125526213,1.1051717155225391,1.1051717155225391,0.5231597389607807,0.5231597389607807,0.1666666666666666,0.1666666666666666,0.0,0.0,-0.53,27.977093296928835,1.798837033645378,0.5057254621854761,0.2506048614847814,30.42489110886254,29.21492868948101,9.901064578912528,5.969305287951849,13.344558822616634,0.0,0.0,5.106527394840706,5.969305287951849,4.794537184071822,0.0,0.0,13.344558822616634,40.13,5.969305287951849,9.901064578912528,6.4208216229260096,6.923737199690624,0.0,0.0,0.0,0.0,0.3533333333333333,9.921712962962964,9.921712962962964,0.0,-0.7824074074074072,0.0,0.0694444444444444,1.0162037037037035,0.0,0.6666666666666666,5.0,2.0,0.0,0.0,2.0,4.0,2.0,0.0,-0.9583000000000002,13.564000000000002,1.0,0.0,1.0,1.0,1.0,1.0,0.0,0.0,0.0,0.0,2.3744907407407405,2.3744907407407405,0.4998148148148148,0.4998148148148148,0.5378735140085047,15.8,134.20199999999997,122.10599999999998,134.09642580409,52.0,0.0,1.8,2.6,3.3,2.084320437315095,3.071919016223133,273.2310872723904,9.137828201504696,6.463721453445009,6.463721453445009,5.663902460147014,3.335367551914885,3.335367551914885,2.355171496302288,2.355171496302288,1.7299089214328325,1.7299089214328325,0.9181732824291704,0.9181732824291704,-0.8500000000000001,506.4898662675681,4.888623338494641,1.815283360019171,0.7374264600617634,62.32079104462523,61.47002484785755,4.567099647791355,0.0,0.0,7.04767198267719,20.268296022307258,0.0,29.58695719508175,4.567099647791355,0.0,7.04767198267719,6.923737199690624,17.808677612622933,18.19910120538483,6.923737199690624,3.88,0.0,0.0,0.0,6.4208216229260096,5.693927994848461,12.617665194539086,0.0,36.737610035544,3.4757114512471654,0.0,0.0,2.996296296296297,0.0,6.708417422524565,1.0230555555555554,3.759667422524565,2.2035185185185187,0.4444444444444444,10.0,1.0,1.0,1.0,0.0,3.0,2.0,1.0,1.37752,39.90300000000001,0.0,1.0,0.0,0.0,0.0,0.0,1.0,0.0,1.0,1.0,0.0,0.0,[*]CC([*])C(=O)[O-],[*]CC([*])c1cccc(C)[n+]1C,"[ 5.50952554e-01  6.67746007e-01  3.77917290e-01 -1.17441809e+00
 -6.69968367e-01 -1.58297330e-01 -6.72284961e-02 -5.28121531e-01
 -2.75267303e-01  1.55845845e+00  2.68392377e-02 -5.55266798e-01
  7.93385267e-01 -1.03456473e+00 -6.35627568e-01 -1.03876030e+00
 -1.70346820e+00 -1.30036497e+00 -2.25371301e-01 -1.41964734e-01
  1.05430499e-01 -2.92812109e-01  3.19773614e-01  7.72576690e-01
 -6.40112102e-01  1.28019118e+00  2.42774200e+00 -4.54006344e-01
 -9.02524412e-01  9.79506493e-01 -3.34828138e-01 -3.03650469e-01
 -1.33218363e-01 -9.41639364e-01  7.83632636e-01  4.23074663e-01
 -1.73241779e-01  3.54419112e-01  3.47581238e-01 -3.20249461e-02
 -5.87040186e-01 -6.94137141e-02  1.36469281e+00  1.50850272e+00
 -7.08109001e-04  1.40314758e+00  8.37898135e-01  2.30026972e-02
 -1.28918486e-02 -4.91764814e-01 -3.88111532e-01 -8.54103506e-01
 -3.39003444e-01 -8.56086552e-01 -6.32213116e-01 -4.84038144e-01
 -2.89928913e-03  8.45237494e-01 -9.35304523e-01 -3.63467872e-01
 -6.73271000e-01 -1.05482444e-01  8.11104894e-01 -1.71648502e-01
 -3.46295953e-01  9.68204662e-02  7.82802626e-02  6.15729988e-01
 -1.28915578e-01 -8.80074680e-01 -1.10793412e-01 -2.32655019e-01
 -2.76402205e-01  4.76215333e-02 -5.37703753e-01 -4.57626283e-01
 -5.56176007e-01 -5.34456968e-01  4.31151748e-01 -4.61292788e-02
  3.29330802e-01 -1.57692686e-01  6.79725409e-01  7.64999747e-01
  2.28698909e-01  4.99854833e-01  1.03707455e-01  4.23821568e-01
 -1.18584305e-01  5.51582500e-02 -1.27232492e+00  9.25469279e-01
  1.17828858e+00  5.55050254e-01 -6.01640403e-01  1.85598596e-03
 -5.06517231e-01  3.62108380e-01 -1.25593603e-01  2.64763713e-01
  1.74772024e-01  3.16496044e-01 -1.01321959e+00  8.26404274e-01
  1.10871613e+00 -1.15284944e+00  1.07645226e+00 -9.01291013e-01
 -5.09613574e-01  6.92212641e-01 -6.20536089e-01 -2.36807078e-01
  1.11608577e+00  5.01168847e-01  5.16830027e-01  4.75949496e-01
 -6.68551743e-01  4.93257880e-01  2.93971598e-01  4.70821112e-02
 -3.74763817e-01  1.12406266e+00 -1.71836525e-01 -9.83554304e-01
 -3.04760039e-01 -8.03640932e-02  4.01249915e-01 -2.37712353e-01
 -3.63715082e-01 -4.04603444e-02 -6.94833323e-02 -2.84978569e-01
 -1.37553036e-01 -6.40389100e-02 -1.30503821e+00  6.43750072e-01
  8.66559386e-01 -6.59701407e-01 -2.93511987e-01 -5.99394381e-01
 -1.37480929e-01  3.21428955e-01 -4.59521860e-02 -7.53167152e-01
 -2.05593005e-01  1.92969292e-01  1.47321537e-01  6.28412962e-01
  3.42511177e-01 -7.05951214e-01  4.42748845e-01 -4.32425022e-01
  1.24913609e+00 -4.02215600e-01  3.81262302e-01  6.94990575e-01
  3.94117445e-01 -8.92814755e-01 -1.08931231e+00  4.76228297e-01
  1.24987923e-01  6.95637167e-02  7.04857886e-01  3.86546522e-01
  4.89218652e-01  1.67667687e-01  6.18894100e-01  4.35397118e-01
  6.26206696e-01  8.39248419e-01  2.65890479e-01 -2.82257199e-02
  2.12427139e-01  7.49804258e-01  7.74736702e-01  1.29185498e+00
 -4.25994545e-02 -1.65944263e-01 -9.42873001e-01 -1.42539650e-01
 -5.09615064e-01  9.65403438e-01  8.34682345e-01 -5.18386602e-01
  3.53891730e-01  6.41801357e-02  5.08618951e-01  1.01894891e+00
 -3.28530014e-01 -3.32997628e-02 -1.80441827e-01  2.35096931e-01
 -2.55989581e-01 -2.09291473e-01 -1.47133321e-01 -1.64968276e+00
 -1.69284850e-01  6.07510209e-02  6.21947587e-01  7.29369700e-01
  5.99946022e-01 -6.74916565e-01  1.23031831e+00 -1.28958249e+00
 -6.64112449e-01 -3.67776453e-01  1.31455690e-01  3.78233433e-01
 -8.40135753e-01 -3.63106400e-01 -2.50634134e-01 -2.10742283e+00
  6.89093709e-01 -9.02974844e-01 -4.02772009e-01  1.54137588e+00
 -2.07992017e-01  9.06994522e-01 -5.44871032e-01  3.85305762e-01
 -8.09826478e-02  6.84405208e-01  2.46060431e-01 -5.65070868e-01
  5.42701185e-01  2.30542719e-02 -1.22137517e-01  6.66289628e-01
 -1.00670137e-01  5.78732230e-02 -1.18791723e+00  2.20502615e+00
  7.74039507e-01  3.79953198e-02  1.60000706e+00  1.23174655e+00
  2.83441335e-01 -3.15214992e-01 -7.11687982e-01 -7.00975180e-01
 -8.20701361e-01  6.06228650e-01 -6.73054680e-02 -3.09595257e-01
 -1.70270309e-01 -1.09378815e+00 -1.88075840e-01  1.54434606e-01
  6.66516542e-01  3.04506958e-01  1.23938218e-01  3.31819475e-01
 -1.62126659e-03  4.06757772e-01 -8.66131783e-02 -5.88821769e-02
 -5.21769404e-01 -2.06430405e-01  1.92552900e+00 -2.83560157e-01
 -1.90655738e-01 -4.01817203e-01  5.80403030e-01  1.90049112e-01
  5.90409189e-02  3.97923917e-01 -4.53226894e-01  4.97723222e-01
 -3.94481063e-01 -1.30251551e+00 -3.18813235e-01 -4.60155487e-01
 -4.52672958e-01  4.28255886e-01  1.86832532e-01 -4.64421064e-01
  8.26421797e-01  8.58034790e-02  9.91345942e-02 -6.91530228e-01
  6.67168140e-01 -6.56287134e-01  1.84816062e+00  1.09426033e+00
  1.60102636e-01 -1.11405814e+00  3.91883664e-02  3.58302563e-01
 -5.41131608e-02  4.13817704e-01 -2.12963536e-01  3.07724923e-01
  1.17556334e+00 -1.34069726e-01  2.33674124e-01 -7.30481418e-03
  7.81065047e-01 -3.03012580e-01 -8.35513845e-02  5.53557932e-01
 -2.84455985e-01 -2.47817889e-01  1.89149991e-01 -1.02672207e+00
  1.32583808e-02 -2.55627990e-01  9.52539861e-01 -2.96597350e-02
  8.79282951e-01  4.27375317e-01 -1.99289754e-01  2.20845848e-01
  1.33380175e-01  1.14704527e-01  9.84668970e-01 -2.11234868e-01
 -4.05843139e-01 -7.67308354e-01  3.14330757e-02  3.86560559e-01
  1.19929647e+00  5.36592305e-01  5.09199142e-01 -1.36162627e+00
 -1.05296448e-01 -5.59449345e-02 -3.80162150e-02 -6.26801491e-01
  1.86362505e-01 -1.73844025e-01 -6.50287032e-01 -3.45541984e-01
 -7.34303296e-01  7.24383742e-02  1.10383463e+00  1.14996636e+00
  4.15981650e-01  2.12344471e-02  3.46782468e-02 -6.53821528e-01
 -5.01247168e-01  1.01878500e+00 -5.11385202e-01  5.93827702e-02
  1.42465687e+00  8.32590798e-04  8.78591835e-01  5.78436792e-01
  7.18320012e-01  5.57367444e-01 -5.57254732e-01 -1.31244791e+00
  7.39392415e-02  1.02208316e+00 -1.73512977e-02  8.59655023e-01
 -3.99190225e-02 -2.82223940e-01  3.95490587e-01  4.02262717e-01
  8.03426445e-01 -2.58965492e-01 -1.23902738e+00 -9.40800786e-01
  1.62803307e-01 -1.82705402e-01 -1.00059152e+00 -5.43330550e-01
 -6.58766031e-01 -2.29741275e-01  1.80671170e-01 -1.29144430e-01
  3.56926799e-01 -8.86848867e-02 -9.70983922e-01  2.64483422e-01
  1.72349140e-01 -7.12217987e-01 -8.57104957e-02 -3.92155677e-01
  1.69065610e-01 -3.40923727e-01 -2.67417639e-01 -1.58317521e-01
 -6.08656704e-01  1.02118409e+00 -2.54552245e-01 -9.51778710e-01
 -2.65829086e-01 -5.54043390e-02 -5.34137547e-01  7.80924261e-02
 -4.31904018e-01 -2.93715656e-01 -5.59636712e-01  7.50055850e-01
  5.42586446e-01  5.21332622e-01  7.41369128e-01 -2.03372106e-01
 -2.98140310e-02  1.17485476e+00 -6.42839670e-01  9.09768820e-01
 -2.86733925e-01 -6.71667278e-01 -7.02754200e-01  5.18063009e-01
 -7.03846872e-01  8.45564783e-01  2.22889528e-01  5.72806001e-02
  7.29165733e-01 -1.03616178e+00  1.58585691e+00 -4.93727475e-01
 -3.07119966e-01  9.14265960e-02 -6.41273111e-02 -5.38270436e-02
  3.15355629e-01  1.19199312e+00  6.83415830e-01  1.33915111e-01
  1.16254874e-01  3.87908012e-01  8.34312201e-01 -1.76378161e-01
  4.98694271e-01 -4.02371407e-01 -7.95837879e-01 -3.92245412e-01
 -7.62568772e-01  1.17841554e+00 -8.50370944e-01 -8.19937170e-01
 -1.17226891e-01 -8.34619522e-01 -1.40142596e+00  3.41342449e-01
 -1.18009889e+00  1.72452241e-01  7.37082437e-02 -3.43734443e-01
 -5.56558371e-01 -1.20999336e-01  6.78034663e-01 -1.69035867e-02
 -9.26296234e-01 -5.40798724e-01 -1.40218958e-01 -3.94925140e-02
 -8.04703236e-01 -9.95787308e-02 -2.03307927e-01 -1.50647974e+00
 -1.90729693e-01  4.01281953e-01  8.01624775e-01 -1.31860971e+00
  2.80246615e-01 -1.09216804e-02 -8.86645317e-01  8.60824645e-01
  5.10790169e-01  2.27465048e-01 -6.09495401e-01  1.30400555e-02
 -5.35382628e-02  5.99121809e-01  9.75840449e-01  7.68029451e-01
 -1.04766703e+00  1.87973067e-01  7.01478198e-02  4.77244973e-01
 -6.52137339e-01  7.09963962e-02 -4.24877740e-02  3.11902642e-01
  1.14879143e+00 -1.62646145e-01  2.15660229e-01  2.38919973e-01
  1.27243221e-01 -2.14758724e-01 -8.41916800e-01  1.32479280e-01
  2.49055177e-01 -3.80854696e-01 -2.53900200e-01 -1.52146888e+00
 -4.27862376e-01 -3.30217481e-01 -1.65427983e-01 -5.02607748e-02
  5.20032287e-01 -1.33780479e-01 -2.27504417e-01 -2.93135196e-01
 -2.25837648e-01  5.58377504e-01 -2.53188342e-01  1.02464998e+00
  3.18368047e-01  2.15202257e-01 -1.98995262e-01 -1.44416893e+00
  5.02204970e-02 -2.66076565e-01 -1.08973151e-02 -2.40284443e-01
 -5.64793527e-01  6.28166497e-02  3.36367339e-01 -8.57639432e-01
 -8.62743378e-01 -5.27694464e-01 -5.19397497e-01  8.48357737e-01
 -9.25135195e-01 -8.00738484e-02 -1.99941337e-01 -4.17113543e-01
 -7.53359854e-01 -9.31248963e-01 -3.05604845e-01  3.69783878e-01
 -1.04227677e-01  1.14021158e+00 -1.58956695e+00 -1.72336042e-01
  3.25673372e-01  7.78758302e-02 -3.53107870e-01  5.87968975e-02
  1.47149250e-01  8.21567714e-01  9.81274366e-01  5.93652308e-01
  5.79920053e-01  7.66876757e-01 -7.82622874e-01  4.46217418e-01
 -2.69964069e-01  4.41214263e-01 -1.92598388e-01 -4.10362273e-01
  5.84180020e-02  1.81740105e-01 -1.81846797e-01  3.85951310e-01
  8.06822419e-01  6.49897575e-01 -7.08981693e-01  1.09895403e-02
  5.91275170e-02 -7.26420283e-01 -3.29815060e-01 -2.90464878e-01
  3.73225480e-01  7.54145861e-01  1.66838729e+00 -2.18773857e-01
 -7.01609969e-01 -1.36749840e+00 -3.00247729e-01 -5.03675103e-01
  8.70439291e-01 -4.03018713e-01 -9.52010870e-01  1.99213073e-01
 -9.88790244e-02 -1.30468071e+00 -5.96089602e-01  2.54472584e-01
 -1.41453886e+00 -2.63562888e-01 -5.13353407e-01  7.11600557e-02
  1.20021462e+00 -1.73822570e+00  7.00591266e-01 -8.52419317e-01
  1.40644157e+00 -9.30212319e-01  1.71362936e-01 -3.40986192e-01
  1.11099374e+00  3.32399905e-01  3.70734811e-01 -1.41833186e+00
  7.56462216e-01 -4.55584586e-01  4.26305503e-01 -6.59897864e-01
  1.24169588e+00 -3.52406174e-01 -1.76326826e-01  4.58189696e-01]","[ 9.34219420e-01  7.52981961e-01 -8.96503553e-02 -6.94664180e-01
 -8.69917572e-01  5.56101382e-01  2.10748389e-01 -1.40856253e-02
  3.80376983e-03  6.77995205e-01 -2.12646902e-01 -4.09866810e-01
  8.71477902e-01 -1.98181975e+00 -3.53078693e-01 -1.23047590e+00
 -8.58768761e-01 -4.17802691e-01 -2.25076988e-01  2.45299295e-01
  3.92572314e-01 -5.04190505e-01  3.36336493e-01  1.14773595e+00
 -8.72434080e-01  4.94719267e-01  2.92553258e+00 -1.70226768e-01
 -3.94109398e-01  2.77472943e-01 -5.02508342e-01  4.27883863e-02
  1.50443926e-01 -6.66318461e-02  8.49124372e-01  2.44030878e-01
 -3.08234721e-01  6.85178459e-01  6.93162739e-01 -1.03473663e-03
 -2.87256781e-02 -3.53275567e-01  8.43556345e-01  6.03383780e-01
  2.23054290e-01  4.28072572e-01  4.07381840e-02  4.84972931e-02
  7.38408566e-01 -2.29203090e-01 -2.81006455e-01 -6.01720326e-02
 -1.16499746e+00  9.23274532e-02 -2.02385962e-01 -1.47556037e-01
  4.16871309e-01  2.53500462e-01 -7.87209988e-01 -6.41326085e-02
 -1.19074094e+00  2.18185768e-01  3.44929546e-02 -1.71249822e-01
 -9.26708996e-01  9.26710427e-01  5.61137378e-01  9.88510847e-02
 -2.26546135e-02  6.24476731e-01  5.65419734e-01 -2.47909520e-02
  1.07996561e-01 -2.56172959e-02 -6.62278831e-01 -4.46901411e-01
  2.20202461e-01 -6.41986489e-01 -5.91654778e-02 -2.17219636e-01
  4.25948709e-01 -2.02057540e-01 -4.46181625e-01  2.08623901e-01
  1.26461759e-01  7.40824342e-02  8.50928128e-02  4.64262813e-01
  1.86313912e-01  1.97090223e-01 -1.31709778e+00  3.15761566e-03
  4.43468243e-01  2.45348647e-01 -7.68986702e-01 -2.52117366e-01
 -1.34925202e-01  8.03414047e-01  4.74336237e-01 -3.85452598e-01
 -6.47294149e-02  4.05239731e-01 -1.24941671e+00  1.38913691e+00
  8.45637500e-01 -5.54949462e-01  8.85206878e-01 -8.18343818e-01
 -1.91408932e-01  2.33381107e-01 -5.26936471e-01 -7.27947056e-01
  5.61303675e-01 -6.07131124e-01  6.38529480e-01  5.25116265e-01
  2.94139177e-01  4.15215403e-01 -5.07566392e-01  4.65911120e-01
 -9.93422568e-01  3.43289942e-01 -3.48805398e-01 -1.15581834e+00
 -2.23598942e-01  2.67298192e-01  2.58934170e-01 -2.96836704e-01
 -5.73481619e-01  3.80982727e-01 -2.97791455e-02 -9.19770718e-01
 -5.24636030e-01  2.62360722e-01 -1.39276040e+00 -6.30733073e-01
 -1.42052233e-01 -9.56403732e-01  9.19377580e-02  1.14252485e-01
 -6.77156687e-01 -4.10846710e-01  8.24481964e-01 -6.52744889e-01
  8.89848843e-02 -1.30086720e-01  2.10832164e-01 -8.98263931e-01
 -4.41012532e-01 -5.95768332e-01  1.24723442e-01 -9.50685799e-01
  5.42060256e-01 -2.04318121e-01  1.40307173e-01 -6.32694364e-03
 -1.11760020e-01 -8.30360115e-01 -6.81847155e-01  2.29732096e-01
  2.09668517e-01  2.05878958e-01  4.23139185e-01  2.76696295e-01
  3.52344394e-01  2.69729048e-01  4.56602834e-02  6.02937162e-01
  1.01993454e+00  2.06267285e+00  6.05006158e-01 -3.57249111e-01
 -5.75551033e-01  1.05061138e+00  5.10422826e-01  1.54232514e+00
 -3.46213341e-01  1.66714191e-03 -4.82432216e-01  3.89010340e-01
  4.06538546e-02  1.16304457e+00  2.90505081e-01 -7.41937160e-01
  4.23671961e-01  2.74521023e-01  5.07913411e-01  1.16398722e-01
 -6.87023163e-01  7.18837440e-01  2.21707597e-01 -8.22078660e-02
  1.01369219e-02 -2.58242935e-01 -2.16963291e-01 -1.05790436e+00
 -7.18560591e-02 -5.17467447e-02 -1.59256339e-01  5.70776820e-01
 -1.55755877e-01 -1.04319155e+00  4.44885701e-01 -4.91473198e-01
 -3.14743668e-01 -3.15448970e-01 -4.36566591e-01 -4.87942904e-01
  3.71639699e-01 -1.36374801e-01 -9.55295861e-01 -9.17740822e-01
  4.93625134e-01 -5.92541873e-01  1.92209780e-02  9.06146228e-01
 -1.03102624e+00  9.03387725e-01 -3.70774597e-01  7.88323581e-01
 -4.09922928e-01 -5.49607575e-02  2.92420477e-01  5.08735180e-02
  1.34333479e+00  3.91351134e-01  6.92646801e-02  9.01896417e-01
  6.33295119e-01  2.47102007e-01  9.53693166e-02  1.40412712e+00
  1.20309412e+00  1.57115161e-01  9.49488819e-01 -3.05655375e-02
  4.24820989e-01 -1.41931212e+00 -2.94231504e-01 -5.06524593e-02
 -2.94804960e-01  1.24208748e+00  1.30178735e-01 -2.23355055e-01
 -7.69555569e-03 -5.89794457e-01 -4.98173952e-01 -6.34135962e-01
  8.31708908e-01  3.42528254e-01  3.82146239e-01 -2.86346436e-01
 -2.69852191e-01  5.12497962e-01 -7.92126000e-01  3.89571428e-01
 -1.29352853e-01 -3.89698386e-01  1.62927830e+00  5.47198415e-01
  9.96592864e-02 -4.43594418e-02 -5.18035114e-01  8.31093192e-02
  1.89183518e-01 -3.41822989e-02 -6.71891868e-01  1.50874749e-01
 -7.00894117e-01 -1.09321260e+00 -3.16050082e-01 -5.81241310e-01
 -6.71859831e-02  3.77708197e-01 -5.09753823e-01  7.69031867e-02
  1.13923311e+00 -1.19011752e-01 -8.89738739e-01 -8.35989177e-01
  1.73341438e-01 -7.17074454e-01  7.77168751e-01 -1.32602870e-01
  4.18069094e-01 -6.94241464e-01  2.10333630e-01  7.32650220e-01
  2.85338759e-02  3.85070562e-01 -6.16409361e-01  5.19879721e-02
  1.24885537e-01  3.22399825e-01 -4.34787303e-01  1.56026527e-01
  1.86870992e+00 -5.62272966e-01 -9.66773510e-01 -7.28882968e-01
  2.42057785e-01  3.91514868e-01  6.31514490e-01 -6.10801280e-01
  7.12506473e-01  7.97576457e-02  2.05296174e-01  3.14268976e-01
  3.40138882e-01  6.33170247e-01  7.22965181e-01  6.45762622e-01
 -7.88757801e-02  2.62728184e-01  3.53583805e-02 -4.22313541e-01
 -4.62161899e-02 -2.89381862e-01 -3.98485847e-02 -2.60322660e-01
  5.30496418e-01 -1.13219656e-01  4.56072778e-01 -1.53514341e-01
  1.99926049e-02  3.10648739e-01 -3.03774387e-01  1.34748101e-01
  6.34262264e-01  3.44859250e-02 -4.07471433e-02 -1.00424814e+00
  2.53045976e-01  2.20406577e-01  4.71905470e-01  2.07151961e+00
  2.07900450e-01 -2.02874854e-01 -1.35066435e-01 -9.00767624e-01
 -4.29879814e-01 -9.95774567e-02 -3.55907470e-01  2.51714081e-01
  2.31474891e-01  3.91570687e-01  8.76955032e-01  5.02235651e-01
  1.17850088e-01  3.29772860e-01 -5.69619417e-01 -1.27147496e+00
  1.63935140e-01  1.28913569e+00 -4.55305696e-01  3.86056423e-01
 -6.79300606e-01 -2.15358958e-01  3.95448804e-01 -3.37156773e-01
  5.07169008e-01 -4.61269803e-02 -1.03470218e+00  6.14777803e-02
  4.35286403e-01 -4.56344813e-01 -1.19330049e-01 -3.99390548e-01
 -9.39116478e-02  1.28790975e+00 -1.17038526e-01 -1.12758672e+00
  1.07304834e-01 -1.09820187e+00 -5.72369993e-01 -4.39796038e-02
  5.06777048e-01 -7.32374430e-01 -8.60096738e-02 -8.25091422e-01
 -2.87709296e-01 -7.41765976e-01 -8.51857245e-01 -6.43337071e-02
 -7.30686486e-01  6.17908776e-01 -3.95510882e-01 -9.85791981e-01
 -4.06312615e-01 -5.40924966e-01 -5.87347984e-01  1.61962882e-01
 -4.69483018e-01  3.84799570e-01  4.00321335e-01  5.77400506e-01
 -3.10296416e-02  1.67963028e-01 -3.14867347e-01  5.47842979e-01
  1.27023548e-01  6.76386178e-01 -5.35160005e-01  2.42655158e-01
  3.84288877e-01 -6.76573455e-01 -3.83122921e-01  5.25225699e-01
 -9.46413338e-01  1.98908687e-01  2.73221344e-01  5.35741508e-01
  8.34146976e-01 -1.13098562e+00  4.20983791e-01 -6.75049603e-01
 -5.14660120e-01 -2.49577537e-01 -2.74723202e-01  1.52725950e-01
  8.11905041e-02  4.96776015e-01  3.90156060e-01  5.70145667e-01
  1.33425280e-01  3.91636461e-01  9.81376171e-01 -1.82178780e-01
  4.26412702e-01 -3.75646085e-01 -6.73568785e-01 -6.17576480e-01
  2.31397152e-03  5.91775119e-01 -3.91114444e-01 -1.02295959e+00
  2.72804588e-01 -1.17063582e+00 -8.72985184e-01  3.37519765e-01
 -7.13693440e-01  1.44542649e-01 -2.02991262e-01 -1.35976911e-01
 -5.94905913e-01 -7.01158047e-01  8.28121662e-01  1.54697132e+00
 -4.99334544e-01  3.20179135e-01 -2.37501506e-02  3.93846072e-02
 -4.57764596e-01  2.27225125e-01 -8.25072005e-02 -1.18441880e-02
 -6.48724616e-01  1.32180825e-01  6.66176736e-01 -1.69828641e+00
  6.54987395e-01  5.85955977e-01 -1.37801373e+00 -2.44686291e-01
  1.12931930e-01  4.62913901e-01  3.48506384e-02  8.79061282e-01
 -4.29381460e-01  4.15785670e-01  4.63902950e-01  2.44228080e-01
  1.31092057e-01  6.01281643e-01 -9.61641595e-02 -4.45242256e-01
 -2.62665838e-01 -5.40284634e-01  6.42547846e-01  1.61314145e-01
  8.58900547e-01 -3.97970796e-01  1.50309399e-01 -3.03827554e-01
  6.69430569e-02  4.96631384e-01 -1.30261803e+00 -4.86551195e-01
  4.16612744e-01  1.09201677e-01  5.15097082e-01 -7.14145005e-01
  1.99584484e-01 -4.56286669e-01 -5.41937411e-01 -3.80266666e-01
  1.74875513e-01  2.40833119e-01  4.42717969e-02 -8.66450071e-02
  1.00076556e-01 -3.90757799e-01 -2.61791736e-01  1.68360126e+00
  1.08640575e+00 -3.76668960e-01  1.37973833e+00 -5.62259614e-01
  4.86713499e-01  2.49158010e-01  4.67576049e-02 -3.73004228e-02
 -1.02784288e+00  7.41423154e-03 -4.06897455e-01 -6.88689291e-01
 -5.59970498e-01 -3.88329923e-02 -9.00954545e-01  6.08469248e-01
 -5.46648204e-01 -5.72267294e-01 -2.51762182e-01 -5.98366082e-01
 -1.36168754e+00 -1.25498283e+00  9.23677623e-01  4.45976883e-01
  3.45490932e-01 -4.36429493e-02 -5.61814547e-01  1.20090008e-01
  2.32489705e-02 -2.77724620e-02  1.39182642e-01  5.31667948e-01
 -1.80334151e-01  1.00840271e+00  1.68412149e+00 -1.21989258e-01
 -7.89651334e-01 -1.39644146e-02 -4.93455261e-01  7.51550496e-01
 -4.69966263e-01  6.73797309e-01  3.77757102e-01  3.25352959e-02
  1.27432182e-01  5.08016467e-01 -2.25558758e-01  6.58559740e-01
  3.37384462e-01  1.11876237e+00 -3.72107744e-01 -4.34249751e-02
  6.11955822e-01 -2.85211205e-01 -7.93079659e-02  1.29053937e-02
  6.23687208e-01  3.17710042e-01  1.15503192e+00 -8.88197601e-01
  3.46362799e-01 -7.27253973e-01  1.32999793e-01  3.16417485e-01
  1.02391160e+00 -8.74858379e-01  7.75895894e-01 -2.34553471e-01
 -1.56552196e-01 -7.83782423e-01 -6.63513362e-01  9.60435495e-02
 -8.22755396e-01 -1.09237777e-02 -5.47389030e-01  1.73520148e-01
  1.12842977e+00 -6.75033092e-01  3.22361082e-01 -5.08254588e-01
  4.72578764e-01 -2.19273433e-01 -3.55984122e-01 -3.05874735e-01
  7.71258056e-01 -1.72158346e-01 -4.42646503e-01 -9.24099028e-01
 -2.52762556e-01 -6.08725511e-02  5.66794455e-01 -5.60483754e-01
  6.06552422e-01 -5.93137264e-01 -3.08317125e-01  1.02879035e+00]",0
143,[*]C(C[*])C(=O)[O-],[*]CC([*])c1cc[n+](CC)cc1,450,285,7.0,50,41,0.5,0,1,3,0.6333333333333333,0,1,0,9.921712962962964,9.921712962962964,0.0370370370370369,-0.7824074074074072,0.4204227437702691,19.2,71.055,68.031,71.01385291591001,28.0,2.6,3.2,3.2,1.6457113704075783,3.34341705895396,73.33515884998701,5.861807319565799,2.6009536313038994,2.6009536313038994,3.1807392125526213,1.1051717155225391,1.1051717155225391,0.5231597389607807,0.5231597389607807,0.1666666666666666,0.1666666666666666,0.0,0.0,-0.53,27.977093296928835,1.798837033645378,0.5057254621854761,0.2506048614847814,30.42489110886254,29.21492868948101,9.901064578912528,5.969305287951849,13.344558822616634,0.0,0.0,5.106527394840706,5.969305287951849,4.794537184071822,0.0,0.0,13.344558822616634,40.13,5.969305287951849,9.901064578912528,6.4208216229260096,6.923737199690624,0.0,0.0,0.0,0.0,0.3533333333333333,9.921712962962964,9.921712962962964,0.0,-0.7824074074074072,0.0,0.0694444444444444,1.0162037037037035,0.0,0.6666666666666666,5.0,2.0,0.0,0.0,2.0,4.0,2.0,0.0,-0.9583000000000002,13.564000000000002,1.0,0.0,1.0,1.0,1.0,1.0,0.0,0.0,0.0,0.0,2.3224074074074075,2.3224074074074075,0.5284301776266063,0.5284301776266063,0.5521406753358277,15.7,134.202,122.10599999999998,134.09642580409,52.0,0.0,1.7,2.4,2.9,2.167053352545513,2.770446815269876,232.78878061771368,8.974691494688164,6.248178503821182,6.248178503821182,5.774386907679233,3.4806726876126763,3.4806726876126763,2.166047211752171,2.166047211752171,1.5177731138680297,1.5177731138680297,0.8157553743075044,0.8157553743075044,-0.8500000000000001,606.7749387127436,4.888623338494641,2.080926843886177,0.919449804078233,62.32079104462523,61.47002484785755,4.567099647791355,0.0,0.0,0.0,26.813052428219837,0.0,30.08987277184637,4.567099647791355,0.0,6.544756405912575,0.0,18.90801031431363,24.52642128014937,6.923737199690624,3.88,0.0,0.0,0.0,12.965578028838586,0.0,12.48718869138762,0.0,36.01725812763135,3.383179406021668,0.0,0.0,1.6200925925925929,0.0,4.644814814814815,5.496394557823129,4.855518628747795,0.0,0.4444444444444444,10.0,1.0,1.0,1.0,0.0,3.0,3.0,1.0,1.552,39.859000000000016,0.0,1.0,0.0,0.0,0.0,0.0,1.0,0.0,1.0,1.0,0.0,0.0,[*]CC([*])C(=O)[O-],[*]CC([*])c1cc[n+](CC)cc1,"[ 5.50952554e-01  6.67746007e-01  3.77917290e-01 -1.17441809e+00
 -6.69968367e-01 -1.58297330e-01 -6.72284961e-02 -5.28121531e-01
 -2.75267303e-01  1.55845845e+00  2.68392377e-02 -5.55266798e-01
  7.93385267e-01 -1.03456473e+00 -6.35627568e-01 -1.03876030e+00
 -1.70346820e+00 -1.30036497e+00 -2.25371301e-01 -1.41964734e-01
  1.05430499e-01 -2.92812109e-01  3.19773614e-01  7.72576690e-01
 -6.40112102e-01  1.28019118e+00  2.42774200e+00 -4.54006344e-01
 -9.02524412e-01  9.79506493e-01 -3.34828138e-01 -3.03650469e-01
 -1.33218363e-01 -9.41639364e-01  7.83632636e-01  4.23074663e-01
 -1.73241779e-01  3.54419112e-01  3.47581238e-01 -3.20249461e-02
 -5.87040186e-01 -6.94137141e-02  1.36469281e+00  1.50850272e+00
 -7.08109001e-04  1.40314758e+00  8.37898135e-01  2.30026972e-02
 -1.28918486e-02 -4.91764814e-01 -3.88111532e-01 -8.54103506e-01
 -3.39003444e-01 -8.56086552e-01 -6.32213116e-01 -4.84038144e-01
 -2.89928913e-03  8.45237494e-01 -9.35304523e-01 -3.63467872e-01
 -6.73271000e-01 -1.05482444e-01  8.11104894e-01 -1.71648502e-01
 -3.46295953e-01  9.68204662e-02  7.82802626e-02  6.15729988e-01
 -1.28915578e-01 -8.80074680e-01 -1.10793412e-01 -2.32655019e-01
 -2.76402205e-01  4.76215333e-02 -5.37703753e-01 -4.57626283e-01
 -5.56176007e-01 -5.34456968e-01  4.31151748e-01 -4.61292788e-02
  3.29330802e-01 -1.57692686e-01  6.79725409e-01  7.64999747e-01
  2.28698909e-01  4.99854833e-01  1.03707455e-01  4.23821568e-01
 -1.18584305e-01  5.51582500e-02 -1.27232492e+00  9.25469279e-01
  1.17828858e+00  5.55050254e-01 -6.01640403e-01  1.85598596e-03
 -5.06517231e-01  3.62108380e-01 -1.25593603e-01  2.64763713e-01
  1.74772024e-01  3.16496044e-01 -1.01321959e+00  8.26404274e-01
  1.10871613e+00 -1.15284944e+00  1.07645226e+00 -9.01291013e-01
 -5.09613574e-01  6.92212641e-01 -6.20536089e-01 -2.36807078e-01
  1.11608577e+00  5.01168847e-01  5.16830027e-01  4.75949496e-01
 -6.68551743e-01  4.93257880e-01  2.93971598e-01  4.70821112e-02
 -3.74763817e-01  1.12406266e+00 -1.71836525e-01 -9.83554304e-01
 -3.04760039e-01 -8.03640932e-02  4.01249915e-01 -2.37712353e-01
 -3.63715082e-01 -4.04603444e-02 -6.94833323e-02 -2.84978569e-01
 -1.37553036e-01 -6.40389100e-02 -1.30503821e+00  6.43750072e-01
  8.66559386e-01 -6.59701407e-01 -2.93511987e-01 -5.99394381e-01
 -1.37480929e-01  3.21428955e-01 -4.59521860e-02 -7.53167152e-01
 -2.05593005e-01  1.92969292e-01  1.47321537e-01  6.28412962e-01
  3.42511177e-01 -7.05951214e-01  4.42748845e-01 -4.32425022e-01
  1.24913609e+00 -4.02215600e-01  3.81262302e-01  6.94990575e-01
  3.94117445e-01 -8.92814755e-01 -1.08931231e+00  4.76228297e-01
  1.24987923e-01  6.95637167e-02  7.04857886e-01  3.86546522e-01
  4.89218652e-01  1.67667687e-01  6.18894100e-01  4.35397118e-01
  6.26206696e-01  8.39248419e-01  2.65890479e-01 -2.82257199e-02
  2.12427139e-01  7.49804258e-01  7.74736702e-01  1.29185498e+00
 -4.25994545e-02 -1.65944263e-01 -9.42873001e-01 -1.42539650e-01
 -5.09615064e-01  9.65403438e-01  8.34682345e-01 -5.18386602e-01
  3.53891730e-01  6.41801357e-02  5.08618951e-01  1.01894891e+00
 -3.28530014e-01 -3.32997628e-02 -1.80441827e-01  2.35096931e-01
 -2.55989581e-01 -2.09291473e-01 -1.47133321e-01 -1.64968276e+00
 -1.69284850e-01  6.07510209e-02  6.21947587e-01  7.29369700e-01
  5.99946022e-01 -6.74916565e-01  1.23031831e+00 -1.28958249e+00
 -6.64112449e-01 -3.67776453e-01  1.31455690e-01  3.78233433e-01
 -8.40135753e-01 -3.63106400e-01 -2.50634134e-01 -2.10742283e+00
  6.89093709e-01 -9.02974844e-01 -4.02772009e-01  1.54137588e+00
 -2.07992017e-01  9.06994522e-01 -5.44871032e-01  3.85305762e-01
 -8.09826478e-02  6.84405208e-01  2.46060431e-01 -5.65070868e-01
  5.42701185e-01  2.30542719e-02 -1.22137517e-01  6.66289628e-01
 -1.00670137e-01  5.78732230e-02 -1.18791723e+00  2.20502615e+00
  7.74039507e-01  3.79953198e-02  1.60000706e+00  1.23174655e+00
  2.83441335e-01 -3.15214992e-01 -7.11687982e-01 -7.00975180e-01
 -8.20701361e-01  6.06228650e-01 -6.73054680e-02 -3.09595257e-01
 -1.70270309e-01 -1.09378815e+00 -1.88075840e-01  1.54434606e-01
  6.66516542e-01  3.04506958e-01  1.23938218e-01  3.31819475e-01
 -1.62126659e-03  4.06757772e-01 -8.66131783e-02 -5.88821769e-02
 -5.21769404e-01 -2.06430405e-01  1.92552900e+00 -2.83560157e-01
 -1.90655738e-01 -4.01817203e-01  5.80403030e-01  1.90049112e-01
  5.90409189e-02  3.97923917e-01 -4.53226894e-01  4.97723222e-01
 -3.94481063e-01 -1.30251551e+00 -3.18813235e-01 -4.60155487e-01
 -4.52672958e-01  4.28255886e-01  1.86832532e-01 -4.64421064e-01
  8.26421797e-01  8.58034790e-02  9.91345942e-02 -6.91530228e-01
  6.67168140e-01 -6.56287134e-01  1.84816062e+00  1.09426033e+00
  1.60102636e-01 -1.11405814e+00  3.91883664e-02  3.58302563e-01
 -5.41131608e-02  4.13817704e-01 -2.12963536e-01  3.07724923e-01
  1.17556334e+00 -1.34069726e-01  2.33674124e-01 -7.30481418e-03
  7.81065047e-01 -3.03012580e-01 -8.35513845e-02  5.53557932e-01
 -2.84455985e-01 -2.47817889e-01  1.89149991e-01 -1.02672207e+00
  1.32583808e-02 -2.55627990e-01  9.52539861e-01 -2.96597350e-02
  8.79282951e-01  4.27375317e-01 -1.99289754e-01  2.20845848e-01
  1.33380175e-01  1.14704527e-01  9.84668970e-01 -2.11234868e-01
 -4.05843139e-01 -7.67308354e-01  3.14330757e-02  3.86560559e-01
  1.19929647e+00  5.36592305e-01  5.09199142e-01 -1.36162627e+00
 -1.05296448e-01 -5.59449345e-02 -3.80162150e-02 -6.26801491e-01
  1.86362505e-01 -1.73844025e-01 -6.50287032e-01 -3.45541984e-01
 -7.34303296e-01  7.24383742e-02  1.10383463e+00  1.14996636e+00
  4.15981650e-01  2.12344471e-02  3.46782468e-02 -6.53821528e-01
 -5.01247168e-01  1.01878500e+00 -5.11385202e-01  5.93827702e-02
  1.42465687e+00  8.32590798e-04  8.78591835e-01  5.78436792e-01
  7.18320012e-01  5.57367444e-01 -5.57254732e-01 -1.31244791e+00
  7.39392415e-02  1.02208316e+00 -1.73512977e-02  8.59655023e-01
 -3.99190225e-02 -2.82223940e-01  3.95490587e-01  4.02262717e-01
  8.03426445e-01 -2.58965492e-01 -1.23902738e+00 -9.40800786e-01
  1.62803307e-01 -1.82705402e-01 -1.00059152e+00 -5.43330550e-01
 -6.58766031e-01 -2.29741275e-01  1.80671170e-01 -1.29144430e-01
  3.56926799e-01 -8.86848867e-02 -9.70983922e-01  2.64483422e-01
  1.72349140e-01 -7.12217987e-01 -8.57104957e-02 -3.92155677e-01
  1.69065610e-01 -3.40923727e-01 -2.67417639e-01 -1.58317521e-01
 -6.08656704e-01  1.02118409e+00 -2.54552245e-01 -9.51778710e-01
 -2.65829086e-01 -5.54043390e-02 -5.34137547e-01  7.80924261e-02
 -4.31904018e-01 -2.93715656e-01 -5.59636712e-01  7.50055850e-01
  5.42586446e-01  5.21332622e-01  7.41369128e-01 -2.03372106e-01
 -2.98140310e-02  1.17485476e+00 -6.42839670e-01  9.09768820e-01
 -2.86733925e-01 -6.71667278e-01 -7.02754200e-01  5.18063009e-01
 -7.03846872e-01  8.45564783e-01  2.22889528e-01  5.72806001e-02
  7.29165733e-01 -1.03616178e+00  1.58585691e+00 -4.93727475e-01
 -3.07119966e-01  9.14265960e-02 -6.41273111e-02 -5.38270436e-02
  3.15355629e-01  1.19199312e+00  6.83415830e-01  1.33915111e-01
  1.16254874e-01  3.87908012e-01  8.34312201e-01 -1.76378161e-01
  4.98694271e-01 -4.02371407e-01 -7.95837879e-01 -3.92245412e-01
 -7.62568772e-01  1.17841554e+00 -8.50370944e-01 -8.19937170e-01
 -1.17226891e-01 -8.34619522e-01 -1.40142596e+00  3.41342449e-01
 -1.18009889e+00  1.72452241e-01  7.37082437e-02 -3.43734443e-01
 -5.56558371e-01 -1.20999336e-01  6.78034663e-01 -1.69035867e-02
 -9.26296234e-01 -5.40798724e-01 -1.40218958e-01 -3.94925140e-02
 -8.04703236e-01 -9.95787308e-02 -2.03307927e-01 -1.50647974e+00
 -1.90729693e-01  4.01281953e-01  8.01624775e-01 -1.31860971e+00
  2.80246615e-01 -1.09216804e-02 -8.86645317e-01  8.60824645e-01
  5.10790169e-01  2.27465048e-01 -6.09495401e-01  1.30400555e-02
 -5.35382628e-02  5.99121809e-01  9.75840449e-01  7.68029451e-01
 -1.04766703e+00  1.87973067e-01  7.01478198e-02  4.77244973e-01
 -6.52137339e-01  7.09963962e-02 -4.24877740e-02  3.11902642e-01
  1.14879143e+00 -1.62646145e-01  2.15660229e-01  2.38919973e-01
  1.27243221e-01 -2.14758724e-01 -8.41916800e-01  1.32479280e-01
  2.49055177e-01 -3.80854696e-01 -2.53900200e-01 -1.52146888e+00
 -4.27862376e-01 -3.30217481e-01 -1.65427983e-01 -5.02607748e-02
  5.20032287e-01 -1.33780479e-01 -2.27504417e-01 -2.93135196e-01
 -2.25837648e-01  5.58377504e-01 -2.53188342e-01  1.02464998e+00
  3.18368047e-01  2.15202257e-01 -1.98995262e-01 -1.44416893e+00
  5.02204970e-02 -2.66076565e-01 -1.08973151e-02 -2.40284443e-01
 -5.64793527e-01  6.28166497e-02  3.36367339e-01 -8.57639432e-01
 -8.62743378e-01 -5.27694464e-01 -5.19397497e-01  8.48357737e-01
 -9.25135195e-01 -8.00738484e-02 -1.99941337e-01 -4.17113543e-01
 -7.53359854e-01 -9.31248963e-01 -3.05604845e-01  3.69783878e-01
 -1.04227677e-01  1.14021158e+00 -1.58956695e+00 -1.72336042e-01
  3.25673372e-01  7.78758302e-02 -3.53107870e-01  5.87968975e-02
  1.47149250e-01  8.21567714e-01  9.81274366e-01  5.93652308e-01
  5.79920053e-01  7.66876757e-01 -7.82622874e-01  4.46217418e-01
 -2.69964069e-01  4.41214263e-01 -1.92598388e-01 -4.10362273e-01
  5.84180020e-02  1.81740105e-01 -1.81846797e-01  3.85951310e-01
  8.06822419e-01  6.49897575e-01 -7.08981693e-01  1.09895403e-02
  5.91275170e-02 -7.26420283e-01 -3.29815060e-01 -2.90464878e-01
  3.73225480e-01  7.54145861e-01  1.66838729e+00 -2.18773857e-01
 -7.01609969e-01 -1.36749840e+00 -3.00247729e-01 -5.03675103e-01
  8.70439291e-01 -4.03018713e-01 -9.52010870e-01  1.99213073e-01
 -9.88790244e-02 -1.30468071e+00 -5.96089602e-01  2.54472584e-01
 -1.41453886e+00 -2.63562888e-01 -5.13353407e-01  7.11600557e-02
  1.20021462e+00 -1.73822570e+00  7.00591266e-01 -8.52419317e-01
  1.40644157e+00 -9.30212319e-01  1.71362936e-01 -3.40986192e-01
  1.11099374e+00  3.32399905e-01  3.70734811e-01 -1.41833186e+00
  7.56462216e-01 -4.55584586e-01  4.26305503e-01 -6.59897864e-01
  1.24169588e+00 -3.52406174e-01 -1.76326826e-01  4.58189696e-01]","[ 2.58754939e-01  7.65666783e-01 -4.65707630e-01 -4.36065912e-01
 -1.02154410e+00  3.74384910e-01  2.53483087e-01  4.09017712e-01
 -6.94044456e-02  6.88503325e-01 -5.28746426e-01  9.49705672e-03
  1.22118175e+00 -1.29630601e+00 -8.81272554e-01 -1.36076915e+00
 -7.82842219e-01 -6.90891325e-01 -7.81432152e-01  7.17344582e-01
  1.65111768e+00 -2.14252546e-01  7.42859602e-01  8.88970852e-01
  9.16712806e-02  6.13837898e-01  2.14042950e+00 -4.88709062e-01
 -3.48345608e-01  6.08429551e-01 -7.47659430e-02  1.67858288e-01
  2.20460221e-01 -8.66752043e-02  5.38115680e-01  3.48620623e-01
 -4.05876786e-01  2.07969666e-01  3.64317708e-02 -1.68470338e-01
 -1.19797252e-01 -3.29685718e-04  1.09635150e+00  8.61720383e-01
  3.81253630e-01  3.06869358e-01  8.60960782e-01 -5.03717922e-02
  5.55247486e-01 -2.21602872e-01  3.81490827e-01  1.78490713e-01
 -3.82163048e-01 -5.39982021e-01 -2.26499572e-01  2.35104397e-01
  5.11031091e-01  1.36317283e-01 -1.01213396e+00  7.63465106e-01
 -7.91656673e-01  6.24221146e-01 -5.04378676e-02  1.83643326e-01
 -2.18661264e-01  7.73185909e-01  6.97015703e-01 -8.37078318e-02
 -1.59653902e-01 -3.47926170e-01 -3.12480479e-01 -4.70926136e-01
 -1.22260191e-01 -1.11529268e-01 -5.80355048e-01 -4.57529038e-01
  1.04305685e-01 -5.60658038e-01 -5.75476885e-02  2.07826346e-02
  5.11998355e-01 -4.07395922e-02 -8.57271776e-02  8.07722390e-01
  1.25639126e-01 -2.27841973e-01  1.99368715e-01  3.94466549e-01
 -2.29423419e-01  6.56251252e-01 -1.39102936e+00 -2.48177513e-01
  1.02561653e+00  1.63333565e-01 -7.41358042e-01  4.11552817e-01
 -6.56937659e-01  8.11281383e-01  1.32502774e-02 -8.95606503e-02
 -8.85221139e-02  8.10027122e-01 -1.39308321e+00  1.41229165e+00
  1.47527564e+00 -5.27085662e-01  2.02385023e-01 -1.41935205e+00
 -2.88261324e-01  4.54457074e-01 -1.46575600e-01 -8.69578123e-02
  7.32687950e-01 -6.16145432e-01  1.34594366e-01  6.39876187e-01
 -1.44258842e-01  2.16147140e-01 -2.23000154e-01  6.38989031e-01
 -4.11915869e-01  3.50595713e-01  5.70650995e-01 -8.09123695e-01
 -4.94646877e-01 -4.51880284e-02 -1.54170379e-01  3.72843176e-01
 -1.84427261e-01 -4.46734615e-02  1.41228944e-01 -3.13785821e-01
 -1.36994436e-01 -2.44505003e-01 -1.35662365e+00  5.76085364e-03
  1.65453315e-01 -5.28535903e-01 -1.37860805e-01 -6.12922132e-01
 -4.81841946e-03  1.16985954e-01  5.10767877e-01 -5.25469959e-01
  3.92412357e-02  3.49685192e-01 -6.66919053e-02 -2.74920493e-01
  6.00411296e-02 -3.49984258e-01  7.61600062e-02 -2.26685509e-01
  8.62072706e-01 -4.64118570e-01 -2.94663697e-01  5.15659273e-01
  1.72863439e-01 -9.21992779e-01 -9.47336614e-01 -2.89100736e-01
  2.59418692e-02  1.51202843e-01 -7.73630664e-02  3.85801084e-02
  2.93126196e-01 -3.53437036e-01 -1.18852735e-01  5.98323166e-01
  1.07211065e+00  1.25569713e+00  2.15441491e-02 -2.15563297e-01
 -7.10687578e-01  1.29834712e+00  8.37024391e-01  1.38366830e+00
 -2.41990876e-03 -3.08258146e-01 -1.00147593e+00  3.74590397e-01
  3.18077542e-02  1.06435704e+00  6.53108656e-02 -3.44478697e-01
  4.10884619e-04  4.46341187e-01 -2.23740339e-02  3.45368236e-01
 -1.59559309e-01  2.95039713e-01  4.16525990e-01  2.51234889e-01
  1.53080240e-01 -5.57194650e-01 -4.55134362e-01 -9.01373684e-01
 -1.24181308e-01 -3.51409823e-01 -2.22094998e-01  4.69337195e-01
  3.66864018e-02 -9.05083597e-01  4.72788185e-01 -8.23253930e-01
 -7.69597828e-01 -1.41294524e-01 -5.41748941e-01 -1.59614399e-01
 -3.31402093e-01  1.56573012e-01 -6.26872480e-01 -1.08016205e+00
  6.74879372e-01 -2.28904560e-01 -3.66408229e-01  9.52807426e-01
 -2.49409720e-01  6.31160557e-01 -2.16425419e-01  7.80879796e-01
 -5.31057753e-02  2.12950587e-01  2.08714247e-01 -3.76456939e-02
  1.02227533e+00  2.05922544e-01  4.96548325e-01  1.14875138e+00
 -1.47142842e-01  1.44781128e-01 -1.00707434e-01  1.95989263e+00
  5.88235199e-01  2.39680350e-01  1.08087635e+00  8.00363198e-02
 -4.00677443e-01 -8.46993923e-01 -3.01950455e-01 -4.92810518e-01
 -9.30117428e-01  9.02858555e-01 -2.92300373e-01 -1.44224569e-01
  4.48532671e-01 -7.70175755e-01 -9.61511359e-02 -9.23241436e-01
  6.88463748e-02  2.13101104e-01  3.51493865e-01  7.25903213e-02
  8.29195008e-02  3.10883552e-01 -3.06551903e-01  6.26678407e-01
  1.16759121e-01 -3.19817029e-02  9.86835957e-01  2.12960601e-01
 -1.87608883e-01 -4.39048260e-01 -3.93611670e-01  3.14746238e-02
  4.67132837e-01  5.91510355e-01 -5.82304895e-01 -3.08005631e-01
 -3.97076577e-01 -1.61111081e+00 -6.18716002e-01  9.36848521e-02
 -2.64846057e-01  3.04639369e-01 -2.97773540e-01  2.59679228e-01
  8.37306738e-01  3.94203186e-01 -8.16127777e-01 -1.10288668e+00
  1.83305308e-01 -2.00568721e-01  1.48652220e+00  1.16011453e+00
 -2.86318362e-02 -5.29603899e-01  3.83966208e-01  7.54229307e-01
  7.64074996e-02  3.81459713e-01 -3.68279248e-01  3.44247609e-01
  2.45934680e-01  7.71982253e-01 -1.27560392e-01  5.86078055e-02
  1.93814218e+00 -1.06247580e+00 -5.15270948e-01 -6.02204442e-01
 -1.91837952e-01  1.38955191e-01  5.88956475e-03 -2.56706387e-01
  6.63230121e-01  3.49048585e-01  5.71135342e-01  7.18370378e-01
 -1.42920511e-02  1.72898695e-01  6.89943075e-01  1.69781840e-03
 -3.96998338e-02  7.82621205e-01  7.13594913e-01 -3.70173663e-01
 -5.42735076e-03 -8.73017013e-01 -4.07721192e-01 -2.67813742e-01
  7.90600777e-01  4.62941319e-01  5.06024420e-01 -8.13354015e-01
  3.29493552e-01  2.80005783e-01 -1.17573768e-01  3.97675186e-01
  1.45187899e-01 -8.07157829e-02 -7.78619200e-02 -9.61248457e-01
  6.81790113e-02 -6.57359958e-02  9.75333154e-01  1.91977775e+00
 -3.26742262e-01  7.42301112e-03  2.52164411e-03 -4.06822801e-01
 -9.29980457e-01  8.28021824e-01 -3.20083089e-02  1.52232334e-01
  4.19183105e-01  4.04705971e-01  1.15119231e+00 -1.91186130e-01
 -1.26877546e-01 -1.48641035e-01 -3.43369275e-01 -1.19184506e+00
 -2.82330811e-01  1.25802338e+00 -2.45547876e-01 -8.44457448e-02
 -5.24645150e-01  2.47254089e-01  4.11571175e-01  2.63517380e-01
 -8.29683170e-02  2.00176358e-01 -1.07659066e+00 -4.29665715e-01
  1.15340889e+00  1.80977825e-02 -6.42389894e-01  1.35355279e-01
  4.07437468e-03  2.60230094e-01 -5.03543727e-02 -8.82178068e-01
 -2.46009305e-01 -1.16771936e+00 -3.78451586e-01 -7.65593290e-01
 -4.00647074e-01 -1.21218868e-01 -8.26268017e-01 -3.02382022e-01
 -5.00344252e-03 -1.06858885e+00 -3.26659828e-01 -2.16492906e-01
 -3.30358028e-01  2.30187774e-01 -1.79770425e-01 -9.02734339e-01
 -7.41476953e-01 -6.15338869e-02 -9.38126519e-02  1.94314957e-01
 -2.89056301e-01  8.90308917e-01  3.91442508e-01  6.97327435e-01
  7.45553672e-01  4.24382836e-01 -3.27737331e-01  5.80936432e-01
 -1.24678463e-02  9.26483929e-01 -3.51582199e-01  1.77305654e-01
  1.70948878e-01  4.45365123e-02  1.28183261e-01  3.41375679e-01
 -5.32822609e-01 -4.74269688e-02  4.22098309e-01  9.11723912e-01
  8.00791025e-01 -6.36188805e-01  8.95480737e-02 -8.06500256e-01
 -4.49507117e-01 -1.71611205e-01 -5.80729425e-01 -1.74753711e-01
  3.67258549e-01 -1.01258963e-01  3.10842961e-01 -5.60998805e-02
  2.71947473e-01  4.78378147e-01  8.30143690e-01  4.15337592e-01
 -1.45673469e-01 -7.29671180e-01 -5.47645152e-01 -9.97540951e-01
 -8.99102926e-01  5.54789960e-01 -2.95613915e-01 -7.16665268e-01
  2.14029267e-01 -1.01798892e+00 -9.23852921e-01  7.91428983e-02
 -9.04280901e-01  6.19130284e-02  1.51161209e-01 -2.35187531e-01
 -3.37493032e-01 -1.02911043e+00 -9.89820734e-02  9.27680433e-01
 -3.10963392e-01 -2.72858471e-01  1.63475215e-01  2.96460211e-01
  4.45687979e-01  1.95598766e-01 -3.05731595e-01  6.93182573e-02
 -3.21123272e-01  5.95443428e-01  5.48458576e-01 -2.00317121e+00
  6.79128945e-01  4.56946820e-01 -7.14092970e-01  3.14033777e-02
 -6.99467063e-02  8.38553488e-01 -1.02953374e+00  4.51370209e-01
 -5.72017729e-01  7.34556675e-01  6.52249217e-01  5.14868200e-01
 -4.01160747e-01  4.57474798e-01  2.88481891e-01 -8.71608034e-02
  1.11201353e-01 -9.85160887e-01  2.93618321e-01 -3.79842997e-01
  8.51307884e-02 -5.13610363e-01 -4.46230084e-01  1.90197393e-01
 -2.25161240e-01  2.27955058e-01 -1.24368936e-01 -6.23004377e-01
 -1.21121533e-01 -4.17960078e-01  1.72031224e-02 -9.25355911e-01
  1.97996378e-01 -9.37604904e-02 -8.29413414e-01 -8.01442146e-01
  9.10189077e-02  1.93399265e-01 -6.44582450e-01 -7.51188278e-01
 -3.33442926e-01  2.49328986e-01 -7.26612434e-02  1.05746686e+00
  8.82225409e-02 -4.86976236e-01  1.60925579e+00 -7.45107889e-01
  1.58774313e-02 -1.61246493e-01  7.17768967e-02 -5.85627973e-01
 -2.52059549e-01 -4.42534357e-01  2.18473479e-01 -8.10688913e-01
 -9.37299252e-01 -5.24647534e-01 -2.10442737e-01  5.20700634e-01
 -9.27391708e-01 -5.11770666e-01 -7.26313531e-01 -3.05953294e-01
 -7.26748466e-01 -1.29627538e+00  1.06564254e-01  5.24497032e-01
  3.93341690e-01  6.82094276e-01 -3.47765595e-01  2.02958107e-01
 -9.43305120e-02 -6.87422931e-01  6.86987817e-01  2.45795906e-01
  3.44973117e-01  9.67409134e-01  1.50813806e+00  3.60267907e-01
 -5.07872105e-01  4.62053381e-02 -5.79474270e-01  6.78498089e-01
 -6.48347318e-01  4.99527693e-01 -1.12642586e-01  9.04823542e-02
  8.42202723e-01  5.29779196e-01 -4.15849477e-01  6.08234823e-01
  7.51701653e-01  1.28312588e+00 -5.83781183e-01  2.36583486e-01
  4.46787387e-01 -3.08433235e-01 -2.31035069e-01  7.70932138e-02
  9.77844521e-02  1.07979155e+00  1.03480005e+00 -2.42791072e-01
 -2.93547481e-01 -9.94999707e-01  6.03366315e-01 -2.94181198e-04
  8.74860764e-01 -1.30845034e+00  1.74097955e-01  8.38625208e-02
 -8.89260590e-01 -1.20076764e+00 -5.70772111e-01  3.23102623e-01
 -1.04073751e+00 -8.27366650e-01  2.95840353e-02  5.12552619e-01
  6.87260330e-01 -7.78497756e-01 -3.96597475e-01 -4.32368070e-01
  3.85459930e-01 -1.70074224e-01  1.80485800e-01  3.28782350e-01
  7.54682243e-01 -1.78295150e-01 -6.10124528e-01 -1.08846831e+00
 -2.02196494e-01 -3.63281816e-01 -1.63538814e-01 -5.32768428e-01
  2.83494651e-01 -3.79056066e-01 -8.27098917e-03  1.01834345e+00]",0
145,[*]C(C[*])C(=O)[O-],[*]CC([*])c1[n+](C)c(C)ccc1,450,20,7.0,100,31,0.5,0,1,6,0.0444444444444444,0,1,0,9.921712962962964,9.921712962962964,0.0370370370370369,-0.7824074074074072,0.4204227437702691,19.2,71.055,68.031,71.01385291591001,28.0,2.6,3.2,3.2,1.6457113704075783,3.34341705895396,73.33515884998701,5.861807319565799,2.6009536313038994,2.6009536313038994,3.1807392125526213,1.1051717155225391,1.1051717155225391,0.5231597389607807,0.5231597389607807,0.1666666666666666,0.1666666666666666,0.0,0.0,-0.53,27.977093296928835,1.798837033645378,0.5057254621854761,0.2506048614847814,30.42489110886254,29.21492868948101,9.901064578912528,5.969305287951849,13.344558822616634,0.0,0.0,5.106527394840706,5.969305287951849,4.794537184071822,0.0,0.0,13.344558822616634,40.13,5.969305287951849,9.901064578912528,6.4208216229260096,6.923737199690624,0.0,0.0,0.0,0.0,0.3533333333333333,9.921712962962964,9.921712962962964,0.0,-0.7824074074074072,0.0,0.0694444444444444,1.0162037037037035,0.0,0.6666666666666666,5.0,2.0,0.0,0.0,2.0,4.0,2.0,0.0,-0.9583000000000002,13.564000000000002,1.0,0.0,1.0,1.0,1.0,1.0,0.0,0.0,0.0,0.0,2.3744907407407405,2.3744907407407405,0.4998148148148148,0.4998148148148148,0.5378735140085047,15.8,134.20199999999997,122.10599999999998,134.09642580409,52.0,0.0,1.8,2.6,3.3,2.084320437315095,3.071919016223133,273.2310872723904,9.137828201504696,6.463721453445009,6.463721453445009,5.663902460147014,3.335367551914885,3.335367551914885,2.355171496302288,2.355171496302288,1.7299089214328325,1.7299089214328325,0.9181732824291704,0.9181732824291704,-0.8500000000000001,506.4898662675681,4.888623338494641,1.815283360019171,0.7374264600617634,62.32079104462523,61.47002484785755,4.567099647791355,0.0,0.0,7.04767198267719,20.268296022307258,0.0,29.58695719508175,4.567099647791355,0.0,7.04767198267719,6.923737199690624,17.808677612622933,18.19910120538483,6.923737199690624,3.88,0.0,0.0,0.0,6.4208216229260096,5.693927994848461,12.617665194539086,0.0,36.737610035544,3.4757114512471654,0.0,0.0,2.996296296296297,0.0,6.708417422524565,1.0230555555555554,3.759667422524565,2.2035185185185187,0.4444444444444444,10.0,1.0,1.0,1.0,0.0,3.0,2.0,1.0,1.37752,39.90300000000001,0.0,1.0,0.0,0.0,0.0,0.0,1.0,0.0,1.0,1.0,0.0,0.0,[*]CC([*])C(=O)[O-],[*]CC([*])c1cccc(C)[n+]1C,"[ 5.50952554e-01  6.67746007e-01  3.77917290e-01 -1.17441809e+00
 -6.69968367e-01 -1.58297330e-01 -6.72284961e-02 -5.28121531e-01
 -2.75267303e-01  1.55845845e+00  2.68392377e-02 -5.55266798e-01
  7.93385267e-01 -1.03456473e+00 -6.35627568e-01 -1.03876030e+00
 -1.70346820e+00 -1.30036497e+00 -2.25371301e-01 -1.41964734e-01
  1.05430499e-01 -2.92812109e-01  3.19773614e-01  7.72576690e-01
 -6.40112102e-01  1.28019118e+00  2.42774200e+00 -4.54006344e-01
 -9.02524412e-01  9.79506493e-01 -3.34828138e-01 -3.03650469e-01
 -1.33218363e-01 -9.41639364e-01  7.83632636e-01  4.23074663e-01
 -1.73241779e-01  3.54419112e-01  3.47581238e-01 -3.20249461e-02
 -5.87040186e-01 -6.94137141e-02  1.36469281e+00  1.50850272e+00
 -7.08109001e-04  1.40314758e+00  8.37898135e-01  2.30026972e-02
 -1.28918486e-02 -4.91764814e-01 -3.88111532e-01 -8.54103506e-01
 -3.39003444e-01 -8.56086552e-01 -6.32213116e-01 -4.84038144e-01
 -2.89928913e-03  8.45237494e-01 -9.35304523e-01 -3.63467872e-01
 -6.73271000e-01 -1.05482444e-01  8.11104894e-01 -1.71648502e-01
 -3.46295953e-01  9.68204662e-02  7.82802626e-02  6.15729988e-01
 -1.28915578e-01 -8.80074680e-01 -1.10793412e-01 -2.32655019e-01
 -2.76402205e-01  4.76215333e-02 -5.37703753e-01 -4.57626283e-01
 -5.56176007e-01 -5.34456968e-01  4.31151748e-01 -4.61292788e-02
  3.29330802e-01 -1.57692686e-01  6.79725409e-01  7.64999747e-01
  2.28698909e-01  4.99854833e-01  1.03707455e-01  4.23821568e-01
 -1.18584305e-01  5.51582500e-02 -1.27232492e+00  9.25469279e-01
  1.17828858e+00  5.55050254e-01 -6.01640403e-01  1.85598596e-03
 -5.06517231e-01  3.62108380e-01 -1.25593603e-01  2.64763713e-01
  1.74772024e-01  3.16496044e-01 -1.01321959e+00  8.26404274e-01
  1.10871613e+00 -1.15284944e+00  1.07645226e+00 -9.01291013e-01
 -5.09613574e-01  6.92212641e-01 -6.20536089e-01 -2.36807078e-01
  1.11608577e+00  5.01168847e-01  5.16830027e-01  4.75949496e-01
 -6.68551743e-01  4.93257880e-01  2.93971598e-01  4.70821112e-02
 -3.74763817e-01  1.12406266e+00 -1.71836525e-01 -9.83554304e-01
 -3.04760039e-01 -8.03640932e-02  4.01249915e-01 -2.37712353e-01
 -3.63715082e-01 -4.04603444e-02 -6.94833323e-02 -2.84978569e-01
 -1.37553036e-01 -6.40389100e-02 -1.30503821e+00  6.43750072e-01
  8.66559386e-01 -6.59701407e-01 -2.93511987e-01 -5.99394381e-01
 -1.37480929e-01  3.21428955e-01 -4.59521860e-02 -7.53167152e-01
 -2.05593005e-01  1.92969292e-01  1.47321537e-01  6.28412962e-01
  3.42511177e-01 -7.05951214e-01  4.42748845e-01 -4.32425022e-01
  1.24913609e+00 -4.02215600e-01  3.81262302e-01  6.94990575e-01
  3.94117445e-01 -8.92814755e-01 -1.08931231e+00  4.76228297e-01
  1.24987923e-01  6.95637167e-02  7.04857886e-01  3.86546522e-01
  4.89218652e-01  1.67667687e-01  6.18894100e-01  4.35397118e-01
  6.26206696e-01  8.39248419e-01  2.65890479e-01 -2.82257199e-02
  2.12427139e-01  7.49804258e-01  7.74736702e-01  1.29185498e+00
 -4.25994545e-02 -1.65944263e-01 -9.42873001e-01 -1.42539650e-01
 -5.09615064e-01  9.65403438e-01  8.34682345e-01 -5.18386602e-01
  3.53891730e-01  6.41801357e-02  5.08618951e-01  1.01894891e+00
 -3.28530014e-01 -3.32997628e-02 -1.80441827e-01  2.35096931e-01
 -2.55989581e-01 -2.09291473e-01 -1.47133321e-01 -1.64968276e+00
 -1.69284850e-01  6.07510209e-02  6.21947587e-01  7.29369700e-01
  5.99946022e-01 -6.74916565e-01  1.23031831e+00 -1.28958249e+00
 -6.64112449e-01 -3.67776453e-01  1.31455690e-01  3.78233433e-01
 -8.40135753e-01 -3.63106400e-01 -2.50634134e-01 -2.10742283e+00
  6.89093709e-01 -9.02974844e-01 -4.02772009e-01  1.54137588e+00
 -2.07992017e-01  9.06994522e-01 -5.44871032e-01  3.85305762e-01
 -8.09826478e-02  6.84405208e-01  2.46060431e-01 -5.65070868e-01
  5.42701185e-01  2.30542719e-02 -1.22137517e-01  6.66289628e-01
 -1.00670137e-01  5.78732230e-02 -1.18791723e+00  2.20502615e+00
  7.74039507e-01  3.79953198e-02  1.60000706e+00  1.23174655e+00
  2.83441335e-01 -3.15214992e-01 -7.11687982e-01 -7.00975180e-01
 -8.20701361e-01  6.06228650e-01 -6.73054680e-02 -3.09595257e-01
 -1.70270309e-01 -1.09378815e+00 -1.88075840e-01  1.54434606e-01
  6.66516542e-01  3.04506958e-01  1.23938218e-01  3.31819475e-01
 -1.62126659e-03  4.06757772e-01 -8.66131783e-02 -5.88821769e-02
 -5.21769404e-01 -2.06430405e-01  1.92552900e+00 -2.83560157e-01
 -1.90655738e-01 -4.01817203e-01  5.80403030e-01  1.90049112e-01
  5.90409189e-02  3.97923917e-01 -4.53226894e-01  4.97723222e-01
 -3.94481063e-01 -1.30251551e+00 -3.18813235e-01 -4.60155487e-01
 -4.52672958e-01  4.28255886e-01  1.86832532e-01 -4.64421064e-01
  8.26421797e-01  8.58034790e-02  9.91345942e-02 -6.91530228e-01
  6.67168140e-01 -6.56287134e-01  1.84816062e+00  1.09426033e+00
  1.60102636e-01 -1.11405814e+00  3.91883664e-02  3.58302563e-01
 -5.41131608e-02  4.13817704e-01 -2.12963536e-01  3.07724923e-01
  1.17556334e+00 -1.34069726e-01  2.33674124e-01 -7.30481418e-03
  7.81065047e-01 -3.03012580e-01 -8.35513845e-02  5.53557932e-01
 -2.84455985e-01 -2.47817889e-01  1.89149991e-01 -1.02672207e+00
  1.32583808e-02 -2.55627990e-01  9.52539861e-01 -2.96597350e-02
  8.79282951e-01  4.27375317e-01 -1.99289754e-01  2.20845848e-01
  1.33380175e-01  1.14704527e-01  9.84668970e-01 -2.11234868e-01
 -4.05843139e-01 -7.67308354e-01  3.14330757e-02  3.86560559e-01
  1.19929647e+00  5.36592305e-01  5.09199142e-01 -1.36162627e+00
 -1.05296448e-01 -5.59449345e-02 -3.80162150e-02 -6.26801491e-01
  1.86362505e-01 -1.73844025e-01 -6.50287032e-01 -3.45541984e-01
 -7.34303296e-01  7.24383742e-02  1.10383463e+00  1.14996636e+00
  4.15981650e-01  2.12344471e-02  3.46782468e-02 -6.53821528e-01
 -5.01247168e-01  1.01878500e+00 -5.11385202e-01  5.93827702e-02
  1.42465687e+00  8.32590798e-04  8.78591835e-01  5.78436792e-01
  7.18320012e-01  5.57367444e-01 -5.57254732e-01 -1.31244791e+00
  7.39392415e-02  1.02208316e+00 -1.73512977e-02  8.59655023e-01
 -3.99190225e-02 -2.82223940e-01  3.95490587e-01  4.02262717e-01
  8.03426445e-01 -2.58965492e-01 -1.23902738e+00 -9.40800786e-01
  1.62803307e-01 -1.82705402e-01 -1.00059152e+00 -5.43330550e-01
 -6.58766031e-01 -2.29741275e-01  1.80671170e-01 -1.29144430e-01
  3.56926799e-01 -8.86848867e-02 -9.70983922e-01  2.64483422e-01
  1.72349140e-01 -7.12217987e-01 -8.57104957e-02 -3.92155677e-01
  1.69065610e-01 -3.40923727e-01 -2.67417639e-01 -1.58317521e-01
 -6.08656704e-01  1.02118409e+00 -2.54552245e-01 -9.51778710e-01
 -2.65829086e-01 -5.54043390e-02 -5.34137547e-01  7.80924261e-02
 -4.31904018e-01 -2.93715656e-01 -5.59636712e-01  7.50055850e-01
  5.42586446e-01  5.21332622e-01  7.41369128e-01 -2.03372106e-01
 -2.98140310e-02  1.17485476e+00 -6.42839670e-01  9.09768820e-01
 -2.86733925e-01 -6.71667278e-01 -7.02754200e-01  5.18063009e-01
 -7.03846872e-01  8.45564783e-01  2.22889528e-01  5.72806001e-02
  7.29165733e-01 -1.03616178e+00  1.58585691e+00 -4.93727475e-01
 -3.07119966e-01  9.14265960e-02 -6.41273111e-02 -5.38270436e-02
  3.15355629e-01  1.19199312e+00  6.83415830e-01  1.33915111e-01
  1.16254874e-01  3.87908012e-01  8.34312201e-01 -1.76378161e-01
  4.98694271e-01 -4.02371407e-01 -7.95837879e-01 -3.92245412e-01
 -7.62568772e-01  1.17841554e+00 -8.50370944e-01 -8.19937170e-01
 -1.17226891e-01 -8.34619522e-01 -1.40142596e+00  3.41342449e-01
 -1.18009889e+00  1.72452241e-01  7.37082437e-02 -3.43734443e-01
 -5.56558371e-01 -1.20999336e-01  6.78034663e-01 -1.69035867e-02
 -9.26296234e-01 -5.40798724e-01 -1.40218958e-01 -3.94925140e-02
 -8.04703236e-01 -9.95787308e-02 -2.03307927e-01 -1.50647974e+00
 -1.90729693e-01  4.01281953e-01  8.01624775e-01 -1.31860971e+00
  2.80246615e-01 -1.09216804e-02 -8.86645317e-01  8.60824645e-01
  5.10790169e-01  2.27465048e-01 -6.09495401e-01  1.30400555e-02
 -5.35382628e-02  5.99121809e-01  9.75840449e-01  7.68029451e-01
 -1.04766703e+00  1.87973067e-01  7.01478198e-02  4.77244973e-01
 -6.52137339e-01  7.09963962e-02 -4.24877740e-02  3.11902642e-01
  1.14879143e+00 -1.62646145e-01  2.15660229e-01  2.38919973e-01
  1.27243221e-01 -2.14758724e-01 -8.41916800e-01  1.32479280e-01
  2.49055177e-01 -3.80854696e-01 -2.53900200e-01 -1.52146888e+00
 -4.27862376e-01 -3.30217481e-01 -1.65427983e-01 -5.02607748e-02
  5.20032287e-01 -1.33780479e-01 -2.27504417e-01 -2.93135196e-01
 -2.25837648e-01  5.58377504e-01 -2.53188342e-01  1.02464998e+00
  3.18368047e-01  2.15202257e-01 -1.98995262e-01 -1.44416893e+00
  5.02204970e-02 -2.66076565e-01 -1.08973151e-02 -2.40284443e-01
 -5.64793527e-01  6.28166497e-02  3.36367339e-01 -8.57639432e-01
 -8.62743378e-01 -5.27694464e-01 -5.19397497e-01  8.48357737e-01
 -9.25135195e-01 -8.00738484e-02 -1.99941337e-01 -4.17113543e-01
 -7.53359854e-01 -9.31248963e-01 -3.05604845e-01  3.69783878e-01
 -1.04227677e-01  1.14021158e+00 -1.58956695e+00 -1.72336042e-01
  3.25673372e-01  7.78758302e-02 -3.53107870e-01  5.87968975e-02
  1.47149250e-01  8.21567714e-01  9.81274366e-01  5.93652308e-01
  5.79920053e-01  7.66876757e-01 -7.82622874e-01  4.46217418e-01
 -2.69964069e-01  4.41214263e-01 -1.92598388e-01 -4.10362273e-01
  5.84180020e-02  1.81740105e-01 -1.81846797e-01  3.85951310e-01
  8.06822419e-01  6.49897575e-01 -7.08981693e-01  1.09895403e-02
  5.91275170e-02 -7.26420283e-01 -3.29815060e-01 -2.90464878e-01
  3.73225480e-01  7.54145861e-01  1.66838729e+00 -2.18773857e-01
 -7.01609969e-01 -1.36749840e+00 -3.00247729e-01 -5.03675103e-01
  8.70439291e-01 -4.03018713e-01 -9.52010870e-01  1.99213073e-01
 -9.88790244e-02 -1.30468071e+00 -5.96089602e-01  2.54472584e-01
 -1.41453886e+00 -2.63562888e-01 -5.13353407e-01  7.11600557e-02
  1.20021462e+00 -1.73822570e+00  7.00591266e-01 -8.52419317e-01
  1.40644157e+00 -9.30212319e-01  1.71362936e-01 -3.40986192e-01
  1.11099374e+00  3.32399905e-01  3.70734811e-01 -1.41833186e+00
  7.56462216e-01 -4.55584586e-01  4.26305503e-01 -6.59897864e-01
  1.24169588e+00 -3.52406174e-01 -1.76326826e-01  4.58189696e-01]","[ 9.34219420e-01  7.52981961e-01 -8.96503553e-02 -6.94664180e-01
 -8.69917572e-01  5.56101382e-01  2.10748389e-01 -1.40856253e-02
  3.80376983e-03  6.77995205e-01 -2.12646902e-01 -4.09866810e-01
  8.71477902e-01 -1.98181975e+00 -3.53078693e-01 -1.23047590e+00
 -8.58768761e-01 -4.17802691e-01 -2.25076988e-01  2.45299295e-01
  3.92572314e-01 -5.04190505e-01  3.36336493e-01  1.14773595e+00
 -8.72434080e-01  4.94719267e-01  2.92553258e+00 -1.70226768e-01
 -3.94109398e-01  2.77472943e-01 -5.02508342e-01  4.27883863e-02
  1.50443926e-01 -6.66318461e-02  8.49124372e-01  2.44030878e-01
 -3.08234721e-01  6.85178459e-01  6.93162739e-01 -1.03473663e-03
 -2.87256781e-02 -3.53275567e-01  8.43556345e-01  6.03383780e-01
  2.23054290e-01  4.28072572e-01  4.07381840e-02  4.84972931e-02
  7.38408566e-01 -2.29203090e-01 -2.81006455e-01 -6.01720326e-02
 -1.16499746e+00  9.23274532e-02 -2.02385962e-01 -1.47556037e-01
  4.16871309e-01  2.53500462e-01 -7.87209988e-01 -6.41326085e-02
 -1.19074094e+00  2.18185768e-01  3.44929546e-02 -1.71249822e-01
 -9.26708996e-01  9.26710427e-01  5.61137378e-01  9.88510847e-02
 -2.26546135e-02  6.24476731e-01  5.65419734e-01 -2.47909520e-02
  1.07996561e-01 -2.56172959e-02 -6.62278831e-01 -4.46901411e-01
  2.20202461e-01 -6.41986489e-01 -5.91654778e-02 -2.17219636e-01
  4.25948709e-01 -2.02057540e-01 -4.46181625e-01  2.08623901e-01
  1.26461759e-01  7.40824342e-02  8.50928128e-02  4.64262813e-01
  1.86313912e-01  1.97090223e-01 -1.31709778e+00  3.15761566e-03
  4.43468243e-01  2.45348647e-01 -7.68986702e-01 -2.52117366e-01
 -1.34925202e-01  8.03414047e-01  4.74336237e-01 -3.85452598e-01
 -6.47294149e-02  4.05239731e-01 -1.24941671e+00  1.38913691e+00
  8.45637500e-01 -5.54949462e-01  8.85206878e-01 -8.18343818e-01
 -1.91408932e-01  2.33381107e-01 -5.26936471e-01 -7.27947056e-01
  5.61303675e-01 -6.07131124e-01  6.38529480e-01  5.25116265e-01
  2.94139177e-01  4.15215403e-01 -5.07566392e-01  4.65911120e-01
 -9.93422568e-01  3.43289942e-01 -3.48805398e-01 -1.15581834e+00
 -2.23598942e-01  2.67298192e-01  2.58934170e-01 -2.96836704e-01
 -5.73481619e-01  3.80982727e-01 -2.97791455e-02 -9.19770718e-01
 -5.24636030e-01  2.62360722e-01 -1.39276040e+00 -6.30733073e-01
 -1.42052233e-01 -9.56403732e-01  9.19377580e-02  1.14252485e-01
 -6.77156687e-01 -4.10846710e-01  8.24481964e-01 -6.52744889e-01
  8.89848843e-02 -1.30086720e-01  2.10832164e-01 -8.98263931e-01
 -4.41012532e-01 -5.95768332e-01  1.24723442e-01 -9.50685799e-01
  5.42060256e-01 -2.04318121e-01  1.40307173e-01 -6.32694364e-03
 -1.11760020e-01 -8.30360115e-01 -6.81847155e-01  2.29732096e-01
  2.09668517e-01  2.05878958e-01  4.23139185e-01  2.76696295e-01
  3.52344394e-01  2.69729048e-01  4.56602834e-02  6.02937162e-01
  1.01993454e+00  2.06267285e+00  6.05006158e-01 -3.57249111e-01
 -5.75551033e-01  1.05061138e+00  5.10422826e-01  1.54232514e+00
 -3.46213341e-01  1.66714191e-03 -4.82432216e-01  3.89010340e-01
  4.06538546e-02  1.16304457e+00  2.90505081e-01 -7.41937160e-01
  4.23671961e-01  2.74521023e-01  5.07913411e-01  1.16398722e-01
 -6.87023163e-01  7.18837440e-01  2.21707597e-01 -8.22078660e-02
  1.01369219e-02 -2.58242935e-01 -2.16963291e-01 -1.05790436e+00
 -7.18560591e-02 -5.17467447e-02 -1.59256339e-01  5.70776820e-01
 -1.55755877e-01 -1.04319155e+00  4.44885701e-01 -4.91473198e-01
 -3.14743668e-01 -3.15448970e-01 -4.36566591e-01 -4.87942904e-01
  3.71639699e-01 -1.36374801e-01 -9.55295861e-01 -9.17740822e-01
  4.93625134e-01 -5.92541873e-01  1.92209780e-02  9.06146228e-01
 -1.03102624e+00  9.03387725e-01 -3.70774597e-01  7.88323581e-01
 -4.09922928e-01 -5.49607575e-02  2.92420477e-01  5.08735180e-02
  1.34333479e+00  3.91351134e-01  6.92646801e-02  9.01896417e-01
  6.33295119e-01  2.47102007e-01  9.53693166e-02  1.40412712e+00
  1.20309412e+00  1.57115161e-01  9.49488819e-01 -3.05655375e-02
  4.24820989e-01 -1.41931212e+00 -2.94231504e-01 -5.06524593e-02
 -2.94804960e-01  1.24208748e+00  1.30178735e-01 -2.23355055e-01
 -7.69555569e-03 -5.89794457e-01 -4.98173952e-01 -6.34135962e-01
  8.31708908e-01  3.42528254e-01  3.82146239e-01 -2.86346436e-01
 -2.69852191e-01  5.12497962e-01 -7.92126000e-01  3.89571428e-01
 -1.29352853e-01 -3.89698386e-01  1.62927830e+00  5.47198415e-01
  9.96592864e-02 -4.43594418e-02 -5.18035114e-01  8.31093192e-02
  1.89183518e-01 -3.41822989e-02 -6.71891868e-01  1.50874749e-01
 -7.00894117e-01 -1.09321260e+00 -3.16050082e-01 -5.81241310e-01
 -6.71859831e-02  3.77708197e-01 -5.09753823e-01  7.69031867e-02
  1.13923311e+00 -1.19011752e-01 -8.89738739e-01 -8.35989177e-01
  1.73341438e-01 -7.17074454e-01  7.77168751e-01 -1.32602870e-01
  4.18069094e-01 -6.94241464e-01  2.10333630e-01  7.32650220e-01
  2.85338759e-02  3.85070562e-01 -6.16409361e-01  5.19879721e-02
  1.24885537e-01  3.22399825e-01 -4.34787303e-01  1.56026527e-01
  1.86870992e+00 -5.62272966e-01 -9.66773510e-01 -7.28882968e-01
  2.42057785e-01  3.91514868e-01  6.31514490e-01 -6.10801280e-01
  7.12506473e-01  7.97576457e-02  2.05296174e-01  3.14268976e-01
  3.40138882e-01  6.33170247e-01  7.22965181e-01  6.45762622e-01
 -7.88757801e-02  2.62728184e-01  3.53583805e-02 -4.22313541e-01
 -4.62161899e-02 -2.89381862e-01 -3.98485847e-02 -2.60322660e-01
  5.30496418e-01 -1.13219656e-01  4.56072778e-01 -1.53514341e-01
  1.99926049e-02  3.10648739e-01 -3.03774387e-01  1.34748101e-01
  6.34262264e-01  3.44859250e-02 -4.07471433e-02 -1.00424814e+00
  2.53045976e-01  2.20406577e-01  4.71905470e-01  2.07151961e+00
  2.07900450e-01 -2.02874854e-01 -1.35066435e-01 -9.00767624e-01
 -4.29879814e-01 -9.95774567e-02 -3.55907470e-01  2.51714081e-01
  2.31474891e-01  3.91570687e-01  8.76955032e-01  5.02235651e-01
  1.17850088e-01  3.29772860e-01 -5.69619417e-01 -1.27147496e+00
  1.63935140e-01  1.28913569e+00 -4.55305696e-01  3.86056423e-01
 -6.79300606e-01 -2.15358958e-01  3.95448804e-01 -3.37156773e-01
  5.07169008e-01 -4.61269803e-02 -1.03470218e+00  6.14777803e-02
  4.35286403e-01 -4.56344813e-01 -1.19330049e-01 -3.99390548e-01
 -9.39116478e-02  1.28790975e+00 -1.17038526e-01 -1.12758672e+00
  1.07304834e-01 -1.09820187e+00 -5.72369993e-01 -4.39796038e-02
  5.06777048e-01 -7.32374430e-01 -8.60096738e-02 -8.25091422e-01
 -2.87709296e-01 -7.41765976e-01 -8.51857245e-01 -6.43337071e-02
 -7.30686486e-01  6.17908776e-01 -3.95510882e-01 -9.85791981e-01
 -4.06312615e-01 -5.40924966e-01 -5.87347984e-01  1.61962882e-01
 -4.69483018e-01  3.84799570e-01  4.00321335e-01  5.77400506e-01
 -3.10296416e-02  1.67963028e-01 -3.14867347e-01  5.47842979e-01
  1.27023548e-01  6.76386178e-01 -5.35160005e-01  2.42655158e-01
  3.84288877e-01 -6.76573455e-01 -3.83122921e-01  5.25225699e-01
 -9.46413338e-01  1.98908687e-01  2.73221344e-01  5.35741508e-01
  8.34146976e-01 -1.13098562e+00  4.20983791e-01 -6.75049603e-01
 -5.14660120e-01 -2.49577537e-01 -2.74723202e-01  1.52725950e-01
  8.11905041e-02  4.96776015e-01  3.90156060e-01  5.70145667e-01
  1.33425280e-01  3.91636461e-01  9.81376171e-01 -1.82178780e-01
  4.26412702e-01 -3.75646085e-01 -6.73568785e-01 -6.17576480e-01
  2.31397152e-03  5.91775119e-01 -3.91114444e-01 -1.02295959e+00
  2.72804588e-01 -1.17063582e+00 -8.72985184e-01  3.37519765e-01
 -7.13693440e-01  1.44542649e-01 -2.02991262e-01 -1.35976911e-01
 -5.94905913e-01 -7.01158047e-01  8.28121662e-01  1.54697132e+00
 -4.99334544e-01  3.20179135e-01 -2.37501506e-02  3.93846072e-02
 -4.57764596e-01  2.27225125e-01 -8.25072005e-02 -1.18441880e-02
 -6.48724616e-01  1.32180825e-01  6.66176736e-01 -1.69828641e+00
  6.54987395e-01  5.85955977e-01 -1.37801373e+00 -2.44686291e-01
  1.12931930e-01  4.62913901e-01  3.48506384e-02  8.79061282e-01
 -4.29381460e-01  4.15785670e-01  4.63902950e-01  2.44228080e-01
  1.31092057e-01  6.01281643e-01 -9.61641595e-02 -4.45242256e-01
 -2.62665838e-01 -5.40284634e-01  6.42547846e-01  1.61314145e-01
  8.58900547e-01 -3.97970796e-01  1.50309399e-01 -3.03827554e-01
  6.69430569e-02  4.96631384e-01 -1.30261803e+00 -4.86551195e-01
  4.16612744e-01  1.09201677e-01  5.15097082e-01 -7.14145005e-01
  1.99584484e-01 -4.56286669e-01 -5.41937411e-01 -3.80266666e-01
  1.74875513e-01  2.40833119e-01  4.42717969e-02 -8.66450071e-02
  1.00076556e-01 -3.90757799e-01 -2.61791736e-01  1.68360126e+00
  1.08640575e+00 -3.76668960e-01  1.37973833e+00 -5.62259614e-01
  4.86713499e-01  2.49158010e-01  4.67576049e-02 -3.73004228e-02
 -1.02784288e+00  7.41423154e-03 -4.06897455e-01 -6.88689291e-01
 -5.59970498e-01 -3.88329923e-02 -9.00954545e-01  6.08469248e-01
 -5.46648204e-01 -5.72267294e-01 -2.51762182e-01 -5.98366082e-01
 -1.36168754e+00 -1.25498283e+00  9.23677623e-01  4.45976883e-01
  3.45490932e-01 -4.36429493e-02 -5.61814547e-01  1.20090008e-01
  2.32489705e-02 -2.77724620e-02  1.39182642e-01  5.31667948e-01
 -1.80334151e-01  1.00840271e+00  1.68412149e+00 -1.21989258e-01
 -7.89651334e-01 -1.39644146e-02 -4.93455261e-01  7.51550496e-01
 -4.69966263e-01  6.73797309e-01  3.77757102e-01  3.25352959e-02
  1.27432182e-01  5.08016467e-01 -2.25558758e-01  6.58559740e-01
  3.37384462e-01  1.11876237e+00 -3.72107744e-01 -4.34249751e-02
  6.11955822e-01 -2.85211205e-01 -7.93079659e-02  1.29053937e-02
  6.23687208e-01  3.17710042e-01  1.15503192e+00 -8.88197601e-01
  3.46362799e-01 -7.27253973e-01  1.32999793e-01  3.16417485e-01
  1.02391160e+00 -8.74858379e-01  7.75895894e-01 -2.34553471e-01
 -1.56552196e-01 -7.83782423e-01 -6.63513362e-01  9.60435495e-02
 -8.22755396e-01 -1.09237777e-02 -5.47389030e-01  1.73520148e-01
  1.12842977e+00 -6.75033092e-01  3.22361082e-01 -5.08254588e-01
  4.72578764e-01 -2.19273433e-01 -3.55984122e-01 -3.05874735e-01
  7.71258056e-01 -1.72158346e-01 -4.42646503e-01 -9.24099028e-01
 -2.52762556e-01 -6.08725511e-02  5.66794455e-01 -5.60483754e-01
  6.06552422e-01 -5.93137264e-01 -3.08317125e-01  1.02879035e+00]",0
147,[*]C(C[*])C(=O)[O-],[*]CC([*])c1cc[n+](CC)cc1,450,285,7.0,100,35,0.5,0,1,3,0.6333333333333333,0,1,0,9.921712962962964,9.921712962962964,0.0370370370370369,-0.7824074074074072,0.4204227437702691,19.2,71.055,68.031,71.01385291591001,28.0,2.6,3.2,3.2,1.6457113704075783,3.34341705895396,73.33515884998701,5.861807319565799,2.6009536313038994,2.6009536313038994,3.1807392125526213,1.1051717155225391,1.1051717155225391,0.5231597389607807,0.5231597389607807,0.1666666666666666,0.1666666666666666,0.0,0.0,-0.53,27.977093296928835,1.798837033645378,0.5057254621854761,0.2506048614847814,30.42489110886254,29.21492868948101,9.901064578912528,5.969305287951849,13.344558822616634,0.0,0.0,5.106527394840706,5.969305287951849,4.794537184071822,0.0,0.0,13.344558822616634,40.13,5.969305287951849,9.901064578912528,6.4208216229260096,6.923737199690624,0.0,0.0,0.0,0.0,0.3533333333333333,9.921712962962964,9.921712962962964,0.0,-0.7824074074074072,0.0,0.0694444444444444,1.0162037037037035,0.0,0.6666666666666666,5.0,2.0,0.0,0.0,2.0,4.0,2.0,0.0,-0.9583000000000002,13.564000000000002,1.0,0.0,1.0,1.0,1.0,1.0,0.0,0.0,0.0,0.0,2.3224074074074075,2.3224074074074075,0.5284301776266063,0.5284301776266063,0.5521406753358277,15.7,134.202,122.10599999999998,134.09642580409,52.0,0.0,1.7,2.4,2.9,2.167053352545513,2.770446815269876,232.78878061771368,8.974691494688164,6.248178503821182,6.248178503821182,5.774386907679233,3.4806726876126763,3.4806726876126763,2.166047211752171,2.166047211752171,1.5177731138680297,1.5177731138680297,0.8157553743075044,0.8157553743075044,-0.8500000000000001,606.7749387127436,4.888623338494641,2.080926843886177,0.919449804078233,62.32079104462523,61.47002484785755,4.567099647791355,0.0,0.0,0.0,26.813052428219837,0.0,30.08987277184637,4.567099647791355,0.0,6.544756405912575,0.0,18.90801031431363,24.52642128014937,6.923737199690624,3.88,0.0,0.0,0.0,12.965578028838586,0.0,12.48718869138762,0.0,36.01725812763135,3.383179406021668,0.0,0.0,1.6200925925925929,0.0,4.644814814814815,5.496394557823129,4.855518628747795,0.0,0.4444444444444444,10.0,1.0,1.0,1.0,0.0,3.0,3.0,1.0,1.552,39.859000000000016,0.0,1.0,0.0,0.0,0.0,0.0,1.0,0.0,1.0,1.0,0.0,0.0,[*]CC([*])C(=O)[O-],[*]CC([*])c1cc[n+](CC)cc1,"[ 5.50952554e-01  6.67746007e-01  3.77917290e-01 -1.17441809e+00
 -6.69968367e-01 -1.58297330e-01 -6.72284961e-02 -5.28121531e-01
 -2.75267303e-01  1.55845845e+00  2.68392377e-02 -5.55266798e-01
  7.93385267e-01 -1.03456473e+00 -6.35627568e-01 -1.03876030e+00
 -1.70346820e+00 -1.30036497e+00 -2.25371301e-01 -1.41964734e-01
  1.05430499e-01 -2.92812109e-01  3.19773614e-01  7.72576690e-01
 -6.40112102e-01  1.28019118e+00  2.42774200e+00 -4.54006344e-01
 -9.02524412e-01  9.79506493e-01 -3.34828138e-01 -3.03650469e-01
 -1.33218363e-01 -9.41639364e-01  7.83632636e-01  4.23074663e-01
 -1.73241779e-01  3.54419112e-01  3.47581238e-01 -3.20249461e-02
 -5.87040186e-01 -6.94137141e-02  1.36469281e+00  1.50850272e+00
 -7.08109001e-04  1.40314758e+00  8.37898135e-01  2.30026972e-02
 -1.28918486e-02 -4.91764814e-01 -3.88111532e-01 -8.54103506e-01
 -3.39003444e-01 -8.56086552e-01 -6.32213116e-01 -4.84038144e-01
 -2.89928913e-03  8.45237494e-01 -9.35304523e-01 -3.63467872e-01
 -6.73271000e-01 -1.05482444e-01  8.11104894e-01 -1.71648502e-01
 -3.46295953e-01  9.68204662e-02  7.82802626e-02  6.15729988e-01
 -1.28915578e-01 -8.80074680e-01 -1.10793412e-01 -2.32655019e-01
 -2.76402205e-01  4.76215333e-02 -5.37703753e-01 -4.57626283e-01
 -5.56176007e-01 -5.34456968e-01  4.31151748e-01 -4.61292788e-02
  3.29330802e-01 -1.57692686e-01  6.79725409e-01  7.64999747e-01
  2.28698909e-01  4.99854833e-01  1.03707455e-01  4.23821568e-01
 -1.18584305e-01  5.51582500e-02 -1.27232492e+00  9.25469279e-01
  1.17828858e+00  5.55050254e-01 -6.01640403e-01  1.85598596e-03
 -5.06517231e-01  3.62108380e-01 -1.25593603e-01  2.64763713e-01
  1.74772024e-01  3.16496044e-01 -1.01321959e+00  8.26404274e-01
  1.10871613e+00 -1.15284944e+00  1.07645226e+00 -9.01291013e-01
 -5.09613574e-01  6.92212641e-01 -6.20536089e-01 -2.36807078e-01
  1.11608577e+00  5.01168847e-01  5.16830027e-01  4.75949496e-01
 -6.68551743e-01  4.93257880e-01  2.93971598e-01  4.70821112e-02
 -3.74763817e-01  1.12406266e+00 -1.71836525e-01 -9.83554304e-01
 -3.04760039e-01 -8.03640932e-02  4.01249915e-01 -2.37712353e-01
 -3.63715082e-01 -4.04603444e-02 -6.94833323e-02 -2.84978569e-01
 -1.37553036e-01 -6.40389100e-02 -1.30503821e+00  6.43750072e-01
  8.66559386e-01 -6.59701407e-01 -2.93511987e-01 -5.99394381e-01
 -1.37480929e-01  3.21428955e-01 -4.59521860e-02 -7.53167152e-01
 -2.05593005e-01  1.92969292e-01  1.47321537e-01  6.28412962e-01
  3.42511177e-01 -7.05951214e-01  4.42748845e-01 -4.32425022e-01
  1.24913609e+00 -4.02215600e-01  3.81262302e-01  6.94990575e-01
  3.94117445e-01 -8.92814755e-01 -1.08931231e+00  4.76228297e-01
  1.24987923e-01  6.95637167e-02  7.04857886e-01  3.86546522e-01
  4.89218652e-01  1.67667687e-01  6.18894100e-01  4.35397118e-01
  6.26206696e-01  8.39248419e-01  2.65890479e-01 -2.82257199e-02
  2.12427139e-01  7.49804258e-01  7.74736702e-01  1.29185498e+00
 -4.25994545e-02 -1.65944263e-01 -9.42873001e-01 -1.42539650e-01
 -5.09615064e-01  9.65403438e-01  8.34682345e-01 -5.18386602e-01
  3.53891730e-01  6.41801357e-02  5.08618951e-01  1.01894891e+00
 -3.28530014e-01 -3.32997628e-02 -1.80441827e-01  2.35096931e-01
 -2.55989581e-01 -2.09291473e-01 -1.47133321e-01 -1.64968276e+00
 -1.69284850e-01  6.07510209e-02  6.21947587e-01  7.29369700e-01
  5.99946022e-01 -6.74916565e-01  1.23031831e+00 -1.28958249e+00
 -6.64112449e-01 -3.67776453e-01  1.31455690e-01  3.78233433e-01
 -8.40135753e-01 -3.63106400e-01 -2.50634134e-01 -2.10742283e+00
  6.89093709e-01 -9.02974844e-01 -4.02772009e-01  1.54137588e+00
 -2.07992017e-01  9.06994522e-01 -5.44871032e-01  3.85305762e-01
 -8.09826478e-02  6.84405208e-01  2.46060431e-01 -5.65070868e-01
  5.42701185e-01  2.30542719e-02 -1.22137517e-01  6.66289628e-01
 -1.00670137e-01  5.78732230e-02 -1.18791723e+00  2.20502615e+00
  7.74039507e-01  3.79953198e-02  1.60000706e+00  1.23174655e+00
  2.83441335e-01 -3.15214992e-01 -7.11687982e-01 -7.00975180e-01
 -8.20701361e-01  6.06228650e-01 -6.73054680e-02 -3.09595257e-01
 -1.70270309e-01 -1.09378815e+00 -1.88075840e-01  1.54434606e-01
  6.66516542e-01  3.04506958e-01  1.23938218e-01  3.31819475e-01
 -1.62126659e-03  4.06757772e-01 -8.66131783e-02 -5.88821769e-02
 -5.21769404e-01 -2.06430405e-01  1.92552900e+00 -2.83560157e-01
 -1.90655738e-01 -4.01817203e-01  5.80403030e-01  1.90049112e-01
  5.90409189e-02  3.97923917e-01 -4.53226894e-01  4.97723222e-01
 -3.94481063e-01 -1.30251551e+00 -3.18813235e-01 -4.60155487e-01
 -4.52672958e-01  4.28255886e-01  1.86832532e-01 -4.64421064e-01
  8.26421797e-01  8.58034790e-02  9.91345942e-02 -6.91530228e-01
  6.67168140e-01 -6.56287134e-01  1.84816062e+00  1.09426033e+00
  1.60102636e-01 -1.11405814e+00  3.91883664e-02  3.58302563e-01
 -5.41131608e-02  4.13817704e-01 -2.12963536e-01  3.07724923e-01
  1.17556334e+00 -1.34069726e-01  2.33674124e-01 -7.30481418e-03
  7.81065047e-01 -3.03012580e-01 -8.35513845e-02  5.53557932e-01
 -2.84455985e-01 -2.47817889e-01  1.89149991e-01 -1.02672207e+00
  1.32583808e-02 -2.55627990e-01  9.52539861e-01 -2.96597350e-02
  8.79282951e-01  4.27375317e-01 -1.99289754e-01  2.20845848e-01
  1.33380175e-01  1.14704527e-01  9.84668970e-01 -2.11234868e-01
 -4.05843139e-01 -7.67308354e-01  3.14330757e-02  3.86560559e-01
  1.19929647e+00  5.36592305e-01  5.09199142e-01 -1.36162627e+00
 -1.05296448e-01 -5.59449345e-02 -3.80162150e-02 -6.26801491e-01
  1.86362505e-01 -1.73844025e-01 -6.50287032e-01 -3.45541984e-01
 -7.34303296e-01  7.24383742e-02  1.10383463e+00  1.14996636e+00
  4.15981650e-01  2.12344471e-02  3.46782468e-02 -6.53821528e-01
 -5.01247168e-01  1.01878500e+00 -5.11385202e-01  5.93827702e-02
  1.42465687e+00  8.32590798e-04  8.78591835e-01  5.78436792e-01
  7.18320012e-01  5.57367444e-01 -5.57254732e-01 -1.31244791e+00
  7.39392415e-02  1.02208316e+00 -1.73512977e-02  8.59655023e-01
 -3.99190225e-02 -2.82223940e-01  3.95490587e-01  4.02262717e-01
  8.03426445e-01 -2.58965492e-01 -1.23902738e+00 -9.40800786e-01
  1.62803307e-01 -1.82705402e-01 -1.00059152e+00 -5.43330550e-01
 -6.58766031e-01 -2.29741275e-01  1.80671170e-01 -1.29144430e-01
  3.56926799e-01 -8.86848867e-02 -9.70983922e-01  2.64483422e-01
  1.72349140e-01 -7.12217987e-01 -8.57104957e-02 -3.92155677e-01
  1.69065610e-01 -3.40923727e-01 -2.67417639e-01 -1.58317521e-01
 -6.08656704e-01  1.02118409e+00 -2.54552245e-01 -9.51778710e-01
 -2.65829086e-01 -5.54043390e-02 -5.34137547e-01  7.80924261e-02
 -4.31904018e-01 -2.93715656e-01 -5.59636712e-01  7.50055850e-01
  5.42586446e-01  5.21332622e-01  7.41369128e-01 -2.03372106e-01
 -2.98140310e-02  1.17485476e+00 -6.42839670e-01  9.09768820e-01
 -2.86733925e-01 -6.71667278e-01 -7.02754200e-01  5.18063009e-01
 -7.03846872e-01  8.45564783e-01  2.22889528e-01  5.72806001e-02
  7.29165733e-01 -1.03616178e+00  1.58585691e+00 -4.93727475e-01
 -3.07119966e-01  9.14265960e-02 -6.41273111e-02 -5.38270436e-02
  3.15355629e-01  1.19199312e+00  6.83415830e-01  1.33915111e-01
  1.16254874e-01  3.87908012e-01  8.34312201e-01 -1.76378161e-01
  4.98694271e-01 -4.02371407e-01 -7.95837879e-01 -3.92245412e-01
 -7.62568772e-01  1.17841554e+00 -8.50370944e-01 -8.19937170e-01
 -1.17226891e-01 -8.34619522e-01 -1.40142596e+00  3.41342449e-01
 -1.18009889e+00  1.72452241e-01  7.37082437e-02 -3.43734443e-01
 -5.56558371e-01 -1.20999336e-01  6.78034663e-01 -1.69035867e-02
 -9.26296234e-01 -5.40798724e-01 -1.40218958e-01 -3.94925140e-02
 -8.04703236e-01 -9.95787308e-02 -2.03307927e-01 -1.50647974e+00
 -1.90729693e-01  4.01281953e-01  8.01624775e-01 -1.31860971e+00
  2.80246615e-01 -1.09216804e-02 -8.86645317e-01  8.60824645e-01
  5.10790169e-01  2.27465048e-01 -6.09495401e-01  1.30400555e-02
 -5.35382628e-02  5.99121809e-01  9.75840449e-01  7.68029451e-01
 -1.04766703e+00  1.87973067e-01  7.01478198e-02  4.77244973e-01
 -6.52137339e-01  7.09963962e-02 -4.24877740e-02  3.11902642e-01
  1.14879143e+00 -1.62646145e-01  2.15660229e-01  2.38919973e-01
  1.27243221e-01 -2.14758724e-01 -8.41916800e-01  1.32479280e-01
  2.49055177e-01 -3.80854696e-01 -2.53900200e-01 -1.52146888e+00
 -4.27862376e-01 -3.30217481e-01 -1.65427983e-01 -5.02607748e-02
  5.20032287e-01 -1.33780479e-01 -2.27504417e-01 -2.93135196e-01
 -2.25837648e-01  5.58377504e-01 -2.53188342e-01  1.02464998e+00
  3.18368047e-01  2.15202257e-01 -1.98995262e-01 -1.44416893e+00
  5.02204970e-02 -2.66076565e-01 -1.08973151e-02 -2.40284443e-01
 -5.64793527e-01  6.28166497e-02  3.36367339e-01 -8.57639432e-01
 -8.62743378e-01 -5.27694464e-01 -5.19397497e-01  8.48357737e-01
 -9.25135195e-01 -8.00738484e-02 -1.99941337e-01 -4.17113543e-01
 -7.53359854e-01 -9.31248963e-01 -3.05604845e-01  3.69783878e-01
 -1.04227677e-01  1.14021158e+00 -1.58956695e+00 -1.72336042e-01
  3.25673372e-01  7.78758302e-02 -3.53107870e-01  5.87968975e-02
  1.47149250e-01  8.21567714e-01  9.81274366e-01  5.93652308e-01
  5.79920053e-01  7.66876757e-01 -7.82622874e-01  4.46217418e-01
 -2.69964069e-01  4.41214263e-01 -1.92598388e-01 -4.10362273e-01
  5.84180020e-02  1.81740105e-01 -1.81846797e-01  3.85951310e-01
  8.06822419e-01  6.49897575e-01 -7.08981693e-01  1.09895403e-02
  5.91275170e-02 -7.26420283e-01 -3.29815060e-01 -2.90464878e-01
  3.73225480e-01  7.54145861e-01  1.66838729e+00 -2.18773857e-01
 -7.01609969e-01 -1.36749840e+00 -3.00247729e-01 -5.03675103e-01
  8.70439291e-01 -4.03018713e-01 -9.52010870e-01  1.99213073e-01
 -9.88790244e-02 -1.30468071e+00 -5.96089602e-01  2.54472584e-01
 -1.41453886e+00 -2.63562888e-01 -5.13353407e-01  7.11600557e-02
  1.20021462e+00 -1.73822570e+00  7.00591266e-01 -8.52419317e-01
  1.40644157e+00 -9.30212319e-01  1.71362936e-01 -3.40986192e-01
  1.11099374e+00  3.32399905e-01  3.70734811e-01 -1.41833186e+00
  7.56462216e-01 -4.55584586e-01  4.26305503e-01 -6.59897864e-01
  1.24169588e+00 -3.52406174e-01 -1.76326826e-01  4.58189696e-01]","[ 2.58754939e-01  7.65666783e-01 -4.65707630e-01 -4.36065912e-01
 -1.02154410e+00  3.74384910e-01  2.53483087e-01  4.09017712e-01
 -6.94044456e-02  6.88503325e-01 -5.28746426e-01  9.49705672e-03
  1.22118175e+00 -1.29630601e+00 -8.81272554e-01 -1.36076915e+00
 -7.82842219e-01 -6.90891325e-01 -7.81432152e-01  7.17344582e-01
  1.65111768e+00 -2.14252546e-01  7.42859602e-01  8.88970852e-01
  9.16712806e-02  6.13837898e-01  2.14042950e+00 -4.88709062e-01
 -3.48345608e-01  6.08429551e-01 -7.47659430e-02  1.67858288e-01
  2.20460221e-01 -8.66752043e-02  5.38115680e-01  3.48620623e-01
 -4.05876786e-01  2.07969666e-01  3.64317708e-02 -1.68470338e-01
 -1.19797252e-01 -3.29685718e-04  1.09635150e+00  8.61720383e-01
  3.81253630e-01  3.06869358e-01  8.60960782e-01 -5.03717922e-02
  5.55247486e-01 -2.21602872e-01  3.81490827e-01  1.78490713e-01
 -3.82163048e-01 -5.39982021e-01 -2.26499572e-01  2.35104397e-01
  5.11031091e-01  1.36317283e-01 -1.01213396e+00  7.63465106e-01
 -7.91656673e-01  6.24221146e-01 -5.04378676e-02  1.83643326e-01
 -2.18661264e-01  7.73185909e-01  6.97015703e-01 -8.37078318e-02
 -1.59653902e-01 -3.47926170e-01 -3.12480479e-01 -4.70926136e-01
 -1.22260191e-01 -1.11529268e-01 -5.80355048e-01 -4.57529038e-01
  1.04305685e-01 -5.60658038e-01 -5.75476885e-02  2.07826346e-02
  5.11998355e-01 -4.07395922e-02 -8.57271776e-02  8.07722390e-01
  1.25639126e-01 -2.27841973e-01  1.99368715e-01  3.94466549e-01
 -2.29423419e-01  6.56251252e-01 -1.39102936e+00 -2.48177513e-01
  1.02561653e+00  1.63333565e-01 -7.41358042e-01  4.11552817e-01
 -6.56937659e-01  8.11281383e-01  1.32502774e-02 -8.95606503e-02
 -8.85221139e-02  8.10027122e-01 -1.39308321e+00  1.41229165e+00
  1.47527564e+00 -5.27085662e-01  2.02385023e-01 -1.41935205e+00
 -2.88261324e-01  4.54457074e-01 -1.46575600e-01 -8.69578123e-02
  7.32687950e-01 -6.16145432e-01  1.34594366e-01  6.39876187e-01
 -1.44258842e-01  2.16147140e-01 -2.23000154e-01  6.38989031e-01
 -4.11915869e-01  3.50595713e-01  5.70650995e-01 -8.09123695e-01
 -4.94646877e-01 -4.51880284e-02 -1.54170379e-01  3.72843176e-01
 -1.84427261e-01 -4.46734615e-02  1.41228944e-01 -3.13785821e-01
 -1.36994436e-01 -2.44505003e-01 -1.35662365e+00  5.76085364e-03
  1.65453315e-01 -5.28535903e-01 -1.37860805e-01 -6.12922132e-01
 -4.81841946e-03  1.16985954e-01  5.10767877e-01 -5.25469959e-01
  3.92412357e-02  3.49685192e-01 -6.66919053e-02 -2.74920493e-01
  6.00411296e-02 -3.49984258e-01  7.61600062e-02 -2.26685509e-01
  8.62072706e-01 -4.64118570e-01 -2.94663697e-01  5.15659273e-01
  1.72863439e-01 -9.21992779e-01 -9.47336614e-01 -2.89100736e-01
  2.59418692e-02  1.51202843e-01 -7.73630664e-02  3.85801084e-02
  2.93126196e-01 -3.53437036e-01 -1.18852735e-01  5.98323166e-01
  1.07211065e+00  1.25569713e+00  2.15441491e-02 -2.15563297e-01
 -7.10687578e-01  1.29834712e+00  8.37024391e-01  1.38366830e+00
 -2.41990876e-03 -3.08258146e-01 -1.00147593e+00  3.74590397e-01
  3.18077542e-02  1.06435704e+00  6.53108656e-02 -3.44478697e-01
  4.10884619e-04  4.46341187e-01 -2.23740339e-02  3.45368236e-01
 -1.59559309e-01  2.95039713e-01  4.16525990e-01  2.51234889e-01
  1.53080240e-01 -5.57194650e-01 -4.55134362e-01 -9.01373684e-01
 -1.24181308e-01 -3.51409823e-01 -2.22094998e-01  4.69337195e-01
  3.66864018e-02 -9.05083597e-01  4.72788185e-01 -8.23253930e-01
 -7.69597828e-01 -1.41294524e-01 -5.41748941e-01 -1.59614399e-01
 -3.31402093e-01  1.56573012e-01 -6.26872480e-01 -1.08016205e+00
  6.74879372e-01 -2.28904560e-01 -3.66408229e-01  9.52807426e-01
 -2.49409720e-01  6.31160557e-01 -2.16425419e-01  7.80879796e-01
 -5.31057753e-02  2.12950587e-01  2.08714247e-01 -3.76456939e-02
  1.02227533e+00  2.05922544e-01  4.96548325e-01  1.14875138e+00
 -1.47142842e-01  1.44781128e-01 -1.00707434e-01  1.95989263e+00
  5.88235199e-01  2.39680350e-01  1.08087635e+00  8.00363198e-02
 -4.00677443e-01 -8.46993923e-01 -3.01950455e-01 -4.92810518e-01
 -9.30117428e-01  9.02858555e-01 -2.92300373e-01 -1.44224569e-01
  4.48532671e-01 -7.70175755e-01 -9.61511359e-02 -9.23241436e-01
  6.88463748e-02  2.13101104e-01  3.51493865e-01  7.25903213e-02
  8.29195008e-02  3.10883552e-01 -3.06551903e-01  6.26678407e-01
  1.16759121e-01 -3.19817029e-02  9.86835957e-01  2.12960601e-01
 -1.87608883e-01 -4.39048260e-01 -3.93611670e-01  3.14746238e-02
  4.67132837e-01  5.91510355e-01 -5.82304895e-01 -3.08005631e-01
 -3.97076577e-01 -1.61111081e+00 -6.18716002e-01  9.36848521e-02
 -2.64846057e-01  3.04639369e-01 -2.97773540e-01  2.59679228e-01
  8.37306738e-01  3.94203186e-01 -8.16127777e-01 -1.10288668e+00
  1.83305308e-01 -2.00568721e-01  1.48652220e+00  1.16011453e+00
 -2.86318362e-02 -5.29603899e-01  3.83966208e-01  7.54229307e-01
  7.64074996e-02  3.81459713e-01 -3.68279248e-01  3.44247609e-01
  2.45934680e-01  7.71982253e-01 -1.27560392e-01  5.86078055e-02
  1.93814218e+00 -1.06247580e+00 -5.15270948e-01 -6.02204442e-01
 -1.91837952e-01  1.38955191e-01  5.88956475e-03 -2.56706387e-01
  6.63230121e-01  3.49048585e-01  5.71135342e-01  7.18370378e-01
 -1.42920511e-02  1.72898695e-01  6.89943075e-01  1.69781840e-03
 -3.96998338e-02  7.82621205e-01  7.13594913e-01 -3.70173663e-01
 -5.42735076e-03 -8.73017013e-01 -4.07721192e-01 -2.67813742e-01
  7.90600777e-01  4.62941319e-01  5.06024420e-01 -8.13354015e-01
  3.29493552e-01  2.80005783e-01 -1.17573768e-01  3.97675186e-01
  1.45187899e-01 -8.07157829e-02 -7.78619200e-02 -9.61248457e-01
  6.81790113e-02 -6.57359958e-02  9.75333154e-01  1.91977775e+00
 -3.26742262e-01  7.42301112e-03  2.52164411e-03 -4.06822801e-01
 -9.29980457e-01  8.28021824e-01 -3.20083089e-02  1.52232334e-01
  4.19183105e-01  4.04705971e-01  1.15119231e+00 -1.91186130e-01
 -1.26877546e-01 -1.48641035e-01 -3.43369275e-01 -1.19184506e+00
 -2.82330811e-01  1.25802338e+00 -2.45547876e-01 -8.44457448e-02
 -5.24645150e-01  2.47254089e-01  4.11571175e-01  2.63517380e-01
 -8.29683170e-02  2.00176358e-01 -1.07659066e+00 -4.29665715e-01
  1.15340889e+00  1.80977825e-02 -6.42389894e-01  1.35355279e-01
  4.07437468e-03  2.60230094e-01 -5.03543727e-02 -8.82178068e-01
 -2.46009305e-01 -1.16771936e+00 -3.78451586e-01 -7.65593290e-01
 -4.00647074e-01 -1.21218868e-01 -8.26268017e-01 -3.02382022e-01
 -5.00344252e-03 -1.06858885e+00 -3.26659828e-01 -2.16492906e-01
 -3.30358028e-01  2.30187774e-01 -1.79770425e-01 -9.02734339e-01
 -7.41476953e-01 -6.15338869e-02 -9.38126519e-02  1.94314957e-01
 -2.89056301e-01  8.90308917e-01  3.91442508e-01  6.97327435e-01
  7.45553672e-01  4.24382836e-01 -3.27737331e-01  5.80936432e-01
 -1.24678463e-02  9.26483929e-01 -3.51582199e-01  1.77305654e-01
  1.70948878e-01  4.45365123e-02  1.28183261e-01  3.41375679e-01
 -5.32822609e-01 -4.74269688e-02  4.22098309e-01  9.11723912e-01
  8.00791025e-01 -6.36188805e-01  8.95480737e-02 -8.06500256e-01
 -4.49507117e-01 -1.71611205e-01 -5.80729425e-01 -1.74753711e-01
  3.67258549e-01 -1.01258963e-01  3.10842961e-01 -5.60998805e-02
  2.71947473e-01  4.78378147e-01  8.30143690e-01  4.15337592e-01
 -1.45673469e-01 -7.29671180e-01 -5.47645152e-01 -9.97540951e-01
 -8.99102926e-01  5.54789960e-01 -2.95613915e-01 -7.16665268e-01
  2.14029267e-01 -1.01798892e+00 -9.23852921e-01  7.91428983e-02
 -9.04280901e-01  6.19130284e-02  1.51161209e-01 -2.35187531e-01
 -3.37493032e-01 -1.02911043e+00 -9.89820734e-02  9.27680433e-01
 -3.10963392e-01 -2.72858471e-01  1.63475215e-01  2.96460211e-01
  4.45687979e-01  1.95598766e-01 -3.05731595e-01  6.93182573e-02
 -3.21123272e-01  5.95443428e-01  5.48458576e-01 -2.00317121e+00
  6.79128945e-01  4.56946820e-01 -7.14092970e-01  3.14033777e-02
 -6.99467063e-02  8.38553488e-01 -1.02953374e+00  4.51370209e-01
 -5.72017729e-01  7.34556675e-01  6.52249217e-01  5.14868200e-01
 -4.01160747e-01  4.57474798e-01  2.88481891e-01 -8.71608034e-02
  1.11201353e-01 -9.85160887e-01  2.93618321e-01 -3.79842997e-01
  8.51307884e-02 -5.13610363e-01 -4.46230084e-01  1.90197393e-01
 -2.25161240e-01  2.27955058e-01 -1.24368936e-01 -6.23004377e-01
 -1.21121533e-01 -4.17960078e-01  1.72031224e-02 -9.25355911e-01
  1.97996378e-01 -9.37604904e-02 -8.29413414e-01 -8.01442146e-01
  9.10189077e-02  1.93399265e-01 -6.44582450e-01 -7.51188278e-01
 -3.33442926e-01  2.49328986e-01 -7.26612434e-02  1.05746686e+00
  8.82225409e-02 -4.86976236e-01  1.60925579e+00 -7.45107889e-01
  1.58774313e-02 -1.61246493e-01  7.17768967e-02 -5.85627973e-01
 -2.52059549e-01 -4.42534357e-01  2.18473479e-01 -8.10688913e-01
 -9.37299252e-01 -5.24647534e-01 -2.10442737e-01  5.20700634e-01
 -9.27391708e-01 -5.11770666e-01 -7.26313531e-01 -3.05953294e-01
 -7.26748466e-01 -1.29627538e+00  1.06564254e-01  5.24497032e-01
  3.93341690e-01  6.82094276e-01 -3.47765595e-01  2.02958107e-01
 -9.43305120e-02 -6.87422931e-01  6.86987817e-01  2.45795906e-01
  3.44973117e-01  9.67409134e-01  1.50813806e+00  3.60267907e-01
 -5.07872105e-01  4.62053381e-02 -5.79474270e-01  6.78498089e-01
 -6.48347318e-01  4.99527693e-01 -1.12642586e-01  9.04823542e-02
  8.42202723e-01  5.29779196e-01 -4.15849477e-01  6.08234823e-01
  7.51701653e-01  1.28312588e+00 -5.83781183e-01  2.36583486e-01
  4.46787387e-01 -3.08433235e-01 -2.31035069e-01  7.70932138e-02
  9.77844521e-02  1.07979155e+00  1.03480005e+00 -2.42791072e-01
 -2.93547481e-01 -9.94999707e-01  6.03366315e-01 -2.94181198e-04
  8.74860764e-01 -1.30845034e+00  1.74097955e-01  8.38625208e-02
 -8.89260590e-01 -1.20076764e+00 -5.70772111e-01  3.23102623e-01
 -1.04073751e+00 -8.27366650e-01  2.95840353e-02  5.12552619e-01
  6.87260330e-01 -7.78497756e-01 -3.96597475e-01 -4.32368070e-01
  3.85459930e-01 -1.70074224e-01  1.80485800e-01  3.28782350e-01
  7.54682243e-01 -1.78295150e-01 -6.10124528e-01 -1.08846831e+00
 -2.02196494e-01 -3.63281816e-01 -1.63538814e-01 -5.32768428e-01
  2.83494651e-01 -3.79056066e-01 -8.27098917e-03  1.01834345e+00]",0
149,[*]C(C[*])C(=O)[O-],[*]CC([*])c1[n+](C)c(C)ccc1,450,20,7.0,150,27,0.5,0,1,6,0.0444444444444444,0,1,0,9.921712962962964,9.921712962962964,0.0370370370370369,-0.7824074074074072,0.4204227437702691,19.2,71.055,68.031,71.01385291591001,28.0,2.6,3.2,3.2,1.6457113704075783,3.34341705895396,73.33515884998701,5.861807319565799,2.6009536313038994,2.6009536313038994,3.1807392125526213,1.1051717155225391,1.1051717155225391,0.5231597389607807,0.5231597389607807,0.1666666666666666,0.1666666666666666,0.0,0.0,-0.53,27.977093296928835,1.798837033645378,0.5057254621854761,0.2506048614847814,30.42489110886254,29.21492868948101,9.901064578912528,5.969305287951849,13.344558822616634,0.0,0.0,5.106527394840706,5.969305287951849,4.794537184071822,0.0,0.0,13.344558822616634,40.13,5.969305287951849,9.901064578912528,6.4208216229260096,6.923737199690624,0.0,0.0,0.0,0.0,0.3533333333333333,9.921712962962964,9.921712962962964,0.0,-0.7824074074074072,0.0,0.0694444444444444,1.0162037037037035,0.0,0.6666666666666666,5.0,2.0,0.0,0.0,2.0,4.0,2.0,0.0,-0.9583000000000002,13.564000000000002,1.0,0.0,1.0,1.0,1.0,1.0,0.0,0.0,0.0,0.0,2.3744907407407405,2.3744907407407405,0.4998148148148148,0.4998148148148148,0.5378735140085047,15.8,134.20199999999997,122.10599999999998,134.09642580409,52.0,0.0,1.8,2.6,3.3,2.084320437315095,3.071919016223133,273.2310872723904,9.137828201504696,6.463721453445009,6.463721453445009,5.663902460147014,3.335367551914885,3.335367551914885,2.355171496302288,2.355171496302288,1.7299089214328325,1.7299089214328325,0.9181732824291704,0.9181732824291704,-0.8500000000000001,506.4898662675681,4.888623338494641,1.815283360019171,0.7374264600617634,62.32079104462523,61.47002484785755,4.567099647791355,0.0,0.0,7.04767198267719,20.268296022307258,0.0,29.58695719508175,4.567099647791355,0.0,7.04767198267719,6.923737199690624,17.808677612622933,18.19910120538483,6.923737199690624,3.88,0.0,0.0,0.0,6.4208216229260096,5.693927994848461,12.617665194539086,0.0,36.737610035544,3.4757114512471654,0.0,0.0,2.996296296296297,0.0,6.708417422524565,1.0230555555555554,3.759667422524565,2.2035185185185187,0.4444444444444444,10.0,1.0,1.0,1.0,0.0,3.0,2.0,1.0,1.37752,39.90300000000001,0.0,1.0,0.0,0.0,0.0,0.0,1.0,0.0,1.0,1.0,0.0,0.0,[*]CC([*])C(=O)[O-],[*]CC([*])c1cccc(C)[n+]1C,"[ 5.50952554e-01  6.67746007e-01  3.77917290e-01 -1.17441809e+00
 -6.69968367e-01 -1.58297330e-01 -6.72284961e-02 -5.28121531e-01
 -2.75267303e-01  1.55845845e+00  2.68392377e-02 -5.55266798e-01
  7.93385267e-01 -1.03456473e+00 -6.35627568e-01 -1.03876030e+00
 -1.70346820e+00 -1.30036497e+00 -2.25371301e-01 -1.41964734e-01
  1.05430499e-01 -2.92812109e-01  3.19773614e-01  7.72576690e-01
 -6.40112102e-01  1.28019118e+00  2.42774200e+00 -4.54006344e-01
 -9.02524412e-01  9.79506493e-01 -3.34828138e-01 -3.03650469e-01
 -1.33218363e-01 -9.41639364e-01  7.83632636e-01  4.23074663e-01
 -1.73241779e-01  3.54419112e-01  3.47581238e-01 -3.20249461e-02
 -5.87040186e-01 -6.94137141e-02  1.36469281e+00  1.50850272e+00
 -7.08109001e-04  1.40314758e+00  8.37898135e-01  2.30026972e-02
 -1.28918486e-02 -4.91764814e-01 -3.88111532e-01 -8.54103506e-01
 -3.39003444e-01 -8.56086552e-01 -6.32213116e-01 -4.84038144e-01
 -2.89928913e-03  8.45237494e-01 -9.35304523e-01 -3.63467872e-01
 -6.73271000e-01 -1.05482444e-01  8.11104894e-01 -1.71648502e-01
 -3.46295953e-01  9.68204662e-02  7.82802626e-02  6.15729988e-01
 -1.28915578e-01 -8.80074680e-01 -1.10793412e-01 -2.32655019e-01
 -2.76402205e-01  4.76215333e-02 -5.37703753e-01 -4.57626283e-01
 -5.56176007e-01 -5.34456968e-01  4.31151748e-01 -4.61292788e-02
  3.29330802e-01 -1.57692686e-01  6.79725409e-01  7.64999747e-01
  2.28698909e-01  4.99854833e-01  1.03707455e-01  4.23821568e-01
 -1.18584305e-01  5.51582500e-02 -1.27232492e+00  9.25469279e-01
  1.17828858e+00  5.55050254e-01 -6.01640403e-01  1.85598596e-03
 -5.06517231e-01  3.62108380e-01 -1.25593603e-01  2.64763713e-01
  1.74772024e-01  3.16496044e-01 -1.01321959e+00  8.26404274e-01
  1.10871613e+00 -1.15284944e+00  1.07645226e+00 -9.01291013e-01
 -5.09613574e-01  6.92212641e-01 -6.20536089e-01 -2.36807078e-01
  1.11608577e+00  5.01168847e-01  5.16830027e-01  4.75949496e-01
 -6.68551743e-01  4.93257880e-01  2.93971598e-01  4.70821112e-02
 -3.74763817e-01  1.12406266e+00 -1.71836525e-01 -9.83554304e-01
 -3.04760039e-01 -8.03640932e-02  4.01249915e-01 -2.37712353e-01
 -3.63715082e-01 -4.04603444e-02 -6.94833323e-02 -2.84978569e-01
 -1.37553036e-01 -6.40389100e-02 -1.30503821e+00  6.43750072e-01
  8.66559386e-01 -6.59701407e-01 -2.93511987e-01 -5.99394381e-01
 -1.37480929e-01  3.21428955e-01 -4.59521860e-02 -7.53167152e-01
 -2.05593005e-01  1.92969292e-01  1.47321537e-01  6.28412962e-01
  3.42511177e-01 -7.05951214e-01  4.42748845e-01 -4.32425022e-01
  1.24913609e+00 -4.02215600e-01  3.81262302e-01  6.94990575e-01
  3.94117445e-01 -8.92814755e-01 -1.08931231e+00  4.76228297e-01
  1.24987923e-01  6.95637167e-02  7.04857886e-01  3.86546522e-01
  4.89218652e-01  1.67667687e-01  6.18894100e-01  4.35397118e-01
  6.26206696e-01  8.39248419e-01  2.65890479e-01 -2.82257199e-02
  2.12427139e-01  7.49804258e-01  7.74736702e-01  1.29185498e+00
 -4.25994545e-02 -1.65944263e-01 -9.42873001e-01 -1.42539650e-01
 -5.09615064e-01  9.65403438e-01  8.34682345e-01 -5.18386602e-01
  3.53891730e-01  6.41801357e-02  5.08618951e-01  1.01894891e+00
 -3.28530014e-01 -3.32997628e-02 -1.80441827e-01  2.35096931e-01
 -2.55989581e-01 -2.09291473e-01 -1.47133321e-01 -1.64968276e+00
 -1.69284850e-01  6.07510209e-02  6.21947587e-01  7.29369700e-01
  5.99946022e-01 -6.74916565e-01  1.23031831e+00 -1.28958249e+00
 -6.64112449e-01 -3.67776453e-01  1.31455690e-01  3.78233433e-01
 -8.40135753e-01 -3.63106400e-01 -2.50634134e-01 -2.10742283e+00
  6.89093709e-01 -9.02974844e-01 -4.02772009e-01  1.54137588e+00
 -2.07992017e-01  9.06994522e-01 -5.44871032e-01  3.85305762e-01
 -8.09826478e-02  6.84405208e-01  2.46060431e-01 -5.65070868e-01
  5.42701185e-01  2.30542719e-02 -1.22137517e-01  6.66289628e-01
 -1.00670137e-01  5.78732230e-02 -1.18791723e+00  2.20502615e+00
  7.74039507e-01  3.79953198e-02  1.60000706e+00  1.23174655e+00
  2.83441335e-01 -3.15214992e-01 -7.11687982e-01 -7.00975180e-01
 -8.20701361e-01  6.06228650e-01 -6.73054680e-02 -3.09595257e-01
 -1.70270309e-01 -1.09378815e+00 -1.88075840e-01  1.54434606e-01
  6.66516542e-01  3.04506958e-01  1.23938218e-01  3.31819475e-01
 -1.62126659e-03  4.06757772e-01 -8.66131783e-02 -5.88821769e-02
 -5.21769404e-01 -2.06430405e-01  1.92552900e+00 -2.83560157e-01
 -1.90655738e-01 -4.01817203e-01  5.80403030e-01  1.90049112e-01
  5.90409189e-02  3.97923917e-01 -4.53226894e-01  4.97723222e-01
 -3.94481063e-01 -1.30251551e+00 -3.18813235e-01 -4.60155487e-01
 -4.52672958e-01  4.28255886e-01  1.86832532e-01 -4.64421064e-01
  8.26421797e-01  8.58034790e-02  9.91345942e-02 -6.91530228e-01
  6.67168140e-01 -6.56287134e-01  1.84816062e+00  1.09426033e+00
  1.60102636e-01 -1.11405814e+00  3.91883664e-02  3.58302563e-01
 -5.41131608e-02  4.13817704e-01 -2.12963536e-01  3.07724923e-01
  1.17556334e+00 -1.34069726e-01  2.33674124e-01 -7.30481418e-03
  7.81065047e-01 -3.03012580e-01 -8.35513845e-02  5.53557932e-01
 -2.84455985e-01 -2.47817889e-01  1.89149991e-01 -1.02672207e+00
  1.32583808e-02 -2.55627990e-01  9.52539861e-01 -2.96597350e-02
  8.79282951e-01  4.27375317e-01 -1.99289754e-01  2.20845848e-01
  1.33380175e-01  1.14704527e-01  9.84668970e-01 -2.11234868e-01
 -4.05843139e-01 -7.67308354e-01  3.14330757e-02  3.86560559e-01
  1.19929647e+00  5.36592305e-01  5.09199142e-01 -1.36162627e+00
 -1.05296448e-01 -5.59449345e-02 -3.80162150e-02 -6.26801491e-01
  1.86362505e-01 -1.73844025e-01 -6.50287032e-01 -3.45541984e-01
 -7.34303296e-01  7.24383742e-02  1.10383463e+00  1.14996636e+00
  4.15981650e-01  2.12344471e-02  3.46782468e-02 -6.53821528e-01
 -5.01247168e-01  1.01878500e+00 -5.11385202e-01  5.93827702e-02
  1.42465687e+00  8.32590798e-04  8.78591835e-01  5.78436792e-01
  7.18320012e-01  5.57367444e-01 -5.57254732e-01 -1.31244791e+00
  7.39392415e-02  1.02208316e+00 -1.73512977e-02  8.59655023e-01
 -3.99190225e-02 -2.82223940e-01  3.95490587e-01  4.02262717e-01
  8.03426445e-01 -2.58965492e-01 -1.23902738e+00 -9.40800786e-01
  1.62803307e-01 -1.82705402e-01 -1.00059152e+00 -5.43330550e-01
 -6.58766031e-01 -2.29741275e-01  1.80671170e-01 -1.29144430e-01
  3.56926799e-01 -8.86848867e-02 -9.70983922e-01  2.64483422e-01
  1.72349140e-01 -7.12217987e-01 -8.57104957e-02 -3.92155677e-01
  1.69065610e-01 -3.40923727e-01 -2.67417639e-01 -1.58317521e-01
 -6.08656704e-01  1.02118409e+00 -2.54552245e-01 -9.51778710e-01
 -2.65829086e-01 -5.54043390e-02 -5.34137547e-01  7.80924261e-02
 -4.31904018e-01 -2.93715656e-01 -5.59636712e-01  7.50055850e-01
  5.42586446e-01  5.21332622e-01  7.41369128e-01 -2.03372106e-01
 -2.98140310e-02  1.17485476e+00 -6.42839670e-01  9.09768820e-01
 -2.86733925e-01 -6.71667278e-01 -7.02754200e-01  5.18063009e-01
 -7.03846872e-01  8.45564783e-01  2.22889528e-01  5.72806001e-02
  7.29165733e-01 -1.03616178e+00  1.58585691e+00 -4.93727475e-01
 -3.07119966e-01  9.14265960e-02 -6.41273111e-02 -5.38270436e-02
  3.15355629e-01  1.19199312e+00  6.83415830e-01  1.33915111e-01
  1.16254874e-01  3.87908012e-01  8.34312201e-01 -1.76378161e-01
  4.98694271e-01 -4.02371407e-01 -7.95837879e-01 -3.92245412e-01
 -7.62568772e-01  1.17841554e+00 -8.50370944e-01 -8.19937170e-01
 -1.17226891e-01 -8.34619522e-01 -1.40142596e+00  3.41342449e-01
 -1.18009889e+00  1.72452241e-01  7.37082437e-02 -3.43734443e-01
 -5.56558371e-01 -1.20999336e-01  6.78034663e-01 -1.69035867e-02
 -9.26296234e-01 -5.40798724e-01 -1.40218958e-01 -3.94925140e-02
 -8.04703236e-01 -9.95787308e-02 -2.03307927e-01 -1.50647974e+00
 -1.90729693e-01  4.01281953e-01  8.01624775e-01 -1.31860971e+00
  2.80246615e-01 -1.09216804e-02 -8.86645317e-01  8.60824645e-01
  5.10790169e-01  2.27465048e-01 -6.09495401e-01  1.30400555e-02
 -5.35382628e-02  5.99121809e-01  9.75840449e-01  7.68029451e-01
 -1.04766703e+00  1.87973067e-01  7.01478198e-02  4.77244973e-01
 -6.52137339e-01  7.09963962e-02 -4.24877740e-02  3.11902642e-01
  1.14879143e+00 -1.62646145e-01  2.15660229e-01  2.38919973e-01
  1.27243221e-01 -2.14758724e-01 -8.41916800e-01  1.32479280e-01
  2.49055177e-01 -3.80854696e-01 -2.53900200e-01 -1.52146888e+00
 -4.27862376e-01 -3.30217481e-01 -1.65427983e-01 -5.02607748e-02
  5.20032287e-01 -1.33780479e-01 -2.27504417e-01 -2.93135196e-01
 -2.25837648e-01  5.58377504e-01 -2.53188342e-01  1.02464998e+00
  3.18368047e-01  2.15202257e-01 -1.98995262e-01 -1.44416893e+00
  5.02204970e-02 -2.66076565e-01 -1.08973151e-02 -2.40284443e-01
 -5.64793527e-01  6.28166497e-02  3.36367339e-01 -8.57639432e-01
 -8.62743378e-01 -5.27694464e-01 -5.19397497e-01  8.48357737e-01
 -9.25135195e-01 -8.00738484e-02 -1.99941337e-01 -4.17113543e-01
 -7.53359854e-01 -9.31248963e-01 -3.05604845e-01  3.69783878e-01
 -1.04227677e-01  1.14021158e+00 -1.58956695e+00 -1.72336042e-01
  3.25673372e-01  7.78758302e-02 -3.53107870e-01  5.87968975e-02
  1.47149250e-01  8.21567714e-01  9.81274366e-01  5.93652308e-01
  5.79920053e-01  7.66876757e-01 -7.82622874e-01  4.46217418e-01
 -2.69964069e-01  4.41214263e-01 -1.92598388e-01 -4.10362273e-01
  5.84180020e-02  1.81740105e-01 -1.81846797e-01  3.85951310e-01
  8.06822419e-01  6.49897575e-01 -7.08981693e-01  1.09895403e-02
  5.91275170e-02 -7.26420283e-01 -3.29815060e-01 -2.90464878e-01
  3.73225480e-01  7.54145861e-01  1.66838729e+00 -2.18773857e-01
 -7.01609969e-01 -1.36749840e+00 -3.00247729e-01 -5.03675103e-01
  8.70439291e-01 -4.03018713e-01 -9.52010870e-01  1.99213073e-01
 -9.88790244e-02 -1.30468071e+00 -5.96089602e-01  2.54472584e-01
 -1.41453886e+00 -2.63562888e-01 -5.13353407e-01  7.11600557e-02
  1.20021462e+00 -1.73822570e+00  7.00591266e-01 -8.52419317e-01
  1.40644157e+00 -9.30212319e-01  1.71362936e-01 -3.40986192e-01
  1.11099374e+00  3.32399905e-01  3.70734811e-01 -1.41833186e+00
  7.56462216e-01 -4.55584586e-01  4.26305503e-01 -6.59897864e-01
  1.24169588e+00 -3.52406174e-01 -1.76326826e-01  4.58189696e-01]","[ 9.34219420e-01  7.52981961e-01 -8.96503553e-02 -6.94664180e-01
 -8.69917572e-01  5.56101382e-01  2.10748389e-01 -1.40856253e-02
  3.80376983e-03  6.77995205e-01 -2.12646902e-01 -4.09866810e-01
  8.71477902e-01 -1.98181975e+00 -3.53078693e-01 -1.23047590e+00
 -8.58768761e-01 -4.17802691e-01 -2.25076988e-01  2.45299295e-01
  3.92572314e-01 -5.04190505e-01  3.36336493e-01  1.14773595e+00
 -8.72434080e-01  4.94719267e-01  2.92553258e+00 -1.70226768e-01
 -3.94109398e-01  2.77472943e-01 -5.02508342e-01  4.27883863e-02
  1.50443926e-01 -6.66318461e-02  8.49124372e-01  2.44030878e-01
 -3.08234721e-01  6.85178459e-01  6.93162739e-01 -1.03473663e-03
 -2.87256781e-02 -3.53275567e-01  8.43556345e-01  6.03383780e-01
  2.23054290e-01  4.28072572e-01  4.07381840e-02  4.84972931e-02
  7.38408566e-01 -2.29203090e-01 -2.81006455e-01 -6.01720326e-02
 -1.16499746e+00  9.23274532e-02 -2.02385962e-01 -1.47556037e-01
  4.16871309e-01  2.53500462e-01 -7.87209988e-01 -6.41326085e-02
 -1.19074094e+00  2.18185768e-01  3.44929546e-02 -1.71249822e-01
 -9.26708996e-01  9.26710427e-01  5.61137378e-01  9.88510847e-02
 -2.26546135e-02  6.24476731e-01  5.65419734e-01 -2.47909520e-02
  1.07996561e-01 -2.56172959e-02 -6.62278831e-01 -4.46901411e-01
  2.20202461e-01 -6.41986489e-01 -5.91654778e-02 -2.17219636e-01
  4.25948709e-01 -2.02057540e-01 -4.46181625e-01  2.08623901e-01
  1.26461759e-01  7.40824342e-02  8.50928128e-02  4.64262813e-01
  1.86313912e-01  1.97090223e-01 -1.31709778e+00  3.15761566e-03
  4.43468243e-01  2.45348647e-01 -7.68986702e-01 -2.52117366e-01
 -1.34925202e-01  8.03414047e-01  4.74336237e-01 -3.85452598e-01
 -6.47294149e-02  4.05239731e-01 -1.24941671e+00  1.38913691e+00
  8.45637500e-01 -5.54949462e-01  8.85206878e-01 -8.18343818e-01
 -1.91408932e-01  2.33381107e-01 -5.26936471e-01 -7.27947056e-01
  5.61303675e-01 -6.07131124e-01  6.38529480e-01  5.25116265e-01
  2.94139177e-01  4.15215403e-01 -5.07566392e-01  4.65911120e-01
 -9.93422568e-01  3.43289942e-01 -3.48805398e-01 -1.15581834e+00
 -2.23598942e-01  2.67298192e-01  2.58934170e-01 -2.96836704e-01
 -5.73481619e-01  3.80982727e-01 -2.97791455e-02 -9.19770718e-01
 -5.24636030e-01  2.62360722e-01 -1.39276040e+00 -6.30733073e-01
 -1.42052233e-01 -9.56403732e-01  9.19377580e-02  1.14252485e-01
 -6.77156687e-01 -4.10846710e-01  8.24481964e-01 -6.52744889e-01
  8.89848843e-02 -1.30086720e-01  2.10832164e-01 -8.98263931e-01
 -4.41012532e-01 -5.95768332e-01  1.24723442e-01 -9.50685799e-01
  5.42060256e-01 -2.04318121e-01  1.40307173e-01 -6.32694364e-03
 -1.11760020e-01 -8.30360115e-01 -6.81847155e-01  2.29732096e-01
  2.09668517e-01  2.05878958e-01  4.23139185e-01  2.76696295e-01
  3.52344394e-01  2.69729048e-01  4.56602834e-02  6.02937162e-01
  1.01993454e+00  2.06267285e+00  6.05006158e-01 -3.57249111e-01
 -5.75551033e-01  1.05061138e+00  5.10422826e-01  1.54232514e+00
 -3.46213341e-01  1.66714191e-03 -4.82432216e-01  3.89010340e-01
  4.06538546e-02  1.16304457e+00  2.90505081e-01 -7.41937160e-01
  4.23671961e-01  2.74521023e-01  5.07913411e-01  1.16398722e-01
 -6.87023163e-01  7.18837440e-01  2.21707597e-01 -8.22078660e-02
  1.01369219e-02 -2.58242935e-01 -2.16963291e-01 -1.05790436e+00
 -7.18560591e-02 -5.17467447e-02 -1.59256339e-01  5.70776820e-01
 -1.55755877e-01 -1.04319155e+00  4.44885701e-01 -4.91473198e-01
 -3.14743668e-01 -3.15448970e-01 -4.36566591e-01 -4.87942904e-01
  3.71639699e-01 -1.36374801e-01 -9.55295861e-01 -9.17740822e-01
  4.93625134e-01 -5.92541873e-01  1.92209780e-02  9.06146228e-01
 -1.03102624e+00  9.03387725e-01 -3.70774597e-01  7.88323581e-01
 -4.09922928e-01 -5.49607575e-02  2.92420477e-01  5.08735180e-02
  1.34333479e+00  3.91351134e-01  6.92646801e-02  9.01896417e-01
  6.33295119e-01  2.47102007e-01  9.53693166e-02  1.40412712e+00
  1.20309412e+00  1.57115161e-01  9.49488819e-01 -3.05655375e-02
  4.24820989e-01 -1.41931212e+00 -2.94231504e-01 -5.06524593e-02
 -2.94804960e-01  1.24208748e+00  1.30178735e-01 -2.23355055e-01
 -7.69555569e-03 -5.89794457e-01 -4.98173952e-01 -6.34135962e-01
  8.31708908e-01  3.42528254e-01  3.82146239e-01 -2.86346436e-01
 -2.69852191e-01  5.12497962e-01 -7.92126000e-01  3.89571428e-01
 -1.29352853e-01 -3.89698386e-01  1.62927830e+00  5.47198415e-01
  9.96592864e-02 -4.43594418e-02 -5.18035114e-01  8.31093192e-02
  1.89183518e-01 -3.41822989e-02 -6.71891868e-01  1.50874749e-01
 -7.00894117e-01 -1.09321260e+00 -3.16050082e-01 -5.81241310e-01
 -6.71859831e-02  3.77708197e-01 -5.09753823e-01  7.69031867e-02
  1.13923311e+00 -1.19011752e-01 -8.89738739e-01 -8.35989177e-01
  1.73341438e-01 -7.17074454e-01  7.77168751e-01 -1.32602870e-01
  4.18069094e-01 -6.94241464e-01  2.10333630e-01  7.32650220e-01
  2.85338759e-02  3.85070562e-01 -6.16409361e-01  5.19879721e-02
  1.24885537e-01  3.22399825e-01 -4.34787303e-01  1.56026527e-01
  1.86870992e+00 -5.62272966e-01 -9.66773510e-01 -7.28882968e-01
  2.42057785e-01  3.91514868e-01  6.31514490e-01 -6.10801280e-01
  7.12506473e-01  7.97576457e-02  2.05296174e-01  3.14268976e-01
  3.40138882e-01  6.33170247e-01  7.22965181e-01  6.45762622e-01
 -7.88757801e-02  2.62728184e-01  3.53583805e-02 -4.22313541e-01
 -4.62161899e-02 -2.89381862e-01 -3.98485847e-02 -2.60322660e-01
  5.30496418e-01 -1.13219656e-01  4.56072778e-01 -1.53514341e-01
  1.99926049e-02  3.10648739e-01 -3.03774387e-01  1.34748101e-01
  6.34262264e-01  3.44859250e-02 -4.07471433e-02 -1.00424814e+00
  2.53045976e-01  2.20406577e-01  4.71905470e-01  2.07151961e+00
  2.07900450e-01 -2.02874854e-01 -1.35066435e-01 -9.00767624e-01
 -4.29879814e-01 -9.95774567e-02 -3.55907470e-01  2.51714081e-01
  2.31474891e-01  3.91570687e-01  8.76955032e-01  5.02235651e-01
  1.17850088e-01  3.29772860e-01 -5.69619417e-01 -1.27147496e+00
  1.63935140e-01  1.28913569e+00 -4.55305696e-01  3.86056423e-01
 -6.79300606e-01 -2.15358958e-01  3.95448804e-01 -3.37156773e-01
  5.07169008e-01 -4.61269803e-02 -1.03470218e+00  6.14777803e-02
  4.35286403e-01 -4.56344813e-01 -1.19330049e-01 -3.99390548e-01
 -9.39116478e-02  1.28790975e+00 -1.17038526e-01 -1.12758672e+00
  1.07304834e-01 -1.09820187e+00 -5.72369993e-01 -4.39796038e-02
  5.06777048e-01 -7.32374430e-01 -8.60096738e-02 -8.25091422e-01
 -2.87709296e-01 -7.41765976e-01 -8.51857245e-01 -6.43337071e-02
 -7.30686486e-01  6.17908776e-01 -3.95510882e-01 -9.85791981e-01
 -4.06312615e-01 -5.40924966e-01 -5.87347984e-01  1.61962882e-01
 -4.69483018e-01  3.84799570e-01  4.00321335e-01  5.77400506e-01
 -3.10296416e-02  1.67963028e-01 -3.14867347e-01  5.47842979e-01
  1.27023548e-01  6.76386178e-01 -5.35160005e-01  2.42655158e-01
  3.84288877e-01 -6.76573455e-01 -3.83122921e-01  5.25225699e-01
 -9.46413338e-01  1.98908687e-01  2.73221344e-01  5.35741508e-01
  8.34146976e-01 -1.13098562e+00  4.20983791e-01 -6.75049603e-01
 -5.14660120e-01 -2.49577537e-01 -2.74723202e-01  1.52725950e-01
  8.11905041e-02  4.96776015e-01  3.90156060e-01  5.70145667e-01
  1.33425280e-01  3.91636461e-01  9.81376171e-01 -1.82178780e-01
  4.26412702e-01 -3.75646085e-01 -6.73568785e-01 -6.17576480e-01
  2.31397152e-03  5.91775119e-01 -3.91114444e-01 -1.02295959e+00
  2.72804588e-01 -1.17063582e+00 -8.72985184e-01  3.37519765e-01
 -7.13693440e-01  1.44542649e-01 -2.02991262e-01 -1.35976911e-01
 -5.94905913e-01 -7.01158047e-01  8.28121662e-01  1.54697132e+00
 -4.99334544e-01  3.20179135e-01 -2.37501506e-02  3.93846072e-02
 -4.57764596e-01  2.27225125e-01 -8.25072005e-02 -1.18441880e-02
 -6.48724616e-01  1.32180825e-01  6.66176736e-01 -1.69828641e+00
  6.54987395e-01  5.85955977e-01 -1.37801373e+00 -2.44686291e-01
  1.12931930e-01  4.62913901e-01  3.48506384e-02  8.79061282e-01
 -4.29381460e-01  4.15785670e-01  4.63902950e-01  2.44228080e-01
  1.31092057e-01  6.01281643e-01 -9.61641595e-02 -4.45242256e-01
 -2.62665838e-01 -5.40284634e-01  6.42547846e-01  1.61314145e-01
  8.58900547e-01 -3.97970796e-01  1.50309399e-01 -3.03827554e-01
  6.69430569e-02  4.96631384e-01 -1.30261803e+00 -4.86551195e-01
  4.16612744e-01  1.09201677e-01  5.15097082e-01 -7.14145005e-01
  1.99584484e-01 -4.56286669e-01 -5.41937411e-01 -3.80266666e-01
  1.74875513e-01  2.40833119e-01  4.42717969e-02 -8.66450071e-02
  1.00076556e-01 -3.90757799e-01 -2.61791736e-01  1.68360126e+00
  1.08640575e+00 -3.76668960e-01  1.37973833e+00 -5.62259614e-01
  4.86713499e-01  2.49158010e-01  4.67576049e-02 -3.73004228e-02
 -1.02784288e+00  7.41423154e-03 -4.06897455e-01 -6.88689291e-01
 -5.59970498e-01 -3.88329923e-02 -9.00954545e-01  6.08469248e-01
 -5.46648204e-01 -5.72267294e-01 -2.51762182e-01 -5.98366082e-01
 -1.36168754e+00 -1.25498283e+00  9.23677623e-01  4.45976883e-01
  3.45490932e-01 -4.36429493e-02 -5.61814547e-01  1.20090008e-01
  2.32489705e-02 -2.77724620e-02  1.39182642e-01  5.31667948e-01
 -1.80334151e-01  1.00840271e+00  1.68412149e+00 -1.21989258e-01
 -7.89651334e-01 -1.39644146e-02 -4.93455261e-01  7.51550496e-01
 -4.69966263e-01  6.73797309e-01  3.77757102e-01  3.25352959e-02
  1.27432182e-01  5.08016467e-01 -2.25558758e-01  6.58559740e-01
  3.37384462e-01  1.11876237e+00 -3.72107744e-01 -4.34249751e-02
  6.11955822e-01 -2.85211205e-01 -7.93079659e-02  1.29053937e-02
  6.23687208e-01  3.17710042e-01  1.15503192e+00 -8.88197601e-01
  3.46362799e-01 -7.27253973e-01  1.32999793e-01  3.16417485e-01
  1.02391160e+00 -8.74858379e-01  7.75895894e-01 -2.34553471e-01
 -1.56552196e-01 -7.83782423e-01 -6.63513362e-01  9.60435495e-02
 -8.22755396e-01 -1.09237777e-02 -5.47389030e-01  1.73520148e-01
  1.12842977e+00 -6.75033092e-01  3.22361082e-01 -5.08254588e-01
  4.72578764e-01 -2.19273433e-01 -3.55984122e-01 -3.05874735e-01
  7.71258056e-01 -1.72158346e-01 -4.42646503e-01 -9.24099028e-01
 -2.52762556e-01 -6.08725511e-02  5.66794455e-01 -5.60483754e-01
  6.06552422e-01 -5.93137264e-01 -3.08317125e-01  1.02879035e+00]",0
151,[*]C(C[*])C(=O)[O-],[*]CC([*])c1cc[n+](CC)cc1,450,285,7.0,150,26,0.5,0,1,3,0.6333333333333333,0,1,0,9.921712962962964,9.921712962962964,0.0370370370370369,-0.7824074074074072,0.4204227437702691,19.2,71.055,68.031,71.01385291591001,28.0,2.6,3.2,3.2,1.6457113704075783,3.34341705895396,73.33515884998701,5.861807319565799,2.6009536313038994,2.6009536313038994,3.1807392125526213,1.1051717155225391,1.1051717155225391,0.5231597389607807,0.5231597389607807,0.1666666666666666,0.1666666666666666,0.0,0.0,-0.53,27.977093296928835,1.798837033645378,0.5057254621854761,0.2506048614847814,30.42489110886254,29.21492868948101,9.901064578912528,5.969305287951849,13.344558822616634,0.0,0.0,5.106527394840706,5.969305287951849,4.794537184071822,0.0,0.0,13.344558822616634,40.13,5.969305287951849,9.901064578912528,6.4208216229260096,6.923737199690624,0.0,0.0,0.0,0.0,0.3533333333333333,9.921712962962964,9.921712962962964,0.0,-0.7824074074074072,0.0,0.0694444444444444,1.0162037037037035,0.0,0.6666666666666666,5.0,2.0,0.0,0.0,2.0,4.0,2.0,0.0,-0.9583000000000002,13.564000000000002,1.0,0.0,1.0,1.0,1.0,1.0,0.0,0.0,0.0,0.0,2.3224074074074075,2.3224074074074075,0.5284301776266063,0.5284301776266063,0.5521406753358277,15.7,134.202,122.10599999999998,134.09642580409,52.0,0.0,1.7,2.4,2.9,2.167053352545513,2.770446815269876,232.78878061771368,8.974691494688164,6.248178503821182,6.248178503821182,5.774386907679233,3.4806726876126763,3.4806726876126763,2.166047211752171,2.166047211752171,1.5177731138680297,1.5177731138680297,0.8157553743075044,0.8157553743075044,-0.8500000000000001,606.7749387127436,4.888623338494641,2.080926843886177,0.919449804078233,62.32079104462523,61.47002484785755,4.567099647791355,0.0,0.0,0.0,26.813052428219837,0.0,30.08987277184637,4.567099647791355,0.0,6.544756405912575,0.0,18.90801031431363,24.52642128014937,6.923737199690624,3.88,0.0,0.0,0.0,12.965578028838586,0.0,12.48718869138762,0.0,36.01725812763135,3.383179406021668,0.0,0.0,1.6200925925925929,0.0,4.644814814814815,5.496394557823129,4.855518628747795,0.0,0.4444444444444444,10.0,1.0,1.0,1.0,0.0,3.0,3.0,1.0,1.552,39.859000000000016,0.0,1.0,0.0,0.0,0.0,0.0,1.0,0.0,1.0,1.0,0.0,0.0,[*]CC([*])C(=O)[O-],[*]CC([*])c1cc[n+](CC)cc1,"[ 5.50952554e-01  6.67746007e-01  3.77917290e-01 -1.17441809e+00
 -6.69968367e-01 -1.58297330e-01 -6.72284961e-02 -5.28121531e-01
 -2.75267303e-01  1.55845845e+00  2.68392377e-02 -5.55266798e-01
  7.93385267e-01 -1.03456473e+00 -6.35627568e-01 -1.03876030e+00
 -1.70346820e+00 -1.30036497e+00 -2.25371301e-01 -1.41964734e-01
  1.05430499e-01 -2.92812109e-01  3.19773614e-01  7.72576690e-01
 -6.40112102e-01  1.28019118e+00  2.42774200e+00 -4.54006344e-01
 -9.02524412e-01  9.79506493e-01 -3.34828138e-01 -3.03650469e-01
 -1.33218363e-01 -9.41639364e-01  7.83632636e-01  4.23074663e-01
 -1.73241779e-01  3.54419112e-01  3.47581238e-01 -3.20249461e-02
 -5.87040186e-01 -6.94137141e-02  1.36469281e+00  1.50850272e+00
 -7.08109001e-04  1.40314758e+00  8.37898135e-01  2.30026972e-02
 -1.28918486e-02 -4.91764814e-01 -3.88111532e-01 -8.54103506e-01
 -3.39003444e-01 -8.56086552e-01 -6.32213116e-01 -4.84038144e-01
 -2.89928913e-03  8.45237494e-01 -9.35304523e-01 -3.63467872e-01
 -6.73271000e-01 -1.05482444e-01  8.11104894e-01 -1.71648502e-01
 -3.46295953e-01  9.68204662e-02  7.82802626e-02  6.15729988e-01
 -1.28915578e-01 -8.80074680e-01 -1.10793412e-01 -2.32655019e-01
 -2.76402205e-01  4.76215333e-02 -5.37703753e-01 -4.57626283e-01
 -5.56176007e-01 -5.34456968e-01  4.31151748e-01 -4.61292788e-02
  3.29330802e-01 -1.57692686e-01  6.79725409e-01  7.64999747e-01
  2.28698909e-01  4.99854833e-01  1.03707455e-01  4.23821568e-01
 -1.18584305e-01  5.51582500e-02 -1.27232492e+00  9.25469279e-01
  1.17828858e+00  5.55050254e-01 -6.01640403e-01  1.85598596e-03
 -5.06517231e-01  3.62108380e-01 -1.25593603e-01  2.64763713e-01
  1.74772024e-01  3.16496044e-01 -1.01321959e+00  8.26404274e-01
  1.10871613e+00 -1.15284944e+00  1.07645226e+00 -9.01291013e-01
 -5.09613574e-01  6.92212641e-01 -6.20536089e-01 -2.36807078e-01
  1.11608577e+00  5.01168847e-01  5.16830027e-01  4.75949496e-01
 -6.68551743e-01  4.93257880e-01  2.93971598e-01  4.70821112e-02
 -3.74763817e-01  1.12406266e+00 -1.71836525e-01 -9.83554304e-01
 -3.04760039e-01 -8.03640932e-02  4.01249915e-01 -2.37712353e-01
 -3.63715082e-01 -4.04603444e-02 -6.94833323e-02 -2.84978569e-01
 -1.37553036e-01 -6.40389100e-02 -1.30503821e+00  6.43750072e-01
  8.66559386e-01 -6.59701407e-01 -2.93511987e-01 -5.99394381e-01
 -1.37480929e-01  3.21428955e-01 -4.59521860e-02 -7.53167152e-01
 -2.05593005e-01  1.92969292e-01  1.47321537e-01  6.28412962e-01
  3.42511177e-01 -7.05951214e-01  4.42748845e-01 -4.32425022e-01
  1.24913609e+00 -4.02215600e-01  3.81262302e-01  6.94990575e-01
  3.94117445e-01 -8.92814755e-01 -1.08931231e+00  4.76228297e-01
  1.24987923e-01  6.95637167e-02  7.04857886e-01  3.86546522e-01
  4.89218652e-01  1.67667687e-01  6.18894100e-01  4.35397118e-01
  6.26206696e-01  8.39248419e-01  2.65890479e-01 -2.82257199e-02
  2.12427139e-01  7.49804258e-01  7.74736702e-01  1.29185498e+00
 -4.25994545e-02 -1.65944263e-01 -9.42873001e-01 -1.42539650e-01
 -5.09615064e-01  9.65403438e-01  8.34682345e-01 -5.18386602e-01
  3.53891730e-01  6.41801357e-02  5.08618951e-01  1.01894891e+00
 -3.28530014e-01 -3.32997628e-02 -1.80441827e-01  2.35096931e-01
 -2.55989581e-01 -2.09291473e-01 -1.47133321e-01 -1.64968276e+00
 -1.69284850e-01  6.07510209e-02  6.21947587e-01  7.29369700e-01
  5.99946022e-01 -6.74916565e-01  1.23031831e+00 -1.28958249e+00
 -6.64112449e-01 -3.67776453e-01  1.31455690e-01  3.78233433e-01
 -8.40135753e-01 -3.63106400e-01 -2.50634134e-01 -2.10742283e+00
  6.89093709e-01 -9.02974844e-01 -4.02772009e-01  1.54137588e+00
 -2.07992017e-01  9.06994522e-01 -5.44871032e-01  3.85305762e-01
 -8.09826478e-02  6.84405208e-01  2.46060431e-01 -5.65070868e-01
  5.42701185e-01  2.30542719e-02 -1.22137517e-01  6.66289628e-01
 -1.00670137e-01  5.78732230e-02 -1.18791723e+00  2.20502615e+00
  7.74039507e-01  3.79953198e-02  1.60000706e+00  1.23174655e+00
  2.83441335e-01 -3.15214992e-01 -7.11687982e-01 -7.00975180e-01
 -8.20701361e-01  6.06228650e-01 -6.73054680e-02 -3.09595257e-01
 -1.70270309e-01 -1.09378815e+00 -1.88075840e-01  1.54434606e-01
  6.66516542e-01  3.04506958e-01  1.23938218e-01  3.31819475e-01
 -1.62126659e-03  4.06757772e-01 -8.66131783e-02 -5.88821769e-02
 -5.21769404e-01 -2.06430405e-01  1.92552900e+00 -2.83560157e-01
 -1.90655738e-01 -4.01817203e-01  5.80403030e-01  1.90049112e-01
  5.90409189e-02  3.97923917e-01 -4.53226894e-01  4.97723222e-01
 -3.94481063e-01 -1.30251551e+00 -3.18813235e-01 -4.60155487e-01
 -4.52672958e-01  4.28255886e-01  1.86832532e-01 -4.64421064e-01
  8.26421797e-01  8.58034790e-02  9.91345942e-02 -6.91530228e-01
  6.67168140e-01 -6.56287134e-01  1.84816062e+00  1.09426033e+00
  1.60102636e-01 -1.11405814e+00  3.91883664e-02  3.58302563e-01
 -5.41131608e-02  4.13817704e-01 -2.12963536e-01  3.07724923e-01
  1.17556334e+00 -1.34069726e-01  2.33674124e-01 -7.30481418e-03
  7.81065047e-01 -3.03012580e-01 -8.35513845e-02  5.53557932e-01
 -2.84455985e-01 -2.47817889e-01  1.89149991e-01 -1.02672207e+00
  1.32583808e-02 -2.55627990e-01  9.52539861e-01 -2.96597350e-02
  8.79282951e-01  4.27375317e-01 -1.99289754e-01  2.20845848e-01
  1.33380175e-01  1.14704527e-01  9.84668970e-01 -2.11234868e-01
 -4.05843139e-01 -7.67308354e-01  3.14330757e-02  3.86560559e-01
  1.19929647e+00  5.36592305e-01  5.09199142e-01 -1.36162627e+00
 -1.05296448e-01 -5.59449345e-02 -3.80162150e-02 -6.26801491e-01
  1.86362505e-01 -1.73844025e-01 -6.50287032e-01 -3.45541984e-01
 -7.34303296e-01  7.24383742e-02  1.10383463e+00  1.14996636e+00
  4.15981650e-01  2.12344471e-02  3.46782468e-02 -6.53821528e-01
 -5.01247168e-01  1.01878500e+00 -5.11385202e-01  5.93827702e-02
  1.42465687e+00  8.32590798e-04  8.78591835e-01  5.78436792e-01
  7.18320012e-01  5.57367444e-01 -5.57254732e-01 -1.31244791e+00
  7.39392415e-02  1.02208316e+00 -1.73512977e-02  8.59655023e-01
 -3.99190225e-02 -2.82223940e-01  3.95490587e-01  4.02262717e-01
  8.03426445e-01 -2.58965492e-01 -1.23902738e+00 -9.40800786e-01
  1.62803307e-01 -1.82705402e-01 -1.00059152e+00 -5.43330550e-01
 -6.58766031e-01 -2.29741275e-01  1.80671170e-01 -1.29144430e-01
  3.56926799e-01 -8.86848867e-02 -9.70983922e-01  2.64483422e-01
  1.72349140e-01 -7.12217987e-01 -8.57104957e-02 -3.92155677e-01
  1.69065610e-01 -3.40923727e-01 -2.67417639e-01 -1.58317521e-01
 -6.08656704e-01  1.02118409e+00 -2.54552245e-01 -9.51778710e-01
 -2.65829086e-01 -5.54043390e-02 -5.34137547e-01  7.80924261e-02
 -4.31904018e-01 -2.93715656e-01 -5.59636712e-01  7.50055850e-01
  5.42586446e-01  5.21332622e-01  7.41369128e-01 -2.03372106e-01
 -2.98140310e-02  1.17485476e+00 -6.42839670e-01  9.09768820e-01
 -2.86733925e-01 -6.71667278e-01 -7.02754200e-01  5.18063009e-01
 -7.03846872e-01  8.45564783e-01  2.22889528e-01  5.72806001e-02
  7.29165733e-01 -1.03616178e+00  1.58585691e+00 -4.93727475e-01
 -3.07119966e-01  9.14265960e-02 -6.41273111e-02 -5.38270436e-02
  3.15355629e-01  1.19199312e+00  6.83415830e-01  1.33915111e-01
  1.16254874e-01  3.87908012e-01  8.34312201e-01 -1.76378161e-01
  4.98694271e-01 -4.02371407e-01 -7.95837879e-01 -3.92245412e-01
 -7.62568772e-01  1.17841554e+00 -8.50370944e-01 -8.19937170e-01
 -1.17226891e-01 -8.34619522e-01 -1.40142596e+00  3.41342449e-01
 -1.18009889e+00  1.72452241e-01  7.37082437e-02 -3.43734443e-01
 -5.56558371e-01 -1.20999336e-01  6.78034663e-01 -1.69035867e-02
 -9.26296234e-01 -5.40798724e-01 -1.40218958e-01 -3.94925140e-02
 -8.04703236e-01 -9.95787308e-02 -2.03307927e-01 -1.50647974e+00
 -1.90729693e-01  4.01281953e-01  8.01624775e-01 -1.31860971e+00
  2.80246615e-01 -1.09216804e-02 -8.86645317e-01  8.60824645e-01
  5.10790169e-01  2.27465048e-01 -6.09495401e-01  1.30400555e-02
 -5.35382628e-02  5.99121809e-01  9.75840449e-01  7.68029451e-01
 -1.04766703e+00  1.87973067e-01  7.01478198e-02  4.77244973e-01
 -6.52137339e-01  7.09963962e-02 -4.24877740e-02  3.11902642e-01
  1.14879143e+00 -1.62646145e-01  2.15660229e-01  2.38919973e-01
  1.27243221e-01 -2.14758724e-01 -8.41916800e-01  1.32479280e-01
  2.49055177e-01 -3.80854696e-01 -2.53900200e-01 -1.52146888e+00
 -4.27862376e-01 -3.30217481e-01 -1.65427983e-01 -5.02607748e-02
  5.20032287e-01 -1.33780479e-01 -2.27504417e-01 -2.93135196e-01
 -2.25837648e-01  5.58377504e-01 -2.53188342e-01  1.02464998e+00
  3.18368047e-01  2.15202257e-01 -1.98995262e-01 -1.44416893e+00
  5.02204970e-02 -2.66076565e-01 -1.08973151e-02 -2.40284443e-01
 -5.64793527e-01  6.28166497e-02  3.36367339e-01 -8.57639432e-01
 -8.62743378e-01 -5.27694464e-01 -5.19397497e-01  8.48357737e-01
 -9.25135195e-01 -8.00738484e-02 -1.99941337e-01 -4.17113543e-01
 -7.53359854e-01 -9.31248963e-01 -3.05604845e-01  3.69783878e-01
 -1.04227677e-01  1.14021158e+00 -1.58956695e+00 -1.72336042e-01
  3.25673372e-01  7.78758302e-02 -3.53107870e-01  5.87968975e-02
  1.47149250e-01  8.21567714e-01  9.81274366e-01  5.93652308e-01
  5.79920053e-01  7.66876757e-01 -7.82622874e-01  4.46217418e-01
 -2.69964069e-01  4.41214263e-01 -1.92598388e-01 -4.10362273e-01
  5.84180020e-02  1.81740105e-01 -1.81846797e-01  3.85951310e-01
  8.06822419e-01  6.49897575e-01 -7.08981693e-01  1.09895403e-02
  5.91275170e-02 -7.26420283e-01 -3.29815060e-01 -2.90464878e-01
  3.73225480e-01  7.54145861e-01  1.66838729e+00 -2.18773857e-01
 -7.01609969e-01 -1.36749840e+00 -3.00247729e-01 -5.03675103e-01
  8.70439291e-01 -4.03018713e-01 -9.52010870e-01  1.99213073e-01
 -9.88790244e-02 -1.30468071e+00 -5.96089602e-01  2.54472584e-01
 -1.41453886e+00 -2.63562888e-01 -5.13353407e-01  7.11600557e-02
  1.20021462e+00 -1.73822570e+00  7.00591266e-01 -8.52419317e-01
  1.40644157e+00 -9.30212319e-01  1.71362936e-01 -3.40986192e-01
  1.11099374e+00  3.32399905e-01  3.70734811e-01 -1.41833186e+00
  7.56462216e-01 -4.55584586e-01  4.26305503e-01 -6.59897864e-01
  1.24169588e+00 -3.52406174e-01 -1.76326826e-01  4.58189696e-01]","[ 2.58754939e-01  7.65666783e-01 -4.65707630e-01 -4.36065912e-01
 -1.02154410e+00  3.74384910e-01  2.53483087e-01  4.09017712e-01
 -6.94044456e-02  6.88503325e-01 -5.28746426e-01  9.49705672e-03
  1.22118175e+00 -1.29630601e+00 -8.81272554e-01 -1.36076915e+00
 -7.82842219e-01 -6.90891325e-01 -7.81432152e-01  7.17344582e-01
  1.65111768e+00 -2.14252546e-01  7.42859602e-01  8.88970852e-01
  9.16712806e-02  6.13837898e-01  2.14042950e+00 -4.88709062e-01
 -3.48345608e-01  6.08429551e-01 -7.47659430e-02  1.67858288e-01
  2.20460221e-01 -8.66752043e-02  5.38115680e-01  3.48620623e-01
 -4.05876786e-01  2.07969666e-01  3.64317708e-02 -1.68470338e-01
 -1.19797252e-01 -3.29685718e-04  1.09635150e+00  8.61720383e-01
  3.81253630e-01  3.06869358e-01  8.60960782e-01 -5.03717922e-02
  5.55247486e-01 -2.21602872e-01  3.81490827e-01  1.78490713e-01
 -3.82163048e-01 -5.39982021e-01 -2.26499572e-01  2.35104397e-01
  5.11031091e-01  1.36317283e-01 -1.01213396e+00  7.63465106e-01
 -7.91656673e-01  6.24221146e-01 -5.04378676e-02  1.83643326e-01
 -2.18661264e-01  7.73185909e-01  6.97015703e-01 -8.37078318e-02
 -1.59653902e-01 -3.47926170e-01 -3.12480479e-01 -4.70926136e-01
 -1.22260191e-01 -1.11529268e-01 -5.80355048e-01 -4.57529038e-01
  1.04305685e-01 -5.60658038e-01 -5.75476885e-02  2.07826346e-02
  5.11998355e-01 -4.07395922e-02 -8.57271776e-02  8.07722390e-01
  1.25639126e-01 -2.27841973e-01  1.99368715e-01  3.94466549e-01
 -2.29423419e-01  6.56251252e-01 -1.39102936e+00 -2.48177513e-01
  1.02561653e+00  1.63333565e-01 -7.41358042e-01  4.11552817e-01
 -6.56937659e-01  8.11281383e-01  1.32502774e-02 -8.95606503e-02
 -8.85221139e-02  8.10027122e-01 -1.39308321e+00  1.41229165e+00
  1.47527564e+00 -5.27085662e-01  2.02385023e-01 -1.41935205e+00
 -2.88261324e-01  4.54457074e-01 -1.46575600e-01 -8.69578123e-02
  7.32687950e-01 -6.16145432e-01  1.34594366e-01  6.39876187e-01
 -1.44258842e-01  2.16147140e-01 -2.23000154e-01  6.38989031e-01
 -4.11915869e-01  3.50595713e-01  5.70650995e-01 -8.09123695e-01
 -4.94646877e-01 -4.51880284e-02 -1.54170379e-01  3.72843176e-01
 -1.84427261e-01 -4.46734615e-02  1.41228944e-01 -3.13785821e-01
 -1.36994436e-01 -2.44505003e-01 -1.35662365e+00  5.76085364e-03
  1.65453315e-01 -5.28535903e-01 -1.37860805e-01 -6.12922132e-01
 -4.81841946e-03  1.16985954e-01  5.10767877e-01 -5.25469959e-01
  3.92412357e-02  3.49685192e-01 -6.66919053e-02 -2.74920493e-01
  6.00411296e-02 -3.49984258e-01  7.61600062e-02 -2.26685509e-01
  8.62072706e-01 -4.64118570e-01 -2.94663697e-01  5.15659273e-01
  1.72863439e-01 -9.21992779e-01 -9.47336614e-01 -2.89100736e-01
  2.59418692e-02  1.51202843e-01 -7.73630664e-02  3.85801084e-02
  2.93126196e-01 -3.53437036e-01 -1.18852735e-01  5.98323166e-01
  1.07211065e+00  1.25569713e+00  2.15441491e-02 -2.15563297e-01
 -7.10687578e-01  1.29834712e+00  8.37024391e-01  1.38366830e+00
 -2.41990876e-03 -3.08258146e-01 -1.00147593e+00  3.74590397e-01
  3.18077542e-02  1.06435704e+00  6.53108656e-02 -3.44478697e-01
  4.10884619e-04  4.46341187e-01 -2.23740339e-02  3.45368236e-01
 -1.59559309e-01  2.95039713e-01  4.16525990e-01  2.51234889e-01
  1.53080240e-01 -5.57194650e-01 -4.55134362e-01 -9.01373684e-01
 -1.24181308e-01 -3.51409823e-01 -2.22094998e-01  4.69337195e-01
  3.66864018e-02 -9.05083597e-01  4.72788185e-01 -8.23253930e-01
 -7.69597828e-01 -1.41294524e-01 -5.41748941e-01 -1.59614399e-01
 -3.31402093e-01  1.56573012e-01 -6.26872480e-01 -1.08016205e+00
  6.74879372e-01 -2.28904560e-01 -3.66408229e-01  9.52807426e-01
 -2.49409720e-01  6.31160557e-01 -2.16425419e-01  7.80879796e-01
 -5.31057753e-02  2.12950587e-01  2.08714247e-01 -3.76456939e-02
  1.02227533e+00  2.05922544e-01  4.96548325e-01  1.14875138e+00
 -1.47142842e-01  1.44781128e-01 -1.00707434e-01  1.95989263e+00
  5.88235199e-01  2.39680350e-01  1.08087635e+00  8.00363198e-02
 -4.00677443e-01 -8.46993923e-01 -3.01950455e-01 -4.92810518e-01
 -9.30117428e-01  9.02858555e-01 -2.92300373e-01 -1.44224569e-01
  4.48532671e-01 -7.70175755e-01 -9.61511359e-02 -9.23241436e-01
  6.88463748e-02  2.13101104e-01  3.51493865e-01  7.25903213e-02
  8.29195008e-02  3.10883552e-01 -3.06551903e-01  6.26678407e-01
  1.16759121e-01 -3.19817029e-02  9.86835957e-01  2.12960601e-01
 -1.87608883e-01 -4.39048260e-01 -3.93611670e-01  3.14746238e-02
  4.67132837e-01  5.91510355e-01 -5.82304895e-01 -3.08005631e-01
 -3.97076577e-01 -1.61111081e+00 -6.18716002e-01  9.36848521e-02
 -2.64846057e-01  3.04639369e-01 -2.97773540e-01  2.59679228e-01
  8.37306738e-01  3.94203186e-01 -8.16127777e-01 -1.10288668e+00
  1.83305308e-01 -2.00568721e-01  1.48652220e+00  1.16011453e+00
 -2.86318362e-02 -5.29603899e-01  3.83966208e-01  7.54229307e-01
  7.64074996e-02  3.81459713e-01 -3.68279248e-01  3.44247609e-01
  2.45934680e-01  7.71982253e-01 -1.27560392e-01  5.86078055e-02
  1.93814218e+00 -1.06247580e+00 -5.15270948e-01 -6.02204442e-01
 -1.91837952e-01  1.38955191e-01  5.88956475e-03 -2.56706387e-01
  6.63230121e-01  3.49048585e-01  5.71135342e-01  7.18370378e-01
 -1.42920511e-02  1.72898695e-01  6.89943075e-01  1.69781840e-03
 -3.96998338e-02  7.82621205e-01  7.13594913e-01 -3.70173663e-01
 -5.42735076e-03 -8.73017013e-01 -4.07721192e-01 -2.67813742e-01
  7.90600777e-01  4.62941319e-01  5.06024420e-01 -8.13354015e-01
  3.29493552e-01  2.80005783e-01 -1.17573768e-01  3.97675186e-01
  1.45187899e-01 -8.07157829e-02 -7.78619200e-02 -9.61248457e-01
  6.81790113e-02 -6.57359958e-02  9.75333154e-01  1.91977775e+00
 -3.26742262e-01  7.42301112e-03  2.52164411e-03 -4.06822801e-01
 -9.29980457e-01  8.28021824e-01 -3.20083089e-02  1.52232334e-01
  4.19183105e-01  4.04705971e-01  1.15119231e+00 -1.91186130e-01
 -1.26877546e-01 -1.48641035e-01 -3.43369275e-01 -1.19184506e+00
 -2.82330811e-01  1.25802338e+00 -2.45547876e-01 -8.44457448e-02
 -5.24645150e-01  2.47254089e-01  4.11571175e-01  2.63517380e-01
 -8.29683170e-02  2.00176358e-01 -1.07659066e+00 -4.29665715e-01
  1.15340889e+00  1.80977825e-02 -6.42389894e-01  1.35355279e-01
  4.07437468e-03  2.60230094e-01 -5.03543727e-02 -8.82178068e-01
 -2.46009305e-01 -1.16771936e+00 -3.78451586e-01 -7.65593290e-01
 -4.00647074e-01 -1.21218868e-01 -8.26268017e-01 -3.02382022e-01
 -5.00344252e-03 -1.06858885e+00 -3.26659828e-01 -2.16492906e-01
 -3.30358028e-01  2.30187774e-01 -1.79770425e-01 -9.02734339e-01
 -7.41476953e-01 -6.15338869e-02 -9.38126519e-02  1.94314957e-01
 -2.89056301e-01  8.90308917e-01  3.91442508e-01  6.97327435e-01
  7.45553672e-01  4.24382836e-01 -3.27737331e-01  5.80936432e-01
 -1.24678463e-02  9.26483929e-01 -3.51582199e-01  1.77305654e-01
  1.70948878e-01  4.45365123e-02  1.28183261e-01  3.41375679e-01
 -5.32822609e-01 -4.74269688e-02  4.22098309e-01  9.11723912e-01
  8.00791025e-01 -6.36188805e-01  8.95480737e-02 -8.06500256e-01
 -4.49507117e-01 -1.71611205e-01 -5.80729425e-01 -1.74753711e-01
  3.67258549e-01 -1.01258963e-01  3.10842961e-01 -5.60998805e-02
  2.71947473e-01  4.78378147e-01  8.30143690e-01  4.15337592e-01
 -1.45673469e-01 -7.29671180e-01 -5.47645152e-01 -9.97540951e-01
 -8.99102926e-01  5.54789960e-01 -2.95613915e-01 -7.16665268e-01
  2.14029267e-01 -1.01798892e+00 -9.23852921e-01  7.91428983e-02
 -9.04280901e-01  6.19130284e-02  1.51161209e-01 -2.35187531e-01
 -3.37493032e-01 -1.02911043e+00 -9.89820734e-02  9.27680433e-01
 -3.10963392e-01 -2.72858471e-01  1.63475215e-01  2.96460211e-01
  4.45687979e-01  1.95598766e-01 -3.05731595e-01  6.93182573e-02
 -3.21123272e-01  5.95443428e-01  5.48458576e-01 -2.00317121e+00
  6.79128945e-01  4.56946820e-01 -7.14092970e-01  3.14033777e-02
 -6.99467063e-02  8.38553488e-01 -1.02953374e+00  4.51370209e-01
 -5.72017729e-01  7.34556675e-01  6.52249217e-01  5.14868200e-01
 -4.01160747e-01  4.57474798e-01  2.88481891e-01 -8.71608034e-02
  1.11201353e-01 -9.85160887e-01  2.93618321e-01 -3.79842997e-01
  8.51307884e-02 -5.13610363e-01 -4.46230084e-01  1.90197393e-01
 -2.25161240e-01  2.27955058e-01 -1.24368936e-01 -6.23004377e-01
 -1.21121533e-01 -4.17960078e-01  1.72031224e-02 -9.25355911e-01
  1.97996378e-01 -9.37604904e-02 -8.29413414e-01 -8.01442146e-01
  9.10189077e-02  1.93399265e-01 -6.44582450e-01 -7.51188278e-01
 -3.33442926e-01  2.49328986e-01 -7.26612434e-02  1.05746686e+00
  8.82225409e-02 -4.86976236e-01  1.60925579e+00 -7.45107889e-01
  1.58774313e-02 -1.61246493e-01  7.17768967e-02 -5.85627973e-01
 -2.52059549e-01 -4.42534357e-01  2.18473479e-01 -8.10688913e-01
 -9.37299252e-01 -5.24647534e-01 -2.10442737e-01  5.20700634e-01
 -9.27391708e-01 -5.11770666e-01 -7.26313531e-01 -3.05953294e-01
 -7.26748466e-01 -1.29627538e+00  1.06564254e-01  5.24497032e-01
  3.93341690e-01  6.82094276e-01 -3.47765595e-01  2.02958107e-01
 -9.43305120e-02 -6.87422931e-01  6.86987817e-01  2.45795906e-01
  3.44973117e-01  9.67409134e-01  1.50813806e+00  3.60267907e-01
 -5.07872105e-01  4.62053381e-02 -5.79474270e-01  6.78498089e-01
 -6.48347318e-01  4.99527693e-01 -1.12642586e-01  9.04823542e-02
  8.42202723e-01  5.29779196e-01 -4.15849477e-01  6.08234823e-01
  7.51701653e-01  1.28312588e+00 -5.83781183e-01  2.36583486e-01
  4.46787387e-01 -3.08433235e-01 -2.31035069e-01  7.70932138e-02
  9.77844521e-02  1.07979155e+00  1.03480005e+00 -2.42791072e-01
 -2.93547481e-01 -9.94999707e-01  6.03366315e-01 -2.94181198e-04
  8.74860764e-01 -1.30845034e+00  1.74097955e-01  8.38625208e-02
 -8.89260590e-01 -1.20076764e+00 -5.70772111e-01  3.23102623e-01
 -1.04073751e+00 -8.27366650e-01  2.95840353e-02  5.12552619e-01
  6.87260330e-01 -7.78497756e-01 -3.96597475e-01 -4.32368070e-01
  3.85459930e-01 -1.70074224e-01  1.80485800e-01  3.28782350e-01
  7.54682243e-01 -1.78295150e-01 -6.10124528e-01 -1.08846831e+00
 -2.02196494e-01 -3.63281816e-01 -1.63538814e-01 -5.32768428e-01
  2.83494651e-01 -3.79056066e-01 -8.27098917e-03  1.01834345e+00]",0
153,[*]C(C[*])C(=O)[O-],[*]CC([*])c1[n+](C)c(C)ccc1,450,20,7.0,200,26,0.5,0,1,6,0.0444444444444444,0,1,0,9.921712962962964,9.921712962962964,0.0370370370370369,-0.7824074074074072,0.4204227437702691,19.2,71.055,68.031,71.01385291591001,28.0,2.6,3.2,3.2,1.6457113704075783,3.34341705895396,73.33515884998701,5.861807319565799,2.6009536313038994,2.6009536313038994,3.1807392125526213,1.1051717155225391,1.1051717155225391,0.5231597389607807,0.5231597389607807,0.1666666666666666,0.1666666666666666,0.0,0.0,-0.53,27.977093296928835,1.798837033645378,0.5057254621854761,0.2506048614847814,30.42489110886254,29.21492868948101,9.901064578912528,5.969305287951849,13.344558822616634,0.0,0.0,5.106527394840706,5.969305287951849,4.794537184071822,0.0,0.0,13.344558822616634,40.13,5.969305287951849,9.901064578912528,6.4208216229260096,6.923737199690624,0.0,0.0,0.0,0.0,0.3533333333333333,9.921712962962964,9.921712962962964,0.0,-0.7824074074074072,0.0,0.0694444444444444,1.0162037037037035,0.0,0.6666666666666666,5.0,2.0,0.0,0.0,2.0,4.0,2.0,0.0,-0.9583000000000002,13.564000000000002,1.0,0.0,1.0,1.0,1.0,1.0,0.0,0.0,0.0,0.0,2.3744907407407405,2.3744907407407405,0.4998148148148148,0.4998148148148148,0.5378735140085047,15.8,134.20199999999997,122.10599999999998,134.09642580409,52.0,0.0,1.8,2.6,3.3,2.084320437315095,3.071919016223133,273.2310872723904,9.137828201504696,6.463721453445009,6.463721453445009,5.663902460147014,3.335367551914885,3.335367551914885,2.355171496302288,2.355171496302288,1.7299089214328325,1.7299089214328325,0.9181732824291704,0.9181732824291704,-0.8500000000000001,506.4898662675681,4.888623338494641,1.815283360019171,0.7374264600617634,62.32079104462523,61.47002484785755,4.567099647791355,0.0,0.0,7.04767198267719,20.268296022307258,0.0,29.58695719508175,4.567099647791355,0.0,7.04767198267719,6.923737199690624,17.808677612622933,18.19910120538483,6.923737199690624,3.88,0.0,0.0,0.0,6.4208216229260096,5.693927994848461,12.617665194539086,0.0,36.737610035544,3.4757114512471654,0.0,0.0,2.996296296296297,0.0,6.708417422524565,1.0230555555555554,3.759667422524565,2.2035185185185187,0.4444444444444444,10.0,1.0,1.0,1.0,0.0,3.0,2.0,1.0,1.37752,39.90300000000001,0.0,1.0,0.0,0.0,0.0,0.0,1.0,0.0,1.0,1.0,0.0,0.0,[*]CC([*])C(=O)[O-],[*]CC([*])c1cccc(C)[n+]1C,"[ 5.50952554e-01  6.67746007e-01  3.77917290e-01 -1.17441809e+00
 -6.69968367e-01 -1.58297330e-01 -6.72284961e-02 -5.28121531e-01
 -2.75267303e-01  1.55845845e+00  2.68392377e-02 -5.55266798e-01
  7.93385267e-01 -1.03456473e+00 -6.35627568e-01 -1.03876030e+00
 -1.70346820e+00 -1.30036497e+00 -2.25371301e-01 -1.41964734e-01
  1.05430499e-01 -2.92812109e-01  3.19773614e-01  7.72576690e-01
 -6.40112102e-01  1.28019118e+00  2.42774200e+00 -4.54006344e-01
 -9.02524412e-01  9.79506493e-01 -3.34828138e-01 -3.03650469e-01
 -1.33218363e-01 -9.41639364e-01  7.83632636e-01  4.23074663e-01
 -1.73241779e-01  3.54419112e-01  3.47581238e-01 -3.20249461e-02
 -5.87040186e-01 -6.94137141e-02  1.36469281e+00  1.50850272e+00
 -7.08109001e-04  1.40314758e+00  8.37898135e-01  2.30026972e-02
 -1.28918486e-02 -4.91764814e-01 -3.88111532e-01 -8.54103506e-01
 -3.39003444e-01 -8.56086552e-01 -6.32213116e-01 -4.84038144e-01
 -2.89928913e-03  8.45237494e-01 -9.35304523e-01 -3.63467872e-01
 -6.73271000e-01 -1.05482444e-01  8.11104894e-01 -1.71648502e-01
 -3.46295953e-01  9.68204662e-02  7.82802626e-02  6.15729988e-01
 -1.28915578e-01 -8.80074680e-01 -1.10793412e-01 -2.32655019e-01
 -2.76402205e-01  4.76215333e-02 -5.37703753e-01 -4.57626283e-01
 -5.56176007e-01 -5.34456968e-01  4.31151748e-01 -4.61292788e-02
  3.29330802e-01 -1.57692686e-01  6.79725409e-01  7.64999747e-01
  2.28698909e-01  4.99854833e-01  1.03707455e-01  4.23821568e-01
 -1.18584305e-01  5.51582500e-02 -1.27232492e+00  9.25469279e-01
  1.17828858e+00  5.55050254e-01 -6.01640403e-01  1.85598596e-03
 -5.06517231e-01  3.62108380e-01 -1.25593603e-01  2.64763713e-01
  1.74772024e-01  3.16496044e-01 -1.01321959e+00  8.26404274e-01
  1.10871613e+00 -1.15284944e+00  1.07645226e+00 -9.01291013e-01
 -5.09613574e-01  6.92212641e-01 -6.20536089e-01 -2.36807078e-01
  1.11608577e+00  5.01168847e-01  5.16830027e-01  4.75949496e-01
 -6.68551743e-01  4.93257880e-01  2.93971598e-01  4.70821112e-02
 -3.74763817e-01  1.12406266e+00 -1.71836525e-01 -9.83554304e-01
 -3.04760039e-01 -8.03640932e-02  4.01249915e-01 -2.37712353e-01
 -3.63715082e-01 -4.04603444e-02 -6.94833323e-02 -2.84978569e-01
 -1.37553036e-01 -6.40389100e-02 -1.30503821e+00  6.43750072e-01
  8.66559386e-01 -6.59701407e-01 -2.93511987e-01 -5.99394381e-01
 -1.37480929e-01  3.21428955e-01 -4.59521860e-02 -7.53167152e-01
 -2.05593005e-01  1.92969292e-01  1.47321537e-01  6.28412962e-01
  3.42511177e-01 -7.05951214e-01  4.42748845e-01 -4.32425022e-01
  1.24913609e+00 -4.02215600e-01  3.81262302e-01  6.94990575e-01
  3.94117445e-01 -8.92814755e-01 -1.08931231e+00  4.76228297e-01
  1.24987923e-01  6.95637167e-02  7.04857886e-01  3.86546522e-01
  4.89218652e-01  1.67667687e-01  6.18894100e-01  4.35397118e-01
  6.26206696e-01  8.39248419e-01  2.65890479e-01 -2.82257199e-02
  2.12427139e-01  7.49804258e-01  7.74736702e-01  1.29185498e+00
 -4.25994545e-02 -1.65944263e-01 -9.42873001e-01 -1.42539650e-01
 -5.09615064e-01  9.65403438e-01  8.34682345e-01 -5.18386602e-01
  3.53891730e-01  6.41801357e-02  5.08618951e-01  1.01894891e+00
 -3.28530014e-01 -3.32997628e-02 -1.80441827e-01  2.35096931e-01
 -2.55989581e-01 -2.09291473e-01 -1.47133321e-01 -1.64968276e+00
 -1.69284850e-01  6.07510209e-02  6.21947587e-01  7.29369700e-01
  5.99946022e-01 -6.74916565e-01  1.23031831e+00 -1.28958249e+00
 -6.64112449e-01 -3.67776453e-01  1.31455690e-01  3.78233433e-01
 -8.40135753e-01 -3.63106400e-01 -2.50634134e-01 -2.10742283e+00
  6.89093709e-01 -9.02974844e-01 -4.02772009e-01  1.54137588e+00
 -2.07992017e-01  9.06994522e-01 -5.44871032e-01  3.85305762e-01
 -8.09826478e-02  6.84405208e-01  2.46060431e-01 -5.65070868e-01
  5.42701185e-01  2.30542719e-02 -1.22137517e-01  6.66289628e-01
 -1.00670137e-01  5.78732230e-02 -1.18791723e+00  2.20502615e+00
  7.74039507e-01  3.79953198e-02  1.60000706e+00  1.23174655e+00
  2.83441335e-01 -3.15214992e-01 -7.11687982e-01 -7.00975180e-01
 -8.20701361e-01  6.06228650e-01 -6.73054680e-02 -3.09595257e-01
 -1.70270309e-01 -1.09378815e+00 -1.88075840e-01  1.54434606e-01
  6.66516542e-01  3.04506958e-01  1.23938218e-01  3.31819475e-01
 -1.62126659e-03  4.06757772e-01 -8.66131783e-02 -5.88821769e-02
 -5.21769404e-01 -2.06430405e-01  1.92552900e+00 -2.83560157e-01
 -1.90655738e-01 -4.01817203e-01  5.80403030e-01  1.90049112e-01
  5.90409189e-02  3.97923917e-01 -4.53226894e-01  4.97723222e-01
 -3.94481063e-01 -1.30251551e+00 -3.18813235e-01 -4.60155487e-01
 -4.52672958e-01  4.28255886e-01  1.86832532e-01 -4.64421064e-01
  8.26421797e-01  8.58034790e-02  9.91345942e-02 -6.91530228e-01
  6.67168140e-01 -6.56287134e-01  1.84816062e+00  1.09426033e+00
  1.60102636e-01 -1.11405814e+00  3.91883664e-02  3.58302563e-01
 -5.41131608e-02  4.13817704e-01 -2.12963536e-01  3.07724923e-01
  1.17556334e+00 -1.34069726e-01  2.33674124e-01 -7.30481418e-03
  7.81065047e-01 -3.03012580e-01 -8.35513845e-02  5.53557932e-01
 -2.84455985e-01 -2.47817889e-01  1.89149991e-01 -1.02672207e+00
  1.32583808e-02 -2.55627990e-01  9.52539861e-01 -2.96597350e-02
  8.79282951e-01  4.27375317e-01 -1.99289754e-01  2.20845848e-01
  1.33380175e-01  1.14704527e-01  9.84668970e-01 -2.11234868e-01
 -4.05843139e-01 -7.67308354e-01  3.14330757e-02  3.86560559e-01
  1.19929647e+00  5.36592305e-01  5.09199142e-01 -1.36162627e+00
 -1.05296448e-01 -5.59449345e-02 -3.80162150e-02 -6.26801491e-01
  1.86362505e-01 -1.73844025e-01 -6.50287032e-01 -3.45541984e-01
 -7.34303296e-01  7.24383742e-02  1.10383463e+00  1.14996636e+00
  4.15981650e-01  2.12344471e-02  3.46782468e-02 -6.53821528e-01
 -5.01247168e-01  1.01878500e+00 -5.11385202e-01  5.93827702e-02
  1.42465687e+00  8.32590798e-04  8.78591835e-01  5.78436792e-01
  7.18320012e-01  5.57367444e-01 -5.57254732e-01 -1.31244791e+00
  7.39392415e-02  1.02208316e+00 -1.73512977e-02  8.59655023e-01
 -3.99190225e-02 -2.82223940e-01  3.95490587e-01  4.02262717e-01
  8.03426445e-01 -2.58965492e-01 -1.23902738e+00 -9.40800786e-01
  1.62803307e-01 -1.82705402e-01 -1.00059152e+00 -5.43330550e-01
 -6.58766031e-01 -2.29741275e-01  1.80671170e-01 -1.29144430e-01
  3.56926799e-01 -8.86848867e-02 -9.70983922e-01  2.64483422e-01
  1.72349140e-01 -7.12217987e-01 -8.57104957e-02 -3.92155677e-01
  1.69065610e-01 -3.40923727e-01 -2.67417639e-01 -1.58317521e-01
 -6.08656704e-01  1.02118409e+00 -2.54552245e-01 -9.51778710e-01
 -2.65829086e-01 -5.54043390e-02 -5.34137547e-01  7.80924261e-02
 -4.31904018e-01 -2.93715656e-01 -5.59636712e-01  7.50055850e-01
  5.42586446e-01  5.21332622e-01  7.41369128e-01 -2.03372106e-01
 -2.98140310e-02  1.17485476e+00 -6.42839670e-01  9.09768820e-01
 -2.86733925e-01 -6.71667278e-01 -7.02754200e-01  5.18063009e-01
 -7.03846872e-01  8.45564783e-01  2.22889528e-01  5.72806001e-02
  7.29165733e-01 -1.03616178e+00  1.58585691e+00 -4.93727475e-01
 -3.07119966e-01  9.14265960e-02 -6.41273111e-02 -5.38270436e-02
  3.15355629e-01  1.19199312e+00  6.83415830e-01  1.33915111e-01
  1.16254874e-01  3.87908012e-01  8.34312201e-01 -1.76378161e-01
  4.98694271e-01 -4.02371407e-01 -7.95837879e-01 -3.92245412e-01
 -7.62568772e-01  1.17841554e+00 -8.50370944e-01 -8.19937170e-01
 -1.17226891e-01 -8.34619522e-01 -1.40142596e+00  3.41342449e-01
 -1.18009889e+00  1.72452241e-01  7.37082437e-02 -3.43734443e-01
 -5.56558371e-01 -1.20999336e-01  6.78034663e-01 -1.69035867e-02
 -9.26296234e-01 -5.40798724e-01 -1.40218958e-01 -3.94925140e-02
 -8.04703236e-01 -9.95787308e-02 -2.03307927e-01 -1.50647974e+00
 -1.90729693e-01  4.01281953e-01  8.01624775e-01 -1.31860971e+00
  2.80246615e-01 -1.09216804e-02 -8.86645317e-01  8.60824645e-01
  5.10790169e-01  2.27465048e-01 -6.09495401e-01  1.30400555e-02
 -5.35382628e-02  5.99121809e-01  9.75840449e-01  7.68029451e-01
 -1.04766703e+00  1.87973067e-01  7.01478198e-02  4.77244973e-01
 -6.52137339e-01  7.09963962e-02 -4.24877740e-02  3.11902642e-01
  1.14879143e+00 -1.62646145e-01  2.15660229e-01  2.38919973e-01
  1.27243221e-01 -2.14758724e-01 -8.41916800e-01  1.32479280e-01
  2.49055177e-01 -3.80854696e-01 -2.53900200e-01 -1.52146888e+00
 -4.27862376e-01 -3.30217481e-01 -1.65427983e-01 -5.02607748e-02
  5.20032287e-01 -1.33780479e-01 -2.27504417e-01 -2.93135196e-01
 -2.25837648e-01  5.58377504e-01 -2.53188342e-01  1.02464998e+00
  3.18368047e-01  2.15202257e-01 -1.98995262e-01 -1.44416893e+00
  5.02204970e-02 -2.66076565e-01 -1.08973151e-02 -2.40284443e-01
 -5.64793527e-01  6.28166497e-02  3.36367339e-01 -8.57639432e-01
 -8.62743378e-01 -5.27694464e-01 -5.19397497e-01  8.48357737e-01
 -9.25135195e-01 -8.00738484e-02 -1.99941337e-01 -4.17113543e-01
 -7.53359854e-01 -9.31248963e-01 -3.05604845e-01  3.69783878e-01
 -1.04227677e-01  1.14021158e+00 -1.58956695e+00 -1.72336042e-01
  3.25673372e-01  7.78758302e-02 -3.53107870e-01  5.87968975e-02
  1.47149250e-01  8.21567714e-01  9.81274366e-01  5.93652308e-01
  5.79920053e-01  7.66876757e-01 -7.82622874e-01  4.46217418e-01
 -2.69964069e-01  4.41214263e-01 -1.92598388e-01 -4.10362273e-01
  5.84180020e-02  1.81740105e-01 -1.81846797e-01  3.85951310e-01
  8.06822419e-01  6.49897575e-01 -7.08981693e-01  1.09895403e-02
  5.91275170e-02 -7.26420283e-01 -3.29815060e-01 -2.90464878e-01
  3.73225480e-01  7.54145861e-01  1.66838729e+00 -2.18773857e-01
 -7.01609969e-01 -1.36749840e+00 -3.00247729e-01 -5.03675103e-01
  8.70439291e-01 -4.03018713e-01 -9.52010870e-01  1.99213073e-01
 -9.88790244e-02 -1.30468071e+00 -5.96089602e-01  2.54472584e-01
 -1.41453886e+00 -2.63562888e-01 -5.13353407e-01  7.11600557e-02
  1.20021462e+00 -1.73822570e+00  7.00591266e-01 -8.52419317e-01
  1.40644157e+00 -9.30212319e-01  1.71362936e-01 -3.40986192e-01
  1.11099374e+00  3.32399905e-01  3.70734811e-01 -1.41833186e+00
  7.56462216e-01 -4.55584586e-01  4.26305503e-01 -6.59897864e-01
  1.24169588e+00 -3.52406174e-01 -1.76326826e-01  4.58189696e-01]","[ 9.34219420e-01  7.52981961e-01 -8.96503553e-02 -6.94664180e-01
 -8.69917572e-01  5.56101382e-01  2.10748389e-01 -1.40856253e-02
  3.80376983e-03  6.77995205e-01 -2.12646902e-01 -4.09866810e-01
  8.71477902e-01 -1.98181975e+00 -3.53078693e-01 -1.23047590e+00
 -8.58768761e-01 -4.17802691e-01 -2.25076988e-01  2.45299295e-01
  3.92572314e-01 -5.04190505e-01  3.36336493e-01  1.14773595e+00
 -8.72434080e-01  4.94719267e-01  2.92553258e+00 -1.70226768e-01
 -3.94109398e-01  2.77472943e-01 -5.02508342e-01  4.27883863e-02
  1.50443926e-01 -6.66318461e-02  8.49124372e-01  2.44030878e-01
 -3.08234721e-01  6.85178459e-01  6.93162739e-01 -1.03473663e-03
 -2.87256781e-02 -3.53275567e-01  8.43556345e-01  6.03383780e-01
  2.23054290e-01  4.28072572e-01  4.07381840e-02  4.84972931e-02
  7.38408566e-01 -2.29203090e-01 -2.81006455e-01 -6.01720326e-02
 -1.16499746e+00  9.23274532e-02 -2.02385962e-01 -1.47556037e-01
  4.16871309e-01  2.53500462e-01 -7.87209988e-01 -6.41326085e-02
 -1.19074094e+00  2.18185768e-01  3.44929546e-02 -1.71249822e-01
 -9.26708996e-01  9.26710427e-01  5.61137378e-01  9.88510847e-02
 -2.26546135e-02  6.24476731e-01  5.65419734e-01 -2.47909520e-02
  1.07996561e-01 -2.56172959e-02 -6.62278831e-01 -4.46901411e-01
  2.20202461e-01 -6.41986489e-01 -5.91654778e-02 -2.17219636e-01
  4.25948709e-01 -2.02057540e-01 -4.46181625e-01  2.08623901e-01
  1.26461759e-01  7.40824342e-02  8.50928128e-02  4.64262813e-01
  1.86313912e-01  1.97090223e-01 -1.31709778e+00  3.15761566e-03
  4.43468243e-01  2.45348647e-01 -7.68986702e-01 -2.52117366e-01
 -1.34925202e-01  8.03414047e-01  4.74336237e-01 -3.85452598e-01
 -6.47294149e-02  4.05239731e-01 -1.24941671e+00  1.38913691e+00
  8.45637500e-01 -5.54949462e-01  8.85206878e-01 -8.18343818e-01
 -1.91408932e-01  2.33381107e-01 -5.26936471e-01 -7.27947056e-01
  5.61303675e-01 -6.07131124e-01  6.38529480e-01  5.25116265e-01
  2.94139177e-01  4.15215403e-01 -5.07566392e-01  4.65911120e-01
 -9.93422568e-01  3.43289942e-01 -3.48805398e-01 -1.15581834e+00
 -2.23598942e-01  2.67298192e-01  2.58934170e-01 -2.96836704e-01
 -5.73481619e-01  3.80982727e-01 -2.97791455e-02 -9.19770718e-01
 -5.24636030e-01  2.62360722e-01 -1.39276040e+00 -6.30733073e-01
 -1.42052233e-01 -9.56403732e-01  9.19377580e-02  1.14252485e-01
 -6.77156687e-01 -4.10846710e-01  8.24481964e-01 -6.52744889e-01
  8.89848843e-02 -1.30086720e-01  2.10832164e-01 -8.98263931e-01
 -4.41012532e-01 -5.95768332e-01  1.24723442e-01 -9.50685799e-01
  5.42060256e-01 -2.04318121e-01  1.40307173e-01 -6.32694364e-03
 -1.11760020e-01 -8.30360115e-01 -6.81847155e-01  2.29732096e-01
  2.09668517e-01  2.05878958e-01  4.23139185e-01  2.76696295e-01
  3.52344394e-01  2.69729048e-01  4.56602834e-02  6.02937162e-01
  1.01993454e+00  2.06267285e+00  6.05006158e-01 -3.57249111e-01
 -5.75551033e-01  1.05061138e+00  5.10422826e-01  1.54232514e+00
 -3.46213341e-01  1.66714191e-03 -4.82432216e-01  3.89010340e-01
  4.06538546e-02  1.16304457e+00  2.90505081e-01 -7.41937160e-01
  4.23671961e-01  2.74521023e-01  5.07913411e-01  1.16398722e-01
 -6.87023163e-01  7.18837440e-01  2.21707597e-01 -8.22078660e-02
  1.01369219e-02 -2.58242935e-01 -2.16963291e-01 -1.05790436e+00
 -7.18560591e-02 -5.17467447e-02 -1.59256339e-01  5.70776820e-01
 -1.55755877e-01 -1.04319155e+00  4.44885701e-01 -4.91473198e-01
 -3.14743668e-01 -3.15448970e-01 -4.36566591e-01 -4.87942904e-01
  3.71639699e-01 -1.36374801e-01 -9.55295861e-01 -9.17740822e-01
  4.93625134e-01 -5.92541873e-01  1.92209780e-02  9.06146228e-01
 -1.03102624e+00  9.03387725e-01 -3.70774597e-01  7.88323581e-01
 -4.09922928e-01 -5.49607575e-02  2.92420477e-01  5.08735180e-02
  1.34333479e+00  3.91351134e-01  6.92646801e-02  9.01896417e-01
  6.33295119e-01  2.47102007e-01  9.53693166e-02  1.40412712e+00
  1.20309412e+00  1.57115161e-01  9.49488819e-01 -3.05655375e-02
  4.24820989e-01 -1.41931212e+00 -2.94231504e-01 -5.06524593e-02
 -2.94804960e-01  1.24208748e+00  1.30178735e-01 -2.23355055e-01
 -7.69555569e-03 -5.89794457e-01 -4.98173952e-01 -6.34135962e-01
  8.31708908e-01  3.42528254e-01  3.82146239e-01 -2.86346436e-01
 -2.69852191e-01  5.12497962e-01 -7.92126000e-01  3.89571428e-01
 -1.29352853e-01 -3.89698386e-01  1.62927830e+00  5.47198415e-01
  9.96592864e-02 -4.43594418e-02 -5.18035114e-01  8.31093192e-02
  1.89183518e-01 -3.41822989e-02 -6.71891868e-01  1.50874749e-01
 -7.00894117e-01 -1.09321260e+00 -3.16050082e-01 -5.81241310e-01
 -6.71859831e-02  3.77708197e-01 -5.09753823e-01  7.69031867e-02
  1.13923311e+00 -1.19011752e-01 -8.89738739e-01 -8.35989177e-01
  1.73341438e-01 -7.17074454e-01  7.77168751e-01 -1.32602870e-01
  4.18069094e-01 -6.94241464e-01  2.10333630e-01  7.32650220e-01
  2.85338759e-02  3.85070562e-01 -6.16409361e-01  5.19879721e-02
  1.24885537e-01  3.22399825e-01 -4.34787303e-01  1.56026527e-01
  1.86870992e+00 -5.62272966e-01 -9.66773510e-01 -7.28882968e-01
  2.42057785e-01  3.91514868e-01  6.31514490e-01 -6.10801280e-01
  7.12506473e-01  7.97576457e-02  2.05296174e-01  3.14268976e-01
  3.40138882e-01  6.33170247e-01  7.22965181e-01  6.45762622e-01
 -7.88757801e-02  2.62728184e-01  3.53583805e-02 -4.22313541e-01
 -4.62161899e-02 -2.89381862e-01 -3.98485847e-02 -2.60322660e-01
  5.30496418e-01 -1.13219656e-01  4.56072778e-01 -1.53514341e-01
  1.99926049e-02  3.10648739e-01 -3.03774387e-01  1.34748101e-01
  6.34262264e-01  3.44859250e-02 -4.07471433e-02 -1.00424814e+00
  2.53045976e-01  2.20406577e-01  4.71905470e-01  2.07151961e+00
  2.07900450e-01 -2.02874854e-01 -1.35066435e-01 -9.00767624e-01
 -4.29879814e-01 -9.95774567e-02 -3.55907470e-01  2.51714081e-01
  2.31474891e-01  3.91570687e-01  8.76955032e-01  5.02235651e-01
  1.17850088e-01  3.29772860e-01 -5.69619417e-01 -1.27147496e+00
  1.63935140e-01  1.28913569e+00 -4.55305696e-01  3.86056423e-01
 -6.79300606e-01 -2.15358958e-01  3.95448804e-01 -3.37156773e-01
  5.07169008e-01 -4.61269803e-02 -1.03470218e+00  6.14777803e-02
  4.35286403e-01 -4.56344813e-01 -1.19330049e-01 -3.99390548e-01
 -9.39116478e-02  1.28790975e+00 -1.17038526e-01 -1.12758672e+00
  1.07304834e-01 -1.09820187e+00 -5.72369993e-01 -4.39796038e-02
  5.06777048e-01 -7.32374430e-01 -8.60096738e-02 -8.25091422e-01
 -2.87709296e-01 -7.41765976e-01 -8.51857245e-01 -6.43337071e-02
 -7.30686486e-01  6.17908776e-01 -3.95510882e-01 -9.85791981e-01
 -4.06312615e-01 -5.40924966e-01 -5.87347984e-01  1.61962882e-01
 -4.69483018e-01  3.84799570e-01  4.00321335e-01  5.77400506e-01
 -3.10296416e-02  1.67963028e-01 -3.14867347e-01  5.47842979e-01
  1.27023548e-01  6.76386178e-01 -5.35160005e-01  2.42655158e-01
  3.84288877e-01 -6.76573455e-01 -3.83122921e-01  5.25225699e-01
 -9.46413338e-01  1.98908687e-01  2.73221344e-01  5.35741508e-01
  8.34146976e-01 -1.13098562e+00  4.20983791e-01 -6.75049603e-01
 -5.14660120e-01 -2.49577537e-01 -2.74723202e-01  1.52725950e-01
  8.11905041e-02  4.96776015e-01  3.90156060e-01  5.70145667e-01
  1.33425280e-01  3.91636461e-01  9.81376171e-01 -1.82178780e-01
  4.26412702e-01 -3.75646085e-01 -6.73568785e-01 -6.17576480e-01
  2.31397152e-03  5.91775119e-01 -3.91114444e-01 -1.02295959e+00
  2.72804588e-01 -1.17063582e+00 -8.72985184e-01  3.37519765e-01
 -7.13693440e-01  1.44542649e-01 -2.02991262e-01 -1.35976911e-01
 -5.94905913e-01 -7.01158047e-01  8.28121662e-01  1.54697132e+00
 -4.99334544e-01  3.20179135e-01 -2.37501506e-02  3.93846072e-02
 -4.57764596e-01  2.27225125e-01 -8.25072005e-02 -1.18441880e-02
 -6.48724616e-01  1.32180825e-01  6.66176736e-01 -1.69828641e+00
  6.54987395e-01  5.85955977e-01 -1.37801373e+00 -2.44686291e-01
  1.12931930e-01  4.62913901e-01  3.48506384e-02  8.79061282e-01
 -4.29381460e-01  4.15785670e-01  4.63902950e-01  2.44228080e-01
  1.31092057e-01  6.01281643e-01 -9.61641595e-02 -4.45242256e-01
 -2.62665838e-01 -5.40284634e-01  6.42547846e-01  1.61314145e-01
  8.58900547e-01 -3.97970796e-01  1.50309399e-01 -3.03827554e-01
  6.69430569e-02  4.96631384e-01 -1.30261803e+00 -4.86551195e-01
  4.16612744e-01  1.09201677e-01  5.15097082e-01 -7.14145005e-01
  1.99584484e-01 -4.56286669e-01 -5.41937411e-01 -3.80266666e-01
  1.74875513e-01  2.40833119e-01  4.42717969e-02 -8.66450071e-02
  1.00076556e-01 -3.90757799e-01 -2.61791736e-01  1.68360126e+00
  1.08640575e+00 -3.76668960e-01  1.37973833e+00 -5.62259614e-01
  4.86713499e-01  2.49158010e-01  4.67576049e-02 -3.73004228e-02
 -1.02784288e+00  7.41423154e-03 -4.06897455e-01 -6.88689291e-01
 -5.59970498e-01 -3.88329923e-02 -9.00954545e-01  6.08469248e-01
 -5.46648204e-01 -5.72267294e-01 -2.51762182e-01 -5.98366082e-01
 -1.36168754e+00 -1.25498283e+00  9.23677623e-01  4.45976883e-01
  3.45490932e-01 -4.36429493e-02 -5.61814547e-01  1.20090008e-01
  2.32489705e-02 -2.77724620e-02  1.39182642e-01  5.31667948e-01
 -1.80334151e-01  1.00840271e+00  1.68412149e+00 -1.21989258e-01
 -7.89651334e-01 -1.39644146e-02 -4.93455261e-01  7.51550496e-01
 -4.69966263e-01  6.73797309e-01  3.77757102e-01  3.25352959e-02
  1.27432182e-01  5.08016467e-01 -2.25558758e-01  6.58559740e-01
  3.37384462e-01  1.11876237e+00 -3.72107744e-01 -4.34249751e-02
  6.11955822e-01 -2.85211205e-01 -7.93079659e-02  1.29053937e-02
  6.23687208e-01  3.17710042e-01  1.15503192e+00 -8.88197601e-01
  3.46362799e-01 -7.27253973e-01  1.32999793e-01  3.16417485e-01
  1.02391160e+00 -8.74858379e-01  7.75895894e-01 -2.34553471e-01
 -1.56552196e-01 -7.83782423e-01 -6.63513362e-01  9.60435495e-02
 -8.22755396e-01 -1.09237777e-02 -5.47389030e-01  1.73520148e-01
  1.12842977e+00 -6.75033092e-01  3.22361082e-01 -5.08254588e-01
  4.72578764e-01 -2.19273433e-01 -3.55984122e-01 -3.05874735e-01
  7.71258056e-01 -1.72158346e-01 -4.42646503e-01 -9.24099028e-01
 -2.52762556e-01 -6.08725511e-02  5.66794455e-01 -5.60483754e-01
  6.06552422e-01 -5.93137264e-01 -3.08317125e-01  1.02879035e+00]",0
155,[*]C(C[*])C(=O)[O-],[*]CC([*])c1cc[n+](CC)cc1,450,285,7.0,200,20,0.5,0,1,3,0.6333333333333333,0,1,0,9.921712962962964,9.921712962962964,0.0370370370370369,-0.7824074074074072,0.4204227437702691,19.2,71.055,68.031,71.01385291591001,28.0,2.6,3.2,3.2,1.6457113704075783,3.34341705895396,73.33515884998701,5.861807319565799,2.6009536313038994,2.6009536313038994,3.1807392125526213,1.1051717155225391,1.1051717155225391,0.5231597389607807,0.5231597389607807,0.1666666666666666,0.1666666666666666,0.0,0.0,-0.53,27.977093296928835,1.798837033645378,0.5057254621854761,0.2506048614847814,30.42489110886254,29.21492868948101,9.901064578912528,5.969305287951849,13.344558822616634,0.0,0.0,5.106527394840706,5.969305287951849,4.794537184071822,0.0,0.0,13.344558822616634,40.13,5.969305287951849,9.901064578912528,6.4208216229260096,6.923737199690624,0.0,0.0,0.0,0.0,0.3533333333333333,9.921712962962964,9.921712962962964,0.0,-0.7824074074074072,0.0,0.0694444444444444,1.0162037037037035,0.0,0.6666666666666666,5.0,2.0,0.0,0.0,2.0,4.0,2.0,0.0,-0.9583000000000002,13.564000000000002,1.0,0.0,1.0,1.0,1.0,1.0,0.0,0.0,0.0,0.0,2.3224074074074075,2.3224074074074075,0.5284301776266063,0.5284301776266063,0.5521406753358277,15.7,134.202,122.10599999999998,134.09642580409,52.0,0.0,1.7,2.4,2.9,2.167053352545513,2.770446815269876,232.78878061771368,8.974691494688164,6.248178503821182,6.248178503821182,5.774386907679233,3.4806726876126763,3.4806726876126763,2.166047211752171,2.166047211752171,1.5177731138680297,1.5177731138680297,0.8157553743075044,0.8157553743075044,-0.8500000000000001,606.7749387127436,4.888623338494641,2.080926843886177,0.919449804078233,62.32079104462523,61.47002484785755,4.567099647791355,0.0,0.0,0.0,26.813052428219837,0.0,30.08987277184637,4.567099647791355,0.0,6.544756405912575,0.0,18.90801031431363,24.52642128014937,6.923737199690624,3.88,0.0,0.0,0.0,12.965578028838586,0.0,12.48718869138762,0.0,36.01725812763135,3.383179406021668,0.0,0.0,1.6200925925925929,0.0,4.644814814814815,5.496394557823129,4.855518628747795,0.0,0.4444444444444444,10.0,1.0,1.0,1.0,0.0,3.0,3.0,1.0,1.552,39.859000000000016,0.0,1.0,0.0,0.0,0.0,0.0,1.0,0.0,1.0,1.0,0.0,0.0,[*]CC([*])C(=O)[O-],[*]CC([*])c1cc[n+](CC)cc1,"[ 5.50952554e-01  6.67746007e-01  3.77917290e-01 -1.17441809e+00
 -6.69968367e-01 -1.58297330e-01 -6.72284961e-02 -5.28121531e-01
 -2.75267303e-01  1.55845845e+00  2.68392377e-02 -5.55266798e-01
  7.93385267e-01 -1.03456473e+00 -6.35627568e-01 -1.03876030e+00
 -1.70346820e+00 -1.30036497e+00 -2.25371301e-01 -1.41964734e-01
  1.05430499e-01 -2.92812109e-01  3.19773614e-01  7.72576690e-01
 -6.40112102e-01  1.28019118e+00  2.42774200e+00 -4.54006344e-01
 -9.02524412e-01  9.79506493e-01 -3.34828138e-01 -3.03650469e-01
 -1.33218363e-01 -9.41639364e-01  7.83632636e-01  4.23074663e-01
 -1.73241779e-01  3.54419112e-01  3.47581238e-01 -3.20249461e-02
 -5.87040186e-01 -6.94137141e-02  1.36469281e+00  1.50850272e+00
 -7.08109001e-04  1.40314758e+00  8.37898135e-01  2.30026972e-02
 -1.28918486e-02 -4.91764814e-01 -3.88111532e-01 -8.54103506e-01
 -3.39003444e-01 -8.56086552e-01 -6.32213116e-01 -4.84038144e-01
 -2.89928913e-03  8.45237494e-01 -9.35304523e-01 -3.63467872e-01
 -6.73271000e-01 -1.05482444e-01  8.11104894e-01 -1.71648502e-01
 -3.46295953e-01  9.68204662e-02  7.82802626e-02  6.15729988e-01
 -1.28915578e-01 -8.80074680e-01 -1.10793412e-01 -2.32655019e-01
 -2.76402205e-01  4.76215333e-02 -5.37703753e-01 -4.57626283e-01
 -5.56176007e-01 -5.34456968e-01  4.31151748e-01 -4.61292788e-02
  3.29330802e-01 -1.57692686e-01  6.79725409e-01  7.64999747e-01
  2.28698909e-01  4.99854833e-01  1.03707455e-01  4.23821568e-01
 -1.18584305e-01  5.51582500e-02 -1.27232492e+00  9.25469279e-01
  1.17828858e+00  5.55050254e-01 -6.01640403e-01  1.85598596e-03
 -5.06517231e-01  3.62108380e-01 -1.25593603e-01  2.64763713e-01
  1.74772024e-01  3.16496044e-01 -1.01321959e+00  8.26404274e-01
  1.10871613e+00 -1.15284944e+00  1.07645226e+00 -9.01291013e-01
 -5.09613574e-01  6.92212641e-01 -6.20536089e-01 -2.36807078e-01
  1.11608577e+00  5.01168847e-01  5.16830027e-01  4.75949496e-01
 -6.68551743e-01  4.93257880e-01  2.93971598e-01  4.70821112e-02
 -3.74763817e-01  1.12406266e+00 -1.71836525e-01 -9.83554304e-01
 -3.04760039e-01 -8.03640932e-02  4.01249915e-01 -2.37712353e-01
 -3.63715082e-01 -4.04603444e-02 -6.94833323e-02 -2.84978569e-01
 -1.37553036e-01 -6.40389100e-02 -1.30503821e+00  6.43750072e-01
  8.66559386e-01 -6.59701407e-01 -2.93511987e-01 -5.99394381e-01
 -1.37480929e-01  3.21428955e-01 -4.59521860e-02 -7.53167152e-01
 -2.05593005e-01  1.92969292e-01  1.47321537e-01  6.28412962e-01
  3.42511177e-01 -7.05951214e-01  4.42748845e-01 -4.32425022e-01
  1.24913609e+00 -4.02215600e-01  3.81262302e-01  6.94990575e-01
  3.94117445e-01 -8.92814755e-01 -1.08931231e+00  4.76228297e-01
  1.24987923e-01  6.95637167e-02  7.04857886e-01  3.86546522e-01
  4.89218652e-01  1.67667687e-01  6.18894100e-01  4.35397118e-01
  6.26206696e-01  8.39248419e-01  2.65890479e-01 -2.82257199e-02
  2.12427139e-01  7.49804258e-01  7.74736702e-01  1.29185498e+00
 -4.25994545e-02 -1.65944263e-01 -9.42873001e-01 -1.42539650e-01
 -5.09615064e-01  9.65403438e-01  8.34682345e-01 -5.18386602e-01
  3.53891730e-01  6.41801357e-02  5.08618951e-01  1.01894891e+00
 -3.28530014e-01 -3.32997628e-02 -1.80441827e-01  2.35096931e-01
 -2.55989581e-01 -2.09291473e-01 -1.47133321e-01 -1.64968276e+00
 -1.69284850e-01  6.07510209e-02  6.21947587e-01  7.29369700e-01
  5.99946022e-01 -6.74916565e-01  1.23031831e+00 -1.28958249e+00
 -6.64112449e-01 -3.67776453e-01  1.31455690e-01  3.78233433e-01
 -8.40135753e-01 -3.63106400e-01 -2.50634134e-01 -2.10742283e+00
  6.89093709e-01 -9.02974844e-01 -4.02772009e-01  1.54137588e+00
 -2.07992017e-01  9.06994522e-01 -5.44871032e-01  3.85305762e-01
 -8.09826478e-02  6.84405208e-01  2.46060431e-01 -5.65070868e-01
  5.42701185e-01  2.30542719e-02 -1.22137517e-01  6.66289628e-01
 -1.00670137e-01  5.78732230e-02 -1.18791723e+00  2.20502615e+00
  7.74039507e-01  3.79953198e-02  1.60000706e+00  1.23174655e+00
  2.83441335e-01 -3.15214992e-01 -7.11687982e-01 -7.00975180e-01
 -8.20701361e-01  6.06228650e-01 -6.73054680e-02 -3.09595257e-01
 -1.70270309e-01 -1.09378815e+00 -1.88075840e-01  1.54434606e-01
  6.66516542e-01  3.04506958e-01  1.23938218e-01  3.31819475e-01
 -1.62126659e-03  4.06757772e-01 -8.66131783e-02 -5.88821769e-02
 -5.21769404e-01 -2.06430405e-01  1.92552900e+00 -2.83560157e-01
 -1.90655738e-01 -4.01817203e-01  5.80403030e-01  1.90049112e-01
  5.90409189e-02  3.97923917e-01 -4.53226894e-01  4.97723222e-01
 -3.94481063e-01 -1.30251551e+00 -3.18813235e-01 -4.60155487e-01
 -4.52672958e-01  4.28255886e-01  1.86832532e-01 -4.64421064e-01
  8.26421797e-01  8.58034790e-02  9.91345942e-02 -6.91530228e-01
  6.67168140e-01 -6.56287134e-01  1.84816062e+00  1.09426033e+00
  1.60102636e-01 -1.11405814e+00  3.91883664e-02  3.58302563e-01
 -5.41131608e-02  4.13817704e-01 -2.12963536e-01  3.07724923e-01
  1.17556334e+00 -1.34069726e-01  2.33674124e-01 -7.30481418e-03
  7.81065047e-01 -3.03012580e-01 -8.35513845e-02  5.53557932e-01
 -2.84455985e-01 -2.47817889e-01  1.89149991e-01 -1.02672207e+00
  1.32583808e-02 -2.55627990e-01  9.52539861e-01 -2.96597350e-02
  8.79282951e-01  4.27375317e-01 -1.99289754e-01  2.20845848e-01
  1.33380175e-01  1.14704527e-01  9.84668970e-01 -2.11234868e-01
 -4.05843139e-01 -7.67308354e-01  3.14330757e-02  3.86560559e-01
  1.19929647e+00  5.36592305e-01  5.09199142e-01 -1.36162627e+00
 -1.05296448e-01 -5.59449345e-02 -3.80162150e-02 -6.26801491e-01
  1.86362505e-01 -1.73844025e-01 -6.50287032e-01 -3.45541984e-01
 -7.34303296e-01  7.24383742e-02  1.10383463e+00  1.14996636e+00
  4.15981650e-01  2.12344471e-02  3.46782468e-02 -6.53821528e-01
 -5.01247168e-01  1.01878500e+00 -5.11385202e-01  5.93827702e-02
  1.42465687e+00  8.32590798e-04  8.78591835e-01  5.78436792e-01
  7.18320012e-01  5.57367444e-01 -5.57254732e-01 -1.31244791e+00
  7.39392415e-02  1.02208316e+00 -1.73512977e-02  8.59655023e-01
 -3.99190225e-02 -2.82223940e-01  3.95490587e-01  4.02262717e-01
  8.03426445e-01 -2.58965492e-01 -1.23902738e+00 -9.40800786e-01
  1.62803307e-01 -1.82705402e-01 -1.00059152e+00 -5.43330550e-01
 -6.58766031e-01 -2.29741275e-01  1.80671170e-01 -1.29144430e-01
  3.56926799e-01 -8.86848867e-02 -9.70983922e-01  2.64483422e-01
  1.72349140e-01 -7.12217987e-01 -8.57104957e-02 -3.92155677e-01
  1.69065610e-01 -3.40923727e-01 -2.67417639e-01 -1.58317521e-01
 -6.08656704e-01  1.02118409e+00 -2.54552245e-01 -9.51778710e-01
 -2.65829086e-01 -5.54043390e-02 -5.34137547e-01  7.80924261e-02
 -4.31904018e-01 -2.93715656e-01 -5.59636712e-01  7.50055850e-01
  5.42586446e-01  5.21332622e-01  7.41369128e-01 -2.03372106e-01
 -2.98140310e-02  1.17485476e+00 -6.42839670e-01  9.09768820e-01
 -2.86733925e-01 -6.71667278e-01 -7.02754200e-01  5.18063009e-01
 -7.03846872e-01  8.45564783e-01  2.22889528e-01  5.72806001e-02
  7.29165733e-01 -1.03616178e+00  1.58585691e+00 -4.93727475e-01
 -3.07119966e-01  9.14265960e-02 -6.41273111e-02 -5.38270436e-02
  3.15355629e-01  1.19199312e+00  6.83415830e-01  1.33915111e-01
  1.16254874e-01  3.87908012e-01  8.34312201e-01 -1.76378161e-01
  4.98694271e-01 -4.02371407e-01 -7.95837879e-01 -3.92245412e-01
 -7.62568772e-01  1.17841554e+00 -8.50370944e-01 -8.19937170e-01
 -1.17226891e-01 -8.34619522e-01 -1.40142596e+00  3.41342449e-01
 -1.18009889e+00  1.72452241e-01  7.37082437e-02 -3.43734443e-01
 -5.56558371e-01 -1.20999336e-01  6.78034663e-01 -1.69035867e-02
 -9.26296234e-01 -5.40798724e-01 -1.40218958e-01 -3.94925140e-02
 -8.04703236e-01 -9.95787308e-02 -2.03307927e-01 -1.50647974e+00
 -1.90729693e-01  4.01281953e-01  8.01624775e-01 -1.31860971e+00
  2.80246615e-01 -1.09216804e-02 -8.86645317e-01  8.60824645e-01
  5.10790169e-01  2.27465048e-01 -6.09495401e-01  1.30400555e-02
 -5.35382628e-02  5.99121809e-01  9.75840449e-01  7.68029451e-01
 -1.04766703e+00  1.87973067e-01  7.01478198e-02  4.77244973e-01
 -6.52137339e-01  7.09963962e-02 -4.24877740e-02  3.11902642e-01
  1.14879143e+00 -1.62646145e-01  2.15660229e-01  2.38919973e-01
  1.27243221e-01 -2.14758724e-01 -8.41916800e-01  1.32479280e-01
  2.49055177e-01 -3.80854696e-01 -2.53900200e-01 -1.52146888e+00
 -4.27862376e-01 -3.30217481e-01 -1.65427983e-01 -5.02607748e-02
  5.20032287e-01 -1.33780479e-01 -2.27504417e-01 -2.93135196e-01
 -2.25837648e-01  5.58377504e-01 -2.53188342e-01  1.02464998e+00
  3.18368047e-01  2.15202257e-01 -1.98995262e-01 -1.44416893e+00
  5.02204970e-02 -2.66076565e-01 -1.08973151e-02 -2.40284443e-01
 -5.64793527e-01  6.28166497e-02  3.36367339e-01 -8.57639432e-01
 -8.62743378e-01 -5.27694464e-01 -5.19397497e-01  8.48357737e-01
 -9.25135195e-01 -8.00738484e-02 -1.99941337e-01 -4.17113543e-01
 -7.53359854e-01 -9.31248963e-01 -3.05604845e-01  3.69783878e-01
 -1.04227677e-01  1.14021158e+00 -1.58956695e+00 -1.72336042e-01
  3.25673372e-01  7.78758302e-02 -3.53107870e-01  5.87968975e-02
  1.47149250e-01  8.21567714e-01  9.81274366e-01  5.93652308e-01
  5.79920053e-01  7.66876757e-01 -7.82622874e-01  4.46217418e-01
 -2.69964069e-01  4.41214263e-01 -1.92598388e-01 -4.10362273e-01
  5.84180020e-02  1.81740105e-01 -1.81846797e-01  3.85951310e-01
  8.06822419e-01  6.49897575e-01 -7.08981693e-01  1.09895403e-02
  5.91275170e-02 -7.26420283e-01 -3.29815060e-01 -2.90464878e-01
  3.73225480e-01  7.54145861e-01  1.66838729e+00 -2.18773857e-01
 -7.01609969e-01 -1.36749840e+00 -3.00247729e-01 -5.03675103e-01
  8.70439291e-01 -4.03018713e-01 -9.52010870e-01  1.99213073e-01
 -9.88790244e-02 -1.30468071e+00 -5.96089602e-01  2.54472584e-01
 -1.41453886e+00 -2.63562888e-01 -5.13353407e-01  7.11600557e-02
  1.20021462e+00 -1.73822570e+00  7.00591266e-01 -8.52419317e-01
  1.40644157e+00 -9.30212319e-01  1.71362936e-01 -3.40986192e-01
  1.11099374e+00  3.32399905e-01  3.70734811e-01 -1.41833186e+00
  7.56462216e-01 -4.55584586e-01  4.26305503e-01 -6.59897864e-01
  1.24169588e+00 -3.52406174e-01 -1.76326826e-01  4.58189696e-01]","[ 2.58754939e-01  7.65666783e-01 -4.65707630e-01 -4.36065912e-01
 -1.02154410e+00  3.74384910e-01  2.53483087e-01  4.09017712e-01
 -6.94044456e-02  6.88503325e-01 -5.28746426e-01  9.49705672e-03
  1.22118175e+00 -1.29630601e+00 -8.81272554e-01 -1.36076915e+00
 -7.82842219e-01 -6.90891325e-01 -7.81432152e-01  7.17344582e-01
  1.65111768e+00 -2.14252546e-01  7.42859602e-01  8.88970852e-01
  9.16712806e-02  6.13837898e-01  2.14042950e+00 -4.88709062e-01
 -3.48345608e-01  6.08429551e-01 -7.47659430e-02  1.67858288e-01
  2.20460221e-01 -8.66752043e-02  5.38115680e-01  3.48620623e-01
 -4.05876786e-01  2.07969666e-01  3.64317708e-02 -1.68470338e-01
 -1.19797252e-01 -3.29685718e-04  1.09635150e+00  8.61720383e-01
  3.81253630e-01  3.06869358e-01  8.60960782e-01 -5.03717922e-02
  5.55247486e-01 -2.21602872e-01  3.81490827e-01  1.78490713e-01
 -3.82163048e-01 -5.39982021e-01 -2.26499572e-01  2.35104397e-01
  5.11031091e-01  1.36317283e-01 -1.01213396e+00  7.63465106e-01
 -7.91656673e-01  6.24221146e-01 -5.04378676e-02  1.83643326e-01
 -2.18661264e-01  7.73185909e-01  6.97015703e-01 -8.37078318e-02
 -1.59653902e-01 -3.47926170e-01 -3.12480479e-01 -4.70926136e-01
 -1.22260191e-01 -1.11529268e-01 -5.80355048e-01 -4.57529038e-01
  1.04305685e-01 -5.60658038e-01 -5.75476885e-02  2.07826346e-02
  5.11998355e-01 -4.07395922e-02 -8.57271776e-02  8.07722390e-01
  1.25639126e-01 -2.27841973e-01  1.99368715e-01  3.94466549e-01
 -2.29423419e-01  6.56251252e-01 -1.39102936e+00 -2.48177513e-01
  1.02561653e+00  1.63333565e-01 -7.41358042e-01  4.11552817e-01
 -6.56937659e-01  8.11281383e-01  1.32502774e-02 -8.95606503e-02
 -8.85221139e-02  8.10027122e-01 -1.39308321e+00  1.41229165e+00
  1.47527564e+00 -5.27085662e-01  2.02385023e-01 -1.41935205e+00
 -2.88261324e-01  4.54457074e-01 -1.46575600e-01 -8.69578123e-02
  7.32687950e-01 -6.16145432e-01  1.34594366e-01  6.39876187e-01
 -1.44258842e-01  2.16147140e-01 -2.23000154e-01  6.38989031e-01
 -4.11915869e-01  3.50595713e-01  5.70650995e-01 -8.09123695e-01
 -4.94646877e-01 -4.51880284e-02 -1.54170379e-01  3.72843176e-01
 -1.84427261e-01 -4.46734615e-02  1.41228944e-01 -3.13785821e-01
 -1.36994436e-01 -2.44505003e-01 -1.35662365e+00  5.76085364e-03
  1.65453315e-01 -5.28535903e-01 -1.37860805e-01 -6.12922132e-01
 -4.81841946e-03  1.16985954e-01  5.10767877e-01 -5.25469959e-01
  3.92412357e-02  3.49685192e-01 -6.66919053e-02 -2.74920493e-01
  6.00411296e-02 -3.49984258e-01  7.61600062e-02 -2.26685509e-01
  8.62072706e-01 -4.64118570e-01 -2.94663697e-01  5.15659273e-01
  1.72863439e-01 -9.21992779e-01 -9.47336614e-01 -2.89100736e-01
  2.59418692e-02  1.51202843e-01 -7.73630664e-02  3.85801084e-02
  2.93126196e-01 -3.53437036e-01 -1.18852735e-01  5.98323166e-01
  1.07211065e+00  1.25569713e+00  2.15441491e-02 -2.15563297e-01
 -7.10687578e-01  1.29834712e+00  8.37024391e-01  1.38366830e+00
 -2.41990876e-03 -3.08258146e-01 -1.00147593e+00  3.74590397e-01
  3.18077542e-02  1.06435704e+00  6.53108656e-02 -3.44478697e-01
  4.10884619e-04  4.46341187e-01 -2.23740339e-02  3.45368236e-01
 -1.59559309e-01  2.95039713e-01  4.16525990e-01  2.51234889e-01
  1.53080240e-01 -5.57194650e-01 -4.55134362e-01 -9.01373684e-01
 -1.24181308e-01 -3.51409823e-01 -2.22094998e-01  4.69337195e-01
  3.66864018e-02 -9.05083597e-01  4.72788185e-01 -8.23253930e-01
 -7.69597828e-01 -1.41294524e-01 -5.41748941e-01 -1.59614399e-01
 -3.31402093e-01  1.56573012e-01 -6.26872480e-01 -1.08016205e+00
  6.74879372e-01 -2.28904560e-01 -3.66408229e-01  9.52807426e-01
 -2.49409720e-01  6.31160557e-01 -2.16425419e-01  7.80879796e-01
 -5.31057753e-02  2.12950587e-01  2.08714247e-01 -3.76456939e-02
  1.02227533e+00  2.05922544e-01  4.96548325e-01  1.14875138e+00
 -1.47142842e-01  1.44781128e-01 -1.00707434e-01  1.95989263e+00
  5.88235199e-01  2.39680350e-01  1.08087635e+00  8.00363198e-02
 -4.00677443e-01 -8.46993923e-01 -3.01950455e-01 -4.92810518e-01
 -9.30117428e-01  9.02858555e-01 -2.92300373e-01 -1.44224569e-01
  4.48532671e-01 -7.70175755e-01 -9.61511359e-02 -9.23241436e-01
  6.88463748e-02  2.13101104e-01  3.51493865e-01  7.25903213e-02
  8.29195008e-02  3.10883552e-01 -3.06551903e-01  6.26678407e-01
  1.16759121e-01 -3.19817029e-02  9.86835957e-01  2.12960601e-01
 -1.87608883e-01 -4.39048260e-01 -3.93611670e-01  3.14746238e-02
  4.67132837e-01  5.91510355e-01 -5.82304895e-01 -3.08005631e-01
 -3.97076577e-01 -1.61111081e+00 -6.18716002e-01  9.36848521e-02
 -2.64846057e-01  3.04639369e-01 -2.97773540e-01  2.59679228e-01
  8.37306738e-01  3.94203186e-01 -8.16127777e-01 -1.10288668e+00
  1.83305308e-01 -2.00568721e-01  1.48652220e+00  1.16011453e+00
 -2.86318362e-02 -5.29603899e-01  3.83966208e-01  7.54229307e-01
  7.64074996e-02  3.81459713e-01 -3.68279248e-01  3.44247609e-01
  2.45934680e-01  7.71982253e-01 -1.27560392e-01  5.86078055e-02
  1.93814218e+00 -1.06247580e+00 -5.15270948e-01 -6.02204442e-01
 -1.91837952e-01  1.38955191e-01  5.88956475e-03 -2.56706387e-01
  6.63230121e-01  3.49048585e-01  5.71135342e-01  7.18370378e-01
 -1.42920511e-02  1.72898695e-01  6.89943075e-01  1.69781840e-03
 -3.96998338e-02  7.82621205e-01  7.13594913e-01 -3.70173663e-01
 -5.42735076e-03 -8.73017013e-01 -4.07721192e-01 -2.67813742e-01
  7.90600777e-01  4.62941319e-01  5.06024420e-01 -8.13354015e-01
  3.29493552e-01  2.80005783e-01 -1.17573768e-01  3.97675186e-01
  1.45187899e-01 -8.07157829e-02 -7.78619200e-02 -9.61248457e-01
  6.81790113e-02 -6.57359958e-02  9.75333154e-01  1.91977775e+00
 -3.26742262e-01  7.42301112e-03  2.52164411e-03 -4.06822801e-01
 -9.29980457e-01  8.28021824e-01 -3.20083089e-02  1.52232334e-01
  4.19183105e-01  4.04705971e-01  1.15119231e+00 -1.91186130e-01
 -1.26877546e-01 -1.48641035e-01 -3.43369275e-01 -1.19184506e+00
 -2.82330811e-01  1.25802338e+00 -2.45547876e-01 -8.44457448e-02
 -5.24645150e-01  2.47254089e-01  4.11571175e-01  2.63517380e-01
 -8.29683170e-02  2.00176358e-01 -1.07659066e+00 -4.29665715e-01
  1.15340889e+00  1.80977825e-02 -6.42389894e-01  1.35355279e-01
  4.07437468e-03  2.60230094e-01 -5.03543727e-02 -8.82178068e-01
 -2.46009305e-01 -1.16771936e+00 -3.78451586e-01 -7.65593290e-01
 -4.00647074e-01 -1.21218868e-01 -8.26268017e-01 -3.02382022e-01
 -5.00344252e-03 -1.06858885e+00 -3.26659828e-01 -2.16492906e-01
 -3.30358028e-01  2.30187774e-01 -1.79770425e-01 -9.02734339e-01
 -7.41476953e-01 -6.15338869e-02 -9.38126519e-02  1.94314957e-01
 -2.89056301e-01  8.90308917e-01  3.91442508e-01  6.97327435e-01
  7.45553672e-01  4.24382836e-01 -3.27737331e-01  5.80936432e-01
 -1.24678463e-02  9.26483929e-01 -3.51582199e-01  1.77305654e-01
  1.70948878e-01  4.45365123e-02  1.28183261e-01  3.41375679e-01
 -5.32822609e-01 -4.74269688e-02  4.22098309e-01  9.11723912e-01
  8.00791025e-01 -6.36188805e-01  8.95480737e-02 -8.06500256e-01
 -4.49507117e-01 -1.71611205e-01 -5.80729425e-01 -1.74753711e-01
  3.67258549e-01 -1.01258963e-01  3.10842961e-01 -5.60998805e-02
  2.71947473e-01  4.78378147e-01  8.30143690e-01  4.15337592e-01
 -1.45673469e-01 -7.29671180e-01 -5.47645152e-01 -9.97540951e-01
 -8.99102926e-01  5.54789960e-01 -2.95613915e-01 -7.16665268e-01
  2.14029267e-01 -1.01798892e+00 -9.23852921e-01  7.91428983e-02
 -9.04280901e-01  6.19130284e-02  1.51161209e-01 -2.35187531e-01
 -3.37493032e-01 -1.02911043e+00 -9.89820734e-02  9.27680433e-01
 -3.10963392e-01 -2.72858471e-01  1.63475215e-01  2.96460211e-01
  4.45687979e-01  1.95598766e-01 -3.05731595e-01  6.93182573e-02
 -3.21123272e-01  5.95443428e-01  5.48458576e-01 -2.00317121e+00
  6.79128945e-01  4.56946820e-01 -7.14092970e-01  3.14033777e-02
 -6.99467063e-02  8.38553488e-01 -1.02953374e+00  4.51370209e-01
 -5.72017729e-01  7.34556675e-01  6.52249217e-01  5.14868200e-01
 -4.01160747e-01  4.57474798e-01  2.88481891e-01 -8.71608034e-02
  1.11201353e-01 -9.85160887e-01  2.93618321e-01 -3.79842997e-01
  8.51307884e-02 -5.13610363e-01 -4.46230084e-01  1.90197393e-01
 -2.25161240e-01  2.27955058e-01 -1.24368936e-01 -6.23004377e-01
 -1.21121533e-01 -4.17960078e-01  1.72031224e-02 -9.25355911e-01
  1.97996378e-01 -9.37604904e-02 -8.29413414e-01 -8.01442146e-01
  9.10189077e-02  1.93399265e-01 -6.44582450e-01 -7.51188278e-01
 -3.33442926e-01  2.49328986e-01 -7.26612434e-02  1.05746686e+00
  8.82225409e-02 -4.86976236e-01  1.60925579e+00 -7.45107889e-01
  1.58774313e-02 -1.61246493e-01  7.17768967e-02 -5.85627973e-01
 -2.52059549e-01 -4.42534357e-01  2.18473479e-01 -8.10688913e-01
 -9.37299252e-01 -5.24647534e-01 -2.10442737e-01  5.20700634e-01
 -9.27391708e-01 -5.11770666e-01 -7.26313531e-01 -3.05953294e-01
 -7.26748466e-01 -1.29627538e+00  1.06564254e-01  5.24497032e-01
  3.93341690e-01  6.82094276e-01 -3.47765595e-01  2.02958107e-01
 -9.43305120e-02 -6.87422931e-01  6.86987817e-01  2.45795906e-01
  3.44973117e-01  9.67409134e-01  1.50813806e+00  3.60267907e-01
 -5.07872105e-01  4.62053381e-02 -5.79474270e-01  6.78498089e-01
 -6.48347318e-01  4.99527693e-01 -1.12642586e-01  9.04823542e-02
  8.42202723e-01  5.29779196e-01 -4.15849477e-01  6.08234823e-01
  7.51701653e-01  1.28312588e+00 -5.83781183e-01  2.36583486e-01
  4.46787387e-01 -3.08433235e-01 -2.31035069e-01  7.70932138e-02
  9.77844521e-02  1.07979155e+00  1.03480005e+00 -2.42791072e-01
 -2.93547481e-01 -9.94999707e-01  6.03366315e-01 -2.94181198e-04
  8.74860764e-01 -1.30845034e+00  1.74097955e-01  8.38625208e-02
 -8.89260590e-01 -1.20076764e+00 -5.70772111e-01  3.23102623e-01
 -1.04073751e+00 -8.27366650e-01  2.95840353e-02  5.12552619e-01
  6.87260330e-01 -7.78497756e-01 -3.96597475e-01 -4.32368070e-01
  3.85459930e-01 -1.70074224e-01  1.80485800e-01  3.28782350e-01
  7.54682243e-01 -1.78295150e-01 -6.10124528e-01 -1.08846831e+00
 -2.02196494e-01 -3.63281816e-01 -1.63538814e-01 -5.32768428e-01
  2.83494651e-01 -3.79056066e-01 -8.27098917e-03  1.01834345e+00]",0
157,[*]C(C[*])C(=O)[O-],[*]CC([*])c1cc[n+](CC)cc1,450,285,7.0,250,15,0.5,0,1,3,0.6333333333333333,0,1,0,9.921712962962964,9.921712962962964,0.0370370370370369,-0.7824074074074072,0.4204227437702691,19.2,71.055,68.031,71.01385291591001,28.0,2.6,3.2,3.2,1.6457113704075783,3.34341705895396,73.33515884998701,5.861807319565799,2.6009536313038994,2.6009536313038994,3.1807392125526213,1.1051717155225391,1.1051717155225391,0.5231597389607807,0.5231597389607807,0.1666666666666666,0.1666666666666666,0.0,0.0,-0.53,27.977093296928835,1.798837033645378,0.5057254621854761,0.2506048614847814,30.42489110886254,29.21492868948101,9.901064578912528,5.969305287951849,13.344558822616634,0.0,0.0,5.106527394840706,5.969305287951849,4.794537184071822,0.0,0.0,13.344558822616634,40.13,5.969305287951849,9.901064578912528,6.4208216229260096,6.923737199690624,0.0,0.0,0.0,0.0,0.3533333333333333,9.921712962962964,9.921712962962964,0.0,-0.7824074074074072,0.0,0.0694444444444444,1.0162037037037035,0.0,0.6666666666666666,5.0,2.0,0.0,0.0,2.0,4.0,2.0,0.0,-0.9583000000000002,13.564000000000002,1.0,0.0,1.0,1.0,1.0,1.0,0.0,0.0,0.0,0.0,2.3224074074074075,2.3224074074074075,0.5284301776266063,0.5284301776266063,0.5521406753358277,15.7,134.202,122.10599999999998,134.09642580409,52.0,0.0,1.7,2.4,2.9,2.167053352545513,2.770446815269876,232.78878061771368,8.974691494688164,6.248178503821182,6.248178503821182,5.774386907679233,3.4806726876126763,3.4806726876126763,2.166047211752171,2.166047211752171,1.5177731138680297,1.5177731138680297,0.8157553743075044,0.8157553743075044,-0.8500000000000001,606.7749387127436,4.888623338494641,2.080926843886177,0.919449804078233,62.32079104462523,61.47002484785755,4.567099647791355,0.0,0.0,0.0,26.813052428219837,0.0,30.08987277184637,4.567099647791355,0.0,6.544756405912575,0.0,18.90801031431363,24.52642128014937,6.923737199690624,3.88,0.0,0.0,0.0,12.965578028838586,0.0,12.48718869138762,0.0,36.01725812763135,3.383179406021668,0.0,0.0,1.6200925925925929,0.0,4.644814814814815,5.496394557823129,4.855518628747795,0.0,0.4444444444444444,10.0,1.0,1.0,1.0,0.0,3.0,3.0,1.0,1.552,39.859000000000016,0.0,1.0,0.0,0.0,0.0,0.0,1.0,0.0,1.0,1.0,0.0,0.0,[*]CC([*])C(=O)[O-],[*]CC([*])c1cc[n+](CC)cc1,"[ 5.50952554e-01  6.67746007e-01  3.77917290e-01 -1.17441809e+00
 -6.69968367e-01 -1.58297330e-01 -6.72284961e-02 -5.28121531e-01
 -2.75267303e-01  1.55845845e+00  2.68392377e-02 -5.55266798e-01
  7.93385267e-01 -1.03456473e+00 -6.35627568e-01 -1.03876030e+00
 -1.70346820e+00 -1.30036497e+00 -2.25371301e-01 -1.41964734e-01
  1.05430499e-01 -2.92812109e-01  3.19773614e-01  7.72576690e-01
 -6.40112102e-01  1.28019118e+00  2.42774200e+00 -4.54006344e-01
 -9.02524412e-01  9.79506493e-01 -3.34828138e-01 -3.03650469e-01
 -1.33218363e-01 -9.41639364e-01  7.83632636e-01  4.23074663e-01
 -1.73241779e-01  3.54419112e-01  3.47581238e-01 -3.20249461e-02
 -5.87040186e-01 -6.94137141e-02  1.36469281e+00  1.50850272e+00
 -7.08109001e-04  1.40314758e+00  8.37898135e-01  2.30026972e-02
 -1.28918486e-02 -4.91764814e-01 -3.88111532e-01 -8.54103506e-01
 -3.39003444e-01 -8.56086552e-01 -6.32213116e-01 -4.84038144e-01
 -2.89928913e-03  8.45237494e-01 -9.35304523e-01 -3.63467872e-01
 -6.73271000e-01 -1.05482444e-01  8.11104894e-01 -1.71648502e-01
 -3.46295953e-01  9.68204662e-02  7.82802626e-02  6.15729988e-01
 -1.28915578e-01 -8.80074680e-01 -1.10793412e-01 -2.32655019e-01
 -2.76402205e-01  4.76215333e-02 -5.37703753e-01 -4.57626283e-01
 -5.56176007e-01 -5.34456968e-01  4.31151748e-01 -4.61292788e-02
  3.29330802e-01 -1.57692686e-01  6.79725409e-01  7.64999747e-01
  2.28698909e-01  4.99854833e-01  1.03707455e-01  4.23821568e-01
 -1.18584305e-01  5.51582500e-02 -1.27232492e+00  9.25469279e-01
  1.17828858e+00  5.55050254e-01 -6.01640403e-01  1.85598596e-03
 -5.06517231e-01  3.62108380e-01 -1.25593603e-01  2.64763713e-01
  1.74772024e-01  3.16496044e-01 -1.01321959e+00  8.26404274e-01
  1.10871613e+00 -1.15284944e+00  1.07645226e+00 -9.01291013e-01
 -5.09613574e-01  6.92212641e-01 -6.20536089e-01 -2.36807078e-01
  1.11608577e+00  5.01168847e-01  5.16830027e-01  4.75949496e-01
 -6.68551743e-01  4.93257880e-01  2.93971598e-01  4.70821112e-02
 -3.74763817e-01  1.12406266e+00 -1.71836525e-01 -9.83554304e-01
 -3.04760039e-01 -8.03640932e-02  4.01249915e-01 -2.37712353e-01
 -3.63715082e-01 -4.04603444e-02 -6.94833323e-02 -2.84978569e-01
 -1.37553036e-01 -6.40389100e-02 -1.30503821e+00  6.43750072e-01
  8.66559386e-01 -6.59701407e-01 -2.93511987e-01 -5.99394381e-01
 -1.37480929e-01  3.21428955e-01 -4.59521860e-02 -7.53167152e-01
 -2.05593005e-01  1.92969292e-01  1.47321537e-01  6.28412962e-01
  3.42511177e-01 -7.05951214e-01  4.42748845e-01 -4.32425022e-01
  1.24913609e+00 -4.02215600e-01  3.81262302e-01  6.94990575e-01
  3.94117445e-01 -8.92814755e-01 -1.08931231e+00  4.76228297e-01
  1.24987923e-01  6.95637167e-02  7.04857886e-01  3.86546522e-01
  4.89218652e-01  1.67667687e-01  6.18894100e-01  4.35397118e-01
  6.26206696e-01  8.39248419e-01  2.65890479e-01 -2.82257199e-02
  2.12427139e-01  7.49804258e-01  7.74736702e-01  1.29185498e+00
 -4.25994545e-02 -1.65944263e-01 -9.42873001e-01 -1.42539650e-01
 -5.09615064e-01  9.65403438e-01  8.34682345e-01 -5.18386602e-01
  3.53891730e-01  6.41801357e-02  5.08618951e-01  1.01894891e+00
 -3.28530014e-01 -3.32997628e-02 -1.80441827e-01  2.35096931e-01
 -2.55989581e-01 -2.09291473e-01 -1.47133321e-01 -1.64968276e+00
 -1.69284850e-01  6.07510209e-02  6.21947587e-01  7.29369700e-01
  5.99946022e-01 -6.74916565e-01  1.23031831e+00 -1.28958249e+00
 -6.64112449e-01 -3.67776453e-01  1.31455690e-01  3.78233433e-01
 -8.40135753e-01 -3.63106400e-01 -2.50634134e-01 -2.10742283e+00
  6.89093709e-01 -9.02974844e-01 -4.02772009e-01  1.54137588e+00
 -2.07992017e-01  9.06994522e-01 -5.44871032e-01  3.85305762e-01
 -8.09826478e-02  6.84405208e-01  2.46060431e-01 -5.65070868e-01
  5.42701185e-01  2.30542719e-02 -1.22137517e-01  6.66289628e-01
 -1.00670137e-01  5.78732230e-02 -1.18791723e+00  2.20502615e+00
  7.74039507e-01  3.79953198e-02  1.60000706e+00  1.23174655e+00
  2.83441335e-01 -3.15214992e-01 -7.11687982e-01 -7.00975180e-01
 -8.20701361e-01  6.06228650e-01 -6.73054680e-02 -3.09595257e-01
 -1.70270309e-01 -1.09378815e+00 -1.88075840e-01  1.54434606e-01
  6.66516542e-01  3.04506958e-01  1.23938218e-01  3.31819475e-01
 -1.62126659e-03  4.06757772e-01 -8.66131783e-02 -5.88821769e-02
 -5.21769404e-01 -2.06430405e-01  1.92552900e+00 -2.83560157e-01
 -1.90655738e-01 -4.01817203e-01  5.80403030e-01  1.90049112e-01
  5.90409189e-02  3.97923917e-01 -4.53226894e-01  4.97723222e-01
 -3.94481063e-01 -1.30251551e+00 -3.18813235e-01 -4.60155487e-01
 -4.52672958e-01  4.28255886e-01  1.86832532e-01 -4.64421064e-01
  8.26421797e-01  8.58034790e-02  9.91345942e-02 -6.91530228e-01
  6.67168140e-01 -6.56287134e-01  1.84816062e+00  1.09426033e+00
  1.60102636e-01 -1.11405814e+00  3.91883664e-02  3.58302563e-01
 -5.41131608e-02  4.13817704e-01 -2.12963536e-01  3.07724923e-01
  1.17556334e+00 -1.34069726e-01  2.33674124e-01 -7.30481418e-03
  7.81065047e-01 -3.03012580e-01 -8.35513845e-02  5.53557932e-01
 -2.84455985e-01 -2.47817889e-01  1.89149991e-01 -1.02672207e+00
  1.32583808e-02 -2.55627990e-01  9.52539861e-01 -2.96597350e-02
  8.79282951e-01  4.27375317e-01 -1.99289754e-01  2.20845848e-01
  1.33380175e-01  1.14704527e-01  9.84668970e-01 -2.11234868e-01
 -4.05843139e-01 -7.67308354e-01  3.14330757e-02  3.86560559e-01
  1.19929647e+00  5.36592305e-01  5.09199142e-01 -1.36162627e+00
 -1.05296448e-01 -5.59449345e-02 -3.80162150e-02 -6.26801491e-01
  1.86362505e-01 -1.73844025e-01 -6.50287032e-01 -3.45541984e-01
 -7.34303296e-01  7.24383742e-02  1.10383463e+00  1.14996636e+00
  4.15981650e-01  2.12344471e-02  3.46782468e-02 -6.53821528e-01
 -5.01247168e-01  1.01878500e+00 -5.11385202e-01  5.93827702e-02
  1.42465687e+00  8.32590798e-04  8.78591835e-01  5.78436792e-01
  7.18320012e-01  5.57367444e-01 -5.57254732e-01 -1.31244791e+00
  7.39392415e-02  1.02208316e+00 -1.73512977e-02  8.59655023e-01
 -3.99190225e-02 -2.82223940e-01  3.95490587e-01  4.02262717e-01
  8.03426445e-01 -2.58965492e-01 -1.23902738e+00 -9.40800786e-01
  1.62803307e-01 -1.82705402e-01 -1.00059152e+00 -5.43330550e-01
 -6.58766031e-01 -2.29741275e-01  1.80671170e-01 -1.29144430e-01
  3.56926799e-01 -8.86848867e-02 -9.70983922e-01  2.64483422e-01
  1.72349140e-01 -7.12217987e-01 -8.57104957e-02 -3.92155677e-01
  1.69065610e-01 -3.40923727e-01 -2.67417639e-01 -1.58317521e-01
 -6.08656704e-01  1.02118409e+00 -2.54552245e-01 -9.51778710e-01
 -2.65829086e-01 -5.54043390e-02 -5.34137547e-01  7.80924261e-02
 -4.31904018e-01 -2.93715656e-01 -5.59636712e-01  7.50055850e-01
  5.42586446e-01  5.21332622e-01  7.41369128e-01 -2.03372106e-01
 -2.98140310e-02  1.17485476e+00 -6.42839670e-01  9.09768820e-01
 -2.86733925e-01 -6.71667278e-01 -7.02754200e-01  5.18063009e-01
 -7.03846872e-01  8.45564783e-01  2.22889528e-01  5.72806001e-02
  7.29165733e-01 -1.03616178e+00  1.58585691e+00 -4.93727475e-01
 -3.07119966e-01  9.14265960e-02 -6.41273111e-02 -5.38270436e-02
  3.15355629e-01  1.19199312e+00  6.83415830e-01  1.33915111e-01
  1.16254874e-01  3.87908012e-01  8.34312201e-01 -1.76378161e-01
  4.98694271e-01 -4.02371407e-01 -7.95837879e-01 -3.92245412e-01
 -7.62568772e-01  1.17841554e+00 -8.50370944e-01 -8.19937170e-01
 -1.17226891e-01 -8.34619522e-01 -1.40142596e+00  3.41342449e-01
 -1.18009889e+00  1.72452241e-01  7.37082437e-02 -3.43734443e-01
 -5.56558371e-01 -1.20999336e-01  6.78034663e-01 -1.69035867e-02
 -9.26296234e-01 -5.40798724e-01 -1.40218958e-01 -3.94925140e-02
 -8.04703236e-01 -9.95787308e-02 -2.03307927e-01 -1.50647974e+00
 -1.90729693e-01  4.01281953e-01  8.01624775e-01 -1.31860971e+00
  2.80246615e-01 -1.09216804e-02 -8.86645317e-01  8.60824645e-01
  5.10790169e-01  2.27465048e-01 -6.09495401e-01  1.30400555e-02
 -5.35382628e-02  5.99121809e-01  9.75840449e-01  7.68029451e-01
 -1.04766703e+00  1.87973067e-01  7.01478198e-02  4.77244973e-01
 -6.52137339e-01  7.09963962e-02 -4.24877740e-02  3.11902642e-01
  1.14879143e+00 -1.62646145e-01  2.15660229e-01  2.38919973e-01
  1.27243221e-01 -2.14758724e-01 -8.41916800e-01  1.32479280e-01
  2.49055177e-01 -3.80854696e-01 -2.53900200e-01 -1.52146888e+00
 -4.27862376e-01 -3.30217481e-01 -1.65427983e-01 -5.02607748e-02
  5.20032287e-01 -1.33780479e-01 -2.27504417e-01 -2.93135196e-01
 -2.25837648e-01  5.58377504e-01 -2.53188342e-01  1.02464998e+00
  3.18368047e-01  2.15202257e-01 -1.98995262e-01 -1.44416893e+00
  5.02204970e-02 -2.66076565e-01 -1.08973151e-02 -2.40284443e-01
 -5.64793527e-01  6.28166497e-02  3.36367339e-01 -8.57639432e-01
 -8.62743378e-01 -5.27694464e-01 -5.19397497e-01  8.48357737e-01
 -9.25135195e-01 -8.00738484e-02 -1.99941337e-01 -4.17113543e-01
 -7.53359854e-01 -9.31248963e-01 -3.05604845e-01  3.69783878e-01
 -1.04227677e-01  1.14021158e+00 -1.58956695e+00 -1.72336042e-01
  3.25673372e-01  7.78758302e-02 -3.53107870e-01  5.87968975e-02
  1.47149250e-01  8.21567714e-01  9.81274366e-01  5.93652308e-01
  5.79920053e-01  7.66876757e-01 -7.82622874e-01  4.46217418e-01
 -2.69964069e-01  4.41214263e-01 -1.92598388e-01 -4.10362273e-01
  5.84180020e-02  1.81740105e-01 -1.81846797e-01  3.85951310e-01
  8.06822419e-01  6.49897575e-01 -7.08981693e-01  1.09895403e-02
  5.91275170e-02 -7.26420283e-01 -3.29815060e-01 -2.90464878e-01
  3.73225480e-01  7.54145861e-01  1.66838729e+00 -2.18773857e-01
 -7.01609969e-01 -1.36749840e+00 -3.00247729e-01 -5.03675103e-01
  8.70439291e-01 -4.03018713e-01 -9.52010870e-01  1.99213073e-01
 -9.88790244e-02 -1.30468071e+00 -5.96089602e-01  2.54472584e-01
 -1.41453886e+00 -2.63562888e-01 -5.13353407e-01  7.11600557e-02
  1.20021462e+00 -1.73822570e+00  7.00591266e-01 -8.52419317e-01
  1.40644157e+00 -9.30212319e-01  1.71362936e-01 -3.40986192e-01
  1.11099374e+00  3.32399905e-01  3.70734811e-01 -1.41833186e+00
  7.56462216e-01 -4.55584586e-01  4.26305503e-01 -6.59897864e-01
  1.24169588e+00 -3.52406174e-01 -1.76326826e-01  4.58189696e-01]","[ 2.58754939e-01  7.65666783e-01 -4.65707630e-01 -4.36065912e-01
 -1.02154410e+00  3.74384910e-01  2.53483087e-01  4.09017712e-01
 -6.94044456e-02  6.88503325e-01 -5.28746426e-01  9.49705672e-03
  1.22118175e+00 -1.29630601e+00 -8.81272554e-01 -1.36076915e+00
 -7.82842219e-01 -6.90891325e-01 -7.81432152e-01  7.17344582e-01
  1.65111768e+00 -2.14252546e-01  7.42859602e-01  8.88970852e-01
  9.16712806e-02  6.13837898e-01  2.14042950e+00 -4.88709062e-01
 -3.48345608e-01  6.08429551e-01 -7.47659430e-02  1.67858288e-01
  2.20460221e-01 -8.66752043e-02  5.38115680e-01  3.48620623e-01
 -4.05876786e-01  2.07969666e-01  3.64317708e-02 -1.68470338e-01
 -1.19797252e-01 -3.29685718e-04  1.09635150e+00  8.61720383e-01
  3.81253630e-01  3.06869358e-01  8.60960782e-01 -5.03717922e-02
  5.55247486e-01 -2.21602872e-01  3.81490827e-01  1.78490713e-01
 -3.82163048e-01 -5.39982021e-01 -2.26499572e-01  2.35104397e-01
  5.11031091e-01  1.36317283e-01 -1.01213396e+00  7.63465106e-01
 -7.91656673e-01  6.24221146e-01 -5.04378676e-02  1.83643326e-01
 -2.18661264e-01  7.73185909e-01  6.97015703e-01 -8.37078318e-02
 -1.59653902e-01 -3.47926170e-01 -3.12480479e-01 -4.70926136e-01
 -1.22260191e-01 -1.11529268e-01 -5.80355048e-01 -4.57529038e-01
  1.04305685e-01 -5.60658038e-01 -5.75476885e-02  2.07826346e-02
  5.11998355e-01 -4.07395922e-02 -8.57271776e-02  8.07722390e-01
  1.25639126e-01 -2.27841973e-01  1.99368715e-01  3.94466549e-01
 -2.29423419e-01  6.56251252e-01 -1.39102936e+00 -2.48177513e-01
  1.02561653e+00  1.63333565e-01 -7.41358042e-01  4.11552817e-01
 -6.56937659e-01  8.11281383e-01  1.32502774e-02 -8.95606503e-02
 -8.85221139e-02  8.10027122e-01 -1.39308321e+00  1.41229165e+00
  1.47527564e+00 -5.27085662e-01  2.02385023e-01 -1.41935205e+00
 -2.88261324e-01  4.54457074e-01 -1.46575600e-01 -8.69578123e-02
  7.32687950e-01 -6.16145432e-01  1.34594366e-01  6.39876187e-01
 -1.44258842e-01  2.16147140e-01 -2.23000154e-01  6.38989031e-01
 -4.11915869e-01  3.50595713e-01  5.70650995e-01 -8.09123695e-01
 -4.94646877e-01 -4.51880284e-02 -1.54170379e-01  3.72843176e-01
 -1.84427261e-01 -4.46734615e-02  1.41228944e-01 -3.13785821e-01
 -1.36994436e-01 -2.44505003e-01 -1.35662365e+00  5.76085364e-03
  1.65453315e-01 -5.28535903e-01 -1.37860805e-01 -6.12922132e-01
 -4.81841946e-03  1.16985954e-01  5.10767877e-01 -5.25469959e-01
  3.92412357e-02  3.49685192e-01 -6.66919053e-02 -2.74920493e-01
  6.00411296e-02 -3.49984258e-01  7.61600062e-02 -2.26685509e-01
  8.62072706e-01 -4.64118570e-01 -2.94663697e-01  5.15659273e-01
  1.72863439e-01 -9.21992779e-01 -9.47336614e-01 -2.89100736e-01
  2.59418692e-02  1.51202843e-01 -7.73630664e-02  3.85801084e-02
  2.93126196e-01 -3.53437036e-01 -1.18852735e-01  5.98323166e-01
  1.07211065e+00  1.25569713e+00  2.15441491e-02 -2.15563297e-01
 -7.10687578e-01  1.29834712e+00  8.37024391e-01  1.38366830e+00
 -2.41990876e-03 -3.08258146e-01 -1.00147593e+00  3.74590397e-01
  3.18077542e-02  1.06435704e+00  6.53108656e-02 -3.44478697e-01
  4.10884619e-04  4.46341187e-01 -2.23740339e-02  3.45368236e-01
 -1.59559309e-01  2.95039713e-01  4.16525990e-01  2.51234889e-01
  1.53080240e-01 -5.57194650e-01 -4.55134362e-01 -9.01373684e-01
 -1.24181308e-01 -3.51409823e-01 -2.22094998e-01  4.69337195e-01
  3.66864018e-02 -9.05083597e-01  4.72788185e-01 -8.23253930e-01
 -7.69597828e-01 -1.41294524e-01 -5.41748941e-01 -1.59614399e-01
 -3.31402093e-01  1.56573012e-01 -6.26872480e-01 -1.08016205e+00
  6.74879372e-01 -2.28904560e-01 -3.66408229e-01  9.52807426e-01
 -2.49409720e-01  6.31160557e-01 -2.16425419e-01  7.80879796e-01
 -5.31057753e-02  2.12950587e-01  2.08714247e-01 -3.76456939e-02
  1.02227533e+00  2.05922544e-01  4.96548325e-01  1.14875138e+00
 -1.47142842e-01  1.44781128e-01 -1.00707434e-01  1.95989263e+00
  5.88235199e-01  2.39680350e-01  1.08087635e+00  8.00363198e-02
 -4.00677443e-01 -8.46993923e-01 -3.01950455e-01 -4.92810518e-01
 -9.30117428e-01  9.02858555e-01 -2.92300373e-01 -1.44224569e-01
  4.48532671e-01 -7.70175755e-01 -9.61511359e-02 -9.23241436e-01
  6.88463748e-02  2.13101104e-01  3.51493865e-01  7.25903213e-02
  8.29195008e-02  3.10883552e-01 -3.06551903e-01  6.26678407e-01
  1.16759121e-01 -3.19817029e-02  9.86835957e-01  2.12960601e-01
 -1.87608883e-01 -4.39048260e-01 -3.93611670e-01  3.14746238e-02
  4.67132837e-01  5.91510355e-01 -5.82304895e-01 -3.08005631e-01
 -3.97076577e-01 -1.61111081e+00 -6.18716002e-01  9.36848521e-02
 -2.64846057e-01  3.04639369e-01 -2.97773540e-01  2.59679228e-01
  8.37306738e-01  3.94203186e-01 -8.16127777e-01 -1.10288668e+00
  1.83305308e-01 -2.00568721e-01  1.48652220e+00  1.16011453e+00
 -2.86318362e-02 -5.29603899e-01  3.83966208e-01  7.54229307e-01
  7.64074996e-02  3.81459713e-01 -3.68279248e-01  3.44247609e-01
  2.45934680e-01  7.71982253e-01 -1.27560392e-01  5.86078055e-02
  1.93814218e+00 -1.06247580e+00 -5.15270948e-01 -6.02204442e-01
 -1.91837952e-01  1.38955191e-01  5.88956475e-03 -2.56706387e-01
  6.63230121e-01  3.49048585e-01  5.71135342e-01  7.18370378e-01
 -1.42920511e-02  1.72898695e-01  6.89943075e-01  1.69781840e-03
 -3.96998338e-02  7.82621205e-01  7.13594913e-01 -3.70173663e-01
 -5.42735076e-03 -8.73017013e-01 -4.07721192e-01 -2.67813742e-01
  7.90600777e-01  4.62941319e-01  5.06024420e-01 -8.13354015e-01
  3.29493552e-01  2.80005783e-01 -1.17573768e-01  3.97675186e-01
  1.45187899e-01 -8.07157829e-02 -7.78619200e-02 -9.61248457e-01
  6.81790113e-02 -6.57359958e-02  9.75333154e-01  1.91977775e+00
 -3.26742262e-01  7.42301112e-03  2.52164411e-03 -4.06822801e-01
 -9.29980457e-01  8.28021824e-01 -3.20083089e-02  1.52232334e-01
  4.19183105e-01  4.04705971e-01  1.15119231e+00 -1.91186130e-01
 -1.26877546e-01 -1.48641035e-01 -3.43369275e-01 -1.19184506e+00
 -2.82330811e-01  1.25802338e+00 -2.45547876e-01 -8.44457448e-02
 -5.24645150e-01  2.47254089e-01  4.11571175e-01  2.63517380e-01
 -8.29683170e-02  2.00176358e-01 -1.07659066e+00 -4.29665715e-01
  1.15340889e+00  1.80977825e-02 -6.42389894e-01  1.35355279e-01
  4.07437468e-03  2.60230094e-01 -5.03543727e-02 -8.82178068e-01
 -2.46009305e-01 -1.16771936e+00 -3.78451586e-01 -7.65593290e-01
 -4.00647074e-01 -1.21218868e-01 -8.26268017e-01 -3.02382022e-01
 -5.00344252e-03 -1.06858885e+00 -3.26659828e-01 -2.16492906e-01
 -3.30358028e-01  2.30187774e-01 -1.79770425e-01 -9.02734339e-01
 -7.41476953e-01 -6.15338869e-02 -9.38126519e-02  1.94314957e-01
 -2.89056301e-01  8.90308917e-01  3.91442508e-01  6.97327435e-01
  7.45553672e-01  4.24382836e-01 -3.27737331e-01  5.80936432e-01
 -1.24678463e-02  9.26483929e-01 -3.51582199e-01  1.77305654e-01
  1.70948878e-01  4.45365123e-02  1.28183261e-01  3.41375679e-01
 -5.32822609e-01 -4.74269688e-02  4.22098309e-01  9.11723912e-01
  8.00791025e-01 -6.36188805e-01  8.95480737e-02 -8.06500256e-01
 -4.49507117e-01 -1.71611205e-01 -5.80729425e-01 -1.74753711e-01
  3.67258549e-01 -1.01258963e-01  3.10842961e-01 -5.60998805e-02
  2.71947473e-01  4.78378147e-01  8.30143690e-01  4.15337592e-01
 -1.45673469e-01 -7.29671180e-01 -5.47645152e-01 -9.97540951e-01
 -8.99102926e-01  5.54789960e-01 -2.95613915e-01 -7.16665268e-01
  2.14029267e-01 -1.01798892e+00 -9.23852921e-01  7.91428983e-02
 -9.04280901e-01  6.19130284e-02  1.51161209e-01 -2.35187531e-01
 -3.37493032e-01 -1.02911043e+00 -9.89820734e-02  9.27680433e-01
 -3.10963392e-01 -2.72858471e-01  1.63475215e-01  2.96460211e-01
  4.45687979e-01  1.95598766e-01 -3.05731595e-01  6.93182573e-02
 -3.21123272e-01  5.95443428e-01  5.48458576e-01 -2.00317121e+00
  6.79128945e-01  4.56946820e-01 -7.14092970e-01  3.14033777e-02
 -6.99467063e-02  8.38553488e-01 -1.02953374e+00  4.51370209e-01
 -5.72017729e-01  7.34556675e-01  6.52249217e-01  5.14868200e-01
 -4.01160747e-01  4.57474798e-01  2.88481891e-01 -8.71608034e-02
  1.11201353e-01 -9.85160887e-01  2.93618321e-01 -3.79842997e-01
  8.51307884e-02 -5.13610363e-01 -4.46230084e-01  1.90197393e-01
 -2.25161240e-01  2.27955058e-01 -1.24368936e-01 -6.23004377e-01
 -1.21121533e-01 -4.17960078e-01  1.72031224e-02 -9.25355911e-01
  1.97996378e-01 -9.37604904e-02 -8.29413414e-01 -8.01442146e-01
  9.10189077e-02  1.93399265e-01 -6.44582450e-01 -7.51188278e-01
 -3.33442926e-01  2.49328986e-01 -7.26612434e-02  1.05746686e+00
  8.82225409e-02 -4.86976236e-01  1.60925579e+00 -7.45107889e-01
  1.58774313e-02 -1.61246493e-01  7.17768967e-02 -5.85627973e-01
 -2.52059549e-01 -4.42534357e-01  2.18473479e-01 -8.10688913e-01
 -9.37299252e-01 -5.24647534e-01 -2.10442737e-01  5.20700634e-01
 -9.27391708e-01 -5.11770666e-01 -7.26313531e-01 -3.05953294e-01
 -7.26748466e-01 -1.29627538e+00  1.06564254e-01  5.24497032e-01
  3.93341690e-01  6.82094276e-01 -3.47765595e-01  2.02958107e-01
 -9.43305120e-02 -6.87422931e-01  6.86987817e-01  2.45795906e-01
  3.44973117e-01  9.67409134e-01  1.50813806e+00  3.60267907e-01
 -5.07872105e-01  4.62053381e-02 -5.79474270e-01  6.78498089e-01
 -6.48347318e-01  4.99527693e-01 -1.12642586e-01  9.04823542e-02
  8.42202723e-01  5.29779196e-01 -4.15849477e-01  6.08234823e-01
  7.51701653e-01  1.28312588e+00 -5.83781183e-01  2.36583486e-01
  4.46787387e-01 -3.08433235e-01 -2.31035069e-01  7.70932138e-02
  9.77844521e-02  1.07979155e+00  1.03480005e+00 -2.42791072e-01
 -2.93547481e-01 -9.94999707e-01  6.03366315e-01 -2.94181198e-04
  8.74860764e-01 -1.30845034e+00  1.74097955e-01  8.38625208e-02
 -8.89260590e-01 -1.20076764e+00 -5.70772111e-01  3.23102623e-01
 -1.04073751e+00 -8.27366650e-01  2.95840353e-02  5.12552619e-01
  6.87260330e-01 -7.78497756e-01 -3.96597475e-01 -4.32368070e-01
  3.85459930e-01 -1.70074224e-01  1.80485800e-01  3.28782350e-01
  7.54682243e-01 -1.78295150e-01 -6.10124528e-01 -1.08846831e+00
 -2.02196494e-01 -3.63281816e-01 -1.63538814e-01 -5.32768428e-01
  2.83494651e-01 -3.79056066e-01 -8.27098917e-03  1.01834345e+00]",0
159,[*]C(C[*])C(=O)[O-],[*]CC([*])c1cc[n+](CC)cc1,450,285,7.0,300,12,0.5,0,1,3,0.6333333333333333,0,1,0,9.921712962962964,9.921712962962964,0.0370370370370369,-0.7824074074074072,0.4204227437702691,19.2,71.055,68.031,71.01385291591001,28.0,2.6,3.2,3.2,1.6457113704075783,3.34341705895396,73.33515884998701,5.861807319565799,2.6009536313038994,2.6009536313038994,3.1807392125526213,1.1051717155225391,1.1051717155225391,0.5231597389607807,0.5231597389607807,0.1666666666666666,0.1666666666666666,0.0,0.0,-0.53,27.977093296928835,1.798837033645378,0.5057254621854761,0.2506048614847814,30.42489110886254,29.21492868948101,9.901064578912528,5.969305287951849,13.344558822616634,0.0,0.0,5.106527394840706,5.969305287951849,4.794537184071822,0.0,0.0,13.344558822616634,40.13,5.969305287951849,9.901064578912528,6.4208216229260096,6.923737199690624,0.0,0.0,0.0,0.0,0.3533333333333333,9.921712962962964,9.921712962962964,0.0,-0.7824074074074072,0.0,0.0694444444444444,1.0162037037037035,0.0,0.6666666666666666,5.0,2.0,0.0,0.0,2.0,4.0,2.0,0.0,-0.9583000000000002,13.564000000000002,1.0,0.0,1.0,1.0,1.0,1.0,0.0,0.0,0.0,0.0,2.3224074074074075,2.3224074074074075,0.5284301776266063,0.5284301776266063,0.5521406753358277,15.7,134.202,122.10599999999998,134.09642580409,52.0,0.0,1.7,2.4,2.9,2.167053352545513,2.770446815269876,232.78878061771368,8.974691494688164,6.248178503821182,6.248178503821182,5.774386907679233,3.4806726876126763,3.4806726876126763,2.166047211752171,2.166047211752171,1.5177731138680297,1.5177731138680297,0.8157553743075044,0.8157553743075044,-0.8500000000000001,606.7749387127436,4.888623338494641,2.080926843886177,0.919449804078233,62.32079104462523,61.47002484785755,4.567099647791355,0.0,0.0,0.0,26.813052428219837,0.0,30.08987277184637,4.567099647791355,0.0,6.544756405912575,0.0,18.90801031431363,24.52642128014937,6.923737199690624,3.88,0.0,0.0,0.0,12.965578028838586,0.0,12.48718869138762,0.0,36.01725812763135,3.383179406021668,0.0,0.0,1.6200925925925929,0.0,4.644814814814815,5.496394557823129,4.855518628747795,0.0,0.4444444444444444,10.0,1.0,1.0,1.0,0.0,3.0,3.0,1.0,1.552,39.859000000000016,0.0,1.0,0.0,0.0,0.0,0.0,1.0,0.0,1.0,1.0,0.0,0.0,[*]CC([*])C(=O)[O-],[*]CC([*])c1cc[n+](CC)cc1,"[ 5.50952554e-01  6.67746007e-01  3.77917290e-01 -1.17441809e+00
 -6.69968367e-01 -1.58297330e-01 -6.72284961e-02 -5.28121531e-01
 -2.75267303e-01  1.55845845e+00  2.68392377e-02 -5.55266798e-01
  7.93385267e-01 -1.03456473e+00 -6.35627568e-01 -1.03876030e+00
 -1.70346820e+00 -1.30036497e+00 -2.25371301e-01 -1.41964734e-01
  1.05430499e-01 -2.92812109e-01  3.19773614e-01  7.72576690e-01
 -6.40112102e-01  1.28019118e+00  2.42774200e+00 -4.54006344e-01
 -9.02524412e-01  9.79506493e-01 -3.34828138e-01 -3.03650469e-01
 -1.33218363e-01 -9.41639364e-01  7.83632636e-01  4.23074663e-01
 -1.73241779e-01  3.54419112e-01  3.47581238e-01 -3.20249461e-02
 -5.87040186e-01 -6.94137141e-02  1.36469281e+00  1.50850272e+00
 -7.08109001e-04  1.40314758e+00  8.37898135e-01  2.30026972e-02
 -1.28918486e-02 -4.91764814e-01 -3.88111532e-01 -8.54103506e-01
 -3.39003444e-01 -8.56086552e-01 -6.32213116e-01 -4.84038144e-01
 -2.89928913e-03  8.45237494e-01 -9.35304523e-01 -3.63467872e-01
 -6.73271000e-01 -1.05482444e-01  8.11104894e-01 -1.71648502e-01
 -3.46295953e-01  9.68204662e-02  7.82802626e-02  6.15729988e-01
 -1.28915578e-01 -8.80074680e-01 -1.10793412e-01 -2.32655019e-01
 -2.76402205e-01  4.76215333e-02 -5.37703753e-01 -4.57626283e-01
 -5.56176007e-01 -5.34456968e-01  4.31151748e-01 -4.61292788e-02
  3.29330802e-01 -1.57692686e-01  6.79725409e-01  7.64999747e-01
  2.28698909e-01  4.99854833e-01  1.03707455e-01  4.23821568e-01
 -1.18584305e-01  5.51582500e-02 -1.27232492e+00  9.25469279e-01
  1.17828858e+00  5.55050254e-01 -6.01640403e-01  1.85598596e-03
 -5.06517231e-01  3.62108380e-01 -1.25593603e-01  2.64763713e-01
  1.74772024e-01  3.16496044e-01 -1.01321959e+00  8.26404274e-01
  1.10871613e+00 -1.15284944e+00  1.07645226e+00 -9.01291013e-01
 -5.09613574e-01  6.92212641e-01 -6.20536089e-01 -2.36807078e-01
  1.11608577e+00  5.01168847e-01  5.16830027e-01  4.75949496e-01
 -6.68551743e-01  4.93257880e-01  2.93971598e-01  4.70821112e-02
 -3.74763817e-01  1.12406266e+00 -1.71836525e-01 -9.83554304e-01
 -3.04760039e-01 -8.03640932e-02  4.01249915e-01 -2.37712353e-01
 -3.63715082e-01 -4.04603444e-02 -6.94833323e-02 -2.84978569e-01
 -1.37553036e-01 -6.40389100e-02 -1.30503821e+00  6.43750072e-01
  8.66559386e-01 -6.59701407e-01 -2.93511987e-01 -5.99394381e-01
 -1.37480929e-01  3.21428955e-01 -4.59521860e-02 -7.53167152e-01
 -2.05593005e-01  1.92969292e-01  1.47321537e-01  6.28412962e-01
  3.42511177e-01 -7.05951214e-01  4.42748845e-01 -4.32425022e-01
  1.24913609e+00 -4.02215600e-01  3.81262302e-01  6.94990575e-01
  3.94117445e-01 -8.92814755e-01 -1.08931231e+00  4.76228297e-01
  1.24987923e-01  6.95637167e-02  7.04857886e-01  3.86546522e-01
  4.89218652e-01  1.67667687e-01  6.18894100e-01  4.35397118e-01
  6.26206696e-01  8.39248419e-01  2.65890479e-01 -2.82257199e-02
  2.12427139e-01  7.49804258e-01  7.74736702e-01  1.29185498e+00
 -4.25994545e-02 -1.65944263e-01 -9.42873001e-01 -1.42539650e-01
 -5.09615064e-01  9.65403438e-01  8.34682345e-01 -5.18386602e-01
  3.53891730e-01  6.41801357e-02  5.08618951e-01  1.01894891e+00
 -3.28530014e-01 -3.32997628e-02 -1.80441827e-01  2.35096931e-01
 -2.55989581e-01 -2.09291473e-01 -1.47133321e-01 -1.64968276e+00
 -1.69284850e-01  6.07510209e-02  6.21947587e-01  7.29369700e-01
  5.99946022e-01 -6.74916565e-01  1.23031831e+00 -1.28958249e+00
 -6.64112449e-01 -3.67776453e-01  1.31455690e-01  3.78233433e-01
 -8.40135753e-01 -3.63106400e-01 -2.50634134e-01 -2.10742283e+00
  6.89093709e-01 -9.02974844e-01 -4.02772009e-01  1.54137588e+00
 -2.07992017e-01  9.06994522e-01 -5.44871032e-01  3.85305762e-01
 -8.09826478e-02  6.84405208e-01  2.46060431e-01 -5.65070868e-01
  5.42701185e-01  2.30542719e-02 -1.22137517e-01  6.66289628e-01
 -1.00670137e-01  5.78732230e-02 -1.18791723e+00  2.20502615e+00
  7.74039507e-01  3.79953198e-02  1.60000706e+00  1.23174655e+00
  2.83441335e-01 -3.15214992e-01 -7.11687982e-01 -7.00975180e-01
 -8.20701361e-01  6.06228650e-01 -6.73054680e-02 -3.09595257e-01
 -1.70270309e-01 -1.09378815e+00 -1.88075840e-01  1.54434606e-01
  6.66516542e-01  3.04506958e-01  1.23938218e-01  3.31819475e-01
 -1.62126659e-03  4.06757772e-01 -8.66131783e-02 -5.88821769e-02
 -5.21769404e-01 -2.06430405e-01  1.92552900e+00 -2.83560157e-01
 -1.90655738e-01 -4.01817203e-01  5.80403030e-01  1.90049112e-01
  5.90409189e-02  3.97923917e-01 -4.53226894e-01  4.97723222e-01
 -3.94481063e-01 -1.30251551e+00 -3.18813235e-01 -4.60155487e-01
 -4.52672958e-01  4.28255886e-01  1.86832532e-01 -4.64421064e-01
  8.26421797e-01  8.58034790e-02  9.91345942e-02 -6.91530228e-01
  6.67168140e-01 -6.56287134e-01  1.84816062e+00  1.09426033e+00
  1.60102636e-01 -1.11405814e+00  3.91883664e-02  3.58302563e-01
 -5.41131608e-02  4.13817704e-01 -2.12963536e-01  3.07724923e-01
  1.17556334e+00 -1.34069726e-01  2.33674124e-01 -7.30481418e-03
  7.81065047e-01 -3.03012580e-01 -8.35513845e-02  5.53557932e-01
 -2.84455985e-01 -2.47817889e-01  1.89149991e-01 -1.02672207e+00
  1.32583808e-02 -2.55627990e-01  9.52539861e-01 -2.96597350e-02
  8.79282951e-01  4.27375317e-01 -1.99289754e-01  2.20845848e-01
  1.33380175e-01  1.14704527e-01  9.84668970e-01 -2.11234868e-01
 -4.05843139e-01 -7.67308354e-01  3.14330757e-02  3.86560559e-01
  1.19929647e+00  5.36592305e-01  5.09199142e-01 -1.36162627e+00
 -1.05296448e-01 -5.59449345e-02 -3.80162150e-02 -6.26801491e-01
  1.86362505e-01 -1.73844025e-01 -6.50287032e-01 -3.45541984e-01
 -7.34303296e-01  7.24383742e-02  1.10383463e+00  1.14996636e+00
  4.15981650e-01  2.12344471e-02  3.46782468e-02 -6.53821528e-01
 -5.01247168e-01  1.01878500e+00 -5.11385202e-01  5.93827702e-02
  1.42465687e+00  8.32590798e-04  8.78591835e-01  5.78436792e-01
  7.18320012e-01  5.57367444e-01 -5.57254732e-01 -1.31244791e+00
  7.39392415e-02  1.02208316e+00 -1.73512977e-02  8.59655023e-01
 -3.99190225e-02 -2.82223940e-01  3.95490587e-01  4.02262717e-01
  8.03426445e-01 -2.58965492e-01 -1.23902738e+00 -9.40800786e-01
  1.62803307e-01 -1.82705402e-01 -1.00059152e+00 -5.43330550e-01
 -6.58766031e-01 -2.29741275e-01  1.80671170e-01 -1.29144430e-01
  3.56926799e-01 -8.86848867e-02 -9.70983922e-01  2.64483422e-01
  1.72349140e-01 -7.12217987e-01 -8.57104957e-02 -3.92155677e-01
  1.69065610e-01 -3.40923727e-01 -2.67417639e-01 -1.58317521e-01
 -6.08656704e-01  1.02118409e+00 -2.54552245e-01 -9.51778710e-01
 -2.65829086e-01 -5.54043390e-02 -5.34137547e-01  7.80924261e-02
 -4.31904018e-01 -2.93715656e-01 -5.59636712e-01  7.50055850e-01
  5.42586446e-01  5.21332622e-01  7.41369128e-01 -2.03372106e-01
 -2.98140310e-02  1.17485476e+00 -6.42839670e-01  9.09768820e-01
 -2.86733925e-01 -6.71667278e-01 -7.02754200e-01  5.18063009e-01
 -7.03846872e-01  8.45564783e-01  2.22889528e-01  5.72806001e-02
  7.29165733e-01 -1.03616178e+00  1.58585691e+00 -4.93727475e-01
 -3.07119966e-01  9.14265960e-02 -6.41273111e-02 -5.38270436e-02
  3.15355629e-01  1.19199312e+00  6.83415830e-01  1.33915111e-01
  1.16254874e-01  3.87908012e-01  8.34312201e-01 -1.76378161e-01
  4.98694271e-01 -4.02371407e-01 -7.95837879e-01 -3.92245412e-01
 -7.62568772e-01  1.17841554e+00 -8.50370944e-01 -8.19937170e-01
 -1.17226891e-01 -8.34619522e-01 -1.40142596e+00  3.41342449e-01
 -1.18009889e+00  1.72452241e-01  7.37082437e-02 -3.43734443e-01
 -5.56558371e-01 -1.20999336e-01  6.78034663e-01 -1.69035867e-02
 -9.26296234e-01 -5.40798724e-01 -1.40218958e-01 -3.94925140e-02
 -8.04703236e-01 -9.95787308e-02 -2.03307927e-01 -1.50647974e+00
 -1.90729693e-01  4.01281953e-01  8.01624775e-01 -1.31860971e+00
  2.80246615e-01 -1.09216804e-02 -8.86645317e-01  8.60824645e-01
  5.10790169e-01  2.27465048e-01 -6.09495401e-01  1.30400555e-02
 -5.35382628e-02  5.99121809e-01  9.75840449e-01  7.68029451e-01
 -1.04766703e+00  1.87973067e-01  7.01478198e-02  4.77244973e-01
 -6.52137339e-01  7.09963962e-02 -4.24877740e-02  3.11902642e-01
  1.14879143e+00 -1.62646145e-01  2.15660229e-01  2.38919973e-01
  1.27243221e-01 -2.14758724e-01 -8.41916800e-01  1.32479280e-01
  2.49055177e-01 -3.80854696e-01 -2.53900200e-01 -1.52146888e+00
 -4.27862376e-01 -3.30217481e-01 -1.65427983e-01 -5.02607748e-02
  5.20032287e-01 -1.33780479e-01 -2.27504417e-01 -2.93135196e-01
 -2.25837648e-01  5.58377504e-01 -2.53188342e-01  1.02464998e+00
  3.18368047e-01  2.15202257e-01 -1.98995262e-01 -1.44416893e+00
  5.02204970e-02 -2.66076565e-01 -1.08973151e-02 -2.40284443e-01
 -5.64793527e-01  6.28166497e-02  3.36367339e-01 -8.57639432e-01
 -8.62743378e-01 -5.27694464e-01 -5.19397497e-01  8.48357737e-01
 -9.25135195e-01 -8.00738484e-02 -1.99941337e-01 -4.17113543e-01
 -7.53359854e-01 -9.31248963e-01 -3.05604845e-01  3.69783878e-01
 -1.04227677e-01  1.14021158e+00 -1.58956695e+00 -1.72336042e-01
  3.25673372e-01  7.78758302e-02 -3.53107870e-01  5.87968975e-02
  1.47149250e-01  8.21567714e-01  9.81274366e-01  5.93652308e-01
  5.79920053e-01  7.66876757e-01 -7.82622874e-01  4.46217418e-01
 -2.69964069e-01  4.41214263e-01 -1.92598388e-01 -4.10362273e-01
  5.84180020e-02  1.81740105e-01 -1.81846797e-01  3.85951310e-01
  8.06822419e-01  6.49897575e-01 -7.08981693e-01  1.09895403e-02
  5.91275170e-02 -7.26420283e-01 -3.29815060e-01 -2.90464878e-01
  3.73225480e-01  7.54145861e-01  1.66838729e+00 -2.18773857e-01
 -7.01609969e-01 -1.36749840e+00 -3.00247729e-01 -5.03675103e-01
  8.70439291e-01 -4.03018713e-01 -9.52010870e-01  1.99213073e-01
 -9.88790244e-02 -1.30468071e+00 -5.96089602e-01  2.54472584e-01
 -1.41453886e+00 -2.63562888e-01 -5.13353407e-01  7.11600557e-02
  1.20021462e+00 -1.73822570e+00  7.00591266e-01 -8.52419317e-01
  1.40644157e+00 -9.30212319e-01  1.71362936e-01 -3.40986192e-01
  1.11099374e+00  3.32399905e-01  3.70734811e-01 -1.41833186e+00
  7.56462216e-01 -4.55584586e-01  4.26305503e-01 -6.59897864e-01
  1.24169588e+00 -3.52406174e-01 -1.76326826e-01  4.58189696e-01]","[ 2.58754939e-01  7.65666783e-01 -4.65707630e-01 -4.36065912e-01
 -1.02154410e+00  3.74384910e-01  2.53483087e-01  4.09017712e-01
 -6.94044456e-02  6.88503325e-01 -5.28746426e-01  9.49705672e-03
  1.22118175e+00 -1.29630601e+00 -8.81272554e-01 -1.36076915e+00
 -7.82842219e-01 -6.90891325e-01 -7.81432152e-01  7.17344582e-01
  1.65111768e+00 -2.14252546e-01  7.42859602e-01  8.88970852e-01
  9.16712806e-02  6.13837898e-01  2.14042950e+00 -4.88709062e-01
 -3.48345608e-01  6.08429551e-01 -7.47659430e-02  1.67858288e-01
  2.20460221e-01 -8.66752043e-02  5.38115680e-01  3.48620623e-01
 -4.05876786e-01  2.07969666e-01  3.64317708e-02 -1.68470338e-01
 -1.19797252e-01 -3.29685718e-04  1.09635150e+00  8.61720383e-01
  3.81253630e-01  3.06869358e-01  8.60960782e-01 -5.03717922e-02
  5.55247486e-01 -2.21602872e-01  3.81490827e-01  1.78490713e-01
 -3.82163048e-01 -5.39982021e-01 -2.26499572e-01  2.35104397e-01
  5.11031091e-01  1.36317283e-01 -1.01213396e+00  7.63465106e-01
 -7.91656673e-01  6.24221146e-01 -5.04378676e-02  1.83643326e-01
 -2.18661264e-01  7.73185909e-01  6.97015703e-01 -8.37078318e-02
 -1.59653902e-01 -3.47926170e-01 -3.12480479e-01 -4.70926136e-01
 -1.22260191e-01 -1.11529268e-01 -5.80355048e-01 -4.57529038e-01
  1.04305685e-01 -5.60658038e-01 -5.75476885e-02  2.07826346e-02
  5.11998355e-01 -4.07395922e-02 -8.57271776e-02  8.07722390e-01
  1.25639126e-01 -2.27841973e-01  1.99368715e-01  3.94466549e-01
 -2.29423419e-01  6.56251252e-01 -1.39102936e+00 -2.48177513e-01
  1.02561653e+00  1.63333565e-01 -7.41358042e-01  4.11552817e-01
 -6.56937659e-01  8.11281383e-01  1.32502774e-02 -8.95606503e-02
 -8.85221139e-02  8.10027122e-01 -1.39308321e+00  1.41229165e+00
  1.47527564e+00 -5.27085662e-01  2.02385023e-01 -1.41935205e+00
 -2.88261324e-01  4.54457074e-01 -1.46575600e-01 -8.69578123e-02
  7.32687950e-01 -6.16145432e-01  1.34594366e-01  6.39876187e-01
 -1.44258842e-01  2.16147140e-01 -2.23000154e-01  6.38989031e-01
 -4.11915869e-01  3.50595713e-01  5.70650995e-01 -8.09123695e-01
 -4.94646877e-01 -4.51880284e-02 -1.54170379e-01  3.72843176e-01
 -1.84427261e-01 -4.46734615e-02  1.41228944e-01 -3.13785821e-01
 -1.36994436e-01 -2.44505003e-01 -1.35662365e+00  5.76085364e-03
  1.65453315e-01 -5.28535903e-01 -1.37860805e-01 -6.12922132e-01
 -4.81841946e-03  1.16985954e-01  5.10767877e-01 -5.25469959e-01
  3.92412357e-02  3.49685192e-01 -6.66919053e-02 -2.74920493e-01
  6.00411296e-02 -3.49984258e-01  7.61600062e-02 -2.26685509e-01
  8.62072706e-01 -4.64118570e-01 -2.94663697e-01  5.15659273e-01
  1.72863439e-01 -9.21992779e-01 -9.47336614e-01 -2.89100736e-01
  2.59418692e-02  1.51202843e-01 -7.73630664e-02  3.85801084e-02
  2.93126196e-01 -3.53437036e-01 -1.18852735e-01  5.98323166e-01
  1.07211065e+00  1.25569713e+00  2.15441491e-02 -2.15563297e-01
 -7.10687578e-01  1.29834712e+00  8.37024391e-01  1.38366830e+00
 -2.41990876e-03 -3.08258146e-01 -1.00147593e+00  3.74590397e-01
  3.18077542e-02  1.06435704e+00  6.53108656e-02 -3.44478697e-01
  4.10884619e-04  4.46341187e-01 -2.23740339e-02  3.45368236e-01
 -1.59559309e-01  2.95039713e-01  4.16525990e-01  2.51234889e-01
  1.53080240e-01 -5.57194650e-01 -4.55134362e-01 -9.01373684e-01
 -1.24181308e-01 -3.51409823e-01 -2.22094998e-01  4.69337195e-01
  3.66864018e-02 -9.05083597e-01  4.72788185e-01 -8.23253930e-01
 -7.69597828e-01 -1.41294524e-01 -5.41748941e-01 -1.59614399e-01
 -3.31402093e-01  1.56573012e-01 -6.26872480e-01 -1.08016205e+00
  6.74879372e-01 -2.28904560e-01 -3.66408229e-01  9.52807426e-01
 -2.49409720e-01  6.31160557e-01 -2.16425419e-01  7.80879796e-01
 -5.31057753e-02  2.12950587e-01  2.08714247e-01 -3.76456939e-02
  1.02227533e+00  2.05922544e-01  4.96548325e-01  1.14875138e+00
 -1.47142842e-01  1.44781128e-01 -1.00707434e-01  1.95989263e+00
  5.88235199e-01  2.39680350e-01  1.08087635e+00  8.00363198e-02
 -4.00677443e-01 -8.46993923e-01 -3.01950455e-01 -4.92810518e-01
 -9.30117428e-01  9.02858555e-01 -2.92300373e-01 -1.44224569e-01
  4.48532671e-01 -7.70175755e-01 -9.61511359e-02 -9.23241436e-01
  6.88463748e-02  2.13101104e-01  3.51493865e-01  7.25903213e-02
  8.29195008e-02  3.10883552e-01 -3.06551903e-01  6.26678407e-01
  1.16759121e-01 -3.19817029e-02  9.86835957e-01  2.12960601e-01
 -1.87608883e-01 -4.39048260e-01 -3.93611670e-01  3.14746238e-02
  4.67132837e-01  5.91510355e-01 -5.82304895e-01 -3.08005631e-01
 -3.97076577e-01 -1.61111081e+00 -6.18716002e-01  9.36848521e-02
 -2.64846057e-01  3.04639369e-01 -2.97773540e-01  2.59679228e-01
  8.37306738e-01  3.94203186e-01 -8.16127777e-01 -1.10288668e+00
  1.83305308e-01 -2.00568721e-01  1.48652220e+00  1.16011453e+00
 -2.86318362e-02 -5.29603899e-01  3.83966208e-01  7.54229307e-01
  7.64074996e-02  3.81459713e-01 -3.68279248e-01  3.44247609e-01
  2.45934680e-01  7.71982253e-01 -1.27560392e-01  5.86078055e-02
  1.93814218e+00 -1.06247580e+00 -5.15270948e-01 -6.02204442e-01
 -1.91837952e-01  1.38955191e-01  5.88956475e-03 -2.56706387e-01
  6.63230121e-01  3.49048585e-01  5.71135342e-01  7.18370378e-01
 -1.42920511e-02  1.72898695e-01  6.89943075e-01  1.69781840e-03
 -3.96998338e-02  7.82621205e-01  7.13594913e-01 -3.70173663e-01
 -5.42735076e-03 -8.73017013e-01 -4.07721192e-01 -2.67813742e-01
  7.90600777e-01  4.62941319e-01  5.06024420e-01 -8.13354015e-01
  3.29493552e-01  2.80005783e-01 -1.17573768e-01  3.97675186e-01
  1.45187899e-01 -8.07157829e-02 -7.78619200e-02 -9.61248457e-01
  6.81790113e-02 -6.57359958e-02  9.75333154e-01  1.91977775e+00
 -3.26742262e-01  7.42301112e-03  2.52164411e-03 -4.06822801e-01
 -9.29980457e-01  8.28021824e-01 -3.20083089e-02  1.52232334e-01
  4.19183105e-01  4.04705971e-01  1.15119231e+00 -1.91186130e-01
 -1.26877546e-01 -1.48641035e-01 -3.43369275e-01 -1.19184506e+00
 -2.82330811e-01  1.25802338e+00 -2.45547876e-01 -8.44457448e-02
 -5.24645150e-01  2.47254089e-01  4.11571175e-01  2.63517380e-01
 -8.29683170e-02  2.00176358e-01 -1.07659066e+00 -4.29665715e-01
  1.15340889e+00  1.80977825e-02 -6.42389894e-01  1.35355279e-01
  4.07437468e-03  2.60230094e-01 -5.03543727e-02 -8.82178068e-01
 -2.46009305e-01 -1.16771936e+00 -3.78451586e-01 -7.65593290e-01
 -4.00647074e-01 -1.21218868e-01 -8.26268017e-01 -3.02382022e-01
 -5.00344252e-03 -1.06858885e+00 -3.26659828e-01 -2.16492906e-01
 -3.30358028e-01  2.30187774e-01 -1.79770425e-01 -9.02734339e-01
 -7.41476953e-01 -6.15338869e-02 -9.38126519e-02  1.94314957e-01
 -2.89056301e-01  8.90308917e-01  3.91442508e-01  6.97327435e-01
  7.45553672e-01  4.24382836e-01 -3.27737331e-01  5.80936432e-01
 -1.24678463e-02  9.26483929e-01 -3.51582199e-01  1.77305654e-01
  1.70948878e-01  4.45365123e-02  1.28183261e-01  3.41375679e-01
 -5.32822609e-01 -4.74269688e-02  4.22098309e-01  9.11723912e-01
  8.00791025e-01 -6.36188805e-01  8.95480737e-02 -8.06500256e-01
 -4.49507117e-01 -1.71611205e-01 -5.80729425e-01 -1.74753711e-01
  3.67258549e-01 -1.01258963e-01  3.10842961e-01 -5.60998805e-02
  2.71947473e-01  4.78378147e-01  8.30143690e-01  4.15337592e-01
 -1.45673469e-01 -7.29671180e-01 -5.47645152e-01 -9.97540951e-01
 -8.99102926e-01  5.54789960e-01 -2.95613915e-01 -7.16665268e-01
  2.14029267e-01 -1.01798892e+00 -9.23852921e-01  7.91428983e-02
 -9.04280901e-01  6.19130284e-02  1.51161209e-01 -2.35187531e-01
 -3.37493032e-01 -1.02911043e+00 -9.89820734e-02  9.27680433e-01
 -3.10963392e-01 -2.72858471e-01  1.63475215e-01  2.96460211e-01
  4.45687979e-01  1.95598766e-01 -3.05731595e-01  6.93182573e-02
 -3.21123272e-01  5.95443428e-01  5.48458576e-01 -2.00317121e+00
  6.79128945e-01  4.56946820e-01 -7.14092970e-01  3.14033777e-02
 -6.99467063e-02  8.38553488e-01 -1.02953374e+00  4.51370209e-01
 -5.72017729e-01  7.34556675e-01  6.52249217e-01  5.14868200e-01
 -4.01160747e-01  4.57474798e-01  2.88481891e-01 -8.71608034e-02
  1.11201353e-01 -9.85160887e-01  2.93618321e-01 -3.79842997e-01
  8.51307884e-02 -5.13610363e-01 -4.46230084e-01  1.90197393e-01
 -2.25161240e-01  2.27955058e-01 -1.24368936e-01 -6.23004377e-01
 -1.21121533e-01 -4.17960078e-01  1.72031224e-02 -9.25355911e-01
  1.97996378e-01 -9.37604904e-02 -8.29413414e-01 -8.01442146e-01
  9.10189077e-02  1.93399265e-01 -6.44582450e-01 -7.51188278e-01
 -3.33442926e-01  2.49328986e-01 -7.26612434e-02  1.05746686e+00
  8.82225409e-02 -4.86976236e-01  1.60925579e+00 -7.45107889e-01
  1.58774313e-02 -1.61246493e-01  7.17768967e-02 -5.85627973e-01
 -2.52059549e-01 -4.42534357e-01  2.18473479e-01 -8.10688913e-01
 -9.37299252e-01 -5.24647534e-01 -2.10442737e-01  5.20700634e-01
 -9.27391708e-01 -5.11770666e-01 -7.26313531e-01 -3.05953294e-01
 -7.26748466e-01 -1.29627538e+00  1.06564254e-01  5.24497032e-01
  3.93341690e-01  6.82094276e-01 -3.47765595e-01  2.02958107e-01
 -9.43305120e-02 -6.87422931e-01  6.86987817e-01  2.45795906e-01
  3.44973117e-01  9.67409134e-01  1.50813806e+00  3.60267907e-01
 -5.07872105e-01  4.62053381e-02 -5.79474270e-01  6.78498089e-01
 -6.48347318e-01  4.99527693e-01 -1.12642586e-01  9.04823542e-02
  8.42202723e-01  5.29779196e-01 -4.15849477e-01  6.08234823e-01
  7.51701653e-01  1.28312588e+00 -5.83781183e-01  2.36583486e-01
  4.46787387e-01 -3.08433235e-01 -2.31035069e-01  7.70932138e-02
  9.77844521e-02  1.07979155e+00  1.03480005e+00 -2.42791072e-01
 -2.93547481e-01 -9.94999707e-01  6.03366315e-01 -2.94181198e-04
  8.74860764e-01 -1.30845034e+00  1.74097955e-01  8.38625208e-02
 -8.89260590e-01 -1.20076764e+00 -5.70772111e-01  3.23102623e-01
 -1.04073751e+00 -8.27366650e-01  2.95840353e-02  5.12552619e-01
  6.87260330e-01 -7.78497756e-01 -3.96597475e-01 -4.32368070e-01
  3.85459930e-01 -1.70074224e-01  1.80485800e-01  3.28782350e-01
  7.54682243e-01 -1.78295150e-01 -6.10124528e-01 -1.08846831e+00
 -2.02196494e-01 -3.63281816e-01 -1.63538814e-01 -5.32768428e-01
  2.83494651e-01 -3.79056066e-01 -8.27098917e-03  1.01834345e+00]",0
